vol_id,page,sentence_id,ent_id,entity,entity_type,start_char,end_char
inu.39000000568597,1,0,0,1985,DATE,17,21
inu.39000000568597,5,0,0,Alaska,GPE,49,55
inu.39000000568597,11,0,0,Alaska,GPE,46,52
inu.39000000568597,11,0,1,Fred Bigjim,PERSON,53,64
inu.39000000568597,11,0,2,PORTLAND,GPE,92,100
inu.39000000568597,11,0,3,OREGON,GPE,102,108
inu.39000000568597,12,0,0,INDIANA UNIVERSITY,ORG,0,18
inu.39000000568597,12,0,1,1985,DATE,53,57
inu.39000000568597,12,0,2,Fred Bigjim,PERSON,61,72
inu.39000000568597,12,1,0,First,ORDINAL,0,5
inu.39000000568597,12,1,1,February 1985,DATE,15,28
inu.39000000568597,12,2,0,Library of Congress,ORG,0,19
inu.39000000568597,12,2,1,Frederick Seagoyuk,PERSON,59,77
inu.39000000568597,12,4,0,1,CARDINAL,0,1
inu.39000000568597,12,5,0,2,CARDINAL,0,1
inu.39000000568597,12,7,0,You Yawn has,WORK_OF_ART,9,21
inu.39000000568597,12,7,1,John Laursen,PERSON,51,63
inu.39000000568597,13,0,0,Alaska Natives,NORP,36,50
inu.39000000568597,15,0,0,the Covenant Children's Home,ORG,105,133
inu.39000000568597,15,0,1,Unalakleet,GPE,137,147
inu.39000000568597,15,3,0,today,DATE,87,92
inu.39000000568597,15,4,0,Lou Jacquot,PERSON,37,48
inu.39000000568597,15,4,1,the Alaska Native,NORP,155,172
inu.39000000568597,15,5,0,Many hours,TIME,0,10
inu.39000000568597,15,6,0,Janice Currier,PERSON,78,92
inu.39000000568597,15,7,0,Alaska Natives,NORP,72,86
inu.39000000568597,16,0,0,1,CARDINAL,0,1
inu.39000000568597,17,10,0,Jesus,PERSON,18,23
inu.39000000568597,19,0,0,Alaska,GPE,100,106
inu.39000000568597,19,1,0,Natives,NORP,48,55
inu.39000000568597,19,2,0,Natives,NORP,15,22
inu.39000000568597,19,3,0,Alaska Natives,NORP,14,28
inu.39000000568597,19,3,1,non-Native,NORP,134,144
inu.39000000568597,19,5,0,The Alaska Natives,NORP,0,18
inu.39000000568597,19,5,1,non-Natives,NORP,85,96
inu.39000000568597,19,6,0,Two,CARDINAL,0,3
inu.39000000568597,19,6,1,the University,ORG,56,70
inu.39000000568597,19,6,2,the State of Alaska,GPE,75,94
inu.39000000568597,19,7,0,Natives,NORP,39,46
inu.39000000568597,20,3,0,Natives,NORP,15,22
inu.39000000568597,20,3,1,University,ORG,134,144
inu.39000000568597,20,3,2,State,ORG,146,151
inu.39000000568597,20,4,0,48,CARDINAL,75,77
inu.39000000568597,20,5,0,Natives,NORP,98,105
inu.39000000568597,20,5,1,non-Natives,NORP,115,126
inu.39000000568597,20,7,0,ALASEA 998,PERSON,0,10
inu.39000000568597,22,0,0,1,CARDINAL,2,3
inu.39000000568597,25,0,0,Alaska,GPE,17,23
inu.39000000568597,25,2,0,the early days,DATE,3,17
inu.39000000568597,25,2,1,Territory,GPE,25,34
inu.39000000568597,25,3,0,Nome,GPE,15,19
inu.39000000568597,25,3,1,Natives,NORP,71,78
inu.39000000568597,25,4,0,Native,NORP,61,67
inu.39000000568597,25,4,1,the Bureau of Indian Affairs,ORG,90,118
inu.39000000568597,25,5,0,Alaska,GPE,0,6
inu.39000000568597,25,5,1,1959,DATE,25,29
inu.39000000568597,25,5,2,Department of Education,ORG,165,188
inu.39000000568597,25,5,3,Native,NORP,228,234
inu.39000000568597,25,6,0,today,DATE,16,21
inu.39000000568597,25,6,1,one,CARDINAL,86,89
inu.39000000568597,25,7,0,the Alaska Native,NORP,35,52
inu.39000000568597,25,7,1,the Bureau of Indian Affairs,ORG,61,89
inu.39000000568597,25,8,0,about ten years ago,DATE,6,25
inu.39000000568597,25,8,1,Alaska Natives,NORP,33,47
inu.39000000568597,25,8,2,BIA,ORG,91,94
inu.39000000568597,25,9,0,Alaska,GPE,91,97
inu.39000000568597,25,10,0,The Bureau of Indian Affairs,ORG,0,28
inu.39000000568597,26,0,0,Alaska Natives,NORP,0,14
inu.39000000568597,26,0,1,the Alaska Natives,NORP,63,81
inu.39000000568597,26,1,0,The American Indians,NORP,0,20
inu.39000000568597,26,1,1,48,CARDINAL,34,36
inu.39000000568597,26,2,0,the Alaska Natives,NORP,46,64
inu.39000000568597,26,2,1,the Federal government,ORG,106,128
inu.39000000568597,26,3,0,Mt. Edgecumbe,LOC,27,40
inu.39000000568597,26,3,1,BIA,ORG,61,64
inu.39000000568597,26,3,2,Alaska,GPE,90,96
inu.39000000568597,26,3,3,State,ORG,130,135
inu.39000000568597,26,3,4,the Alaska Natives,NORP,203,221
inu.39000000568597,26,4,0,Native,NORP,68,74
inu.39000000568597,26,4,1,State,ORG,104,109
inu.39000000568597,26,4,2,Federal,ORG,143,150
inu.39000000568597,26,5,0,Federal,ORG,57,64
inu.39000000568597,26,5,1,BIA,ORG,108,111
inu.39000000568597,26,6,0,Tobeluk,PERSON,29,36
inu.39000000568597,26,6,1,Lind1976,PERSON,41,49
inu.39000000568597,26,10,0,a 1 4,CARDINAL,54,59
inu.39000000568597,27,0,0,their four years,DATE,24,40
inu.39000000568597,27,3,0,State,ORG,48,53
inu.39000000568597,27,3,1,Alaska Natives,NORP,74,88
inu.39000000568597,27,3,2,21,CARDINAL,107,109
inu.39000000568597,27,4,0,the REAA School District,GPE,79,103
inu.39000000568597,27,10,0,BIA,ORG,33,36
inu.39000000568597,27,10,1,one,CARDINAL,52,55
inu.39000000568597,27,10,2,Bureau,ORG,198,204
inu.39000000568597,28,1,0,lower 48,CARDINAL,60,68
inu.39000000568597,28,1,1,two-year,DATE,98,106
inu.39000000568597,28,1,2,two-year,DATE,200,208
inu.39000000568597,28,4,0,BIA,ORG,14,17
inu.39000000568597,28,4,1,two-year,DATE,164,172
inu.39000000568597,28,5,0,BIA,ORG,25,28
inu.39000000568597,28,5,1,REAA,ORG,119,123
inu.39000000568597,28,6,0,BIA,ORG,8,11
inu.39000000568597,28,8,0,today,DATE,8,13
inu.39000000568597,28,8,1,Native,NORP,16,22
inu.39000000568597,28,8,2,the Alaska Native Claims Settlement Act,LAW,82,121
inu.39000000568597,28,9,0,the North Slope Borough School System,ORG,48,85
inu.39000000568597,28,11,0,Alaska,GPE,149,155
inu.39000000568597,28,11,1,Hawaii,GPE,157,163
inu.39000000568597,28,11,2,Washington D.C.,GPE,165,180
inu.39000000568597,28,11,3,Europe,GPE,182,188
inu.39000000568597,28,11,4,China,GPE,193,198
inu.39000000568597,29,4,0,the University of Alaska,ORG,56,80
inu.39000000568597,30,0,0,the early 1960s,DATE,3,18
inu.39000000568597,30,0,1,Russians,NORP,170,178
inu.39000000568597,30,2,0,One,CARDINAL,0,3
inu.39000000568597,30,2,1,one,CARDINAL,130,133
inu.39000000568597,30,6,0,Alaska,GPE,25,31
inu.39000000568597,30,10,0,Alaska,GPE,7,13
inu.39000000568597,30,12,0,two,CARDINAL,30,33
inu.39000000568597,30,15,0,1,CARDINAL,0,1
inu.39000000568597,30,15,1,5,CARDINAL,4,5
inu.39000000568597,31,8,0,Today,DATE,0,5
inu.39000000568597,31,10,0,University,ORG,82,92
inu.39000000568597,31,10,1,State,ORG,96,101
inu.39000000568597,32,0,0,1,CARDINAL,0,1
inu.39000000568597,33,0,0,Two,CARDINAL,0,3
inu.39000000568597,33,1,0,the past,DATE,3,11
inu.39000000568597,33,1,1,University,ORG,17,27
inu.39000000568597,33,1,2,Northern,LOC,68,76
inu.39000000568597,33,2,0,The Northern Region,LOC,0,19
inu.39000000568597,33,2,1,Fairbanks,GPE,36,45
inu.39000000568597,33,2,2,Southern,LOC,51,59
inu.39000000568597,33,2,3,Anchorage,GPE,63,72
inu.39000000568597,33,4,0,the past ten years,DATE,8,26
inu.39000000568597,33,5,0,1975,DATE,3,7
inu.39000000568597,33,5,1,University,ORG,13,23
inu.39000000568597,33,6,0,that year,DATE,7,16
inu.39000000568597,33,7,0,a few weeks,DATE,45,56
inu.39000000568597,33,8,0,Alaska,GPE,129,135
inu.39000000568597,33,9,0,University,ORG,59,69
inu.39000000568597,33,10,0,today,DATE,113,118
inu.39000000568597,33,11,0,the Alaska Natives,NORP,44,62
inu.39000000568597,33,11,1,the Alaska Federation of Natives,ORG,136,168
inu.39000000568597,33,12,0,Native,NORP,4,10
inu.39000000568597,33,12,1,University,ORG,33,43
inu.39000000568597,34,0,0,Alaska,GPE,4,10
inu.39000000568597,34,2,0,an Alaska Native,NORP,71,87
inu.39000000568597,34,3,0,Native,NORP,65,71
inu.39000000568597,34,4,0,University,ORG,4,14
inu.39000000568597,34,4,1,Native,NORP,64,70
inu.39000000568597,34,4,2,Alaska,GPE,185,191
inu.39000000568597,34,6,0,Native,NORP,144,150
inu.39000000568597,34,6,1,Alaska,GPE,208,214
inu.39000000568597,34,7,0,all Alaska Natives,NORP,45,63
inu.39000000568597,34,7,1,University,ORG,184,194
inu.39000000568597,34,8,0,Today,DATE,0,5
inu.39000000568597,34,8,1,Rural Education,ORG,7,22
inu.39000000568597,34,8,2,Anchorage,GPE,57,66
inu.39000000568597,34,8,3,only one,CARDINAL,72,80
inu.39000000568597,34,8,4,two,CARDINAL,84,87
inu.39000000568597,34,8,5,Alaska Natives,NORP,88,102
inu.39000000568597,34,10,0,Rural Education,ORG,31,46
inu.39000000568597,34,10,1,non-Natives,NORP,56,67
inu.39000000568597,34,11,0,Native,NORP,15,21
inu.39000000568597,34,11,1,recent years,DATE,58,70
inu.39000000568597,34,12,0,the past year,DATE,5,18
inu.39000000568597,34,12,1,Rural Education,ORG,99,114
inu.39000000568597,34,13,0,Alaska,GPE,40,46
inu.39000000568597,34,13,1,12,CARDINAL,51,53
inu.39000000568597,35,0,0,University,ORG,32,42
inu.39000000568597,35,3,0,Alaska Natives,NORP,5,19
inu.39000000568597,35,3,1,University,ORG,71,81
inu.39000000568597,35,6,0,the Community College,ORG,98,119
inu.39000000568597,35,6,1,"Rural Education, and Extension Division",ORG,121,160
inu.39000000568597,35,6,2,CCREE,ORG,162,167
inu.39000000568597,35,6,3,University,ORG,177,187
inu.39000000568597,35,6,4,Statewide Services,ORG,190,208
inu.39000000568597,35,8,0,Anchorage,GPE,104,113
inu.39000000568597,35,9,0,70%,PERCENT,150,153
inu.39000000568597,35,9,1,Rural Education,ORG,167,182
inu.39000000568597,35,10,0,Anchorage,GPE,99,108
inu.39000000568597,35,11,0,13,CARDINAL,0,2
inu.39000000568597,36,0,0,1,CARDINAL,0,1
inu.39000000568597,37,0,0,Three,CARDINAL,0,5
inu.39000000568597,37,0,1,The Alaska Native Claims Settlement Act,LAW,6,45
inu.39000000568597,37,0,2,1971,DATE,60,64
inu.39000000568597,37,1,0,Native,NORP,5,11
inu.39000000568597,37,1,1,ANCSA,ORG,54,59
inu.39000000568597,37,1,2,University,ORG,92,102
inu.39000000568597,37,1,3,ANCSA,ORG,162,167
inu.39000000568597,37,3,0,the early 1970s,DATE,18,33
inu.39000000568597,37,3,1,the American Indian Movement's,ORG,35,65
inu.39000000568597,37,3,2,Pine Ridge,GPE,80,90
inu.39000000568597,37,3,3,South Dakota,GPE,92,104
inu.39000000568597,37,3,4,the Civil Rights Movement,ORG,125,150
inu.39000000568597,37,3,5,Alaska Natives,NORP,210,224
inu.39000000568597,37,3,6,Native,NORP,279,285
inu.39000000568597,37,4,0,Today,DATE,0,5
inu.39000000568597,37,5,0,ten years ago,DATE,34,47
inu.39000000568597,37,6,0,State,ORG,30,35
inu.39000000568597,37,6,1,Alaskans,NORP,137,145
inu.39000000568597,37,7,0,University,ORG,121,131
inu.39000000568597,37,9,0,Natives,NORP,83,90
inu.39000000568597,37,10,0,ANCSA,ORG,8,13
inu.39000000568597,37,10,1,Native,NORP,59,65
inu.39000000568597,38,0,0,University,ORG,4,14
inu.39000000568597,38,0,1,Alaska,GPE,49,55
inu.39000000568597,38,1,0,Alaska Natives,NORP,209,223
inu.39000000568597,39,1,0,Natives,NORP,53,60
inu.39000000568597,39,2,0,Bethel,GPE,77,83
inu.39000000568597,39,2,1,Kotzebue,GPE,87,95
inu.39000000568597,39,2,2,Nome,GPE,99,103
inu.39000000568597,39,3,0,FAA,ORG,72,75
inu.39000000568597,39,3,1,non-Native,NORP,96,106
inu.39000000568597,39,4,0,University,ORG,62,72
inu.39000000568597,39,6,0,University,ORG,37,47
inu.39000000568597,39,6,1,the Department of Education,ORG,52,79
inu.39000000568597,39,8,0,University,ORG,26,36
inu.39000000568597,39,10,0,University,ORG,11,21
inu.39000000568597,39,11,0,University,ORG,11,21
inu.39000000568597,39,13,0,University,ORG,29,39
inu.39000000568597,39,13,1,the years,DATE,77,86
inu.39000000568597,39,14,0,University,ORG,60,70
inu.39000000568597,39,14,1,University,ORG,135,145
inu.39000000568597,40,2,0,two,CARDINAL,21,24
inu.39000000568597,40,7,0,today,DATE,9,14
inu.39000000568597,40,7,1,a decade ago,DATE,71,83
inu.39000000568597,40,8,0,weekly,DATE,31,37
inu.39000000568597,40,9,0,State,ORG,93,98
inu.39000000568597,40,10,0,State,ORG,82,87
inu.39000000568597,40,11,0,at least one,CARDINAL,72,84
inu.39000000568597,40,14,0,18,CARDINAL,52,54
inu.39000000568597,41,1,0,Today,DATE,0,5
inu.39000000568597,41,3,0,the Claims Settlement,EVENT,10,31
inu.39000000568597,41,3,1,State,ORG,37,42
inu.39000000568597,41,3,2,Federal,ORG,47,54
inu.39000000568597,41,8,0,University,ORG,4,14
inu.39000000568597,41,8,1,State,ORG,45,50
inu.39000000568597,41,8,2,Alaska,GPE,120,126
inu.39000000568597,42,0,0,1,CARDINAL,2,3
inu.39000000568597,43,0,0,Four,CARDINAL,0,4
inu.39000000568597,43,0,1,today,DATE,95,100
inu.39000000568597,43,1,0,One,CARDINAL,0,3
inu.39000000568597,43,1,1,Native Studies,ORG,79,93
inu.39000000568597,43,2,0,Native Studies,ORG,18,32
inu.39000000568597,43,3,0,Native,NORP,78,84
inu.39000000568597,43,4,0,Native,NORP,32,38
inu.39000000568597,43,4,1,University,ORG,88,98
inu.39000000568597,43,5,0,Native,NORP,37,43
inu.39000000568597,43,5,1,Native,NORP,74,80
inu.39000000568597,43,5,2,a Big Mac,PRODUCT,100,109
inu.39000000568597,43,5,3,Eskimo,NORP,138,144
inu.39000000568597,43,6,0,Native,NORP,2,8
inu.39000000568597,43,7,0,Alaska Native,NORP,58,71
inu.39000000568597,43,8,0,Native,NORP,115,121
inu.39000000568597,43,8,1,ANCSA,ORG,146,151
inu.39000000568597,43,9,0,Native,NORP,36,42
inu.39000000568597,44,2,0,University,ORG,53,63
inu.39000000568597,44,3,0,Native,NORP,2,8
inu.39000000568597,44,5,0,Natives,NORP,87,94
inu.39000000568597,44,5,1,Gusaqs,NORP,123,129
inu.39000000568597,44,5,2,Native,NORP,134,140
inu.39000000568597,44,5,3,Eskimo,NORP,161,167
inu.39000000568597,44,5,4,Indian,NORP,172,178
inu.39000000568597,45,1,0,Native,NORP,5,11
inu.39000000568597,45,3,0,two,CARDINAL,44,47
inu.39000000568597,45,3,1,more than one,CARDINAL,138,151
inu.39000000568597,45,5,0,University,ORG,12,22
inu.39000000568597,45,9,0,today,DATE,191,196
inu.39000000568597,45,12,0,two,CARDINAL,10,13
inu.39000000568597,45,13,0,first,ORDINAL,4,9
inu.39000000568597,45,13,1,Native,NORP,33,39
inu.39000000568597,46,1,0,University,ORG,38,48
inu.39000000568597,46,1,1,the Department of Education,ORG,53,80
inu.39000000568597,46,2,0,University,ORG,4,14
inu.39000000568597,46,3,0,The Department of Education,ORG,0,27
inu.39000000568597,46,5,0,Native,NORP,47,53
inu.39000000568597,46,5,1,non-Native,NORP,109,119
inu.39000000568597,46,6,0,University,ORG,11,21
inu.39000000568597,46,6,1,the Department of Education,ORG,26,53
inu.39000000568597,46,8,0,University,ORG,29,39
inu.39000000568597,46,10,0,one,CARDINAL,83,86
inu.39000000568597,46,10,1,America,GPE,121,128
inu.39000000568597,46,10,2,a few years ago,DATE,148,163
inu.39000000568597,46,12,0,Alaska,GPE,9,15
inu.39000000568597,46,12,1,one,CARDINAL,75,78
inu.39000000568597,47,0,0,The University of Alaska,ORG,0,24
inu.39000000568597,47,1,0,University,ORG,29,39
inu.39000000568597,47,1,1,the School of Education,ORG,164,187
inu.39000000568597,47,2,0,University,ORG,4,14
inu.39000000568597,47,2,1,Alaska,GPE,146,152
inu.39000000568597,47,3,0,University,ORG,9,19
inu.39000000568597,47,3,1,the Department of Education,ORG,77,104
inu.39000000568597,47,5,0,the Department of Education,ORG,29,56
inu.39000000568597,48,0,0,the University of Alaska,ORG,27,51
inu.39000000568597,48,1,0,The University of Alaska,ORG,0,24
inu.39000000568597,48,1,1,Alaska,GPE,128,134
inu.39000000568597,48,2,0,The Department of Education,ORG,0,27
inu.39000000568597,48,2,1,Alaskan,NORP,115,122
inu.39000000568597,48,2,2,Native,NORP,132,138
inu.39000000568597,48,3,0,University,ORG,4,14
inu.39000000568597,48,6,0,Alaska,GPE,57,63
inu.39000000568597,48,8,0,University,ORG,117,127
inu.39000000568597,48,8,1,Native,NORP,213,219
inu.39000000568597,48,9,0,Native,NORP,0,6
inu.39000000568597,49,2,0,English,LANGUAGE,176,183
inu.39000000568597,49,2,1,second,ORDINAL,189,195
inu.39000000568597,49,4,0,University,ORG,4,14
inu.39000000568597,49,4,1,Native,NORP,108,114
inu.39000000568597,49,5,0,One,CARDINAL,0,3
inu.39000000568597,49,5,1,University,ORG,25,35
inu.39000000568597,49,5,2,Native,NORP,79,85
inu.39000000568597,49,6,0,Native,NORP,64,70
inu.39000000568597,49,7,0,Native,NORP,0,6
inu.39000000568597,49,7,1,Native,NORP,36,42
inu.39000000568597,49,8,0,Native,NORP,32,38
inu.39000000568597,50,1,0,1976,DATE,3,7
inu.39000000568597,50,1,1,University,ORG,36,46
inu.39000000568597,50,3,0,only three or four,CARDINAL,10,28
inu.39000000568597,50,3,1,Native,NORP,29,35
inu.39000000568597,50,3,2,two or three,CARDINAL,55,67
inu.39000000568597,50,3,3,Native,NORP,68,74
inu.39000000568597,50,4,0,Natives,NORP,38,45
inu.39000000568597,50,6,0,University,ORG,4,14
inu.39000000568597,50,10,0,University,ORG,4,14
inu.39000000568597,50,10,1,EEO,ORG,74,77
inu.39000000568597,50,11,0,University,ORG,149,159
inu.39000000568597,50,11,1,State,ORG,167,172
inu.39000000568597,50,12,0,Native,NORP,58,64
inu.39000000568597,50,12,1,Native,NORP,169,175
inu.39000000568597,50,13,0,Native,NORP,6,12
inu.39000000568597,50,13,1,State,ORG,246,251
inu.39000000568597,50,13,2,University,ORG,256,266
inu.39000000568597,51,0,0,University,ORG,68,78
inu.39000000568597,51,0,1,State,ORG,86,91
inu.39000000568597,51,2,0,University,ORG,61,71
inu.39000000568597,51,2,1,State,ORG,80,85
inu.39000000568597,51,4,0,Native,NORP,26,32
inu.39000000568597,51,6,0,Native,NORP,4,10
inu.39000000568597,51,11,0,Native,NORP,48,54
inu.39000000568597,51,12,0,29,CARDINAL,170,172
inu.39000000568597,52,2,0,Native,NORP,35,41
inu.39000000568597,52,2,1,Natives,NORP,67,74
inu.39000000568597,52,2,2,University,ORG,171,181
inu.39000000568597,52,3,0,Native,NORP,50,56
inu.39000000568597,52,5,0,an Alaska Native,NORP,160,176
inu.39000000568597,52,7,0,Native,NORP,11,17
inu.39000000568597,52,7,1,University,ORG,101,111
inu.39000000568597,52,7,2,State,ORG,119,124
inu.39000000568597,52,7,3,Native,NORP,146,152
inu.39000000568597,53,2,0,The University of Alaska,ORG,0,24
inu.39000000568597,53,2,1,Alaska Natives,NORP,99,113
inu.39000000568597,53,3,0,The State of Alaska,ORG,0,19
inu.39000000568597,53,3,1,the Department of Education,ORG,35,62
inu.39000000568597,53,3,2,one,CARDINAL,78,81
inu.39000000568597,53,3,3,Alaska Native,NORP,82,95
inu.39000000568597,53,4,0,Alaska Natives,NORP,50,64
inu.39000000568597,53,4,1,State,ORG,104,109
inu.39000000568597,53,6,0,one,CARDINAL,3,6
inu.39000000568597,53,6,1,Alaska Native,NORP,66,79
inu.39000000568597,53,6,2,an Alaska Native,NORP,112,128
inu.39000000568597,53,7,0,an Alaska Native,NORP,121,137
inu.39000000568597,53,8,0,Today,DATE,0,5
inu.39000000568597,53,8,1,the Department of Education,ORG,73,100
inu.39000000568597,53,9,0,Department,ORG,129,139
inu.39000000568597,53,9,1,today,DATE,140,145
inu.39000000568597,53,11,0,University,ORG,24,34
inu.39000000568597,53,13,0,Native,NORP,22,28
inu.39000000568597,54,2,0,University,ORG,4,14
inu.39000000568597,54,7,0,University,ORG,7,17
inu.39000000568597,54,7,1,State,ORG,23,28
inu.39000000568597,54,7,2,Native,NORP,34,40
inu.39000000568597,55,2,0,the Rural Education Division,ORG,70,98
inu.39000000568597,55,4,0,several years ago,DATE,56,73
inu.39000000568597,55,4,1,one,CARDINAL,77,80
inu.39000000568597,55,4,2,University,ORG,96,106
inu.39000000568597,55,5,0,about 250,CARDINAL,34,43
inu.39000000568597,55,5,1,about 25,CARDINAL,53,61
inu.39000000568597,55,6,0,University,ORG,4,14
inu.39000000568597,55,6,1,one,CARDINAL,120,123
inu.39000000568597,55,7,0,Native,NORP,58,64
inu.39000000568597,55,9,0,25,CARDINAL,33,35
inu.39000000568597,55,9,1,Natives,NORP,36,43
inu.39000000568597,55,12,0,University,ORG,125,135
inu.39000000568597,55,14,0,33,CARDINAL,0,2
inu.39000000568597,56,0,0,The Board of Regents,ORG,0,20
inu.39000000568597,56,0,1,lower 48,CARDINAL,93,101
inu.39000000568597,56,1,0,Alaskans,NORP,25,33
inu.39000000568597,56,1,1,Native,NORP,35,41
inu.39000000568597,56,1,2,48,CARDINAL,139,141
inu.39000000568597,56,2,0,Alaskan,NORP,65,72
inu.39000000568597,56,2,1,University of Alaska,ORG,86,106
inu.39000000568597,56,3,0,Anchorage,GPE,56,65
inu.39000000568597,56,3,1,Anchorage,GPE,105,114
inu.39000000568597,56,3,2,one,CARDINAL,167,170
inu.39000000568597,56,3,3,Southwest,LOC,178,187
inu.39000000568597,56,4,0,Alaska,GPE,46,52
inu.39000000568597,56,4,1,University,ORG,60,70
inu.39000000568597,56,5,0,5 or 6 years,DATE,73,85
inu.39000000568597,56,5,1,Alaska Natives,NORP,158,172
inu.39000000568597,56,6,0,University,ORG,44,54
inu.39000000568597,56,6,1,lower 48,CARDINAL,87,95
inu.39000000568597,56,6,2,Alaska Native,NORP,200,213
inu.39000000568597,56,6,3,Alaska,GPE,340,346
inu.39000000568597,56,7,0,the lower 48,LOC,39,51
inu.39000000568597,56,7,1,Alaska,GPE,121,127
inu.39000000568597,56,7,2,Natives,NORP,136,143
inu.39000000568597,56,7,3,Alaska,GPE,196,202
inu.39000000568597,56,7,4,less than a year,DATE,203,219
inu.39000000568597,56,8,0,University,ORG,4,14
inu.39000000568597,56,8,1,University,ORG,90,100
inu.39000000568597,56,9,0,University,ORG,58,68
inu.39000000568597,56,10,0,34,CARDINAL,0,2
inu.39000000568597,57,0,0,Anchorage,GPE,67,76
inu.39000000568597,57,0,1,State,ORG,106,111
inu.39000000568597,57,2,0,"80,000",MONEY,127,133
inu.39000000568597,57,3,0,less than a dozen,CARDINAL,23,40
inu.39000000568597,57,3,1,nine-month,DATE,57,67
inu.39000000568597,57,3,2,"70,000",MONEY,95,101
inu.39000000568597,57,4,0,University,ORG,35,45
inu.39000000568597,57,4,1,Alaska Natives,NORP,198,212
inu.39000000568597,59,0,0,Five,CARDINAL,0,4
inu.39000000568597,59,2,0,lower 48,CARDINAL,7,15
inu.39000000568597,59,2,1,Alaska,GPE,166,172
inu.39000000568597,59,6,0,over twelve years,DATE,21,38
inu.39000000568597,59,6,1,ANCSA,ORG,56,61
inu.39000000568597,59,9,0,37,CARDINAL,0,2
inu.39000000568597,60,3,0,first,ORDINAL,7,12
inu.39000000568597,60,4,0,second,ORDINAL,4,10
inu.39000000568597,60,7,0,a few years ago,DATE,144,159
inu.39000000568597,60,8,0,University,ORG,4,14
inu.39000000568597,60,8,1,Alaska Methodist University,ORG,84,111
inu.39000000568597,60,8,2,the Dillingham Foreign Exchange Program,ORG,121,160
inu.39000000568597,60,8,3,several years ago,DATE,161,178
inu.39000000568597,60,10,0,University,ORG,4,14
inu.39000000568597,60,11,0,25,CARDINAL,25,27
inu.39000000568597,60,11,1,one,CARDINAL,39,42
inu.39000000568597,60,12,0,COPE,ORG,115,119
inu.39000000568597,60,12,1,the Seward Skill Center,ORG,133,156
inu.39000000568597,60,12,2,the Postsecondary Education Commission,ORG,190,228
inu.39000000568597,60,12,3,the Department of Education,ORG,230,257
inu.39000000568597,61,3,0,the Rural Education Division,ORG,40,68
inu.39000000568597,61,4,0,University,ORG,4,14
inu.39000000568597,61,8,0,University,ORG,52,62
inu.39000000568597,61,8,1,Alaska,GPE,135,141
inu.39000000568597,61,9,0,University,ORG,67,77
inu.39000000568597,61,11,0,University,ORG,40,50
inu.39000000568597,63,4,0,American,NORP,79,87
inu.39000000568597,63,8,0,Communicating with the Arabs,WORK_OF_ART,28,56
inu.39000000568597,63,8,1,the Japanese Z Management Theory,WORK_OF_ART,99,131
inu.39000000568597,63,9,0,The University of Alaska,ORG,0,24
inu.39000000568597,63,9,1,today,DATE,49,54
inu.39000000568597,63,12,0,Native Alaskans,NORP,110,125
inu.39000000568597,63,13,0,University,ORG,28,38
inu.39000000568597,64,1,0,University,ORG,92,102
inu.39000000568597,64,3,0,Edward Sapir,PERSON,104,116
inu.39000000568597,64,3,1,the 1920,DATE,120,128
inu.39000000568597,64,6,0,two,CARDINAL,3,6
inu.39000000568597,64,8,0,Russia,GPE,80,86
inu.39000000568597,64,9,0,Japan,GPE,3,8
inu.39000000568597,64,11,0,America,GPE,3,10
inu.39000000568597,64,12,0,Egypt,GPE,3,8
inu.39000000568597,64,13,0,America,GPE,3,10
inu.39000000568597,65,0,0,Alaska,GPE,67,73
inu.39000000568597,65,1,0,Alaska Natives,NORP,58,72
inu.39000000568597,65,2,0,Alaska Native,NORP,12,25
inu.39000000568597,65,2,1,Alaska Native,NORP,86,99
inu.39000000568597,65,3,0,Alaska Natives,NORP,0,14
inu.39000000568597,65,3,1,one,CARDINAL,23,26
inu.39000000568597,65,3,2,one,CARDINAL,36,39
inu.39000000568597,65,3,3,one,CARDINAL,52,55
inu.39000000568597,65,3,4,one,CARDINAL,69,72
inu.39000000568597,65,4,0,12,CARDINAL,20,22
inu.39000000568597,65,4,1,14,CARDINAL,26,28
inu.39000000568597,65,5,0,two,CARDINAL,27,30
inu.39000000568597,65,5,1,Japan,GPE,98,103
inu.39000000568597,65,5,2,Saudi Arabia,GPE,108,120
inu.39000000568597,65,6,0,at least three,CARDINAL,20,34
inu.39000000568597,65,6,1,Eskimo,NORP,60,66
inu.39000000568597,65,6,2,Athabascan,NORP,101,111
inu.39000000568597,65,6,3,Tlingit,NORP,113,120
inu.39000000568597,65,6,4,Haida,NORP,122,127
inu.39000000568597,65,6,5,Tsmsian,NORP,129,136
inu.39000000568597,65,6,6,Aleut,NORP,142,147
inu.39000000568597,65,7,0,Alaska,GPE,47,53
inu.39000000568597,65,7,1,USA,GPE,69,72
inu.39000000568597,65,7,2,English,LANGUAGE,84,91
inu.39000000568597,65,7,3,Spanish,LANGUAGE,147,154
inu.39000000568597,65,7,4,English,LANGUAGE,216,223
inu.39000000568597,65,9,0,Alaska,GPE,0,6
inu.39000000568597,65,13,0,43,CARDINAL,60,62
inu.39000000568597,66,0,0,University,ORG,27,37
inu.39000000568597,66,0,1,Alaskan,NORP,116,123
inu.39000000568597,66,0,2,Native,NORP,355,361
inu.39000000568597,66,0,3,University,ORG,490,500
inu.39000000568597,66,0,4,University,ORG,843,853
inu.39000000568597,66,0,5,three,CARDINAL,857,862
inu.39000000568597,66,0,6,Northern,LOC,869,877
inu.39000000568597,66,0,7,Southcentral,LOC,879,891
inu.39000000568597,66,0,8,Southeastern,LOC,897,909
inu.39000000568597,66,1,0,the Cooperative Extension Service,ORG,56,89
inu.39000000568597,66,1,1,Alaska,GPE,156,162
inu.39000000568597,66,2,0,The Cooperative Extension Service,ORG,0,33
inu.39000000568597,66,3,0,University,ORG,55,65
inu.39000000568597,66,3,1,three,CARDINAL,93,98
inu.39000000568597,66,6,0,44,CARDINAL,39,41
inu.39000000568597,67,0,0,Alaska,GPE,56,62
inu.39000000568597,67,1,0,University,ORG,46,56
inu.39000000568597,67,3,0,Voltaire,PERSON,42,50
inu.39000000568597,68,0,0,1,CARDINAL,0,1
inu.39000000568597,68,0,1,1,CARDINAL,6,7
inu.39000000568597,68,0,2,1,CARDINAL,8,9
inu.39000000568597,72,0,0,0-942382-07-2/59.95,CARDINAL,6,25
inu.39000000568597,72,1,0,Fred Bigjim,PERSON,0,11
inu.39000000568597,72,1,1,an Inupiat Eskimo,NORP,13,30
inu.39000000568597,72,1,2,Sinrock,GPE,41,48
inu.39000000568597,72,1,3,Nome,GPE,53,57
inu.39000000568597,72,1,4,Alaska,GPE,58,64
inu.39000000568597,72,1,5,two,CARDINAL,72,75
inu.39000000568597,72,1,6,Harvard University,ORG,99,117
inu.39000000568597,72,2,0,Sinrock,WORK_OF_ART,20,27
inu.39000000568597,72,2,1,Letters to Howard: A teroro at the Alasko Native Dintims,WORK_OF_ART,43,99
inu.39000000568597,75,0,0,3 9000 000 568,CARDINAL,0,14
inu.39000000568597,75,0,1,HECKMAN BINDERY INC.,ORG,58,78
inu.39000000568597,75,0,2,INDIANA,GPE,103,110
