vol_id,page,sentence_id,ent_id,entity,entity_type,start_char,end_char
inu.30000037515214,1,0,0,ELAINE REICHEK,PERSON,1,15
inu.30000037515214,2,0,0,1,CARDINAL,2,3
inu.30000037515214,4,0,0,1,CARDINAL,0,1
inu.30000037515214,5,0,0,ELAINE REICHEK,PERSON,0,14
inu.30000037515214,7,0,0,JIMMIE DURHAM,PERSON,45,58
inu.30000037515214,7,0,1,THOMAS MCEVILLEY,PERSON,61,77
inu.30000037515214,7,0,2,THOMAS SOKOLOWSKI,PERSON,102,119
inu.30000037515214,7,0,3,1992,DATE,144,148
inu.30000037515214,7,0,4,GREY ART GALLERY,ORG,149,165
inu.30000037515214,7,0,5,NEW YORK UNIVERSITY MCMXCII inc,ORG,181,212
inu.30000037515214,8,0,0,ELAINE REICHEK,PERSON,0,14
inu.30000037515214,8,0,1,New York University,ORG,68,87
inu.30000037515214,8,0,2,New York,GPE,88,96
inu.30000037515214,8,0,3,New York,GPE,98,106
inu.30000037515214,8,0,4,"March 31 – May 16, 1992",DATE,107,130
inu.30000037515214,8,0,5,Greenville County Museum of Art,ORG,131,162
inu.30000037515214,8,0,6,Greenville,GPE,163,173
inu.30000037515214,8,0,7,South Carolina,GPE,175,189
inu.30000037515214,8,0,8,"August 11 October 4, 1992",DATE,190,215
inu.30000037515214,8,0,9,Cleveland Center for Contemporary Art,ORG,216,253
inu.30000037515214,8,0,10,Cleveland,GPE,254,263
inu.30000037515214,8,0,11,Ohio,GPE,265,269
inu.30000037515214,8,0,12,November 20,DATE,270,281
inu.30000037515214,8,0,13,"January 17, 1993",DATE,282,298
inu.30000037515214,8,0,14,Western Gallery,ORG,299,314
inu.30000037515214,8,0,15,Western Washington University,ORG,316,345
inu.30000037515214,8,0,16,Bellingham,GPE,346,356
inu.30000037515214,8,0,17,Washington,GPE,358,368
inu.30000037515214,8,0,18,February 8,DATE,369,379
inu.30000037515214,8,0,19,"March 13, 1993",DATE,380,394
inu.30000037515214,8,1,0,Elaine Reichek Native Intelligence,WORK_OF_ART,27,61
inu.30000037515214,8,1,1,The Heathcote Foundation,ORG,100,124
inu.30000037515214,8,1,2,the Abby Weed Grey Trust,ORG,126,150
inu.30000037515214,8,1,3,the Friends of the Grey Art Gallery,ORG,156,191
inu.30000037515214,8,2,0,The Grey Art Gallery,ORG,0,20
inu.30000037515214,8,2,1,Michael Klein Inc.,ORG,55,73
inu.30000037515214,8,3,0,1992,DATE,2,6
inu.30000037515214,8,3,1,Grey Art Gallery & Study Center,ORG,7,38
inu.30000037515214,8,3,2,New York,GPE,40,48
inu.30000037515214,8,3,3,Elaine Reichek: Unraveling the Social Fabric,WORK_OF_ART,61,105
inu.30000037515214,8,3,4,1992,DATE,110,114
inu.30000037515214,8,3,5,Jimmie Durham,PERSON,115,128
inu.30000037515214,8,3,6,Sins of the Fathers,WORK_OF_ART,130,149
inu.30000037515214,8,3,7,1992,DATE,154,158
inu.30000037515214,8,3,8,Thomas McEvilley,PERSON,159,175
inu.30000037515214,8,3,9,Grey Art Gallery & Study Center,ORG,176,207
inu.30000037515214,8,3,10,New York University,ORG,208,227
inu.30000037515214,8,3,11,New York,GPE,248,256
inu.30000037515214,8,3,12,New York,GPE,258,266
inu.30000037515214,8,5,0,Library of Congress,ORG,0,19
inu.30000037515214,8,5,1,92-070726,CARDINAL,43,52
inu.30000037515214,8,5,2,0-934349-09-6,CARDINAL,59,72
inu.30000037515214,8,6,0,Joseph Kosuth Dixon,PERSON,18,37
inu.30000037515214,8,6,1,Library of Congress,ORG,39,58
inu.30000037515214,9,0,0,7 9,CARDINAL,9,12
inu.30000037515214,9,0,1,ELAINE REICHEK,PERSON,13,27
inu.30000037515214,9,0,2,17 23,CARDINAL,48,53
inu.30000037515214,9,0,3,38,CARDINAL,61,63
inu.30000037515214,9,0,4,11,CARDINAL,72,74
inu.30000037515214,9,0,5,Maigret,PERSON,81,88
inu.30000037515214,9,0,6,Magritte,PERSON,102,110
inu.30000037515214,9,1,0,38,CARDINAL,5,7
inu.30000037515214,9,1,1,"Painted Arapaho, 1990",WORK_OF_ART,14,35
inu.30000037515214,9,1,2,"Painted Arapaho, 1990",WORK_OF_ART,49,70
inu.30000037515214,9,1,3,"Assiniboin, 1990",WORK_OF_ART,80,96
inu.30000037515214,9,1,4,"Assiniboin, 1990",WORK_OF_ART,111,127
inu.30000037515214,9,1,5,Westward Ho!,WORK_OF_ART,135,147
inu.30000037515214,9,1,6,1991,DATE,149,153
inu.30000037515214,9,1,7,Westward Ho!,WORK_OF_ART,169,181
inu.30000037515214,9,1,8,1991,DATE,183,187
inu.30000037515214,9,1,9,20 1/2 x 15 3/4 inches,QUANTITY,233,255
inu.30000037515214,9,1,10,15 3/4 x 20 1/2 inches,QUANTITY,269,291
inu.30000037515214,10,0,0,New York University,ORG,68,87
inu.30000037515214,10,0,1,New York,GPE,88,96
inu.30000037515214,10,0,2,New York,GPE,98,106
inu.30000037515214,10,0,3,Elaine F Li,PERSON,136,147
inu.30000037515214,11,0,0,THOMAS SOKOLOWSKI,PERSON,17,34
inu.30000037515214,11,0,1,ELAINE REICHEK,PERSON,39,53
inu.30000037515214,11,0,2,JIMMIE DURHAM,PERSON,84,97
inu.30000037515214,11,0,3,THOMAS MCEVILLEY,PERSON,122,138
inu.30000037515214,11,1,0,23,CARDINAL,12,14
inu.30000037515214,11,1,1,38,CARDINAL,36,38
inu.30000037515214,11,1,2,39,CARDINAL,64,66
inu.30000037515214,13,0,0,THOMAS SOKOLOWSKI,PERSON,8,25
inu.30000037515214,13,7,0,Elaine Reichek,PERSON,28,42
inu.30000037515214,13,9,0,Reichek,PERSON,11,18
inu.30000037515214,13,9,1,Native Americans,NORP,95,111
inu.30000037515214,13,9,2,the late nineteenth century,DATE,117,144
inu.30000037515214,13,10,0,Reichek,PERSON,23,30
inu.30000037515214,13,11,0,Edward S. Curtis's,PERSON,55,73
inu.30000037515214,13,11,1,twenty,CARDINAL,74,80
inu.30000037515214,13,11,2,The North American Indian,WORK_OF_ART,99,124
inu.30000037515214,13,11,3,between 1907 and 1930,DATE,136,157
inu.30000037515214,13,11,4,Indian,NORP,221,227
inu.30000037515214,13,11,5,Mississippi,LOC,275,286
inu.30000037515214,13,11,6,today,DATE,288,293
inu.30000037515214,13,12,0,this anniversary year,DATE,3,24
inu.30000037515214,13,12,1,Columbian,NORP,32,41
inu.30000037515214,13,12,2,the New World,LOC,57,70
inu.30000037515214,13,13,0,1492-1992,DATE,53,62
inu.30000037515214,13,13,1,eighteen-month-long,DATE,94,113
inu.30000037515214,13,13,2,Columbus,GPE,235,243
inu.30000037515214,13,13,3,Americas,LOC,251,259
inu.30000037515214,13,13,4,The Humanities Council,ORG,273,295
inu.30000037515214,13,13,5,New York University,ORG,299,318
inu.30000037515214,13,14,0,the Grey Art Gallery,FAC,54,74
inu.30000037515214,13,14,1,New York University's,ORG,76,97
inu.30000037515214,13,14,2,Department of Anthropology,ORG,98,124
inu.30000037515214,13,14,3,two-day,DATE,137,144
inu.30000037515214,13,14,4,Representing Native Americans,WORK_OF_ART,170,199
inu.30000037515214,13,15,0,Reichek,PERSON,58,65
inu.30000037515214,13,15,1,First Nations,NORP,155,168
inu.30000037515214,14,1,0,Elaine Reichek,PERSON,64,78
inu.30000037515214,14,4,0,Jimmie Durham,PERSON,0,13
inu.30000037515214,14,4,1,Thomas McEvilley,PERSON,18,34
inu.30000037515214,14,5,0,David Frankel,PERSON,0,13
inu.30000037515214,14,5,1,Frank Poueymirou,PERSON,51,67
inu.30000037515214,14,6,0,Michael Klein,PERSON,0,13
inu.30000037515214,14,6,1,David Gray,PERSON,18,28
inu.30000037515214,14,6,2,Michael Klein Inc.,ORG,32,50
inu.30000037515214,14,7,0,Thomas W. Styron,PERSON,0,16
inu.30000037515214,14,7,1,the Greenville County Museum of Art,ORG,30,65
inu.30000037515214,14,7,2,Greenville,GPE,67,77
inu.30000037515214,14,7,3,South Carolina,GPE,79,93
inu.30000037515214,14,7,4,Marjorie Talalay,PERSON,95,111
inu.30000037515214,14,7,5,David Rubin,PERSON,127,138
inu.30000037515214,14,7,6,Cleveland Center for Contemporary Art,ORG,155,192
inu.30000037515214,14,7,7,Cleveland,GPE,194,203
inu.30000037515214,14,7,8,Ohio,GPE,205,209
inu.30000037515214,14,7,9,Sara Clark-Langager,PERSON,215,234
inu.30000037515214,14,7,10,the Western Gallery,ORG,248,267
inu.30000037515214,14,7,11,Western Washington University,ORG,271,300
inu.30000037515214,14,7,12,Bellingham,GPE,304,314
inu.30000037515214,14,7,13,Washington,GPE,316,326
inu.30000037515214,14,8,0,the Grey Art Gallery,ORG,13,33
inu.30000037515214,14,8,1,Wendell Walker,PERSON,34,48
inu.30000037515214,14,8,2,Michèle M. Wong,PERSON,50,65
inu.30000037515214,14,8,3,Elissa Wolff,PERSON,67,79
inu.30000037515214,14,8,4,Deborah Whitney,PERSON,85,100
inu.30000037515214,14,9,0,the Abby Weed Grey Trust,ORG,90,114
inu.30000037515214,14,9,1,the Friends of the Grey Art Gallery,ORG,137,172
inu.30000037515214,14,10,0,The Heathcote Foundation,ORG,13,37
inu.30000037515214,15,0,0,ELAINE REICHEK,PERSON,0,14
inu.30000037515214,15,7,0,TWO,CARDINAL,0,3
inu.30000037515214,15,7,1,THREE,CARDINAL,7,12
inu.30000037515214,15,7,2,Europe,LOC,36,42
inu.30000037515214,15,7,3,11th-century,DATE,52,64
inu.30000037515214,15,7,4,Bayeux Tapestry,WORK_OF_ART,65,80
inu.30000037515214,15,7,5,Norman,NORP,123,129
inu.30000037515214,15,7,6,Britain,GPE,142,149
inu.30000037515214,15,12,0,centuries,DATE,19,28
inu.30000037515214,15,13,0,the years between,DATE,58,75
inu.30000037515214,15,15,0,Celtic,NORP,102,108
inu.30000037515214,15,15,1,one,CARDINAL,165,168
inu.30000037515214,15,16,0,Romans,NORP,4,10
inu.30000037515214,15,16,1,Celtic,NORP,50,56
inu.30000037515214,15,17,0,Roman,NORP,7,12
inu.30000037515214,15,17,1,Celtic,NORP,91,97
inu.30000037515214,15,19,0,Celts,NORP,20,25
inu.30000037515214,16,0,0,ELAINE REICHEK,PERSON,3,17
inu.30000037515214,16,1,0,Roman,NORP,4,9
inu.30000037515214,16,1,1,Europeans,NORP,24,33
inu.30000037515214,16,1,2,nonRoman,NORP,44,52
inu.30000037515214,16,2,0,Roman,NORP,30,35
inu.30000037515214,16,3,0,Irish,NORP,29,34
inu.30000037515214,16,5,0,Reichek,PERSON,0,7
inu.30000037515214,16,8,0,Reichek,PERSON,24,31
inu.30000037515214,16,10,0,Reichek,PERSON,0,7
inu.30000037515214,16,13,0,Reichek,PERSON,37,44
inu.30000037515214,16,16,0,Cherokee,NORP,11,19
inu.30000037515214,16,16,1,Grandmother Spider,PERSON,33,51
inu.30000037515214,16,18,0,the day,DATE,77,84
inu.30000037515214,16,19,0,ELAINE REICHEK,PERSON,8,22
inu.30000037515214,16,20,0,Elaine Reichek's,PERSON,15,31
inu.30000037515214,16,21,0,Reichek,PERSON,0,7
inu.30000037515214,16,21,1,Yale,ORG,34,38
inu.30000037515214,16,23,0,"TRUTH, LIES AND TORQUEMADA",WORK_OF_ART,0,26
inu.30000037515214,16,24,0,Reichek,PERSON,16,23
inu.30000037515214,17,0,0,11,CARDINAL,29,31
inu.30000037515214,17,0,1,Reichek,PERSON,47,54
inu.30000037515214,17,4,0,Torquemada,PERSON,13,23
inu.30000037515214,17,4,1,Magritte,PERSON,25,33
inu.30000037515214,17,6,0,two,CARDINAL,74,77
inu.30000037515214,17,6,1,American Indians,NORP,196,212
inu.30000037515214,17,6,2,American,NORP,279,287
inu.30000037515214,17,8,0,John Berger,PERSON,13,24
inu.30000037515214,17,8,1,Fox Talbot,PERSON,26,36
inu.30000037515214,17,11,0,European,NORP,33,41
inu.30000037515214,17,14,0,European,NORP,46,54
inu.30000037515214,17,16,0,Reichek,PERSON,0,7
inu.30000037515214,17,22,0,Reichek,PERSON,150,157
inu.30000037515214,17,25,0,Reichek,PERSON,4,11
inu.30000037515214,18,0,0,ELAINE REICHEK,PERSON,3,17
inu.30000037515214,18,5,0,Indian,NORP,15,21
inu.30000037515214,18,6,0,American Indians,NORP,14,30
inu.30000037515214,18,9,0,two,CARDINAL,129,132
inu.30000037515214,18,10,0,Western,NORP,77,84
inu.30000037515214,18,10,1,Western,NORP,112,119
inu.30000037515214,18,12,0,Reichek,PERSON,42,49
inu.30000037515214,18,14,0,Reichek,PERSON,15,22
inu.30000037515214,18,18,0,Reichek,PERSON,5,12
inu.30000037515214,18,19,0,the Grey Art Gallery,ORG,19,39
inu.30000037515214,18,19,1,Reichek,PERSON,41,48
inu.30000037515214,18,21,0,Reichek,PERSON,0,7
inu.30000037515214,18,22,0,two,CARDINAL,38,41
inu.30000037515214,18,24,0,Reichek,PERSON,0,7
inu.30000037515214,18,29,0,Reichek,PERSON,0,7
inu.30000037515214,19,0,0,UNRAVELING THE SOCIAL FABRIC,WORK_OF_ART,0,28
inu.30000037515214,19,3,0,Reichek,PERSON,27,34
inu.30000037515214,19,10,0,Reichek,PERSON,5,12
inu.30000037515214,19,13,0,Reichek,PERSON,0,7
inu.30000037515214,19,16,0,Reichek,PERSON,0,7
inu.30000037515214,19,16,1,two,CARDINAL,88,91
inu.30000037515214,19,19,0,Indian,NORP,44,50
inu.30000037515214,19,20,0,Reichek,PERSON,0,7
inu.30000037515214,19,27,0,Reichek,PERSON,0,7
inu.30000037515214,19,27,1,Indian,NORP,36,42
inu.30000037515214,19,28,0,Reichek,PERSON,0,7
inu.30000037515214,19,30,0,hundreds,CARDINAL,38,46
inu.30000037515214,19,30,1,Indians,NORP,64,71
inu.30000037515214,19,30,2,Tierra del Fuego,GPE,75,91
inu.30000037515214,19,33,0,European,NORP,120,128
inu.30000037515214,20,0,0,ELAINE REICHER,PERSON,3,17
inu.30000037515214,20,6,0,Reichek,PERSON,0,7
inu.30000037515214,20,6,1,mid-to-late-'80s work,DATE,10,31
inu.30000037515214,20,6,2,Tierra del Fuego,FAC,89,105
inu.30000037515214,20,9,0,one,CARDINAL,64,67
inu.30000037515214,20,9,1,two,CARDINAL,74,77
inu.30000037515214,20,10,0,Tierra del Fuego,WORK_OF_ART,26,42
inu.30000037515214,20,10,1,American Indians,NORP,81,97
inu.30000037515214,20,11,0,Reichek,PERSON,17,24
inu.30000037515214,20,12,0,Indians,NORP,62,69
inu.30000037515214,20,12,1,second,ORDINAL,106,112
inu.30000037515214,20,15,0,Reichek,PERSON,0,7
inu.30000037515214,20,17,0,Tears Were Shed,WORK_OF_ART,28,43
inu.30000037515214,20,17,1,1991,DATE,45,49
inu.30000037515214,20,18,0,Tears Were Shed,WORK_OF_ART,0,15
inu.30000037515214,20,18,1,Indians,NORP,118,125
inu.30000037515214,20,18,2,Indian,NORP,145,151
inu.30000037515214,20,19,0,Reichek,PERSON,0,7
inu.30000037515214,20,19,1,Indians,NORP,46,53
inu.30000037515214,20,20,0,one,CARDINAL,55,58
inu.30000037515214,20,20,1,Indian,NORP,100,106
inu.30000037515214,20,20,2,one,CARDINAL,125,128
inu.30000037515214,20,20,3,Indian,NORP,166,172
inu.30000037515214,20,20,4,one,CARDINAL,179,182
inu.30000037515214,20,20,5,American Indian Movement,ORG,189,213
inu.30000037515214,20,20,6,one,CARDINAL,321,324
inu.30000037515214,20,20,7,Indian,NORP,342,348
inu.30000037515214,20,22,0,Sign of the Cross,WORK_OF_ART,22,39
inu.30000037515214,20,22,1,1991,DATE,41,45
inu.30000037515214,20,23,0,American,NORP,30,38
inu.30000037515214,20,24,0,Reichek,PERSON,0,7
inu.30000037515214,20,24,1,American,NORP,34,42
inu.30000037515214,20,25,0,two,CARDINAL,85,88
inu.30000037515214,20,28,0,Indian,NORP,13,19
inu.30000037515214,20,28,1,Christmas,DATE,36,45
inu.30000037515214,20,28,2,Indian,NORP,118,124
inu.30000037515214,20,28,3,Plains,LOC,140,146
inu.30000037515214,20,28,4,Peyote,ORG,200,206
inu.30000037515214,21,0,0,Christian,NORP,32,41
inu.30000037515214,21,0,1,Indian,NORP,86,92
inu.30000037515214,21,2,0,Reichek,PERSON,38,45
inu.30000037515214,21,3,0,BAYEUX-ON-HUDSON,PERSON,2,18
inu.30000037515214,21,4,0,One,CARDINAL,0,3
inu.30000037515214,21,4,1,Reichek,PERSON,30,37
inu.30000037515214,21,5,0,America,GPE,26,33
inu.30000037515214,21,5,1,Indian,NORP,36,42
inu.30000037515214,21,5,2,Indian,NORP,85,91
inu.30000037515214,21,6,0,Indian,NORP,44,50
inu.30000037515214,21,7,0,One,CARDINAL,0,3
inu.30000037515214,21,10,0,"God Bless This House""--gave",WORK_OF_ART,63,90
inu.30000037515214,21,12,0,The Daughters of the American Revolution,ORG,1,41
inu.30000037515214,21,24,0,Reichek,PERSON,26,33
inu.30000037515214,21,25,0,Reichek,PERSON,0,7
inu.30000037515214,21,27,0,Indians,NORP,31,38
inu.30000037515214,21,28,0,European,NORP,29,37
inu.30000037515214,21,28,1,Indian,NORP,71,77
inu.30000037515214,21,30,0,Reichek,PERSON,0,7
inu.30000037515214,21,31,0,Reichek,PERSON,113,120
inu.30000037515214,21,33,0,less than a heartbeat,TIME,51,72
inu.30000037515214,21,34,0,Reichek,PERSON,0,7
inu.30000037515214,22,0,0,ELAINE REICHEK,PERSON,3,17
inu.30000037515214,22,1,0,GENTLER,PERSON,12,19
inu.30000037515214,22,2,0,These days,DATE,0,10
inu.30000037515214,22,2,1,Reichek,PERSON,106,113
inu.30000037515214,22,4,0,Elaine Reichek's,PERSON,17,33
inu.30000037515214,22,6,0,American,NORP,56,64
inu.30000037515214,22,6,1,today,DATE,174,179
inu.30000037515214,22,8,0,American Indians,NORP,22,38
inu.30000037515214,22,10,0,one,CARDINAL,8,11
inu.30000037515214,22,10,1,Reichek,PERSON,23,30
inu.30000037515214,22,10,2,America,GPE,67,74
inu.30000037515214,22,10,3,Indians,NORP,153,160
inu.30000037515214,22,13,0,Reichek,PERSON,0,7
inu.30000037515214,23,0,0,THOMAS MCEVILLEY,PERSON,20,36
inu.30000037515214,23,0,1,laine Reichek's,PERSON,60,75
inu.30000037515214,23,1,0,European,NORP,61,69
inu.30000037515214,23,1,1,American,NORP,74,82
inu.30000037515214,23,3,0,West,LOC,8,12
inu.30000037515214,23,3,1,non-Western,NORP,78,89
inu.30000037515214,23,3,2,Christian,NORP,221,230
inu.30000037515214,23,3,3,Greco-Roman,NORP,249,260
inu.30000037515214,23,5,0,Reichek,PERSON,55,62
inu.30000037515214,23,5,1,one,CARDINAL,167,170
inu.30000037515214,23,6,0,Europe,LOC,0,6
inu.30000037515214,23,6,1,Americas,LOC,79,87
inu.30000037515214,23,6,2,half a millennium,DATE,94,111
inu.30000037515214,23,6,3,two years,DATE,116,125
inu.30000037515214,23,6,4,Leonardo da Vinci,PERSON,133,150
inu.30000037515214,23,6,5,six years,DATE,174,183
inu.30000037515214,23,6,6,Michelangelo,PERSON,191,203
inu.30000037515214,23,6,7,Pietà,WORK_OF_ART,214,219
inu.30000037515214,23,8,0,American,NORP,68,76
inu.30000037515214,23,8,1,Reichek,PERSON,88,95
inu.30000037515214,23,9,0,non-Western,NORP,29,40
inu.30000037515214,23,11,0,Plato,PERSON,3,8
inu.30000037515214,23,11,1,Philebus,WORK_OF_ART,21,29
inu.30000037515214,23,13,0,Carl Jung,PERSON,0,9
inu.30000037515214,23,14,0,Simone de Beauvoir,PERSON,0,18
inu.30000037515214,24,0,0,ELAINE REICHEK,PERSON,3,17
inu.30000037515214,24,2,0,Westerner,NORP,4,13
inu.30000037515214,24,4,0,China,GPE,22,27
inu.30000037515214,24,4,1,Zaire,GPE,67,72
inu.30000037515214,24,4,2,the United States,GPE,80,97
inu.30000037515214,24,8,0,Reichek,PERSON,0,7
inu.30000037515214,24,8,1,Dwellings,WORK_OF_ART,11,20
inu.30000037515214,24,8,2,1982,DATE,28,32
inu.30000037515214,24,8,3,non-Western,NORP,70,81
inu.30000037515214,24,9,0,Men,WORK_OF_ART,5,8
inu.30000037515214,24,9,1,1986,DATE,35,39
inu.30000037515214,24,14,0,Reichek,PERSON,31,38
inu.30000037515214,24,15,0,Reichek,PERSON,39,46
inu.30000037515214,24,17,0,Reichek,PERSON,0,7
inu.30000037515214,24,18,0,Reichek,PERSON,51,58
inu.30000037515214,24,18,1,the late 1970s,DATE,89,103
inu.30000037515214,24,18,2,1982,DATE,172,176
inu.30000037515214,24,19,0,Western,NORP,80,87
inu.30000037515214,24,19,1,Western,NORP,195,202
inu.30000037515214,24,20,0,Reichek,PERSON,0,7
inu.30000037515214,24,20,1,three,CARDINAL,120,125
inu.30000037515214,25,0,0,SINS OF THE FATHERS 19 a,WORK_OF_ART,0,24
inu.30000037515214,25,0,1,19th-century,DATE,50,62
inu.30000037515214,25,1,0,Dwellings,WORK_OF_ART,5,14
inu.30000037515214,25,1,1,one,CARDINAL,73,76
inu.30000037515214,25,2,0,Westerners,NORP,138,148
inu.30000037515214,25,2,1,non-Western,NORP,220,231
inu.30000037515214,25,3,0,Reichek,PERSON,23,30
inu.30000037515214,25,3,1,Men,WORK_OF_ART,34,37
inu.30000037515214,25,5,0,Burden of Dreams,WORK_OF_ART,0,16
inu.30000037515214,25,5,1,1986,DATE,18,22
inu.30000037515214,25,5,2,Desert Song,WORK_OF_ART,24,35
inu.30000037515214,25,5,3,1987,DATE,37,41
inu.30000037515214,25,5,4,Aloha,WORK_OF_ART,43,48
inu.30000037515214,25,5,5,1988,DATE,50,54
inu.30000037515214,25,5,6,five,CARDINAL,64,68
inu.30000037515214,25,6,0,Tarzan,PERSON,0,6
inu.30000037515214,25,6,1,Victorian,NORP,11,20
inu.30000037515214,25,6,2,The African Queen,WORK_OF_ART,54,71
inu.30000037515214,25,6,3,Blue Lagoon,WORK_OF_ART,76,87
inu.30000037515214,25,6,4,MacArthur,PERSON,97,106
inu.30000037515214,25,6,5,Pacific,LOC,128,135
inu.30000037515214,25,7,0,Reichek,PERSON,148,155
inu.30000037515214,25,8,0,Tears Were Shed,WORK_OF_ART,3,18
inu.30000037515214,25,8,1,1991,DATE,20,24
inu.30000037515214,25,8,2,Reichek,PERSON,59,66
inu.30000037515214,25,9,0,Reichek,PERSON,67,74
inu.30000037515214,25,9,1,the natural history museumexplaining,ORG,166,202
inu.30000037515214,25,10,0,the natural history museum,ORG,86,112
inu.30000037515214,25,12,0,Christian,NORP,122,131
inu.30000037515214,25,13,0,Reichek,PERSON,24,31
inu.30000037515214,25,13,1,1984,DATE,67,71
inu.30000037515214,25,14,0,Western,NORP,151,158
inu.30000037515214,26,0,0,20,CARDINAL,0,2
inu.30000037515214,26,0,1,ELAINE REICHEK,PERSON,3,17
inu.30000037515214,26,3,0,Reichek,PERSON,0,7
inu.30000037515214,26,3,1,Sign of the Cross,WORK_OF_ART,23,40
inu.30000037515214,26,3,2,1991,DATE,42,46
inu.30000037515214,26,3,3,three,CARDINAL,89,94
inu.30000037515214,26,3,4,Native American,NORP,101,116
inu.30000037515214,26,3,5,the Carlisle School,ORG,145,164
inu.30000037515214,26,3,6,Pennsylvania,GPE,168,180
inu.30000037515214,26,3,7,Indian,NORP,212,218
inu.30000037515214,26,4,0,Reichek,PERSON,12,19
inu.30000037515214,26,5,0,California,GPE,40,50
inu.30000037515214,26,6,0,Dan'l Boone,PERSON,51,62
inu.30000037515214,26,6,1,William Clark,PERSON,67,80
inu.30000037515214,26,6,2,Lewis,PERSON,89,94
inu.30000037515214,26,6,3,Clark,PERSON,99,104
inu.30000037515214,26,7,0,Reichek,PERSON,0,7
inu.30000037515214,26,7,1,Native American,NORP,103,118
inu.30000037515214,26,7,2,McDonald's,ORG,221,231
inu.30000037515214,26,7,3,third,ORDINAL,258,263
inu.30000037515214,26,10,0,Reichek,PERSON,42,49
inu.30000037515214,26,10,1,19th-century,DATE,128,140
inu.30000037515214,26,11,0,19th-century,DATE,3,15
inu.30000037515214,26,11,1,America,GPE,16,23
inu.30000037515214,26,11,2,William Henry Jackson,PERSON,99,120
inu.30000037515214,26,11,3,North America,LOC,268,281
inu.30000037515214,26,13,0,19th-century,DATE,25,37
inu.30000037515214,26,13,1,European,NORP,38,46
inu.30000037515214,26,13,2,Native American,NORP,70,85
inu.30000037515214,26,14,0,Emanuel Leutze's,PERSON,46,62
inu.30000037515214,26,14,1,Westward the Course of Empire Takes Its Way,WORK_OF_ART,63,106
inu.30000037515214,26,14,2,1861,DATE,108,112
inu.30000037515214,26,14,3,HOME SWEET HOME,WORK_OF_ART,114,129
inu.30000037515214,26,14,4,Reichek,PERSON,130,137
inu.30000037515214,26,16,0,Native Americans,NORP,53,69
inu.30000037515214,26,17,0,Reichek,PERSON,1,8
inu.30000037515214,26,19,0,America,GPE,35,42
inu.30000037515214,27,1,0,Reichek,PERSON,53,60
inu.30000037515214,27,2,0,"around 1820–30,",DATE,58,73
inu.30000037515214,27,3,0,Reichek,PERSON,19,26
inu.30000037515214,27,4,0,Jean Fisher,PERSON,0,11
inu.30000037515214,27,4,1,Kevin Costner's,PERSON,24,39
inu.30000037515214,27,4,2,Oscar,WORK_OF_ART,40,45
inu.30000037515214,27,4,3,Dances with Wolves,WORK_OF_ART,59,77
inu.30000037515214,27,4,4,Costner,PERSON,89,96
inu.30000037515214,27,7,0,Reichek,PERSON,0,7
inu.30000037515214,27,7,1,Native Americans,NORP,149,165
inu.30000037515214,27,8,0,Reichek,PERSON,3,10
inu.30000037515214,27,8,1,one,CARDINAL,45,48
inu.30000037515214,27,8,2,Margaret Ledden,PERSON,49,64
inu.30000037515214,27,8,3,age ten,DATE,66,73
inu.30000037515214,27,8,4,1842,DATE,78,82
inu.30000037515214,27,8,5,two,CARDINAL,187,190
inu.30000037515214,27,9,0,Latin,LANGUAGE,16,21
inu.30000037515214,27,9,1,Roman,NORP,66,71
inu.30000037515214,27,9,2,Plains Indian,NORP,150,163
inu.30000037515214,27,9,3,Wamditanka,PERSON,171,181
inu.30000037515214,27,9,4,Wamditanka,PERSON,211,221
inu.30000037515214,27,9,5,Indians,NORP,264,271
inu.30000037515214,27,10,0,Indians,NORP,4,11
inu.30000037515214,27,11,0,Sarah Bottomley,PERSON,18,33
inu.30000037515214,27,11,1,age 11,DATE,35,41
inu.30000037515214,27,11,2,1827,DATE,46,50
inu.30000037515214,27,11,3,Reichek,PERSON,66,73
inu.30000037515214,27,12,0,Bottomley,PERSON,4,13
inu.30000037515214,27,13,0,Reichek,PERSON,0,7
inu.30000037515214,27,13,1,Home Sweet Home,WORK_OF_ART,37,52
inu.30000037515214,27,13,2,Bottomley,PERSON,91,100
inu.30000037515214,27,15,0,Reichek,PERSON,0,7
inu.30000037515214,28,0,0,ELAINE REICHEK,PERSON,3,17
inu.30000037515214,28,0,1,Lothar Baumgarten,PERSON,60,77
inu.30000037515214,28,0,2,Rosemarie Trockel,PERSON,127,144
inu.30000037515214,28,2,0,Baumgarten,PERSON,0,10
inu.30000037515214,28,2,1,Yanomami,NORP,45,53
inu.30000037515214,28,2,2,the Amazon Basin,LOC,57,73
inu.30000037515214,28,3,0,Reichek,PERSON,0,7
inu.30000037515214,28,4,0,Trockel,PERSON,70,77
inu.30000037515214,28,5,0,Trockel,PERSON,9,16
inu.30000037515214,28,5,1,Reichek,PERSON,21,28
inu.30000037515214,28,6,0,Reichek,PERSON,15,22
inu.30000037515214,28,6,1,Joseph Beuy's,PERSON,121,134
inu.30000037515214,28,6,2,Marcel Broodthaer's,PERSON,182,201
inu.30000037515214,28,7,0,Reichek,PERSON,0,7
inu.30000037515214,28,7,1,Christian Boltanski's,PERSON,32,53
inu.30000037515214,28,9,0,Barbara Kruger's,PERSON,0,16
inu.30000037515214,28,10,0,Kruger,PERSON,4,10
inu.30000037515214,28,11,0,Reichek,PERSON,0,7
inu.30000037515214,28,12,0,Fred Wilson,PERSON,34,45
inu.30000037515214,28,12,1,Lorna Simpson,PERSON,47,60
inu.30000037515214,28,12,2,Reichek,PERSON,61,68
inu.30000037515214,28,13,0,non-Western,NORP,66,77
inu.30000037515214,28,14,0,Western,NORP,18,25
inu.30000037515214,28,18,0,Reichek,PERSON,0,7
inu.30000037515214,28,18,1,19th-century,DATE,65,77
inu.30000037515214,28,19,0,the years,DATE,199,208
inu.30000037515214,28,20,0,1,CARDINAL,2,3
inu.30000037515214,28,21,0,Reichek,PERSON,0,7
inu.30000037515214,28,21,1,bell hooks',PERSON,154,165
inu.30000037515214,28,22,0,hooks,PERSON,4,9
inu.30000037515214,28,22,1,Expertease,WORK_OF_ART,12,22
inu.30000037515214,28,22,2,Artforum XXVII no.,WORK_OF_ART,25,43
inu.30000037515214,28,22,3,9,CARDINAL,44,45
inu.30000037515214,28,22,4,May 1989):18–20.,DATE,47,63
inu.30000037515214,28,23,0,2,CARDINAL,0,1
inu.30000037515214,28,24,0,Jean Fisher,PERSON,4,15
inu.30000037515214,28,24,1,Dancing with Words,WORK_OF_ART,18,36
inu.30000037515214,28,24,2,Third Text 14,WORK_OF_ART,72,85
inu.30000037515214,28,24,3,Spring 1991):27,DATE,87,102
inu.30000037515214,28,24,4,1,CARDINAL,135,136
inu.30000037515214,30,0,0,1,CARDINAL,6,7
inu.30000037515214,31,0,0,2,CARDINAL,6,7
inu.30000037515214,32,0,0,3,CARDINAL,6,7
inu.30000037515214,33,0,0,4,CARDINAL,6,7
inu.30000037515214,34,0,0,5,CARDINAL,6,7
inu.30000037515214,35,0,0,6,CARDINAL,6,7
inu.30000037515214,36,0,0,7,CARDINAL,6,7
inu.30000037515214,38,4,0,Maine,GPE,5,10
inu.30000037515214,38,4,1,Kampshire,GPE,18,27
inu.30000037515214,38,4,2,Pertsont,ORG,33,41
inu.30000037515214,38,4,3,249,MONEY,43,46
inu.30000037515214,38,4,4,Massachusetts,GPE,47,60
inu.30000037515214,38,4,5,Comecticut,GPE,78,88
inu.30000037515214,38,4,6,Nork,GPE,94,98
inu.30000037515214,38,4,7,N Jersey,GPE,104,112
inu.30000037515214,38,4,8,Pennsylvania,GPE,118,130
inu.30000037515214,38,4,9,Couisiana,GPE,136,145
inu.30000037515214,38,4,10,Missouri,GPE,151,159
inu.30000037515214,38,4,11,1663,DATE,160,164
inu.30000037515214,38,4,12,Delawarg,GPE,165,173
inu.30000037515214,38,4,13,Maryland,GPE,179,187
inu.30000037515214,38,4,14,Virginia,GPE,188,196
inu.30000037515214,38,4,15,160%,PERCENT,197,201
inu.30000037515214,38,4,16,Sarolma,GPE,202,209
inu.30000037515214,38,4,17,Carolina,GPE,217,225
inu.30000037515214,38,4,18,Seorgia,GPE,231,238
inu.30000037515214,38,4,19,Alabama,GPE,244,251
inu.30000037515214,38,4,20,Chio,GPE,257,261
inu.30000037515214,38,5,0,Indiana,GPE,0,7
inu.30000037515214,38,5,1,Silinois,GPE,13,21
inu.30000037515214,38,5,2,Kentucky,GPE,26,34
inu.30000037515214,38,5,3,Sennessee,GPE,40,49
inu.30000037515214,38,5,4,Mississippi,GPE,55,66
inu.30000037515214,38,5,5,0.750,CARDINAL,104,109
inu.30000037515214,40,0,0,9,CARDINAL,6,7
inu.30000037515214,40,0,1,Ames,PERSON,14,18
inu.30000037515214,40,0,2,Indian,NORP,19,25
inu.30000037515214,40,1,0,Pete Seeger,PERSON,0,11
inu.30000037515214,41,0,0,Indian,NORP,33,39
inu.30000037515214,41,1,0,Darbhand Ceneral,PERSON,0,16
inu.30000037515214,41,1,1,Norman Schwarzkop,PERSON,17,34
inu.30000037515214,42,0,0,10,CARDINAL,6,8
inu.30000037515214,42,0,1,1,CARDINAL,9,10
inu.30000037515214,42,0,2,1,CARDINAL,12,13
inu.30000037515214,44,0,0,38,CARDINAL,0,2
inu.30000037515214,44,1,0,Elaine Reichek,PERSON,46,60
inu.30000037515214,44,1,1,Michael Klein Inc.,ORG,65,83
inu.30000037515214,44,2,0,1990,DATE,17,21
inu.30000037515214,44,2,1,2,CARDINAL,48,49
inu.30000037515214,44,2,2,73 x 73 inches,QUANTITY,57,71
inu.30000037515214,44,2,3,Noble SavagelSavage Noble,ORG,72,97
inu.30000037515214,44,2,4,1991,DATE,99,103
inu.30000037515214,44,2,5,47 1/2 x 69 1/4 inches,QUANTITY,122,144
inu.30000037515214,44,2,6,Mandan,GPE,145,151
inu.30000037515214,44,2,7,1991,DATE,153,157
inu.30000037515214,44,2,8,3,CARDINAL,182,183
inu.30000037515214,44,2,9,64 x 104 inches,QUANTITY,191,206
inu.30000037515214,44,2,10,Michael,PERSON,221,228
inu.30000037515214,44,2,11,Leslie Engl,PERSON,233,244
inu.30000037515214,44,2,12,Sun Valley,GPE,246,256
inu.30000037515214,44,2,13,10,CARDINAL,267,269
inu.30000037515214,44,3,0,1990,DATE,31,35
inu.30000037515214,44,3,1,2,CARDINAL,60,61
inu.30000037515214,44,3,2,80 x 75 inches,QUANTITY,69,83
inu.30000037515214,44,3,3,1991,DATE,95,99
inu.30000037515214,44,3,4,20 1/4 x 50 inches,QUANTITY,120,138
inu.30000037515214,44,4,0,1991,DATE,18,22
inu.30000037515214,44,4,1,40 x 58 inches,QUANTITY,52,66
inu.30000037515214,44,4,2,1990,DATE,101,105
inu.30000037515214,44,4,3,2,CARDINAL,130,131
inu.30000037515214,44,4,4,57 x 69 inches,QUANTITY,139,153
inu.30000037515214,44,4,5,Michael,PERSON,168,175
inu.30000037515214,44,4,6,Leslie Engl,PERSON,180,191
inu.30000037515214,44,4,7,Sun Valley,GPE,193,203
inu.30000037515214,44,4,8,1,CARDINAL,214,215
inu.30000037515214,44,4,9,The Sense of Entitlement,WORK_OF_ART,216,240
inu.30000037515214,44,4,10,1992,DATE,242,246
inu.30000037515214,44,4,11,4,CARDINAL,266,267
inu.30000037515214,44,4,12,66 x 90 inches,QUANTITY,275,289
inu.30000037515214,44,5,0,1991,DATE,19,23
inu.30000037515214,44,5,1,40 x 58 inches,QUANTITY,53,67
inu.30000037515214,44,5,2,1991,DATE,81,85
inu.30000037515214,44,5,3,3,CARDINAL,106,107
inu.30000037515214,44,5,4,35 1/2 x 132 inches,QUANTITY,115,134
inu.30000037515214,44,5,5,9,CARDINAL,142,143
inu.30000037515214,44,6,0,1990,DATE,34,38
inu.30000037515214,44,6,1,2,CARDINAL,63,64
inu.30000037515214,44,6,2,68 x 78 inches,QUANTITY,72,86
inu.30000037515214,44,6,3,New York,GPE,107,115
inu.30000037515214,44,6,4,NY,GPE,117,119
inu.30000037515214,44,6,5,4,CARDINAL,126,127
inu.30000037515214,44,6,6,1991,DATE,143,147
inu.30000037515214,44,6,7,48 x 59 inches,QUANTITY,166,180
inu.30000037515214,44,6,8,Michael,PERSON,195,202
inu.30000037515214,44,6,9,Leslie Engl,PERSON,207,218
inu.30000037515214,44,6,10,Sun Valley,GPE,220,230
inu.30000037515214,44,6,11,ID,GPE,232,234
inu.30000037515214,44,6,12,5,CARDINAL,241,242
inu.30000037515214,44,6,13,Ten,CARDINAL,243,246
inu.30000037515214,44,6,14,1992,DATE,263,267
inu.30000037515214,44,6,15,25 x 276 inches,QUANTITY,297,312
inu.30000037515214,44,6,16,1990,DATE,325,329
inu.30000037515214,44,6,17,2,CARDINAL,354,355
inu.30000037515214,44,6,18,70 x 72 inches,QUANTITY,363,377
inu.30000037515214,44,6,19,2,CARDINAL,384,385
inu.30000037515214,44,6,20,1991,DATE,401,405
inu.30000037515214,44,6,21,43 1/2 x 73 1/2 inches,QUANTITY,426,448
inu.30000037515214,44,6,22,"Weil, Gotshal & Manges",ORG,463,485
inu.30000037515214,44,6,23,New York,GPE,487,495
inu.30000037515214,44,6,24,NY,GPE,497,499
inu.30000037515214,44,6,25,1992,DATE,510,514
inu.30000037515214,44,6,26,8,CARDINAL,562,563
inu.30000037515214,44,6,27,1990,DATE,592,596
inu.30000037515214,44,6,28,3,CARDINAL,621,622
inu.30000037515214,44,6,29,65 x 120 inches,QUANTITY,630,645
inu.30000037515214,44,6,30,3,CARDINAL,652,653
inu.30000037515214,44,6,31,Turn the Other Chic,WORK_OF_ART,654,673
inu.30000037515214,44,6,32,1992,DATE,675,679
inu.30000037515214,44,6,33,1991,DATE,745,749
inu.30000037515214,44,6,34,48 1/2 x 63 inches,QUANTITY,768,786
inu.30000037515214,44,7,0,6,CARDINAL,6,7
inu.30000037515214,44,7,1,199,CARDINAL,24,27
inu.30000037515214,44,7,2,15 3/4 x 20 1/2 inches,QUANTITY,48,70
inu.30000037515214,44,7,3,1991,DATE,91,95
inu.30000037515214,44,7,4,4,CARDINAL,123,124
inu.30000037515214,44,7,5,73 x 140 inches,QUANTITY,132,147
inu.30000037515214,44,7,6,the Irish Museum of Modern Art,ORG,162,192
inu.30000037515214,44,7,7,Dublin,GPE,194,200
inu.30000037515214,44,7,8,Ireland,GPE,202,209
inu.30000037515214,44,7,9,7,CARDINAL,216,217
inu.30000037515214,44,7,10,Sign of the Cross,WORK_OF_ART,218,235
inu.30000037515214,44,7,11,1991,DATE,237,241
inu.30000037515214,44,7,12,47 x 60 inches,QUANTITY,260,274
inu.30000037515214,44,7,13,1991,DATE,288,292
inu.30000037515214,44,7,14,15 3/4 x 20 1/2 inches,QUANTITY,313,335
inu.30000037515214,44,7,15,Tears Were Shed,WORK_OF_ART,336,351
inu.30000037515214,44,7,16,1991,DATE,353,357
inu.30000037515214,44,7,17,46 3/4 x 61 3/4 inches,QUANTITY,376,398
inu.30000037515214,44,7,18,Grey Art Gallery,ORG,419,435
inu.30000037515214,45,0,0,ELAINE REICHEK b.,PERSON,0,17
inu.30000037515214,45,0,1,New York,GPE,18,26
inu.30000037515214,45,0,2,New York,GPE,37,45
inu.30000037515214,45,0,3,39,CARDINAL,46,48
inu.30000037515214,45,1,0,1978,DATE,22,26
inu.30000037515214,45,1,1,Parsons Dreyfus Gallery,ORG,27,50
inu.30000037515214,45,1,2,New York,GPE,52,60
inu.30000037515214,45,1,3,NY,GPE,62,64
inu.30000037515214,45,1,4,1979,DATE,65,69
inu.30000037515214,45,1,5,Parsons Dreyfus Gallery,ORG,70,93
inu.30000037515214,45,1,6,New York,GPE,95,103
inu.30000037515214,45,1,7,NY,GPE,105,107
inu.30000037515214,45,1,8,Special Projects: Artist's Bedroom.,WORK_OF_ART,109,144
inu.30000037515214,45,2,0,Institute for Art and Urban Resources,ORG,0,37
inu.30000037515214,45,2,1,P.S. 1,FAC,39,45
inu.30000037515214,45,2,2,Long Island City,GPE,47,63
inu.30000037515214,45,2,3,NY,GPE,65,67
inu.30000037515214,45,2,4,1980,DATE,68,72
inu.30000037515214,45,3,0,Lois I. Clifford Gallery,ORG,0,24
inu.30000037515214,45,3,1,Pittsburgh Center for the Arts,ORG,26,56
inu.30000037515214,45,3,2,Pittsburgh,GPE,58,68
inu.30000037515214,45,3,3,PA,GPE,70,72
inu.30000037515214,45,3,4,Douglass College Art Gallery,ORG,73,101
inu.30000037515214,45,3,5,Walters Hall,ORG,103,115
inu.30000037515214,45,3,6,New Brunswick,GPE,117,130
inu.30000037515214,45,3,7,NJ,GPE,132,134
inu.30000037515214,45,3,8,Brownson Art Gallery,ORG,135,155
inu.30000037515214,45,3,9,Manhattanville College,ORG,157,179
inu.30000037515214,45,3,10,Purchase,GPE,181,189
inu.30000037515214,45,3,11,NY,GPE,191,193
inu.30000037515214,45,3,12,1981,DATE,194,198
inu.30000037515214,45,4,0,A.I.R. Gallery,ORG,0,14
inu.30000037515214,45,4,1,New York,GPE,16,24
inu.30000037515214,45,4,2,NY,GPE,26,28
inu.30000037515214,45,4,3,1982,DATE,29,33
inu.30000037515214,45,4,4,Concord Gallery,ORG,34,49
inu.30000037515214,45,4,5,New York,GPE,51,59
inu.30000037515214,45,4,6,NY,GPE,61,63
inu.30000037515214,45,4,7,1985,DATE,64,68
inu.30000037515214,45,5,0,Houses,WORK_OF_ART,1,7
inu.30000037515214,45,6,0,Vito Acconci,PERSON,6,18
inu.30000037515214,45,6,1,Ira Joel Haber,PERSON,23,37
inu.30000037515214,45,6,2,Snug Harbor Museum,GPE,40,58
inu.30000037515214,45,6,3,Staten Island,GPE,60,73
inu.30000037515214,45,6,4,NY,GPE,75,77
inu.30000037515214,45,6,5,Center on Contemporary Art,ORG,78,104
inu.30000037515214,45,6,6,Seattle,GPE,106,113
inu.30000037515214,45,6,7,WA,GPE,115,117
inu.30000037515214,45,7,0,A.I.R. Gallery,ORG,0,14
inu.30000037515214,45,7,1,New York,GPE,16,24
inu.30000037515214,45,7,2,NY,GPE,26,28
inu.30000037515214,45,7,3,1986,DATE,29,33
inu.30000037515214,45,7,4,Investigations,WORK_OF_ART,35,49
inu.30000037515214,45,8,0,Institute of Contemporary Art,ORG,0,29
inu.30000037515214,45,8,1,Philadelphia,GPE,31,43
inu.30000037515214,45,8,2,PA,GPE,45,47
inu.30000037515214,45,8,3,1987,DATE,48,52
inu.30000037515214,45,9,0,Philadelphia College of Art and Design,ORG,0,38
inu.30000037515214,45,9,1,Philadelphia,GPE,40,52
inu.30000037515214,45,9,2,PA,GPE,54,56
inu.30000037515214,45,9,3,Transfigurations,WORK_OF_ART,58,74
inu.30000037515214,45,10,0,Carlo Lamagna,PERSON,0,13
inu.30000037515214,45,10,1,New York,GPE,23,31
inu.30000037515214,45,10,2,NY,GPE,33,35
inu.30000037515214,45,10,3,A.I.R. Gallery,ORG,36,50
inu.30000037515214,45,10,4,Patsy Norvell,PERSON,57,70
inu.30000037515214,45,10,5,New York,GPE,73,81
inu.30000037515214,45,10,6,NY,GPE,83,85
inu.30000037515214,45,11,0,Carlo Lamagna,PERSON,0,13
inu.30000037515214,45,11,1,New York,GPE,23,31
inu.30000037515214,45,11,2,NY,GPE,33,35
inu.30000037515214,45,11,3,1988,DATE,36,40
inu.30000037515214,45,11,4,Desert Song,WORK_OF_ART,42,53
inu.30000037515214,45,12,0,Barbara Braathen,PERSON,0,16
inu.30000037515214,45,12,1,New York,GPE,26,34
inu.30000037515214,45,12,2,NY,GPE,36,38
inu.30000037515214,45,12,3,Revenge of the Coconuts: A Curiosity Room,WORK_OF_ART,40,81
inu.30000037515214,45,13,0,56 Bleecker Street Gallery,ORG,0,26
inu.30000037515214,45,13,1,New York,GPE,28,36
inu.30000037515214,45,13,2,NY,GPE,38,40
inu.30000037515214,45,13,3,1989,DATE,41,45
inu.30000037515214,45,13,4,Fatal Passage,WORK_OF_ART,47,60
inu.30000037515214,45,14,0,Everson Museum of Art,ORG,0,21
inu.30000037515214,45,14,1,Syracuse,GPE,23,31
inu.30000037515214,45,14,2,NY,GPE,33,35
inu.30000037515214,45,15,0,Carlo Lamagna,PERSON,0,13
inu.30000037515214,45,15,1,New York,GPE,23,31
inu.30000037515214,45,15,2,NY,GPE,33,35
inu.30000037515214,45,15,3,1990,DATE,36,40
inu.30000037515214,45,15,4,Braunstein Quay Gallery,ORG,41,64
inu.30000037515214,45,15,5,San Francisco,GPE,66,79
inu.30000037515214,45,15,6,CA,GPE,81,83
inu.30000037515214,45,15,7,The War Room,WORK_OF_ART,85,97
inu.30000037515214,45,16,0,Carlo Lamagna,PERSON,0,13
inu.30000037515214,45,16,1,New York,GPE,23,31
inu.30000037515214,45,16,2,NY,GPE,33,35
inu.30000037515214,45,16,3,1992,DATE,36,40
inu.30000037515214,45,16,4,Akron Art Museum,ORG,41,57
inu.30000037515214,45,16,5,Akron,GPE,59,64
inu.30000037515214,45,16,6,OH,GPE,66,68
inu.30000037515214,45,16,7,Rice,PERSON,69,73
inu.30000037515214,45,16,8,Shelley,PERSON,75,82
inu.30000037515214,45,17,0,Elaine Reichek,PERSON,1,15
inu.30000037515214,45,17,1,A.I.R. Gallery,ORG,17,31
inu.30000037515214,45,18,0,Artforum,ORG,0,8
inu.30000037515214,45,18,1,April 1981,DATE,10,20
inu.30000037515214,45,18,2,"Robins,",ORG,21,28
inu.30000037515214,45,18,3,Corinne,GPE,29,36
inu.30000037515214,45,19,0,Elaine Reichek,PERSON,67,81
inu.30000037515214,45,20,0,Arts,ORG,0,4
inu.30000037515214,45,20,1,February 1981,DATE,6,19
inu.30000037515214,45,20,2,Levin,PERSON,20,25
inu.30000037515214,45,20,3,Kim,PERSON,27,30
inu.30000037515214,45,21,0,Elaine Reichek,PERSON,1,15
inu.30000037515214,45,22,0,Flash Art,ORG,0,9
inu.30000037515214,45,22,1,January 1983,DATE,11,23
inu.30000037515214,45,22,2,Wooster,PERSON,24,31
inu.30000037515214,45,22,3,Ann Sargent,PERSON,33,44
inu.30000037515214,45,23,0,Elaine Reichek,PERSON,1,15
inu.30000037515214,45,24,0,Art in America,ORG,0,14
inu.30000037515214,45,24,1,March 1983,DATE,16,26
inu.30000037515214,45,24,2,Phillips,PERSON,27,35
inu.30000037515214,45,24,3,Patricia C.,PERSON,37,48
inu.30000037515214,45,25,0,Elaine Reichek,PERSON,1,15
inu.30000037515214,45,26,0,Artforum,ORG,0,8
inu.30000037515214,45,26,1,May 1985,DATE,10,18
inu.30000037515214,45,26,2,Liebmann,PERSON,19,27
inu.30000037515214,45,26,3,Lisa,PERSON,29,33
inu.30000037515214,45,27,0,Investigations 1986,WORK_OF_ART,10,29
inu.30000037515214,45,27,1,ICA,ORG,53,56
inu.30000037515214,45,27,2,Philadelphia,GPE,58,70
inu.30000037515214,45,27,3,PA,GPE,72,74
inu.30000037515214,45,27,4,1986,DATE,76,80
inu.30000037515214,45,27,5,Handy,PERSON,81,86
inu.30000037515214,45,27,6,Ellen,PERSON,88,93
inu.30000037515214,45,28,0,Elaine Reichek,PERSON,1,15
inu.30000037515214,45,29,0,Arts,ORG,0,4
inu.30000037515214,45,29,1,May 1987,DATE,6,14
inu.30000037515214,45,29,2,Indiana,GPE,15,22
inu.30000037515214,45,29,3,Gary,GPE,24,28
inu.30000037515214,45,30,0,Short Memory: Elaine Reichek's Aboriginal Images,WORK_OF_ART,1,49
inu.30000037515214,45,31,0,The Village Voice,ORG,0,17
inu.30000037515214,45,31,1,"February 17, 1987",DATE,19,36
inu.30000037515214,45,31,2,Princenthal,PERSON,37,48
inu.30000037515214,45,31,3,Nancy,PERSON,50,55
inu.30000037515214,45,32,0,Elaine Reichek,PERSON,1,15
inu.30000037515214,45,32,1,Carlo Lamagna,PERSON,19,32
inu.30000037515214,45,33,0,Art in America,WORK_OF_ART,0,14
inu.30000037515214,45,33,1,July 1987,DATE,16,25
inu.30000037515214,45,33,2,"Adams,",ORG,26,32
inu.30000037515214,45,33,3,Brooks,PERSON,33,39
inu.30000037515214,45,34,0,July 1989,DATE,29,38
inu.30000037515214,45,34,1,Miller,PERSON,39,45
inu.30000037515214,45,34,2,Charles V.,PERSON,47,57
inu.30000037515214,45,36,0,Artforum,ORG,0,8
inu.30000037515214,45,36,1,March 1989,DATE,18,28
inu.30000037515214,45,36,2,Nahas,GPE,29,34
inu.30000037515214,45,36,3,Dominique,GPE,36,45
inu.30000037515214,45,38,0,Elaine Reichek,PERSON,9,23
inu.30000037515214,45,39,0,Everson Museum of Art Bulletin,ORG,0,30
inu.30000037515214,45,39,1,Syracuse,GPE,32,40
inu.30000037515214,45,39,2,NY,GPE,42,44
inu.30000037515214,45,39,3,September 1989,DATE,46,60
inu.30000037515214,45,40,0,Hapgood,PERSON,0,7
inu.30000037515214,45,40,1,Susan,PERSON,9,14
inu.30000037515214,45,41,0,Elaine Reichek,PERSON,1,15
inu.30000037515214,45,42,0,Art in America,ORG,0,14
inu.30000037515214,45,42,1,June 1990,DATE,16,25
inu.30000037515214,45,42,2,Haus,ORG,26,30
inu.30000037515214,45,42,3,Mary,PERSON,32,36
inu.30000037515214,45,43,0,Elaine Reichek,PERSON,1,15
inu.30000037515214,45,44,0,ArtNews,ORG,0,7
inu.30000037515214,45,44,1,September 1990,DATE,9,23
inu.30000037515214,45,44,2,Morgan,PERSON,24,30
inu.30000037515214,45,44,3,Susan,PERSON,32,37
inu.30000037515214,45,46,0,Aperture,ORG,0,8
inu.30000037515214,45,46,1,117,CARDINAL,14,17
inu.30000037515214,45,46,2,Spring 1990,DATE,27,38
inu.30000037515214,45,46,3,Lee,PERSON,39,42
inu.30000037515214,45,46,4,Pamela,PERSON,44,50
inu.30000037515214,45,47,0,“Site Seeing Travel and Tourism in Contemporary Art”,WORK_OF_ART,9,61
inu.30000037515214,45,47,1,Whitney Museum of American Art,ORG,84,114
inu.30000037515214,45,47,2,New York,GPE,142,150
inu.30000037515214,45,47,3,NY,GPE,152,154
inu.30000037515214,45,47,4,1991,DATE,156,160
inu.30000037515214,45,48,0,Mahoney,PERSON,0,7
inu.30000037515214,45,48,1,Robert,PERSON,9,15
inu.30000037515214,45,50,0,Photography Center Quarterly,ORG,0,28
inu.30000037515214,45,50,1,Vol. 12,DATE,30,37
inu.30000037515214,45,50,2,3,CARDINAL,43,44
inu.30000037515214,45,50,3,48,CARDINAL,47,49
inu.30000037515214,45,50,4,1991,DATE,51,55
inu.30000037515214,45,51,0,Goldberg,PERSON,0,8
inu.30000037515214,45,51,1,Vicki,PERSON,10,15
inu.30000037515214,45,53,0,New York Times,ORG,0,14
inu.30000037515214,45,53,1,"July 7, 1991",DATE,16,28
inu.30000037515214,45,54,0,Smith,PERSON,0,5
inu.30000037515214,45,54,1,Roberta,PERSON,7,14
inu.30000037515214,45,55,0,The Subversive Stitch,WORK_OF_ART,1,22
inu.30000037515214,45,56,0,New York Times,ORG,0,14
inu.30000037515214,45,56,1,"July 12, 1991",DATE,16,29
inu.30000037515214,45,56,2,Cirincione,PERSON,30,40
inu.30000037515214,45,56,3,Janine,PERSON,42,48
inu.30000037515214,45,56,4,Potter,PERSON,53,59
inu.30000037515214,45,56,5,Tina,PERSON,61,65
inu.30000037515214,45,57,0,Independent Curators Inc.,ORG,44,69
inu.30000037515214,45,57,1,New York,GPE,71,79
inu.30000037515214,45,57,2,NY,GPE,81,83
inu.30000037515214,45,57,3,1992,DATE,85,89
inu.30000037515214,45,57,4,Tannenbaum,PERSON,90,100
inu.30000037515214,45,57,5,Barbara,PERSON,102,109
inu.30000037515214,45,58,0,Elaine Reichek Tierra Del Fuegians,WORK_OF_ART,1,35
inu.30000037515214,45,59,0,Akron Art Museum,ORG,22,38
inu.30000037515214,45,59,1,Akron,GPE,40,45
inu.30000037515214,45,59,2,OH,GPE,47,49
inu.30000037515214,45,59,3,1992 9,DATE,51,57
inu.30000037515214,46,0,0,Thomas W. Sokolowski,PERSON,23,43
inu.30000037515214,46,0,1,Frank Poueymirou,PERSON,54,70
inu.30000037515214,46,0,2,Wendell Walker,PERSON,91,105
inu.30000037515214,46,0,3,Michèle M. Wong,PERSON,123,138
inu.30000037515214,46,0,4,Elissa Wolff,PERSON,150,162
inu.30000037515214,46,0,5,Deborah Whitney,PERSON,190,205
inu.30000037515214,46,0,6,COLOPHON,PERSON,218,226
inu.30000037515214,46,0,7,Frank Poueymirou,PERSON,246,262
inu.30000037515214,46,0,8,Wendell Walker,PERSON,265,279
inu.30000037515214,46,1,0,Sarah Wells,PERSON,13,24
inu.30000037515214,46,1,1,2,CARDINAL,33,34
inu.30000037515214,46,1,2,3,CARDINAL,36,37
inu.30000037515214,46,1,3,4,CARDINAL,39,40
inu.30000037515214,46,1,4,7,CARDINAL,42,43
inu.30000037515214,46,1,5,8,CARDINAL,45,46
inu.30000037515214,46,1,6,10,CARDINAL,49,51
inu.30000037515214,46,2,0,Orcutt,PERSON,13,19
inu.30000037515214,46,2,1,1,CARDINAL,40,41
inu.30000037515214,46,2,2,5,CARDINAL,43,44
inu.30000037515214,46,2,3,6,CARDINAL,46,47
inu.30000037515214,46,2,4,9,CARDINAL,50,51
inu.30000037515214,46,3,0,David Frankel,PERSON,8,21
inu.30000037515214,46,4,0,IBM,ORG,36,39
inu.30000037515214,46,4,1,PS2®,PRODUCT,40,44
inu.30000037515214,46,4,2,Aldus,ORG,60,65
inu.30000037515214,46,4,3,PageMaker,PRODUCT,66,75
inu.30000037515214,46,4,4,Adobe Illustrator®,ORG,82,100
inu.30000037515214,46,5,0,Caslon 3,PRODUCT,15,23
inu.30000037515214,46,5,1,Caslon 540,PRODUCT,28,38
inu.30000037515214,46,5,2,"Conceptual Litho Reproductions, Inc.",ORG,54,90
inu.30000037515214,46,5,3,NYC,GPE,92,95
inu.30000037515214,46,5,4,"Gerard Associates,",ORG,121,139
inu.30000037515214,46,5,5,NYC,GPE,146,149
inu.30000037515214,46,5,6,"1,000",CARDINAL,167,172
inu.30000037515214,50,0,0,3 0000,CARDINAL,1,7
