vol_id,page,sentence_id,ent_id,entity,entity_type,start_char,end_char
inu.39000005677013,7,0,0,the Old Ones,WORK_OF_ART,14,26
inu.39000005677013,7,0,1,Walter A. Denny Wm Daychild,PERSON,38,65
inu.39000005677013,9,0,0,Walter A. Denny,PERSON,43,58
inu.39000005677013,9,0,1,Harold E. Gray,PERSON,69,83
inu.39000005677013,9,0,2,Patricia Scott,PERSON,88,102
inu.39000005677013,9,0,3,INDIANA UNIVERSITY,ORG,113,131
inu.39000005677013,9,1,0,the National Endowment For The Humanities,ORG,51,92
inu.39000005677013,9,2,0,1979,DATE,12,16
inu.39000005677013,9,2,1,Rising Wolf Incorporated,ORG,20,44
inu.39000005677013,9,2,2,Missoula,GPE,72,80
inu.39000005677013,9,2,3,Montana,GPE,82,89
inu.39000005677013,9,2,4,59801,CARDINAL,90,95
inu.39000005677013,9,3,0,406/721-4494,CARDINAL,0,12
inu.39000005677013,9,4,0,First,ORDINAL,0,5
inu.39000005677013,9,4,1,February 1980,DATE,16,29
inu.39000005677013,9,5,0,Second,ORDINAL,0,6
inu.39000005677013,9,5,1,May 1980,DATE,17,25
inu.39000005677013,9,6,0,0-936719-00-4,CARDINAL,5,18
inu.39000005677013,11,0,0,WALTER A. DENNY,PERSON,24,39
inu.39000005677013,11,0,1,WILLIAM DAYCHILD,PERSON,53,69
inu.39000005677013,11,5,0,1,CARDINAL,0,1
inu.39000005677013,11,8,0,TWO,CARDINAL,9,12
inu.39000005677013,11,11,0,FOUR,CARDINAL,32,36
inu.39000005677013,11,16,0,34 37,CARDINAL,83,88
inu.39000005677013,11,16,1,55,CARDINAL,108,110
inu.39000005677013,11,16,2,74 79,CARDINAL,140,145
inu.39000005677013,13,0,0,Walter A. Denny,PERSON,6,21
inu.39000005677013,13,0,1,Walter Alex Denny,PERSON,35,52
inu.39000005677013,13,0,2,the age of 70 years,DATE,62,81
inu.39000005677013,13,5,0,Walter Denny's,PERSON,0,14
inu.39000005677013,13,5,1,the Chippewa-Cree,NORP,26,43
inu.39000005677013,13,5,2,the Rocky Boy's Reservation,LOC,47,74
inu.39000005677013,13,5,3,the Bear Paw Mountains,LOC,78,100
inu.39000005677013,13,5,4,North Central,LOC,104,117
inu.39000005677013,13,5,5,Montana,GPE,118,125
inu.39000005677013,13,6,0,Walter Denny,PERSON,14,26
inu.39000005677013,13,8,0,Stories From The Old Ones,WORK_OF_ART,49,74
inu.39000005677013,13,8,1,the Chippewa-Cree,NORP,95,112
inu.39000005677013,13,9,0,Denny,PERSON,21,26
inu.39000005677013,13,11,0,Denny,PERSON,3,8
inu.39000005677013,14,2,0,Indian,NORP,68,74
inu.39000005677013,14,3,0,Indian,NORP,30,36
inu.39000005677013,14,7,0,winter,DATE,65,71
inu.39000005677013,14,12,0,Denny,PERSON,3,8
inu.39000005677013,14,14,0,Walter Denny,PERSON,5,17
inu.39000005677013,14,14,1,Kah-yahs-ah-chi-,WORK_OF_ART,48,64
inu.39000005677013,14,14,2,Stories Of Long Ago,WORK_OF_ART,71,90
inu.39000005677013,14,14,3,Happenings In The Past,WORK_OF_ART,111,133
inu.39000005677013,14,14,4,every day,DATE,149,158
inu.39000005677013,14,16,0,the long ago,DATE,3,15
inu.39000005677013,14,16,1,the Chippewa-Cree,NORP,79,96
inu.39000005677013,14,17,0,the Chippewa-Cree,NORP,3,20
inu.39000005677013,14,18,0,Denny,PERSON,45,50
inu.39000005677013,14,19,0,Watson,PERSON,8,14
inu.39000005677013,14,19,1,Chippewa-Cree,NORP,18,31
inu.39000005677013,14,20,0,The Chippewa And Cree Of Rocky Boy's Reservation,WORK_OF_ART,35,83
inu.39000005677013,14,21,0,Chippewa,NORP,14,22
inu.39000005677013,14,21,1,Rocky Boy,PERSON,37,46
inu.39000005677013,14,21,2,Cree,NORP,56,60
inu.39000005677013,14,21,3,Little Bear,GPE,64,75
inu.39000005677013,15,0,0,American Indians,NORP,27,43
inu.39000005677013,15,0,1,Reservations,LOC,77,89
inu.39000005677013,15,0,2,Chippewa,NORP,95,103
inu.39000005677013,15,0,3,Cree,NORP,108,112
inu.39000005677013,15,1,0,the Bear Paw Mountains,LOC,48,70
inu.39000005677013,15,1,1,Montana,GPE,74,81
inu.39000005677013,15,1,2,the Chippewa-Cree,NORP,103,120
inu.39000005677013,15,1,3,Rocky Boy's Reservation,LOC,124,147
inu.39000005677013,15,2,0,One,CARDINAL,0,3
inu.39000005677013,15,2,1,the Rocky Boy's Reservation,FAC,34,61
inu.39000005677013,15,2,2,Alex Denny,PERSON,70,80
inu.39000005677013,15,3,0,Montana,GPE,38,45
inu.39000005677013,15,3,1,Canada,GPE,51,57
inu.39000005677013,15,4,0,Alex Denny,PERSON,46,56
inu.39000005677013,15,5,0,Walter Denny,PERSON,0,12
inu.39000005677013,15,5,1,Montana,GPE,75,82
inu.39000005677013,15,6,0,Indian,NORP,19,25
inu.39000005677013,15,6,1,the Great Northern Railway,ORG,56,82
inu.39000005677013,15,7,0,Indian,NORP,23,29
inu.39000005677013,15,8,0,Walter Denny,PERSON,37,49
inu.39000005677013,15,10,0,World War Two,EVENT,21,34
inu.39000005677013,15,10,1,Walter Denny,PERSON,36,48
inu.39000005677013,15,10,2,Rocky Boy's Reservation,FAC,54,77
inu.39000005677013,15,10,3,the U.S. Army,ORG,90,103
inu.39000005677013,15,11,0,four,CARDINAL,28,32
inu.39000005677013,15,12,0,a few years ago,DATE,6,21
inu.39000005677013,15,12,1,Walter Denny,PERSON,89,101
inu.39000005677013,15,12,2,California,GPE,111,121
inu.39000005677013,15,12,3,Texas,GPE,126,131
inu.39000005677013,15,13,0,Denny,PERSON,9,14
inu.39000005677013,15,13,1,Rocky Boy's,ORG,27,38
inu.39000005677013,15,13,2,ChippewaCree Research,ORG,71,92
inu.39000005677013,15,13,3,the Rocky Boy School,ORG,104,124
inu.39000005677013,15,14,0,Today,DATE,0,5
inu.39000005677013,15,14,1,Denny,PERSON,9,14
inu.39000005677013,15,18,0,Denny,PERSON,3,8
inu.39000005677013,15,19,0,Walter Denny,PERSON,29,41
inu.39000005677013,15,19,1,years past,DATE,45,55
inu.39000005677013,15,19,2,first,ORDINAL,82,87
inu.39000005677013,16,0,0,William Daychild,PERSON,0,16
inu.39000005677013,16,0,1,William Daychild,PERSON,71,87
inu.39000005677013,16,0,2,the Chippewa-Cree,NORP,101,118
inu.39000005677013,16,0,3,Rocky Boy's Reservation,LOC,128,151
inu.39000005677013,16,1,0,William Daychild,PERSON,0,16
inu.39000005677013,16,1,1,a Rocky Boy's Reservation,GPE,121,146
inu.39000005677013,16,1,2,the Indian Health Center,ORG,156,180
inu.39000005677013,16,1,3,Rocky Boy,ORG,184,193
inu.39000005677013,16,2,0,Montana,GPE,31,38
inu.39000005677013,16,2,1,the Museum of the Plains Indian,ORG,71,102
inu.39000005677013,16,2,2,Browning,GPE,104,112
inu.39000005677013,16,2,3,Montana,GPE,114,121
inu.39000005677013,16,3,0,Chippewa-Cree Research,ORG,20,42
inu.39000005677013,16,3,1,Rocky Boy School,ORG,54,70
inu.39000005677013,16,3,2,five years,DATE,75,85
inu.39000005677013,16,3,3,William Daychild,PERSON,87,103
inu.39000005677013,16,4,0,one,CARDINAL,43,46
inu.39000005677013,16,4,1,two,CARDINAL,50,53
inu.39000005677013,16,5,0,the wandering years,DATE,133,152
inu.39000005677013,16,5,1,the Chippewa-Cree,EVENT,156,173
inu.39000005677013,16,7,0,William Daychild,PERSON,0,16
inu.39000005677013,16,7,1,Texas,GPE,26,31
inu.39000005677013,16,8,0,Reservation,LOC,65,76
inu.39000005677013,16,8,1,Bear Paw Mountains,LOC,92,110
inu.39000005677013,17,0,0,Chippewa,NORP,4,12
inu.39000005677013,17,0,1,Rocky Boy's Reservation,LOC,25,48
inu.39000005677013,17,0,2,The Chippewa-Cree,PERSON,49,66
inu.39000005677013,17,0,3,the Rocky Boy Band,ORG,70,88
inu.39000005677013,17,0,4,the Little Bear Band,ORG,93,113
inu.39000005677013,17,0,5,Montana,GPE,121,128
inu.39000005677013,17,0,6,Canada,GPE,130,136
inu.39000005677013,17,0,7,North Dakota,GPE,138,150
inu.39000005677013,17,0,8,Idaho,GPE,152,157
inu.39000005677013,17,0,9,Wyoming,GPE,163,170
inu.39000005677013,17,1,0,Walter A. Denny's,PERSON,8,25
inu.39000005677013,17,2,0,Piegan,LOC,92,98
inu.39000005677013,17,3,0,Crow Agency,FAC,15,26
inu.39000005677013,17,3,1,Fort Belknap,GPE,36,48
inu.39000005677013,17,3,2,Flathead,LOC,62,70
inu.39000005677013,17,4,0,Wolf Point,GPE,15,25
inu.39000005677013,17,4,1,Montana,GPE,27,34
inu.39000005677013,17,4,2,Minot,GPE,42,47
inu.39000005677013,17,4,3,North Dakota,GPE,49,61
inu.39000005677013,17,4,4,Belcourt,GPE,66,74
inu.39000005677013,17,4,5,North Dakota,GPE,76,88
inu.39000005677013,17,5,0,Wolf Point,GPE,35,45
inu.39000005677013,17,5,1,North Dakota,GPE,53,65
inu.39000005677013,17,7,0,the White Man,PERSON,23,36
inu.39000005677013,17,8,0,Silver Bow,GPE,24,34
inu.39000005677013,17,9,0,Butte,GPE,23,28
inu.39000005677013,17,9,1,Montana,GPE,30,37
inu.39000005677013,17,10,0,Some years,DATE,0,10
inu.39000005677013,17,10,1,the Thirst Dance** Ne-pa-kwa-se-mo-win,EVENT,23,61
inu.39000005677013,17,10,2,Silver Bow,GPE,65,75
inu.39000005677013,17,10,3,Helena,GPE,112,118
inu.39000005677013,17,10,4,the Thirst Dance,WORK_OF_ART,142,158
inu.39000005677013,17,11,0,Mary Boushie LaFromboise,PERSON,9,33
inu.39000005677013,17,11,1,Helena,GPE,74,80
inu.39000005677013,17,12,0,Rockies,LOC,57,64
inu.39000005677013,17,12,1,Heart Butte,GPE,71,82
inu.39000005677013,17,12,2,the Piegan Reservation,FAC,107,129
inu.39000005677013,17,13,0,the Thirst Dance Lodge,ORG,52,74
inu.39000005677013,17,14,0,Blackfeet Reservation,LOC,33,54
inu.39000005677013,17,15,0,Blackfeet,NORP,9,18
inu.39000005677013,17,15,1,Blackfoot,NORP,23,32
inu.39000005677013,17,15,2,present day,DATE,49,60
inu.39000005677013,17,15,3,Alberta,GPE,61,68
inu.39000005677013,17,15,4,Canada,GPE,70,76
inu.39000005677013,17,15,5,Montana,GPE,148,155
inu.39000005677013,17,15,6,the Piegan Reservation,LOC,170,192
inu.39000005677013,17,16,0,The Thirst Dance,EVENT,2,18
inu.39000005677013,17,16,1,today,DATE,22,27
inu.39000005677013,17,16,2,the Sun Dance,EVENT,46,59
inu.39000005677013,17,16,3,non-Cree,NORP,63,71
inu.39000005677013,18,0,0,the second day,DATE,3,17
inu.39000005677013,18,0,1,LaFromboise,PERSON,23,34
inu.39000005677013,18,0,2,Lodge,FAC,53,58
inu.39000005677013,18,1,0,many years,DATE,9,19
inu.39000005677013,18,1,1,the Thirst Dance,EVENT,49,65
inu.39000005677013,18,1,2,the Thirst Dance,EVENT,94,110
inu.39000005677013,18,2,0,Chippewa,NORP,4,12
inu.39000005677013,18,2,1,Cree,NORP,17,21
inu.39000005677013,18,2,2,Great Falls,GPE,46,57
inu.39000005677013,18,2,3,the Thirst Dance,EVENT,64,80
inu.39000005677013,18,2,4,the Summer of 1894,DATE,95,113
inu.39000005677013,18,3,0,the year,DATE,9,17
inu.39000005677013,18,3,1,Montana,GPE,34,41
inu.39000005677013,18,3,2,the Thirst Dance,EVENT,71,87
inu.39000005677013,18,4,0,non-Indian,NORP,22,32
inu.39000005677013,18,4,1,Indian,NORP,61,67
inu.39000005677013,18,5,0,John Rickards,PERSON,9,22
inu.39000005677013,18,5,1,the Thirst Dance,EVENT,48,64
inu.39000005677013,18,6,0,Ceremonial,EVENT,61,71
inu.39000005677013,18,7,0,four days,DATE,16,25
inu.39000005677013,18,8,0,The Ceremonial Lodge,ORG,0,20
inu.39000005677013,18,8,1,the Sun River,LOC,38,51
inu.39000005677013,18,8,2,Manchester,GPE,83,93
inu.39000005677013,18,9,0,Chippewa,NORP,4,12
inu.39000005677013,18,9,1,Cree,NORP,17,21
inu.39000005677013,18,9,2,the Deer Lodge Valley,LOC,38,59
inu.39000005677013,18,9,3,Montana,GPE,71,78
inu.39000005677013,18,10,0,Summer,DATE,41,47
inu.39000005677013,18,12,0,the Deer Lodge Valley,LOC,26,47
inu.39000005677013,18,13,0,Valley,LOC,20,26
inu.39000005677013,18,13,1,Deer Lodge,GPE,58,68
inu.39000005677013,18,13,2,Chippewa,NORP,79,87
inu.39000005677013,18,13,3,Cree,NORP,92,96
inu.39000005677013,18,14,0,Chippewa,NORP,60,68
inu.39000005677013,18,14,1,Cree,NORP,73,77
inu.39000005677013,18,15,0,Chippewa,NORP,14,22
inu.39000005677013,18,15,1,Cree,NORP,27,31
inu.39000005677013,18,17,0,Chippewa,NORP,13,21
inu.39000005677013,18,17,1,Cree,NORP,26,30
inu.39000005677013,18,18,0,Army,ORG,9,13
inu.39000005677013,18,18,1,Fort Assinniboine,FAC,21,38
inu.39000005677013,18,19,0,Army,ORG,48,52
inu.39000005677013,18,23,0,One,CARDINAL,0,3
inu.39000005677013,18,23,1,the Warden Ranch,FAC,58,74
inu.39000005677013,18,23,2,the Dearborn River,LOC,78,96
inu.39000005677013,18,23,3,the Cree Chicken Floating,FAC,108,133
inu.39000005677013,18,24,0,Augusta,GPE,79,86
inu.39000005677013,18,24,1,Malta,GPE,91,96
inu.39000005677013,18,24,2,St. Peter's Mission,FAC,104,123
inu.39000005677013,18,24,3,Cascade,GPE,146,153
inu.39000005677013,18,24,4,Montana,GPE,155,162
inu.39000005677013,19,1,0,Montana,GPE,0,7
inu.39000005677013,19,1,1,Indian,NORP,41,47
inu.39000005677013,19,1,2,winter,DATE,93,99
inu.39000005677013,19,2,0,The Chippewa-Cree,NORP,0,17
inu.39000005677013,19,2,1,Reservations,LOC,67,79
inu.39000005677013,19,3,0,the Flathead Reservation,FAC,3,27
inu.39000005677013,19,4,0,The Flathead Indians,NORP,0,20
inu.39000005677013,19,4,1,Chippewa,NORP,49,57
inu.39000005677013,19,4,2,Cree,NORP,62,66
inu.39000005677013,19,4,3,Reservation,FAC,77,88
inu.39000005677013,19,5,0,Crees,NORP,14,19
inu.39000005677013,19,5,1,the Flathead Reservation,FAC,31,55
inu.39000005677013,19,6,0,Flathead-Cree,NORP,5,18
inu.39000005677013,19,6,1,today,DATE,35,40
inu.39000005677013,19,7,0,Matt,PERSON,16,20
inu.39000005677013,19,7,1,Nomee,PERSON,22,27
inu.39000005677013,19,7,2,Mitchell,PERSON,29,37
inu.39000005677013,19,7,3,Geboe,PERSON,39,44
inu.39000005677013,19,7,4,Chippewa,PERSON,46,54
inu.39000005677013,19,8,0,Crow Reservation,FAC,8,24
inu.39000005677013,19,8,1,Kah-kah-ko-che-nahk,LOC,33,52
inu.39000005677013,19,8,2,Cree,NORP,68,72
inu.39000005677013,19,8,3,Cree-Crow,NORP,89,98
inu.39000005677013,19,8,4,Crows,NORP,111,116
inu.39000005677013,19,8,5,Crees,NORP,139,144
inu.39000005677013,19,9,0,the Crow Reservation,FAC,20,40
inu.39000005677013,19,9,1,Crees,NORP,45,50
inu.39000005677013,19,9,2,Crows,NORP,81,86
inu.39000005677013,19,9,3,Crees,NORP,114,119
inu.39000005677013,19,10,0,Watson,PERSON,23,29
inu.39000005677013,19,10,1,Walter Denny,PERSON,35,47
inu.39000005677013,19,11,0,Crows,PERSON,4,9
inu.39000005677013,19,11,1,Crees,NORP,14,19
inu.39000005677013,19,11,2,Winter,DATE,64,70
inu.39000005677013,19,11,3,1908,DATE,74,78
inu.39000005677013,19,12,0,Watson,PERSON,8,14
inu.39000005677013,19,12,1,the Big Horn River,LOC,42,60
inu.39000005677013,19,12,2,Indian,NORP,69,75
inu.39000005677013,19,12,3,Reservation,FAC,156,167
inu.39000005677013,19,14,0,Billings,GPE,84,92
inu.39000005677013,19,15,0,26,CARDINAL,0,2
inu.39000005677013,19,16,0,WmDaychild ',PERSON,0,12
inu.39000005677013,20,0,0,the Crow Reservation,LOC,21,41
inu.39000005677013,20,1,0,a few days,DATE,20,30
inu.39000005677013,20,2,0,Crees,NORP,45,50
inu.39000005677013,20,3,0,Glasgow,GPE,26,33
inu.39000005677013,20,4,0,about a foot and a half,QUANTITY,10,33
inu.39000005677013,20,5,0,Cree,NORP,4,8
inu.39000005677013,20,6,0,Cree,NORP,13,17
inu.39000005677013,20,6,1,Cree,NORP,30,34
inu.39000005677013,20,7,0,Indian,NORP,24,30
inu.39000005677013,20,9,0,Watson,PERSON,8,14
inu.39000005677013,20,9,1,that same Winter,DATE,27,43
inu.39000005677013,20,9,2,Spring,DATE,53,59
inu.39000005677013,20,9,3,Glasgow,GPE,75,82
inu.39000005677013,20,9,4,Browning,GPE,86,94
inu.39000005677013,20,9,5,North,LOC,104,109
inu.39000005677013,20,10,0,Pennato,PERSON,23,30
inu.39000005677013,20,10,1,Rocky Boy and a Leader,ORG,48,70
inu.39000005677013,20,10,2,Rocky Boy's Reservation,LOC,111,134
inu.39000005677013,20,11,0,Pennato,PERSON,6,13
inu.39000005677013,20,11,1,Rocky Boy,PERSON,34,43
inu.39000005677013,20,12,0,Rocky Boy,LOC,9,18
inu.39000005677013,20,12,1,Browning,GPE,48,56
inu.39000005677013,20,12,2,Babb,GPE,63,67
inu.39000005677013,20,12,3,Canadian,NORP,81,89
inu.39000005677013,20,12,4,Rocky Boy,ORG,101,110
inu.39000005677013,20,12,5,the Piegan Reservation,LOC,143,165
inu.39000005677013,20,13,0,Winters,GPE,29,36
inu.39000005677013,20,14,0,Browning,GPE,47,55
inu.39000005677013,20,14,1,Babb,GPE,59,63
inu.39000005677013,20,15,0,Rocky Boy's,PERSON,5,16
inu.39000005677013,20,15,1,Browning,GPE,45,53
inu.39000005677013,20,15,2,Cree,NORP,67,71
inu.39000005677013,20,15,3,the Piegan Reservation,LOC,85,107
inu.39000005677013,20,16,0,Crees,NORP,53,58
inu.39000005677013,20,16,1,the Piegan Reservation,LOC,67,89
inu.39000005677013,20,17,0,1896,DATE,3,7
inu.39000005677013,20,17,1,Cree,NORP,13,17
inu.39000005677013,20,17,2,the Federal Government,ORG,39,61
inu.39000005677013,20,17,3,Whites,NORP,79,85
inu.39000005677013,20,17,4,Montana,GPE,89,96
inu.39000005677013,20,17,5,Canadian Indians,NORP,118,134
inu.39000005677013,20,18,0,Chippewa,NORP,4,12
inu.39000005677013,20,18,1,Rocky Boy,GPE,16,25
inu.39000005677013,20,18,2,Browning,GPE,57,65
inu.39000005677013,20,18,3,Crees,NORP,75,80
inu.39000005677013,20,19,0,Cecelia Corcoran,PERSON,1,17
inu.39000005677013,20,19,1,Nancy Smith,PERSON,23,34
inu.39000005677013,20,19,2,Nancy Smith,PERSON,62,73
inu.39000005677013,20,19,3,Chippewa,NORP,124,132
inu.39000005677013,20,19,4,the Band of Crees,ORG,145,162
inu.39000005677013,20,20,0,Chippewa,NORP,30,38
inu.39000005677013,20,20,1,Crees,NORP,43,48
inu.39000005677013,20,21,0,Chippewa,NORP,4,12
inu.39000005677013,20,21,1,Crees,NORP,17,22
inu.39000005677013,21,0,0,Piegans,NORP,24,31
inu.39000005677013,21,1,0,Nancy Smith,PERSON,0,11
inu.39000005677013,21,1,1,106 years old,DATE,24,37
inu.39000005677013,21,1,2,the Rocky Boy's Reservation,FAC,50,77
inu.39000005677013,21,1,3,1977,DATE,81,85
inu.39000005677013,21,2,0,Rocky Boy,PERSON,8,17
inu.39000005677013,21,2,1,the Rocky Boy's Reservation,FAC,37,64
inu.39000005677013,21,3,0,two,CARDINAL,39,42
inu.39000005677013,21,3,1,Fort Assinniboine Military Reservation,FAC,56,94
inu.39000005677013,21,5,0,Watson,PERSON,37,43
inu.39000005677013,21,6,0,Fort Belknap,FAC,0,12
inu.39000005677013,21,6,1,Crees,NORP,58,63
inu.39000005677013,21,7,0,Crees,NORP,4,9
inu.39000005677013,21,8,0,Glasgow,GPE,10,17
inu.39000005677013,21,8,1,Great Falls,GPE,19,30
inu.39000005677013,21,8,2,Butte,GPE,32,37
inu.39000005677013,21,8,3,Havre,GPE,54,59
inu.39000005677013,21,8,4,Crees,NORP,92,97
inu.39000005677013,21,9,0,a great day,DATE,7,18
inu.39000005677013,21,9,1,Chippewa,NORP,28,36
inu.39000005677013,21,9,2,Cree,NORP,41,45
inu.39000005677013,21,10,0,Rocky Boy,LOC,21,30
inu.39000005677013,21,10,1,East,LOC,58,62
inu.39000005677013,21,10,2,West,LOC,64,68
inu.39000005677013,21,10,3,North,LOC,74,79
inu.39000005677013,21,11,0,Rocky Boy,LOC,47,56
inu.39000005677013,21,11,1,Cree,NORP,65,69
inu.39000005677013,21,11,2,Little Bear,GPE,73,84
inu.39000005677013,21,11,3,the Rocky Boy's Reservation,FAC,101,128
inu.39000005677013,21,12,0,The Rocky Boy's Reservation,FAC,0,27
inu.39000005677013,21,12,1,Woodrow Wilson,PERSON,72,86
inu.39000005677013,21,13,0,Rocky Boy,GPE,72,81
inu.39000005677013,21,13,1,Little Bear,GPE,86,97
inu.39000005677013,21,14,0,The Little Bear Band,ORG,0,20
inu.39000005677013,21,14,1,Canada,GPE,31,37
inu.39000005677013,21,14,2,1885,DATE,41,45
inu.39000005677013,21,14,3,"the ""Second Riel Rebellion",EVENT,53,79
inu.39000005677013,21,14,4,Montana,GPE,101,108
inu.39000005677013,21,15,0,Cree,NORP,4,8
inu.39000005677013,21,15,1,many years before,DATE,9,26
inu.39000005677013,21,15,2,Montana,GPE,41,48
inu.39000005677013,21,16,0,Chippewa,NORP,4,12
inu.39000005677013,21,16,1,Minnesota,GPE,23,32
inu.39000005677013,21,16,2,North Dakota,GPE,37,49
inu.39000005677013,21,17,0,Chippewa,NORP,4,12
inu.39000005677013,21,17,1,Cree,NORP,17,21
inu.39000005677013,21,17,2,many years,DATE,40,50
inu.39000005677013,21,18,0,Cree,LANGUAGE,78,82
inu.39000005677013,21,20,0,the Rocky Boy's Reservation,LOC,26,53
inu.39000005677013,21,22,0,first,ORDINAL,11,16
inu.39000005677013,21,22,1,1916,DATE,60,64
inu.39000005677013,21,23,0,Assiniboine,LOC,60,71
inu.39000005677013,22,2,0,only one,CARDINAL,87,95
inu.39000005677013,22,7,0,The Great Warrior,PERSON,0,17
inu.39000005677013,22,13,0,Winter,DATE,7,13
inu.39000005677013,22,26,0,the Great Warrior,PERSON,14,31
inu.39000005677013,22,26,1,Uncle,PERSON,41,46
inu.39000005677013,23,11,0,Uncle,PERSON,11,16
inu.39000005677013,23,29,0,one,CARDINAL,30,33
inu.39000005677013,23,40,0,Kah-yahs-mes-kah-no,ORG,31,50
inu.39000005677013,24,15,0,Old Trail,PERSON,23,32
inu.39000005677013,24,17,0,One night,TIME,0,9
inu.39000005677013,24,20,0,a Thirst Dance,EVENT,41,55
inu.39000005677013,24,21,0,Only one,CARDINAL,0,8
inu.39000005677013,24,23,0,Bufflo,NORP,44,50
inu.39000005677013,25,0,0,Trail,PERSON,48,53
inu.39000005677013,25,2,0,ten nights,DATE,21,31
inu.39000005677013,25,7,0,Trail,PERSON,33,38
inu.39000005677013,25,18,0,ten nights,DATE,5,15
inu.39000005677013,25,25,0,Forty,CARDINAL,0,5
inu.39000005677013,25,27,0,thirty-nine,CARDINAL,11,22
inu.39000005677013,25,29,0,many nights,DATE,14,25
inu.39000005677013,25,31,0,Two,CARDINAL,0,3
inu.39000005677013,25,31,1,Enemy,ORG,25,30
inu.39000005677013,25,32,0,Enemy,ORG,33,38
inu.39000005677013,25,33,0,One night,TIME,0,9
inu.39000005677013,25,34,0,Coyote,NORP,12,18
inu.39000005677013,25,35,0,Enemy,ORG,42,47
inu.39000005677013,25,37,0,one,CARDINAL,37,40
inu.39000005677013,25,39,0,The next night,TIME,0,14
inu.39000005677013,25,39,1,Enemy,ORG,36,41
inu.39000005677013,25,40,0,the night,TIME,5,14
inu.39000005677013,26,4,0,Just four,CARDINAL,23,32
inu.39000005677013,26,5,0,four,CARDINAL,6,10
inu.39000005677013,26,6,0,That night,TIME,0,10
inu.39000005677013,26,7,0,Four,CARDINAL,0,4
inu.39000005677013,26,8,0,Old Trail,FAC,0,9
inu.39000005677013,26,8,1,one,CARDINAL,14,17
inu.39000005677013,26,15,0,four,CARDINAL,9,13
inu.39000005677013,26,17,0,first,ORDINAL,41,46
inu.39000005677013,26,18,0,Enemy,ORG,51,56
inu.39000005677013,26,20,0,morning,TIME,10,17
inu.39000005677013,26,37,0,the day,DATE,21,28
inu.39000005677013,26,38,0,forty,CARDINAL,4,9
inu.39000005677013,26,38,1,a few more days,DATE,42,57
inu.39000005677013,26,40,0,Another day,DATE,0,11
inu.39000005677013,26,43,0,two,CARDINAL,16,19
inu.39000005677013,26,44,0,early in the morning,TIME,12,32
inu.39000005677013,26,44,1,two,CARDINAL,38,41
inu.39000005677013,26,45,0,half day,TIME,90,98
inu.39000005677013,27,3,0,two,CARDINAL,37,40
inu.39000005677013,27,5,0,Braves,ORG,38,44
inu.39000005677013,27,9,0,Old Trail,PERSON,0,9
inu.39000005677013,27,14,0,just before sunrise,TIME,18,37
inu.39000005677013,28,1,0,Many years ago,DATE,0,14
inu.39000005677013,28,2,0,the Great Rocks,LOC,22,37
inu.39000005677013,28,5,0,long ago,DATE,21,29
inu.39000005677013,28,8,0,many years,DATE,36,46
inu.39000005677013,28,12,0,one,CARDINAL,5,8
inu.39000005677013,28,14,0,Earth,LOC,77,82
inu.39000005677013,28,15,0,O-ki-mahw,PERSON,30,39
inu.39000005677013,29,0,0,Earth,LOC,40,45
inu.39000005677013,30,8,0,one,CARDINAL,3,6
inu.39000005677013,30,14,0,the Elders of the People,ORG,3,27
inu.39000005677013,30,17,0,Ants,NORP,4,8
inu.39000005677013,31,2,0,the Ant People,ORG,4,18
inu.39000005677013,31,6,0,The Ant People,ORG,0,14
inu.39000005677013,31,9,0,four,CARDINAL,30,34
inu.39000005677013,31,9,1,the Seven Brothers,ORG,51,69
inu.39000005677013,31,9,2,High Mountain,LOC,83,96
inu.39000005677013,31,11,0,four,CARDINAL,3,7
inu.39000005677013,31,11,1,that same night,TIME,26,41
inu.39000005677013,31,11,2,High Mountain,LOC,46,59
inu.39000005677013,31,11,3,the Seven Brothers,ORG,67,85
inu.39000005677013,31,13,0,The next morning,TIME,0,16
inu.39000005677013,31,13,1,the Ant People,ORG,18,32
inu.39000005677013,31,13,2,four,CARDINAL,38,42
inu.39000005677013,31,16,0,Ants,PERSON,10,14
inu.39000005677013,31,17,0,the Ant People,ORG,10,24
inu.39000005677013,31,18,0,one,CARDINAL,26,29
inu.39000005677013,31,19,0,The Four Young Men,ORG,0,18
inu.39000005677013,31,19,1,the Seven Brothers,ORG,77,95
inu.39000005677013,31,20,0,the Four Young Men,ORG,9,27
inu.39000005677013,31,21,0,High Mountain,LOC,14,27
inu.39000005677013,31,21,1,seven,CARDINAL,37,42
inu.39000005677013,31,22,0,first,ORDINAL,22,27
inu.39000005677013,31,25,0,The Four Young Men,ORG,0,18
inu.39000005677013,31,25,1,one,CARDINAL,27,30
inu.39000005677013,31,29,0,Tonight,TIME,0,7
inu.39000005677013,31,30,0,The Four Young Men,ORG,0,18
inu.39000005677013,32,5,0,Seven,CARDINAL,51,56
inu.39000005677013,32,12,0,Earth,LOC,80,85
inu.39000005677013,32,14,0,Earth,LOC,33,38
inu.39000005677013,32,17,0,Earth,LOC,46,51
inu.39000005677013,32,23,0,Earth,LOC,74,79
inu.39000005677013,32,24,0,Four,CARDINAL,12,16
inu.39000005677013,32,26,0,the Great Cleaning Of The Earth,EVENT,59,90
inu.39000005677013,33,3,0,Hunter,PERSON,0,6
inu.39000005677013,33,9,0,Earth,LOC,15,20
inu.39000005677013,33,12,0,Hunter,PERSON,3,9
inu.39000005677013,33,18,0,Hunter,PERSON,19,25
inu.39000005677013,33,21,0,Winter,DATE,44,50
inu.39000005677013,33,23,0,Hunter,PERSON,0,6
inu.39000005677013,33,26,0,The Old One,PERSON,0,11
inu.39000005677013,33,30,0,Hunter,PERSON,5,11
inu.39000005677013,33,31,0,First,ORDINAL,22,27
inu.39000005677013,33,36,0,forty,CARDINAL,13,18
inu.39000005677013,34,5,0,Hunter,PERSON,4,10
inu.39000005677013,34,7,0,the Great Stopping Of All Growing Things,EVENT,28,68
inu.39000005677013,34,13,0,Hunter,PERSON,5,11
inu.39000005677013,34,15,0,'79,DATE,30,33
inu.39000005677013,35,2,0,half a day,DATE,19,29
inu.39000005677013,35,2,1,Raven,PERSON,42,47
inu.39000005677013,35,2,2,Raven,PERSON,64,69
inu.39000005677013,35,3,0,Snow Man,PERSON,0,8
inu.39000005677013,35,3,1,Raven,PERSON,13,18
inu.39000005677013,35,4,0,Hunter,PERSON,22,28
inu.39000005677013,35,4,1,Snow Man,PERSON,29,37
inu.39000005677013,35,5,0,Snow Man,PERSON,3,11
inu.39000005677013,35,6,0,Hunter,PERSON,0,6
inu.39000005677013,35,7,0,Hunter,PERSON,5,11
inu.39000005677013,35,7,1,Snow Man,PERSON,18,26
inu.39000005677013,35,10,0,Hunter,PERSON,0,6
inu.39000005677013,35,12,0,Snow Man,PERSON,11,19
inu.39000005677013,35,13,0,Hunter,PERSON,28,34
inu.39000005677013,35,15,0,Hunter,PERSON,0,6
inu.39000005677013,35,16,0,one,CARDINAL,10,13
inu.39000005677013,35,17,0,Hunter,PERSON,6,12
inu.39000005677013,35,17,1,two,CARDINAL,23,26
inu.39000005677013,35,19,0,Hunter,PERSON,19,25
inu.39000005677013,35,23,0,Hunter,PERSON,0,6
inu.39000005677013,35,25,0,Snow Man,PERSON,0,8
inu.39000005677013,35,29,0,Snow Man,PERSON,0,8
inu.39000005677013,35,29,1,Hunter,PERSON,36,42
inu.39000005677013,35,30,0,Snow Man,PERSON,14,22
inu.39000005677013,35,34,0,Snow Man,PERSON,13,21
inu.39000005677013,35,34,1,Hunter,PERSON,29,35
inu.39000005677013,35,34,2,Hunter,PERSON,61,67
inu.39000005677013,35,36,0,Hunter,PERSON,3,9
inu.39000005677013,35,40,0,Hunter,PERSON,0,6
inu.39000005677013,35,41,0,Hunter,PERSON,0,6
inu.39000005677013,36,5,0,Hunter,PERSON,4,10
inu.39000005677013,36,7,0,the Great Stopping Of All Growing Things,EVENT,28,68
inu.39000005677013,36,13,0,Hunter,PERSON,5,11
inu.39000005677013,36,15,0,'79,DATE,29,32
inu.39000005677013,37,2,0,half a day,DATE,19,29
inu.39000005677013,37,2,1,Raven,PERSON,42,47
inu.39000005677013,37,2,2,Raven,PERSON,64,69
inu.39000005677013,37,3,0,Snow Man,PERSON,0,8
inu.39000005677013,37,3,1,Raven,PERSON,13,18
inu.39000005677013,37,4,0,Hunter,PERSON,22,28
inu.39000005677013,37,4,1,Snow Man,PERSON,29,37
inu.39000005677013,37,5,0,Snow Man,PERSON,3,11
inu.39000005677013,37,6,0,Hunter,PERSON,0,6
inu.39000005677013,37,7,0,Hunter,PERSON,5,11
inu.39000005677013,37,7,1,Snow Man,PERSON,18,26
inu.39000005677013,37,10,0,Hunter,PERSON,0,6
inu.39000005677013,37,12,0,Snow Man,PERSON,11,19
inu.39000005677013,37,13,0,Hunter,PERSON,28,34
inu.39000005677013,37,15,0,Hunter,PERSON,0,6
inu.39000005677013,37,16,0,one,CARDINAL,10,13
inu.39000005677013,37,17,0,Hunter,PERSON,6,12
inu.39000005677013,37,17,1,two,CARDINAL,23,26
inu.39000005677013,37,19,0,Hunter,PERSON,19,25
inu.39000005677013,37,23,0,Hunter,PERSON,0,6
inu.39000005677013,37,25,0,Snow Man,PERSON,0,8
inu.39000005677013,37,29,0,Snow Man,PERSON,0,8
inu.39000005677013,37,29,1,Hunter,PERSON,36,42
inu.39000005677013,37,30,0,Snow Man,PERSON,14,22
inu.39000005677013,37,34,0,Snow Man,PERSON,13,21
inu.39000005677013,37,34,1,Hunter,PERSON,29,35
inu.39000005677013,37,34,2,Hunter,PERSON,61,67
inu.39000005677013,37,36,0,Hunter,PERSON,3,9
inu.39000005677013,37,40,0,Hunter,PERSON,0,6
inu.39000005677013,37,41,0,Hunter,PERSON,0,6
inu.39000005677013,38,2,0,twelve,CARDINAL,26,32
inu.39000005677013,38,2,1,a year,DATE,42,48
inu.39000005677013,38,3,0,Earth,LOC,103,108
inu.39000005677013,38,3,1,Earth,LOC,114,119
inu.39000005677013,38,5,0,months of the year,DATE,39,57
inu.39000005677013,38,6,0,twelve,CARDINAL,41,47
inu.39000005677013,38,7,0,the Chippewa-Cree,NORP,23,40
inu.39000005677013,38,8,0,January,DATE,34,41
inu.39000005677013,38,12,0,Bald Eagle Moon,EVENT,19,34
inu.39000005677013,38,14,0,February,DATE,28,36
inu.39000005677013,38,15,0,half,CARDINAL,18,22
inu.39000005677013,38,16,0,Half,CARDINAL,0,4
inu.39000005677013,38,18,0,March,DATE,26,31
inu.39000005677013,38,18,1,Goose Moon,EVENT,39,49
inu.39000005677013,38,18,2,Geese,NORP,67,72
inu.39000005677013,38,18,3,South,LOC,93,98
inu.39000005677013,39,1,0,Earth,LOC,57,62
inu.39000005677013,39,2,0,Goose Moon,EVENT,0,10
inu.39000005677013,39,4,0,Goose Moon,EVENT,0,10
inu.39000005677013,39,5,0,April,DATE,27,32
inu.39000005677013,39,8,0,May,DATE,42,45
inu.39000005677013,39,9,0,Leaf Budding Moon,EVENT,5,22
inu.39000005677013,39,11,0,June,DATE,32,36
inu.39000005677013,39,19,0,July,DATE,33,37
inu.39000005677013,40,1,0,June,DATE,21,25
inu.39000005677013,40,1,1,Winter,DATE,49,55
inu.39000005677013,40,2,0,June,DATE,26,30
inu.39000005677013,40,3,0,August,DATE,28,34
inu.39000005677013,40,5,0,September,DATE,34,43
inu.39000005677013,40,9,0,October,DATE,35,42
inu.39000005677013,40,10,0,"the Great Waiting Place,",LOC,62,86
inu.39000005677013,40,13,0,November Frosty Moon,DATE,29,49
inu.39000005677013,41,0,0,December Bare Moon,DATE,39,57
inu.39000005677013,42,0,0,Lone Fox,PERSON,4,12
inu.39000005677013,42,1,0,one,CARDINAL,15,18
inu.39000005677013,42,8,0,One night,TIME,0,9
inu.39000005677013,42,8,1,one,CARDINAL,38,41
inu.39000005677013,42,8,2,night,TIME,66,71
inu.39000005677013,42,8,3,many nights,DATE,81,92
inu.39000005677013,42,10,0,all day,DATE,39,46
inu.39000005677013,42,12,0,evening,TIME,8,15
inu.39000005677013,42,12,1,two,CARDINAL,24,27
inu.39000005677013,42,15,0,one,CARDINAL,87,90
inu.39000005677013,42,29,0,Summer,DATE,10,16
inu.39000005677013,43,2,0,half the night,TIME,6,20
inu.39000005677013,43,5,0,many nights,DATE,6,17
inu.39000005677013,44,1,0,the Victory Dance,EVENT,36,53
inu.39000005677013,44,3,0,this day,DATE,26,34
inu.39000005677013,44,6,0,Today,DATE,0,5
inu.39000005677013,44,9,0,Little Boy,PERSON,21,31
inu.39000005677013,44,11,0,That night,TIME,0,10
inu.39000005677013,44,11,1,the Victory Dance,EVENT,14,31
inu.39000005677013,44,18,0,The Grandfather Of The Spirits,PERSON,0,30
inu.39000005677013,44,19,0,Lone Fox,PERSON,28,36
inu.39000005677013,44,21,0,Lone Fox,PERSON,30,38
inu.39000005677013,44,23,0,ten,CARDINAL,13,16
inu.39000005677013,45,0,0,Earth Worm,PERSON,4,14
inu.39000005677013,45,1,0,Earth Worm,PERSON,32,42
inu.39000005677013,45,2,0,Earth Worm,PERSON,10,20
inu.39000005677013,45,5,0,a Ceremonial Meeting of the People,EVENT,20,54
inu.39000005677013,45,8,0,Earth Worm,PERSON,4,14
inu.39000005677013,45,9,0,20:19,CARDINAL,33,38
inu.39000005677013,45,10,0,the Medicine Lodge,FAC,45,63
inu.39000005677013,45,14,0,Earth Worm,PERSON,3,13
inu.39000005677013,45,15,0,the Keeper Of The Fire,PERSON,5,27
inu.39000005677013,45,15,1,Earth Worm,PERSON,32,42
inu.39000005677013,45,15,2,Earth Worm,PERSON,53,63
inu.39000005677013,45,18,0,Earth Worm,PERSON,70,80
inu.39000005677013,45,20,0,night,TIME,47,52
inu.39000005677013,46,1,0,night,TIME,92,97
inu.39000005677013,47,0,0,Two,CARDINAL,9,12
inu.39000005677013,47,2,0,Two,CARDINAL,29,32
inu.39000005677013,47,3,0,two,CARDINAL,15,18
inu.39000005677013,47,4,0,one,CARDINAL,9,12
inu.39000005677013,47,7,0,Spring,DATE,22,28
inu.39000005677013,47,7,1,South,LOC,62,67
inu.39000005677013,47,8,0,many days,DATE,20,29
inu.39000005677013,47,12,0,The Two Young Men,ORG,0,17
inu.39000005677013,47,13,0,The Two Young Men,ORG,0,17
inu.39000005677013,47,15,0,the Two Young Men,ORG,38,55
inu.39000005677013,47,18,0,West,LOC,21,25
inu.39000005677013,47,19,0,the Great Rocks,LOC,18,33
inu.39000005677013,47,20,0,Summer,DATE,40,46
inu.39000005677013,47,24,0,many days,DATE,4,13
inu.39000005677013,48,0,0,many days,DATE,6,15
inu.39000005677013,48,0,1,the Great Water,LOC,31,46
inu.39000005677013,48,3,0,Winter,DATE,7,13
inu.39000005677013,48,6,0,the Two Young Men,ORG,18,35
inu.39000005677013,48,8,0,a long Winter,DATE,7,20
inu.39000005677013,48,9,0,Spring,DATE,61,67
inu.39000005677013,48,13,0,Summer,DATE,31,37
inu.39000005677013,49,3,0,the Great Rocks,LOC,40,55
inu.39000005677013,49,8,0,the Fall of the year,DATE,15,35
inu.39000005677013,49,9,0,the Fall of the year,DATE,105,125
inu.39000005677013,49,10,0,evening,TIME,8,15
inu.39000005677013,49,10,1,People,ORG,53,59
inu.39000005677013,49,12,0,The Two Young Men,ORG,0,17
inu.39000005677013,49,13,0,two,CARDINAL,25,28
inu.39000005677013,49,15,0,the next day,DATE,3,15
inu.39000005677013,49,15,1,People,ORG,20,26
inu.39000005677013,49,15,2,the Two Young Men,ORG,52,69
inu.39000005677013,49,16,0,two,CARDINAL,17,20
inu.39000005677013,49,17,0,Two,CARDINAL,4,7
inu.39000005677013,49,18,0,One,CARDINAL,8,11
inu.39000005677013,49,20,0,one,CARDINAL,9,12
inu.39000005677013,49,21,0,First,ORDINAL,0,5
inu.39000005677013,49,22,0,First,ORDINAL,0,5
inu.39000005677013,49,23,0,Mother Earth,LOC,22,34
inu.39000005677013,49,36,0,The One Young Man,PERSON,0,17
inu.39000005677013,50,2,0,one,CARDINAL,22,25
inu.39000005677013,50,7,0,two,CARDINAL,19,22
inu.39000005677013,50,9,0,one,CARDINAL,25,28
inu.39000005677013,50,11,0,one,CARDINAL,28,31
inu.39000005677013,50,14,0,two,CARDINAL,15,18
inu.39000005677013,50,15,0,One,CARDINAL,0,3
inu.39000005677013,50,17,0,the Two Young Men,ORG,3,20
inu.39000005677013,50,18,0,the Crazy Buffalo,PERSON,17,34
inu.39000005677013,50,21,0,the Two Young Men,ORG,30,47
inu.39000005677013,50,26,0,the Crazy Buffalo,LOC,10,27
inu.39000005677013,50,38,0,the Two Young Men,ORG,15,32
inu.39000005677013,50,39,0,The Crazy Buffalo,PRODUCT,0,17
inu.39000005677013,51,3,0,The Old Ones,PERSON,0,12
inu.39000005677013,51,3,1,Crazy Buffalo,PERSON,17,30
inu.39000005677013,51,4,0,The Crazy Buffalo,PERSON,0,17
inu.39000005677013,51,5,0,The Two Young Men,PERSON,0,17
inu.39000005677013,51,6,0,The Two Young Men,ORG,0,17
inu.39000005677013,51,6,1,only one,CARDINAL,42,50
inu.39000005677013,51,8,0,Some day,DATE,0,8
inu.39000005677013,51,11,0,the Two Young Men,ORG,51,68
inu.39000005677013,52,0,0,Strange Son Of Respect,PERSON,0,22
inu.39000005677013,52,2,0,one,CARDINAL,13,16
inu.39000005677013,52,3,0,Ki-wi-tah-tos-ke-mah-kahn,PERSON,25,50
inu.39000005677013,52,16,0,Band,ORG,21,25
inu.39000005677013,52,19,0,the Young Woman,PERSON,14,29
inu.39000005677013,52,21,0,one,CARDINAL,33,36
inu.39000005677013,52,22,0,early in the day,TIME,7,23
inu.39000005677013,52,22,1,the Young Woman,PERSON,93,108
inu.39000005677013,54,12,0,the Young Man,PERSON,5,18
inu.39000005677013,54,18,0,tomorrow,DATE,58,66
inu.39000005677013,54,19,0,the next morning,TIME,4,20
inu.39000005677013,55,0,0,Man,PERSON,77,80
inu.39000005677013,55,1,0,Man,PERSON,47,50
inu.39000005677013,55,1,1,night,TIME,78,83
inu.39000005677013,55,4,0,Indian,NORP,67,73
inu.39000005677013,55,5,0,Wolf Dog,PERSON,53,61
inu.39000005677013,55,9,0,Man,PERSON,22,25
inu.39000005677013,55,10,0,one,CARDINAL,36,39
inu.39000005677013,55,12,0,Man,PERSON,13,16
inu.39000005677013,55,12,1,Horse,PERSON,46,51
inu.39000005677013,56,1,0,Horse,PERSON,27,32
inu.39000005677013,56,4,0,Horse,PERSON,28,33
inu.39000005677013,56,5,0,Horse,PERSON,5,10
inu.39000005677013,56,6,0,Horse,PERSON,22,27
inu.39000005677013,56,13,0,Horse,PERSON,5,10
inu.39000005677013,56,17,0,Horse,PERSON,44,49
inu.39000005677013,56,21,0,Winter,DATE,67,73
inu.39000005677013,57,0,0,Long ago,DATE,25,33
inu.39000005677013,57,2,0,Winter,DATE,37,43
inu.39000005677013,57,2,1,night,TIME,51,56
inu.39000005677013,57,3,0,Summer,DATE,85,91
inu.39000005677013,57,4,0,Winter,DATE,3,9
inu.39000005677013,57,11,0,five feet,QUANTITY,39,48
inu.39000005677013,57,13,0,about two feet,QUANTITY,16,30
inu.39000005677013,57,14,0,all night,TIME,31,40
inu.39000005677013,57,20,0,two,CARDINAL,23,26
inu.39000005677013,57,20,1,one,CARDINAL,39,42
inu.39000005677013,57,22,0,the cold months,DATE,37,52
inu.39000005677013,57,24,0,winter,DATE,20,26
inu.39000005677013,57,24,1,the day,DATE,48,55
inu.39000005677013,57,27,0,night,TIME,45,50
inu.39000005677013,57,28,0,night,TIME,50,55
inu.39000005677013,57,29,0,Winter,DATE,41,47
inu.39000005677013,58,0,0,sunset,TIME,3,9
inu.39000005677013,58,0,1,Tribes,NORP,79,85
inu.39000005677013,58,2,0,all night,TIME,19,28
inu.39000005677013,58,2,1,Winter,DATE,38,44
inu.39000005677013,58,6,0,Summer,DATE,3,9
inu.39000005677013,58,10,0,People,NORP,72,78
inu.39000005677013,58,13,0,night,TIME,77,82
inu.39000005677013,58,14,0,the old days,DATE,46,58
inu.39000005677013,58,19,0,Kah-yahs-ah-chi-mo-,WORK_OF_ART,18,37
inu.39000005677013,58,21,0,Ah-chi-mo-win,WORK_OF_ART,18,31
inu.39000005677013,58,24,0,summer,DATE,7,13
inu.39000005677013,58,25,0,summer,DATE,3,9
inu.39000005677013,59,1,0,their early years,DATE,3,20
inu.39000005677013,59,3,0,Summer,DATE,3,9
inu.39000005677013,60,9,0,June,DATE,139,143
inu.39000005677013,61,4,0,every day,DATE,49,58
inu.39000005677013,63,0,0,Snake,PERSON,4,9
inu.39000005677013,63,1,0,Ki-ne-pik,PERSON,7,16
inu.39000005677013,63,2,0,Snake,PERSON,10,15
inu.39000005677013,63,5,0,Snake,PERSON,24,29
inu.39000005677013,63,10,0,Snake,PERSON,55,60
inu.39000005677013,63,16,0,the Spirit Man,PERSON,8,22
inu.39000005677013,63,18,0,D. 79,DATE,45,50
inu.39000005677013,64,2,0,The Spirit Man,PERSON,0,14
inu.39000005677013,64,5,0,Snake,PERSON,47,52
inu.39000005677013,64,7,0,Snake,PERSON,7,12
inu.39000005677013,64,12,0,Snake,PERSON,17,22
inu.39000005677013,64,13,0,Snake,PERSON,13,18
inu.39000005677013,65,0,0,The Spirits Of The Winds Of The Four Directions,PERSON,0,47
inu.39000005677013,65,1,0,One,CARDINAL,7,10
inu.39000005677013,65,1,1,one,CARDINAL,16,19
inu.39000005677013,65,1,2,Earth,LOC,90,95
inu.39000005677013,65,2,0,Earth,LOC,31,36
inu.39000005677013,65,8,0,Four,CARDINAL,19,23
inu.39000005677013,65,8,1,Four,CARDINAL,41,45
inu.39000005677013,65,12,0,half day,DATE,26,34
inu.39000005677013,65,12,1,noon,TIME,36,40
inu.39000005677013,65,17,0,Winter,DATE,3,9
inu.39000005677013,65,23,0,Winter,DATE,3,9
inu.39000005677013,65,25,0,Summer,DATE,7,13
inu.39000005677013,65,26,0,morning,TIME,21,28
inu.39000005677013,67,1,0,Long ago,DATE,0,8
inu.39000005677013,67,5,0,All day,DATE,0,7
inu.39000005677013,67,6,0,All day,DATE,0,7
inu.39000005677013,67,18,0,two,CARDINAL,6,9
inu.39000005677013,67,30,0,That night,TIME,0,10
inu.39000005677013,67,31,0,One,CARDINAL,0,3
inu.39000005677013,67,35,0,Earth,LOC,32,37
inu.39000005677013,69,0,0,The Fast Of Little Man,PERSON,0,22
inu.39000005677013,69,1,0,Little Man,PERSON,20,30
inu.39000005677013,69,6,0,Band,ORG,31,35
inu.39000005677013,69,30,0,four,CARDINAL,21,25
inu.39000005677013,69,31,0,one,CARDINAL,27,30
inu.39000005677013,70,2,0,four nights,DATE,6,17
inu.39000005677013,70,2,1,Little Man,PERSON,18,28
inu.39000005677013,70,5,0,one,CARDINAL,30,33
inu.39000005677013,70,5,1,eight nights and,DATE,44,60
inu.39000005677013,70,10,0,that first night,TIME,15,31
inu.39000005677013,70,12,0,the day,DATE,7,14
inu.39000005677013,70,16,0,the second night,TIME,3,19
inu.39000005677013,70,18,0,the next day,DATE,7,19
inu.39000005677013,70,21,0,the fourth night,TIME,3,19
inu.39000005677013,70,24,0,the sixth night,TIME,41,56
inu.39000005677013,70,26,0,the fifth night,TIME,3,18
inu.39000005677013,70,29,0,Tomorrow,DATE,16,24
inu.39000005677013,70,30,0,the day,DATE,9,16
inu.39000005677013,70,31,0,the night,TIME,10,19
inu.39000005677013,70,34,0,half,CARDINAL,12,16
inu.39000005677013,70,34,1,midnight,TIME,34,42
inu.39000005677013,71,4,0,a Spirit Man,PERSON,24,36
inu.39000005677013,71,7,0,Spirit Man,PERSON,13,23
inu.39000005677013,71,8,0,Spirit Man,PERSON,0,10
inu.39000005677013,71,11,0,Earth,LOC,12,17
inu.39000005677013,72,1,0,Spirit Man,PERSON,16,26
inu.39000005677013,72,3,0,Spirit Man,PERSON,0,10
inu.39000005677013,72,6,0,Spirit Man,PERSON,5,15
inu.39000005677013,72,10,0,Spirit Man,PERSON,0,10
inu.39000005677013,72,13,0,Spirit Man,PERSON,0,10
inu.39000005677013,72,14,0,two days,DATE,30,38
inu.39000005677013,72,16,0,Spirit Man,PERSON,0,10
inu.39000005677013,72,17,0,Spirit Man,PERSON,0,10
inu.39000005677013,72,18,0,Spirit Man,PERSON,0,10
inu.39000005677013,72,20,0,Spirit Man,PERSON,0,10
inu.39000005677013,72,29,0,every day,DATE,35,44
inu.39000005677013,72,38,0,this day,DATE,8,16
inu.39000005677013,73,0,0,Spring,DATE,36,42
inu.39000005677013,73,0,1,one,CARDINAL,47,50
inu.39000005677013,73,8,0,four nights,DATE,19,30
inu.39000005677013,73,9,0,the fourth night,TIME,3,19
inu.39000005677013,73,9,1,Enemy,ORG,137,142
inu.39000005677013,73,10,0,Enemy,ORG,36,41
inu.39000005677013,73,13,0,Enemy,ORG,28,33
inu.39000005677013,73,14,0,Enemy,ORG,27,32
inu.39000005677013,73,17,0,Enemy,ORG,8,13
inu.39000005677013,73,22,0,Fur Falls Off In Spring,WORK_OF_ART,27,50
inu.39000005677013,74,0,0,Wm Daychild,PERSON,8,19
inu.39000005677013,74,0,1,'79,DATE,29,32
inu.39000005677013,75,16,0,one year,DATE,34,42
inu.39000005677013,75,16,1,a season,DATE,47,55
inu.39000005677013,75,18,0,Earth,LOC,31,36
inu.39000005677013,76,0,0,The Old People,PERSON,15,29
inu.39000005677013,77,3,0,Band,ORG,52,56
inu.39000005677013,77,4,0,one,CARDINAL,39,42
inu.39000005677013,77,7,0,a night,TIME,9,16
inu.39000005677013,77,9,0,One night,TIME,0,9
inu.39000005677013,77,13,0,four,CARDINAL,39,43
inu.39000005677013,77,14,0,third,ORDINAL,7,12
inu.39000005677013,77,20,0,Four,CARDINAL,29,33
inu.39000005677013,77,21,0,Four,CARDINAL,29,33
inu.39000005677013,77,30,0,one,CARDINAL,90,93
inu.39000005677013,77,31,0,morning,TIME,19,26
inu.39000005677013,77,32,0,four,CARDINAL,24,28
inu.39000005677013,77,33,0,South,LOC,25,30
inu.39000005677013,77,34,0,four,CARDINAL,19,23
inu.39000005677013,78,8,0,four,CARDINAL,17,21
inu.39000005677013,78,11,0,four,CARDINAL,26,30
inu.39000005677013,78,19,0,next day,DATE,33,41
inu.39000005677013,78,21,0,a night,TIME,11,18
inu.39000005677013,78,23,0,W. DAYCHILD,PERSON,0,11
inu.39000005677013,78,24,0,four,CARDINAL,24,28
inu.39000005677013,78,24,1,South,LOC,72,77
inu.39000005677013,79,4,0,four,CARDINAL,23,27
inu.39000005677013,79,11,0,a Victory Dance,EVENT,15,30
inu.39000005677013,79,12,0,all night,TIME,13,22
inu.39000005677013,80,4,0,Eve Power,PERSON,63,72
inu.39000005677013,81,2,0,Baby,PERSON,35,39
inu.39000005677013,81,4,0,Baby,PERSON,53,57
inu.39000005677013,81,6,0,Baby,PERSON,20,24
inu.39000005677013,82,3,0,night,TIME,33,38
inu.39000005677013,82,4,0,night,TIME,3,8
inu.39000005677013,83,0,0,Only One,CARDINAL,0,8
inu.39000005677013,83,2,0,two,CARDINAL,37,40
inu.39000005677013,83,3,0,two,CARDINAL,11,14
inu.39000005677013,83,5,0,East,LOC,31,35
inu.39000005677013,83,8,0,one,CARDINAL,10,13
inu.39000005677013,83,24,0,two days,DATE,3,11
inu.39000005677013,83,30,0,overnight,TIME,38,47
inu.39000005677013,84,24,0,Only One Who Lives,PERSON,19,37
inu.39000005677013,84,25,0,night,TIME,48,53
inu.39000005677013,84,26,0,Medicine Men,NORP,44,56
inu.39000005677013,84,28,0,Medicine Men,NORP,48,60
inu.39000005677013,84,30,0,Tribe,NORP,12,17
inu.39000005677013,84,36,0,One,CARDINAL,0,3
inu.39000005677013,85,5,0,four,CARDINAL,27,31
inu.39000005677013,85,6,0,fourth,ORDINAL,21,27
inu.39000005677013,85,6,1,one,CARDINAL,48,51
inu.39000005677013,85,8,0,one,CARDINAL,31,34
inu.39000005677013,85,10,0,four,CARDINAL,14,18
inu.39000005677013,85,13,0,fourth,ORDINAL,39,45
inu.39000005677013,85,13,1,twelve,CARDINAL,66,72
inu.39000005677013,85,16,0,One,CARDINAL,0,3
inu.39000005677013,85,18,0,the darkest,TIME,22,33
inu.39000005677013,85,21,0,the night,TIME,17,26
inu.39000005677013,85,24,0,Tribe,ORG,38,43
inu.39000005677013,85,25,0,"Early In The Wakening, Spring",DATE,42,71
inu.39000005677013,85,26,0,"the Middle Of When Everything Is Mild And Gentle, Summer",DATE,14,70
inu.39000005677013,85,31,0,the Medicine Man,PERSON,64,80
inu.39000005677013,86,2,0,tonight,DATE,21,28
inu.39000005677013,86,2,1,tomorrow,DATE,34,42
inu.39000005677013,86,11,0,a day,DATE,71,76
inu.39000005677013,86,11,1,second,ORDINAL,94,100
inu.39000005677013,86,12,0,Enemy,ORG,26,31
inu.39000005677013,86,15,0,one,CARDINAL,29,32
inu.39000005677013,86,15,1,one,CARDINAL,58,61
inu.39000005677013,86,17,0,the Medicine Man,PERSON,5,21
inu.39000005677013,86,19,0,The Medicine Man,PERSON,0,16
inu.39000005677013,86,21,0,morning,TIME,18,25
inu.39000005677013,86,24,0,Enemy,ORG,5,10
inu.39000005677013,86,27,0,The Medicine Man of Enemy,PERSON,0,25
inu.39000005677013,86,32,0,one,CARDINAL,33,36
inu.39000005677013,87,0,0,the day,DATE,0,7
inu.39000005677013,87,4,0,Two,CARDINAL,0,3
inu.39000005677013,87,5,0,four,CARDINAL,54,58
inu.39000005677013,87,6,0,Tribes,NORP,52,58
inu.39000005677013,87,7,0,The Medicine Man,PERSON,0,16
inu.39000005677013,87,8,0,The Medicine Man,PERSON,0,16
inu.39000005677013,87,8,1,four nights,DATE,24,35
inu.39000005677013,87,10,0,four,CARDINAL,6,10
inu.39000005677013,87,12,0,one,CARDINAL,40,43
inu.39000005677013,87,14,0,one,CARDINAL,8,11
inu.39000005677013,87,22,0,Tribes,NORP,6,12
inu.39000005677013,87,22,1,the People of Only One Who Lives,ORG,51,83
inu.39000005677013,87,23,0,Tribes,NORP,34,40
inu.39000005677013,88,2,0,People,ORG,36,42
inu.39000005677013,88,9,0,one day,DATE,7,14
inu.39000005677013,89,11,0,every day,DATE,45,54
inu.39000005677013,90,0,0,Singing For Mother Earth,WORK_OF_ART,0,24
inu.39000005677013,90,3,0,one,CARDINAL,5,8
inu.39000005677013,90,6,0,year,DATE,61,65
inu.39000005677013,90,6,1,year,DATE,72,76
inu.39000005677013,90,13,0,Enemy,ORG,82,87
inu.39000005677013,90,14,0,Enemy,ORG,10,15
inu.39000005677013,90,15,0,Enemy,ORG,4,9
inu.39000005677013,90,17,0,Singer,PERSON,15,21
inu.39000005677013,90,19,0,summer,DATE,29,35
inu.39000005677013,90,19,1,all night,TIME,68,77
inu.39000005677013,90,19,2,night,TIME,113,118
inu.39000005677013,90,24,0,Earth,LOC,39,44
inu.39000005677013,90,26,0,night,TIME,28,33
inu.39000005677013,90,26,1,Cricket,PERSON,66,73
inu.39000005677013,91,1,0,Indian,NORP,28,34
inu.39000005677013,92,0,0,April,DATE,149,154
inu.39000005677013,92,0,1,August,DATE,192,198
inu.39000005677013,92,2,0,Ni-chi-mos,PERSON,24,34
inu.39000005677013,92,5,0,Four,CARDINAL,0,4
inu.39000005677013,93,0,0,Four,CARDINAL,459,463
inu.39000005677013,93,0,1,Four,CARDINAL,472,476
inu.39000005677013,93,1,0,New day,DATE,0,7
inu.39000005677013,93,1,1,December,DATE,126,134
inu.39000005677013,93,5,0,February Ki-se-pi-sim,PERSON,54,75
inu.39000005677013,93,5,1,Kindness Moon,PERSON,193,206
inu.39000005677013,94,1,0,January,DATE,126,133
inu.39000005677013,94,1,1,July,DATE,134,138
inu.39000005677013,94,1,2,June,DATE,139,143
inu.39000005677013,94,1,3,June,DATE,144,148
inu.39000005677013,94,1,4,March,DATE,217,222
inu.39000005677013,94,2,0,Flathead Tribe,ORG,9,23
inu.39000005677013,94,3,0,late evening,TIME,33,45
inu.39000005677013,94,3,1,early morning,TIME,50,63
inu.39000005677013,94,4,0,One,CARDINAL,0,3
inu.39000005677013,94,4,1,Ones,CARDINAL,20,24
inu.39000005677013,95,1,0,October,DATE,47,54
inu.39000005677013,95,1,1,September,DATE,502,511
inu.39000005677013,95,1,2,Half day,TIME,962,970
inu.39000005677013,95,2,0,Son of,PERSON,226,232
inu.39000005677013,95,2,1,Spring,DATE,252,258
inu.39000005677013,95,3,0,Winter,DATE,16,22
inu.39000005677013,95,3,1,Summer,DATE,38,44
inu.39000005677013,95,3,2,Medicine Lodge,FAC,107,121
inu.39000005677013,96,1,0,Kis-si-peu-nok,PERSON,10,24
inu.39000005677013,96,1,1,Yo-tin E-pi-pok,PERSON,63,78
inu.39000005677013,97,0,0,CREE,NORP,11,15
inu.39000005677013,97,1,0,Cree,NORP,4,8
inu.39000005677013,97,2,0,ChippewaCree people,NORP,7,26
inu.39000005677013,97,2,1,Montana,GPE,30,37
inu.39000005677013,97,2,2,the Rocky Boy's Reservation,LOC,41,68
inu.39000005677013,97,2,3,Cree,NORP,80,84
inu.39000005677013,97,2,4,Canada,GPE,95,101
inu.39000005677013,97,3,0,Today,DATE,0,5
inu.39000005677013,97,3,1,Cree,NORP,10,14
inu.39000005677013,97,4,0,Cree,LANGUAGE,72,76
inu.39000005677013,97,7,0,Cree,NORP,4,8
inu.39000005677013,97,8,0,Cree,NORP,51,55
inu.39000005677013,97,8,1,nine,CARDINAL,79,83
inu.39000005677013,97,8,2,ten,CARDINAL,118,121
inu.39000005677013,97,9,0,one,CARDINAL,28,31
inu.39000005677013,97,9,1,four,CARDINAL,39,43
inu.39000005677013,97,10,0,Cree,NORP,4,8
inu.39000005677013,104,0,0,1,CARDINAL,0,1
inu.39000005677013,104,0,1,1,CARDINAL,2,3
inu.39000005677013,105,0,0,3 9000 005,CARDINAL,22,32
inu.39000005677013,105,0,1,POCKET DENCO,GPE,66,78
