vol_id,page,sentence_id,ent_id,entity,entity_type,start_char,end_char
inu.30000039883966,1,0,0,1985,DATE,33,37
inu.30000039883966,1,0,1,ABENAKI,NORP,48,55
inu.30000039883966,1,0,2,HAMONNES,PERSON,64,72
inu.30000039883966,1,1,0,JOSEPH BRUCHAC,PERSON,11,25
inu.30000039883966,1,1,1,KAHIONHES,PERSON,41,50
inu.30000039883966,3,0,0,ABENAKI,NORP,25,32
inu.30000039883966,3,0,1,Bry,PERSON,88,91
inu.30000039883966,3,0,2,1985,DATE,92,96
inu.30000039883966,3,0,3,Joseph Bruchac,PERSON,108,122
inu.30000039883966,3,0,4,Kahionhes Bowman Books,ORG,138,160
inu.30000039883966,3,0,5,Greenfield Center,ORG,161,178
inu.30000039883966,3,0,6,New York,GPE,180,188
inu.30000039883966,3,0,7,1985,DATE,189,193
inu.30000039883966,4,0,0,Gluskabi Steals Tobacco,WORK_OF_ART,1,24
inu.30000039883966,4,0,1,"Parabola,",ORG,44,53
inu.30000039883966,4,0,2,The Magazine of Myth and Tradition,ORG,54,88
inu.30000039883966,4,1,0,1985,DATE,26,30
inu.30000039883966,4,1,1,John Kahionhes Fadden,PERSON,34,55
inu.30000039883966,4,1,2,1985,DATE,68,72
inu.30000039883966,4,1,3,Joseph Bruchac,PERSON,76,90
inu.30000039883966,4,1,4,the United States of America,GPE,127,155
inu.30000039883966,4,1,5,Kathryn King,PERSON,186,198
inu.30000039883966,4,1,6,"McNaughton and Gunn, Inc.",ORG,219,244
inu.30000039883966,4,2,0,Bowman Books,ORG,0,12
inu.30000039883966,4,2,1,The Greenfield Review Press,ORG,13,40
inu.30000039883966,4,2,2,80,CARDINAL,53,55
inu.30000039883966,4,2,3,Greenfield Center,GPE,56,73
inu.30000039883966,4,2,4,NY,GPE,75,77
inu.30000039883966,9,0,0,The Coming of Gluskabi,WORK_OF_ART,34,56
inu.30000039883966,9,0,1,23,CARDINAL,192,194
inu.30000039883966,11,0,0,PREFACE,PERSON,0,7
inu.30000039883966,11,0,1,the St. Francis,NORP,34,49
inu.30000039883966,11,0,2,Red Men,NORP,118,125
inu.30000039883966,11,0,3,New England,LOC,181,192
inu.30000039883966,11,0,4,Vermont,GPE,296,303
inu.30000039883966,11,2,0,Abenaquis,NORP,47,56
inu.30000039883966,11,2,1,Mohicans,NORP,84,92
inu.30000039883966,11,4,0,John Perry,PERSON,0,10
inu.30000039883966,11,4,1,Swanton,GPE,25,32
inu.30000039883966,11,4,2,Vermont,GPE,34,41
inu.30000039883966,11,5,0,1860,DATE,0,4
inu.30000039883966,11,5,1,Bailey Library,ORG,41,55
inu.30000039883966,11,5,2,University of Vermont,ORG,57,78
inu.30000039883966,11,7,0,Abenakis,NORP,6,14
inu.30000039883966,11,7,1,Vermont,GPE,18,25
inu.30000039883966,11,8,0,John Perry,PERSON,14,24
inu.30000039883966,11,8,1,Swanton,GPE,52,59
inu.30000039883966,11,8,2,Vermont,GPE,76,83
inu.30000039883966,11,8,3,about 1860,DATE,84,94
inu.30000039883966,11,8,4,several hundred,CARDINAL,107,122
inu.30000039883966,11,8,5,Abenaki,NORP,123,130
inu.30000039883966,11,9,0,Back Bay,LOC,78,86
inu.30000039883966,11,10,0,Indian,NORP,49,55
inu.30000039883966,11,10,1,Missisquoi River,LOC,72,88
inu.30000039883966,11,11,0,1800,DATE,10,14
inu.30000039883966,11,11,1,Abenaki,NORP,19,26
inu.30000039883966,11,11,2,Quebec,GPE,30,36
inu.30000039883966,11,11,3,New York,GPE,38,46
inu.30000039883966,11,11,4,New Hampshire,GPE,48,61
inu.30000039883966,11,11,5,Maine,GPE,74,79
inu.30000039883966,11,12,0,Odanak [,ORG,38,46
inu.30000039883966,11,12,1,Becancour,GPE,60,69
inu.30000039883966,11,12,2,Durham,GPE,71,77
inu.30000039883966,11,12,3,Coleraine,GPE,82,91
inu.30000039883966,11,12,4,Quebec,GPE,95,101
inu.30000039883966,11,13,0,Penobscots,NORP,18,28
inu.30000039883966,11,13,1,Passamaquoddys,NORP,30,44
inu.30000039883966,11,13,2,Malecites,NORP,46,55
inu.30000039883966,11,13,3,Micmacs,NORP,57,64
inu.30000039883966,11,13,4,Nipmucs,NORP,66,73
inu.30000039883966,11,13,5,Algonkins,NORP,75,84
inu.30000039883966,11,13,6,Mahicans,NORP,89,97
inu.30000039883966,11,13,7,today,DATE,132,137
inu.30000039883966,11,13,8,Canada,GPE,168,174
inu.30000039883966,11,13,9,US,GPE,183,185
inu.30000039883966,11,14,0,non-Indians,NORP,44,55
inu.30000039883966,11,14,1,Indian,NORP,111,117
inu.30000039883966,11,14,2,Indian,NORP,148,154
inu.30000039883966,11,14,3,Americas,LOC,192,200
inu.30000039883966,11,15,0,the 1970s,DATE,3,12
inu.30000039883966,11,15,1,Missisquoi Abenaki,NORP,22,40
inu.30000039883966,11,15,2,Vermont,GPE,67,74
inu.30000039883966,11,15,3,over two hundred years,DATE,88,110
inu.30000039883966,11,16,0,"1,500",CARDINAL,19,24
inu.30000039883966,11,16,1,John Perry's,PERSON,101,113
inu.30000039883966,11,16,2,Swanton,GPE,114,121
inu.30000039883966,11,16,3,the 19th and 20th centuries,DATE,136,163
inu.30000039883966,11,17,0,Missisquoi Abenaki,NORP,4,22
inu.30000039883966,11,17,1,New England,LOC,90,101
inu.30000039883966,11,17,2,Indian,NORP,102,108
inu.30000039883966,11,17,3,1760,DATE,117,121
inu.30000039883966,11,18,0,Indians,NORP,29,36
inu.30000039883966,11,18,1,Indian,NORP,84,90
inu.30000039883966,11,19,0,British,NORP,47,54
inu.30000039883966,11,19,1,American,NORP,80,88
inu.30000039883966,11,19,2,Canadian,NORP,93,101
inu.30000039883966,11,20,0,Vermont,GPE,3,10
inu.30000039883966,11,20,1,New Hampshire,GPE,15,28
inu.30000039883966,12,0,0,Abenakis,NORP,4,12
inu.30000039883966,12,0,1,Missisquoi,GPE,20,30
inu.30000039883966,12,0,2,one,CARDINAL,41,44
inu.30000039883966,12,0,3,1760,DATE,96,100
inu.30000039883966,12,1,0,the United States,GPE,66,83
inu.30000039883966,12,1,1,Abenakis,NORP,89,97
inu.30000039883966,12,1,2,the years,DATE,166,175
inu.30000039883966,12,1,3,the Revolution,EVENT,186,200
inu.30000039883966,12,1,4,Vermont,GPE,215,222
inu.30000039883966,12,2,0,1975,DATE,39,43
inu.30000039883966,12,2,1,Indians,NORP,63,70
inu.30000039883966,12,2,2,Vermont,GPE,87,94
inu.30000039883966,12,2,3,1800,DATE,101,105
inu.30000039883966,12,2,4,Missisquoi,NORP,141,151
inu.30000039883966,12,3,0,these days,DATE,9,19
inu.30000039883966,12,4,0,Indian,NORP,23,29
inu.30000039883966,12,7,0,Missisquoi,LOC,108,118
inu.30000039883966,12,9,0,Indian,NORP,32,38
inu.30000039883966,12,11,0,first,ORDINAL,25,30
inu.30000039883966,12,11,1,Vermont,GPE,60,67
inu.30000039883966,12,11,2,New Hampshire,GPE,69,82
inu.30000039883966,12,11,3,Maine,GPE,87,92
inu.30000039883966,12,11,4,Abenakis,NORP,138,146
inu.30000039883966,12,12,0,the 1950s,DATE,6,15
inu.30000039883966,12,12,1,Vermont,GPE,44,51
inu.30000039883966,12,12,2,1800,DATE,81,85
inu.30000039883966,12,13,0,Abenakis,NORP,56,64
inu.30000039883966,12,13,1,today,DATE,79,84
inu.30000039883966,12,13,2,several thousand years,DATE,101,123
inu.30000039883966,12,14,0,Indian,NORP,31,37
inu.30000039883966,12,14,1,Vermont,GPE,50,57
inu.30000039883966,12,14,2,"at least 11,000 years",DATE,106,127
inu.30000039883966,12,16,0,Abenaki,NORP,43,50
inu.30000039883966,12,16,1,Penobscot,NORP,52,61
inu.30000039883966,12,16,2,Passamaquoddy,NORP,63,76
inu.30000039883966,12,16,3,Malecite,NORP,78,86
inu.30000039883966,12,16,4,Micmac,NORP,91,97
inu.30000039883966,12,17,0,Vermont,GPE,68,75
inu.30000039883966,12,17,1,New Hampshire,GPE,77,90
inu.30000039883966,12,17,2,Maine,GPE,92,97
inu.30000039883966,12,17,3,Quebec,GPE,99,105
inu.30000039883966,12,17,4,New Brunswick,GPE,107,120
inu.30000039883966,12,17,5,Nova Scotia,GPE,125,136
inu.30000039883966,12,18,0,Wobanaki,LOC,32,40
inu.30000039883966,12,18,1,the Dawn Land,LOC,43,56
inu.30000039883966,12,18,2,Ndakinna,LOC,62,70
inu.30000039883966,12,19,0,One,CARDINAL,0,3
inu.30000039883966,12,19,1,Vermont,GPE,39,46
inu.30000039883966,12,19,2,Odzihozo,NORP,60,68
inu.30000039883966,12,19,3,Champlain Valley,LOC,179,195
inu.30000039883966,12,19,4,New York,GPE,204,212
inu.30000039883966,12,19,5,Vermont,GPE,217,224
inu.30000039883966,12,20,0,the last ice age,DATE,58,74
inu.30000039883966,12,20,1,Indian,NORP,114,120
inu.30000039883966,12,21,0,Odzihozo,PERSON,4,12
inu.30000039883966,12,21,1,Odzihosqua,PERSON,14,24
inu.30000039883966,12,21,2,today,DATE,81,86
inu.30000039883966,12,21,3,Lake Champlain,LOC,126,140
inu.30000039883966,12,23,0,Abenaki,NORP,107,114
inu.30000039883966,12,23,1,these many thousands of years,DATE,133,162
inu.30000039883966,12,24,0,Abenaki,NORP,53,60
inu.30000039883966,12,24,1,Tabaldak,PERSON,107,115
inu.30000039883966,13,0,0,Wobanaki,NORP,68,76
inu.30000039883966,13,2,0,Abenakis,NORP,56,64
inu.30000039883966,13,3,0,John Perry's,PERSON,32,44
inu.30000039883966,13,5,0,Abenaki,NORP,4,11
inu.30000039883966,13,5,1,the 20th century,DATE,26,42
inu.30000039883966,13,7,0,non-Indian,NORP,146,156
inu.30000039883966,13,7,1,Vermont,GPE,167,174
inu.30000039883966,13,8,0,Abenaki,NORP,22,29
inu.30000039883966,13,10,0,Cree,NORP,11,15
inu.30000039883966,13,10,1,winter,DATE,91,97
inu.30000039883966,13,11,0,Wobanaki,NORP,57,65
inu.30000039883966,13,11,1,thousands of years,DATE,90,108
inu.30000039883966,13,11,2,the last four hundred years,DATE,118,145
inu.30000039883966,13,11,3,winter,DATE,149,155
inu.30000039883966,13,13,0,the People of the Dawn,WORK_OF_ART,15,37
inu.30000039883966,13,15,0,Odziohozo,PERSON,11,20
inu.30000039883966,13,15,1,Gluscabe,PERSON,22,30
inu.30000039883966,13,15,2,Pedewadso,PERSON,36,45
inu.30000039883966,13,17,0,the Dawn Land,LOC,59,72
inu.30000039883966,13,22,0,JOHN MOODY,PERSON,0,10
inu.30000039883966,13,22,1,Sharon,GPE,11,17
inu.30000039883966,13,22,2,Vermont,GPE,19,26
inu.30000039883966,15,0,0,FOREWORD,PERSON,0,8
inu.30000039883966,15,0,1,Abenaki,NORP,71,78
inu.30000039883966,15,1,0,Abenaki,NORP,17,24
inu.30000039883966,15,1,1,Europeans,NORP,58,67
inu.30000039883966,15,1,2,North American,NORP,95,109
inu.30000039883966,15,2,0,Ndakinna,LOC,0,8
inu.30000039883966,15,2,1,Abenaki,NORP,38,45
inu.30000039883966,15,2,2,Vermont,GPE,56,63
inu.30000039883966,15,2,3,the United States,GPE,150,167
inu.30000039883966,15,2,4,Maine,GPE,176,181
inu.30000039883966,15,2,5,New Hampshire,GPE,183,196
inu.30000039883966,15,2,6,Vermont,GPE,201,208
inu.30000039883966,15,3,0,European,NORP,51,59
inu.30000039883966,15,3,1,Abenakis,NORP,75,83
inu.30000039883966,15,4,0,Centuries,DATE,0,9
inu.30000039883966,15,4,1,Indians,NORP,44,51
inu.30000039883966,15,4,2,Europeans,NORP,60,69
inu.30000039883966,15,4,3,European,NORP,93,101
inu.30000039883966,15,4,4,Abenaki,NORP,172,179
inu.30000039883966,15,4,5,at least 13,CARDINAL,199,210
inu.30000039883966,15,5,0,Today,DATE,0,5
inu.30000039883966,15,5,1,Penobscot,NORP,16,25
inu.30000039883966,15,5,2,Passamaquoddy,NORP,30,43
inu.30000039883966,15,5,3,Native American,NORP,62,77
inu.30000039883966,15,5,4,Maine,GPE,137,142
inu.30000039883966,15,6,0,Maine,GPE,30,35
inu.30000039883966,15,6,1,the 1700s,DATE,39,48
inu.30000039883966,15,6,2,Abenaki,NORP,68,75
inu.30000039883966,15,6,3,Canada,GPE,92,98
inu.30000039883966,15,6,4,Odanak,LOC,124,130
inu.30000039883966,15,6,5,the St. Francis River,LOC,134,155
inu.30000039883966,15,6,6,Quebec Province,GPE,159,174
inu.30000039883966,15,6,7,"the ""St. Francis",NORP,213,229
inu.30000039883966,15,7,0,Abenaki,NORP,21,28
inu.30000039883966,15,7,1,New Hampshire,GPE,133,146
inu.30000039883966,15,7,2,Vermont,GPE,148,155
inu.30000039883966,15,7,3,New York,GPE,175,183
inu.30000039883966,15,7,4,Abenaki,NORP,206,213
inu.30000039883966,15,7,5,Lake George,LOC,234,245
inu.30000039883966,15,8,0,Swanton,GPE,3,10
inu.30000039883966,15,8,1,Vermont,GPE,12,19
inu.30000039883966,15,8,2,Abenaki,NORP,38,45
inu.30000039883966,15,8,3,Mississquoi,NORP,60,71
inu.30000039883966,15,8,4,the People of the Dawn,ORG,118,140
inu.30000039883966,15,8,5,many years,DATE,235,245
inu.30000039883966,15,8,6,Native Americans,NORP,292,308
inu.30000039883966,15,8,7,the United States,GPE,337,354
inu.30000039883966,15,8,8,non-Indians,NORP,365,376
inu.30000039883966,15,10,0,Abenaki,NORP,90,97
inu.30000039883966,15,12,0,Lakota,NORP,35,41
inu.30000039883966,15,12,1,Sitting Bull,PERSON,49,61
inu.30000039883966,15,12,2,Indians,NORP,99,106
inu.30000039883966,15,13,0,Native American,NORP,0,15
inu.30000039883966,15,14,0,one,CARDINAL,82,85
inu.30000039883966,15,16,0,Indian,NORP,111,117
inu.30000039883966,16,0,0,many years,DATE,45,55
inu.30000039883966,16,0,1,first,ORDINAL,56,61
inu.30000039883966,16,0,2,the United States,GPE,114,131
inu.30000039883966,16,1,0,one,CARDINAL,16,19
inu.30000039883966,16,2,0,one,CARDINAL,4,7
inu.30000039883966,16,12,0,Gluskabi,PERSON,31,39
inu.30000039883966,16,12,1,Abenaki,NORP,63,70
inu.30000039883966,16,13,0,those early days,DATE,49,65
inu.30000039883966,16,13,1,Tabaldak,PERSON,82,90
inu.30000039883966,16,13,2,only yesterday,DATE,129,143
inu.30000039883966,16,14,0,Gluskabi,PERSON,12,20
inu.30000039883966,16,14,1,Woodchuck,PERSON,177,186
inu.30000039883966,16,16,0,the People of the Dawn,WORK_OF_ART,122,144
inu.30000039883966,16,16,1,Gluskabi,PERSON,167,175
inu.30000039883966,16,18,0,Gluskabi,PERSON,22,30
inu.30000039883966,16,18,1,Wabanaki,NORP,145,153
inu.30000039883966,16,19,0,Glooskap,NORP,20,28
inu.30000039883966,16,19,1,Koluskap,NORP,30,38
inu.30000039883966,16,19,2,Gluscabe,NORP,43,51
inu.30000039883966,16,20,0,Abenaki,NORP,18,25
inu.30000039883966,16,20,1,Gordon Day,PERSON,27,37
inu.30000039883966,16,20,2,Gluskabi,PERSON,78,86
inu.30000039883966,16,20,3,Odziozho,PERSON,100,108
inu.30000039883966,16,20,4,Begwadzo,PERSON,210,218
inu.30000039883966,16,21,0,the years,DATE,38,47
inu.30000039883966,16,21,1,Wabanaki,NORP,165,173
inu.30000039883966,18,0,0,KAHIONHES,PERSON,1,10
inu.30000039883966,19,0,0,GLUSKABI Waudjoset,PERSON,14,32
inu.30000039883966,19,3,0,Gluskabi,PERSON,23,31
inu.30000039883966,19,4,0,Tabaldak,PERSON,6,14
inu.30000039883966,19,5,0,Gluskabi,PERSON,15,23
inu.30000039883966,19,7,0,Abenaki,NORP,26,33
inu.30000039883966,19,7,1,Gluskabi,PERSON,46,54
inu.30000039883966,19,8,0,Tabaldak,PERSON,26,34
inu.30000039883966,19,9,0,Gluskabi,PERSON,5,13
inu.30000039883966,19,11,0,Gluskabi,PERSON,5,13
inu.30000039883966,19,13,0,Gluskabi,PERSON,43,51
inu.30000039883966,19,20,0,Gluskabi,PERSON,11,19
inu.30000039883966,20,0,0,Gluskabi,PERSON,5,13
inu.30000039883966,20,2,0,Gluskabi,PERSON,8,16
inu.30000039883966,20,3,0,Gluskabi,PERSON,5,13
inu.30000039883966,20,5,0,Gluskabi,PERSON,0,8
inu.30000039883966,20,10,0,Gluskabi,PERSON,16,24
inu.30000039883966,20,11,0,Gluskabi,PERSON,30,38
inu.30000039883966,20,12,0,Gluskabi,PERSON,15,23
inu.30000039883966,20,15,0,Gluskabi,PERSON,15,23
inu.30000039883966,20,16,0,Gluskabi,PERSON,19,27
inu.30000039883966,20,19,0,Gluskabi,PERSON,7,15
inu.30000039883966,20,20,0,2,CARDINAL,0,1
inu.30000039883966,23,0,0,GLUSKABI,PERSON,0,8
inu.30000039883966,23,1,0,Gluskabi,PERSON,9,17
inu.30000039883966,23,3,0,Gluskabi,PERSON,60,68
inu.30000039883966,23,6,0,Gluskabi,PERSON,16,24
inu.30000039883966,23,8,0,Woodchuck,PERSON,84,93
inu.30000039883966,23,10,0,Woodchuck,PERSON,15,24
inu.30000039883966,23,12,0,Gluskabi,PERSON,24,32
inu.30000039883966,23,14,0,Woodchuck,PERSON,20,29
inu.30000039883966,23,16,0,Gluskabi,PERSON,4,12
inu.30000039883966,23,17,0,Grandmother,PERSON,26,37
inu.30000039883966,23,18,0,Woodchuck,PERSON,16,25
inu.30000039883966,23,20,0,Gluskabi,PERSON,4,12
inu.30000039883966,23,22,0,Gluskabi,PERSON,5,13
inu.30000039883966,23,22,1,Woodchuck,PERSON,33,42
inu.30000039883966,23,24,0,Gluskabi,PERSON,5,13
inu.30000039883966,23,25,0,5,CARDINAL,62,63
inu.30000039883966,24,0,0,Woodchuck,PERSON,15,24
inu.30000039883966,24,1,0,this day,DATE,3,11
inu.30000039883966,24,5,0,Gluskabi,PERSON,4,12
inu.30000039883966,24,8,0,Gluskabi,PERSON,4,12
inu.30000039883966,24,14,0,Gluskabi,PERSON,32,40
inu.30000039883966,24,15,0,Gluskabi,PERSON,1,9
inu.30000039883966,24,18,0,Gluskabi,PERSON,0,8
inu.30000039883966,24,26,0,Gluskabi,PERSON,45,53
inu.30000039883966,24,27,0,Gluskabi,PERSON,5,13
inu.30000039883966,24,31,0,Woodchuck,PERSON,12,21
inu.30000039883966,24,31,1,Gluskabi,PERSON,29,37
inu.30000039883966,24,33,0,Gluskabi,PERSON,4,12
inu.30000039883966,24,39,0,6,CARDINAL,4,5
inu.30000039883966,25,2,0,Kaamoji,PERSON,1,8
inu.30000039883966,25,2,1,Gluskabi,PERSON,29,37
inu.30000039883966,25,10,0,today,DATE,55,60
inu.30000039883966,25,10,1,Gluskabi,PERSON,69,77
inu.30000039883966,25,10,2,Woodchuck,PERSON,105,114
inu.30000039883966,26,0,0,KAHIONHES,PERSON,1,10
inu.30000039883966,27,0,0,GLUSKABI,PERSON,0,8
inu.30000039883966,27,1,0,Gluskabi,PERSON,10,18
inu.30000039883966,27,1,1,Woodchuck,PERSON,47,56
inu.30000039883966,27,2,0,Gluskabi,PERSON,8,16
inu.30000039883966,27,5,0,Ki yo wah ji neh,PERSON,94,110
inu.30000039883966,27,5,1,Ki yo wah ji neh,PERSON,111,127
inu.30000039883966,27,7,0,Gluskabi,PERSON,11,19
inu.30000039883966,27,7,1,KI YO WAH JI NEH YO HEY HO HEY,PERSON,88,118
inu.30000039883966,27,9,0,Four,CARDINAL,0,4
inu.30000039883966,27,9,1,four,CARDINAL,51,55
inu.30000039883966,28,0,0,Gluskabi,PERSON,15,23
inu.30000039883966,28,1,0,Woodchuck,PERSON,12,21
inu.30000039883966,28,2,0,Gluskabi,PERSON,1,9
inu.30000039883966,28,3,0,Gluskabi,PERSON,5,13
inu.30000039883966,28,5,0,Woodchuck,PERSON,12,21
inu.30000039883966,28,6,0,Gluskabi,PERSON,5,13
inu.30000039883966,28,12,0,Wuchowsen,PERSON,19,28
inu.30000039883966,28,13,0,Gluskabi,PERSON,28,36
inu.30000039883966,28,16,0,Woodchuck,PERSON,18,27
inu.30000039883966,28,16,1,Gluskabi,PERSON,38,46
inu.30000039883966,28,17,0,Gluskabi,PERSON,5,13
inu.30000039883966,28,21,0,Wuchowsen,PERSON,68,77
inu.30000039883966,28,22,0,Gluskabi,PERSON,31,39
inu.30000039883966,28,29,0,Gluskabi,PERSON,40,48
inu.30000039883966,28,33,0,Gluskabi,PERSON,58,66
inu.30000039883966,28,37,0,10,CARDINAL,32,34
inu.30000039883966,29,1,0,Wuchowsen,PERSON,7,16
inu.30000039883966,29,2,0,Gluskabi,PERSON,0,8
inu.30000039883966,29,6,0,The Wind Eagle,PERSON,0,14
inu.30000039883966,29,8,0,Gluskabi,PERSON,0,8
inu.30000039883966,29,11,0,The Wind Eagle,PERSON,0,14
inu.30000039883966,29,13,0,Gluskabi,PERSON,52,60
inu.30000039883966,29,15,0,Gluskabi,PERSON,0,8
inu.30000039883966,29,18,0,Gluskabi,PERSON,0,8
inu.30000039883966,29,18,1,Wuchowsen,PERSON,37,46
inu.30000039883966,29,19,0,Grandfather,PERSON,49,60
inu.30000039883966,29,22,0,The Wind Eagle,FAC,0,14
inu.30000039883966,29,24,0,Gluskabi,PERSON,0,8
inu.30000039883966,29,28,0,Gluskabi,PERSON,5,13
inu.30000039883966,29,29,0,the Wind Eagle,LOC,128,142
inu.30000039883966,29,30,0,Grandfather,PERSON,7,18
inu.30000039883966,29,31,0,Wuchowsen,PERSON,53,62
inu.30000039883966,29,32,0,Grandfather,PERSON,6,17
inu.30000039883966,29,32,1,Gluskabi,PERSON,20,28
inu.30000039883966,29,32,2,the Wind Eagle,PRODUCT,43,57
inu.30000039883966,29,33,0,the Wind Eagle,PRODUCT,171,185
inu.30000039883966,29,34,0,Gluskabi,PERSON,7,15
inu.30000039883966,30,4,0,Ki yo wah ji neh,PERSON,58,74
inu.30000039883966,30,4,1,Ki yo wah ji neh,PERSON,106,122
inu.30000039883966,30,14,0,Woodchuck,PERSON,12,21
inu.30000039883966,30,14,1,Gluskabi,PERSON,35,43
inu.30000039883966,30,15,0,Gluskabi,PERSON,1,9
inu.30000039883966,30,16,0,Gluskabi,PERSON,4,12
inu.30000039883966,30,18,0,Gluskabi,PERSON,1,9
inu.30000039883966,30,18,1,Woodchuck,PERSON,29,38
inu.30000039883966,30,19,0,Gluskabi,PERSON,5,13
inu.30000039883966,30,19,1,the Wind Eagle,LOC,44,58
inu.30000039883966,30,20,0,Gluskabi,PERSON,5,13
inu.30000039883966,30,20,1,Woodchuck,PERSON,33,42
inu.30000039883966,30,21,0,Tabaldak,PERSON,0,8
inu.30000039883966,30,21,1,the Wind Eagle,PRODUCT,25,39
inu.30000039883966,30,25,0,12,CARDINAL,96,98
inu.30000039883966,31,0,0,KAHIONHES,PERSON,1,10
inu.30000039883966,32,0,0,Gluskabi,PERSON,0,8
inu.30000039883966,32,1,0,Kaamoji,PERSON,1,8
inu.30000039883966,32,8,0,the Wind Eagle,PERSON,38,52
inu.30000039883966,32,9,0,Wuchowsen,PERSON,6,15
inu.30000039883966,32,9,1,the Wind Eagle,PERSON,17,31
inu.30000039883966,32,10,0,Gluskabi,PERSON,9,17
inu.30000039883966,32,11,0,The Wind Eagle,PERSON,0,14
inu.30000039883966,32,13,0,Gluskabi,PERSON,7,15
inu.30000039883966,32,16,0,Gluskabi,PERSON,5,13
inu.30000039883966,32,16,1,the Wind Eagle,PERSON,21,35
inu.30000039883966,32,19,0,Grandfath,PERSON,5,14
inu.30000039883966,32,20,0,Gluskabi,PERSON,5,13
inu.30000039883966,32,21,0,the Wind Eagle,PRODUCT,10,24
inu.30000039883966,32,22,0,Gluskabi,PERSON,9,17
inu.30000039883966,32,23,0,The Wind Eagle,PRODUCT,0,14
inu.30000039883966,32,23,1,Gluskabi,PERSON,25,33
inu.30000039883966,34,0,0,KAHIONNES,PERSON,1,10
inu.30000039883966,35,0,0,GLUSKABI,PERSON,4,12
inu.30000039883966,35,0,1,TOBACCO,PERSON,19,26
inu.30000039883966,35,1,0,Gluskabi,PERSON,10,18
inu.30000039883966,35,1,1,Woodchuck,PERSON,40,49
inu.30000039883966,35,4,0,Gluskabi,PERSON,0,8
inu.30000039883966,35,5,0,Grandson,PERSON,5,13
inu.30000039883966,35,5,1,Tabaldak,PERSON,44,52
inu.30000039883966,35,11,0,Tabaldak,PERSON,56,64
inu.30000039883966,35,12,0,Gluskabi,PERSON,31,39
inu.30000039883966,35,14,0,Grandson,PERSON,5,13
inu.30000039883966,35,14,1,Woodchuck,PERSON,28,37
inu.30000039883966,35,15,0,only one,CARDINAL,9,17
inu.30000039883966,35,21,0,Gluskabi,PERSON,8,16
inu.30000039883966,35,23,0,Gluskabi,PERSON,5,13
inu.30000039883966,35,24,0,Gluskabi,PERSON,33,41
inu.30000039883966,35,27,0,17,CARDINAL,0,2
inu.30000039883966,36,1,0,one,CARDINAL,8,11
inu.30000039883966,36,2,0,Gluskabi,PERSON,33,41
inu.30000039883966,36,3,0,Gluskabi,PERSON,5,13
inu.30000039883966,36,7,0,two,CARDINAL,8,11
inu.30000039883966,36,7,1,Gluskabi,PERSON,23,31
inu.30000039883966,36,9,0,Gluskabi,PERSON,5,13
inu.30000039883966,36,10,0,three,CARDINAL,58,63
inu.30000039883966,36,11,0,Gluskabi,PERSON,4,12
inu.30000039883966,36,13,0,Gluskabi,PERSON,0,8
inu.30000039883966,36,15,0,Gluskabi,PERSON,0,8
inu.30000039883966,36,18,0,Gluskabi,PERSON,65,73
inu.30000039883966,36,19,0,four,CARDINAL,8,12
inu.30000039883966,36,20,0,Gluskabi,PERSON,0,8
inu.30000039883966,36,25,0,Woodchuck,PERSON,12,21
inu.30000039883966,36,27,0,Gluskabi,PERSON,4,12
inu.30000039883966,36,28,0,Gluskabi,PERSON,0,8
inu.30000039883966,36,29,0,Oleohneh,PERSON,1,9
inu.30000039883966,36,31,0,Gluskabi,PERSON,5,13
inu.30000039883966,36,32,0,Grasshopper,LOC,99,110
inu.30000039883966,36,33,0,Gluskabi,PERSON,25,33
inu.30000039883966,36,33,1,18,CARDINAL,40,42
inu.30000039883966,37,0,0,Grasshopper,PERSON,0,11
inu.30000039883966,37,0,1,Grasshopper,PERSON,38,49
inu.30000039883966,37,1,0,Grasshopper,PERSON,30,41
inu.30000039883966,37,2,0,four,CARDINAL,17,21
inu.30000039883966,37,4,0,Grasshopper,PERSON,48,59
inu.30000039883966,37,6,0,Gluskabi,PERSON,0,8
inu.30000039883966,37,7,0,Grasshopper,PERSON,1,12
inu.30000039883966,37,10,0,Gluskabi,PERSON,0,8
inu.30000039883966,37,12,0,Gluskabi,PERSON,0,8
inu.30000039883966,37,14,0,Grasshopper,PERSON,99,110
inu.30000039883966,37,15,0,Gluskabi,PERSON,0,8
inu.30000039883966,37,17,0,Gluskabi,PERSON,0,8
inu.30000039883966,37,21,0,today,DATE,57,62
inu.30000039883966,37,22,0,Gluskabi,PERSON,0,8
inu.30000039883966,37,23,0,Grasshopper,PERSON,47,58
inu.30000039883966,37,26,0,Gluskabi,PERSON,5,13
inu.30000039883966,37,27,0,Woodchuck,PERSON,96,105
inu.30000039883966,37,30,0,Woodchuck,PERSON,12,21
inu.30000039883966,37,31,0,Tabaldak,PERSON,70,78
inu.30000039883966,37,32,0,19,CARDINAL,4,6
inu.30000039883966,38,0,0,KANIONNES Z,PERSON,1,12
inu.30000039883966,39,0,0,Gluskabi,PERSON,48,56
inu.30000039883966,39,1,0,Grasshopper,PERSON,31,42
inu.30000039883966,39,4,0,Gluskabi,PERSON,4,12
inu.30000039883966,39,5,0,Grasshopper,PERSON,39,50
inu.30000039883966,39,6,0,Gluskabi,PERSON,14,22
inu.30000039883966,39,9,0,Grasshopper,PERSON,15,26
inu.30000039883966,39,9,1,Grasshopper,PERSON,49,60
inu.30000039883966,39,10,0,Grasshopper,PERSON,10,21
inu.30000039883966,39,11,0,Gluskabi,PERSON,4,12
inu.30000039883966,39,14,0,first,ORDINAL,23,28
inu.30000039883966,39,16,0,Grasshopper,PERSON,0,11
inu.30000039883966,39,16,1,Gluskabi,PERSON,33,41
inu.30000039883966,39,17,0,Grasshopper,PERSON,0,11
inu.30000039883966,39,19,0,Gluskabi,PERSON,4,12
inu.30000039883966,39,23,0,Gluskabi,NORP,61,69
inu.30000039883966,39,23,1,Tabaldak,PERSON,124,132
inu.30000039883966,39,24,0,Grasshopper,PERSON,7,18
inu.30000039883966,39,24,1,Gluskabi,PERSON,50,58
inu.30000039883966,39,25,0,Gluskabi,PERSON,42,50
inu.30000039883966,39,27,0,21,CARDINAL,0,2
inu.30000039883966,41,0,0,GLUSKABI,PERSON,0,8
inu.30000039883966,41,1,0,Gluskabi,PERSON,6,14
inu.30000039883966,41,1,1,Woodchuck,PERSON,44,53
inu.30000039883966,41,2,0,Gluskabi,PERSON,8,16
inu.30000039883966,41,6,0,Gluskabi,PERSON,5,13
inu.30000039883966,41,7,0,those days,DATE,3,13
inu.30000039883966,41,7,1,Gluskabi,PERSON,57,65
inu.30000039883966,41,10,0,one,CARDINAL,114,117
inu.30000039883966,41,15,0,Gluskabi,PERSON,0,8
inu.30000039883966,41,16,0,today,DATE,34,39
inu.30000039883966,41,16,1,Gluskabi,PERSON,83,91
inu.30000039883966,41,20,0,Gluskabi,PERSON,14,22
inu.30000039883966,41,21,0,23,CARDINAL,0,2
inu.30000039883966,42,0,0,Tabaldak,NORP,71,79
inu.30000039883966,42,1,0,Gluskabi,PERSON,22,30
inu.30000039883966,42,5,0,Aglebemu,PERSON,12,20
inu.30000039883966,42,7,0,Gluskabi,PERSON,4,12
inu.30000039883966,42,8,0,Aglebemu,LOC,23,31
inu.30000039883966,42,11,0,Gluskabi,PERSON,46,54
inu.30000039883966,42,12,0,one,CARDINAL,28,31
inu.30000039883966,42,16,0,Gluskabi,PERSON,3,11
inu.30000039883966,42,22,0,one,CARDINAL,26,29
inu.30000039883966,42,23,0,Gluskabi,PERSON,37,45
inu.30000039883966,42,25,0,Gluskabi,PERSON,4,12
inu.30000039883966,42,25,1,first,ORDINAL,32,37
inu.30000039883966,42,29,0,24,CARDINAL,0,2
inu.30000039883966,43,0,0,Gluskabi,PERSON,4,12
inu.30000039883966,43,5,0,Aglebemu,PERSON,46,54
inu.30000039883966,43,6,0,Gluskabi,PERSON,4,12
inu.30000039883966,43,8,0,only two,CARDINAL,5,13
inu.30000039883966,43,8,1,Aglebemu,PERSON,80,88
inu.30000039883966,43,9,0,Aglebemu,PERSON,0,8
inu.30000039883966,43,13,0,Gluskabi,PERSON,0,8
inu.30000039883966,43,15,0,Aglebemu,PERSON,4,12
inu.30000039883966,43,15,1,Gluskabi,PERSON,57,65
inu.30000039883966,43,16,0,Gluskabi,PERSON,0,8
inu.30000039883966,43,18,0,one,CARDINAL,26,29
inu.30000039883966,43,18,1,Aglebemu,PERSON,46,54
inu.30000039883966,43,20,0,Aglebemu,PERSON,29,37
inu.30000039883966,43,20,1,Gluskabi,PERSON,74,82
inu.30000039883966,43,21,0,Gluskabi,PERSON,7,15
inu.30000039883966,43,22,0,Aglebemu,PERSON,4,12
inu.30000039883966,43,22,1,Gluskabi,PERSON,41,49
inu.30000039883966,43,24,0,Gluskabi,PERSON,3,11
inu.30000039883966,43,25,0,night,TIME,135,140
inu.30000039883966,43,25,1,Gluskabi,PERSON,156,164
inu.30000039883966,43,27,0,Gluskabi,PERSON,5,13
inu.30000039883966,43,29,0,25,CARDINAL,46,48
inu.30000039883966,44,4,0,Abenaki,NORP,22,29
inu.30000039883966,44,5,0,26,CARDINAL,0,2
inu.30000039883966,46,0,0,KAHIONHES,PERSON,1,10
inu.30000039883966,47,0,0,GLUSKABI,PERSON,4,12
inu.30000039883966,47,1,0,Gluskabi,PERSON,0,8
inu.30000039883966,47,2,0,Woodchuck,PERSON,39,48
inu.30000039883966,47,3,0,Grandson,PERSON,1,9
inu.30000039883966,47,4,0,"a hard, hard winter",DATE,12,31
inu.30000039883966,47,8,0,Gluskabi,PERSON,0,8
inu.30000039883966,47,11,0,Winter,DATE,15,21
inu.30000039883966,47,11,1,Gluskabi,PERSON,24,32
inu.30000039883966,47,12,0,Grandson,PERSON,11,19
inu.30000039883966,47,13,0,Pebunki,LOC,41,48
inu.30000039883966,47,15,0,Winter,DATE,26,32
inu.30000039883966,47,17,0,Gluskabi,PERSON,52,60
inu.30000039883966,47,18,0,two,CARDINAL,9,12
inu.30000039883966,47,18,1,two,CARDINAL,34,37
inu.30000039883966,47,18,2,two,CARDINAL,60,63
inu.30000039883966,47,19,0,Woodchuck,PERSON,12,21
inu.30000039883966,47,19,1,Gluskabi,PERSON,29,37
inu.30000039883966,47,21,0,Gluskabi,PERSON,0,8
inu.30000039883966,47,22,0,Gluskabi,PERSON,5,13
inu.30000039883966,47,26,0,Gluskabi,PERSON,25,33
inu.30000039883966,47,26,1,29,CARDINAL,40,42
inu.30000039883966,48,6,0,Gluskabi,PERSON,22,30
inu.30000039883966,48,11,0,Gluskabi,PERSON,0,8
inu.30000039883966,48,12,0,Kuai,PERSON,1,5
inu.30000039883966,48,12,1,Gluskabi,PERSON,13,21
inu.30000039883966,48,13,0,Kuai,PERSON,1,5
inu.30000039883966,48,13,1,Gluskabi,PERSON,54,62
inu.30000039883966,48,14,0,Gluskabi,PERSON,13,21
inu.30000039883966,48,16,0,Gluskabi,PERSON,15,23
inu.30000039883966,48,18,0,Gluskabi,PERSON,39,47
inu.30000039883966,48,20,0,Gluskabi,PERSON,13,21
inu.30000039883966,48,21,0,Gluskabi,PERSON,6,14
inu.30000039883966,48,23,0,Gluskabi,PERSON,0,8
inu.30000039883966,48,27,0,Gluskabi,PERSON,5,13
inu.30000039883966,48,28,0,Winter,DATE,5,11
inu.30000039883966,48,30,0,Woodchuck,PERSON,55,64
inu.30000039883966,48,32,0,Gluskabi,PERSON,28,36
inu.30000039883966,48,33,0,Sawanaki,GPE,10,18
inu.30000039883966,48,33,1,the South Land,LOC,20,34
inu.30000039883966,48,34,0,Gluskabi,PERSON,19,27
inu.30000039883966,48,38,0,30,CARDINAL,28,30
inu.30000039883966,49,0,0,Summer,DATE,35,41
inu.30000039883966,49,2,0,Gluskabi,PERSON,34,42
inu.30000039883966,49,4,0,only one,CARDINAL,7,15
inu.30000039883966,49,5,0,Gluskabi,PERSON,22,30
inu.30000039883966,49,7,0,Gluskabi,PERSON,36,44
inu.30000039883966,49,10,0,only one,CARDINAL,18,26
inu.30000039883966,49,10,1,Gluskabi,PERSON,33,41
inu.30000039883966,49,11,0,one,CARDINAL,12,15
inu.30000039883966,49,13,0,Gluskabi,PERSON,12,20
inu.30000039883966,49,14,0,Gluskabi,PERSON,0,8
inu.30000039883966,49,17,0,Gluskabi,PERSON,0,8
inu.30000039883966,49,18,0,only one,CARDINAL,31,39
inu.30000039883966,49,20,0,Gluskabi,PERSON,14,22
inu.30000039883966,49,22,0,Gluskabi,PERSON,11,19
inu.30000039883966,49,23,0,Gluskabi,PERSON,0,8
inu.30000039883966,49,24,0,One,CARDINAL,0,3
inu.30000039883966,49,25,0,Gluskabi,PERSON,31,39
inu.30000039883966,49,26,0,Gluskabi,PERSON,24,32
inu.30000039883966,49,27,0,Gluskabi,PERSON,0,8
inu.30000039883966,49,29,0,Gluskabi,PERSON,6,14
inu.30000039883966,49,29,1,Nijia,PERSON,22,27
inu.30000039883966,49,31,0,Gluskabi,PERSON,5,13
inu.30000039883966,49,37,0,31,CARDINAL,3,5
inu.30000039883966,50,1,0,second,ORDINAL,42,48
inu.30000039883966,50,2,0,Gluskabi,PERSON,0,8
inu.30000039883966,50,2,1,second,ORDINAL,24,30
inu.30000039883966,50,3,0,third,ORDINAL,48,53
inu.30000039883966,50,4,0,third,ORDINAL,4,9
inu.30000039883966,50,5,0,Gluskabi,PERSON,8,16
inu.30000039883966,50,7,0,Gluskabi,PERSON,0,8
inu.30000039883966,50,7,1,Nibenaki,NORP,32,40
inu.30000039883966,50,9,0,Gluskabi,PERSON,23,31
inu.30000039883966,50,12,0,second,ORDINAL,31,37
inu.30000039883966,50,14,0,three,CARDINAL,9,14
inu.30000039883966,50,14,1,Gluskabi,PERSON,35,43
inu.30000039883966,50,17,0,Nijia,PERSON,21,26
inu.30000039883966,50,17,1,Gluskabi,PERSON,34,42
inu.30000039883966,50,20,0,third,ORDINAL,4,9
inu.30000039883966,50,24,0,Gluskabi,PERSON,20,28
inu.30000039883966,50,26,0,Gluskabi,PERSON,27,35
inu.30000039883966,50,30,0,third,ORDINAL,4,9
inu.30000039883966,50,33,0,Nijia,PERSON,1,6
inu.30000039883966,50,33,1,Gluskabi,PERSON,36,44
inu.30000039883966,50,34,0,Gluskabi,PERSON,4,12
inu.30000039883966,50,35,0,32,CARDINAL,46,48
inu.30000039883966,51,2,0,Gluskabi,PERSON,26,34
inu.30000039883966,51,6,0,Gluskabi,PERSON,0,8
inu.30000039883966,51,7,0,two,CARDINAL,4,7
inu.30000039883966,51,8,0,Kuai,PERSON,1,5
inu.30000039883966,51,9,0,Gluskabi,PERSON,22,30
inu.30000039883966,51,10,0,one,CARDINAL,29,32
inu.30000039883966,51,11,0,only one,CARDINAL,8,16
inu.30000039883966,51,12,0,Gluskabi,PERSON,17,25
inu.30000039883966,51,14,0,fourth,ORDINAL,7,13
inu.30000039883966,51,16,0,two,CARDINAL,15,18
inu.30000039883966,51,16,1,the Summer Lodge,FAC,61,77
inu.30000039883966,51,17,0,Gluskabi,PERSON,25,33
inu.30000039883966,51,19,0,Gluskabi,PERSON,0,8
inu.30000039883966,51,25,0,Gluskabi,PERSON,0,8
inu.30000039883966,51,25,1,one,CARDINAL,23,26
inu.30000039883966,51,26,0,first,ORDINAL,9,14
inu.30000039883966,51,28,0,Gluskabi,PERSON,42,50
inu.30000039883966,51,29,0,one,CARDINAL,17,20
inu.30000039883966,51,31,0,One,CARDINAL,0,3
inu.30000039883966,51,33,0,Gluskabi,PERSON,0,8
inu.30000039883966,51,37,0,33,CARDINAL,0,2
inu.30000039883966,52,0,0,Gluskabi,PERSON,48,56
inu.30000039883966,52,2,0,Gluskabi,PERSON,0,8
inu.30000039883966,52,2,1,one,CARDINAL,21,24
inu.30000039883966,52,3,0,Gluskabi,PERSON,15,23
inu.30000039883966,52,4,0,night,TIME,39,44
inu.30000039883966,52,5,0,Gluskabi,PERSON,0,8
inu.30000039883966,52,8,0,Winter,DATE,40,46
inu.30000039883966,52,9,0,Gluskabi,PERSON,25,33
inu.30000039883966,52,10,0,Kuai,PERSON,1,5
inu.30000039883966,52,11,0,Grandson,PERSON,0,8
inu.30000039883966,52,11,1,Winter,PERSON,16,22
inu.30000039883966,52,12,0,Kuai,PERSON,1,5
inu.30000039883966,52,13,0,Gluskabi,PERSON,0,8
inu.30000039883966,52,15,0,Winter,DATE,0,6
inu.30000039883966,52,18,0,Gluskabi,PERSON,20,28
inu.30000039883966,52,19,0,Winter,PERSON,23,29
inu.30000039883966,52,20,0,Gluskabi,PERSON,26,34
inu.30000039883966,52,24,0,Gluskabi,PERSON,25,33
inu.30000039883966,52,28,0,Gluskabi,PERSON,3,11
inu.30000039883966,52,28,1,Summer,DATE,20,26
inu.30000039883966,52,28,2,Winter,DATE,37,43
inu.30000039883966,52,30,0,the year,DATE,31,39
inu.30000039883966,52,30,1,Winter,DATE,40,46
inu.30000039883966,52,30,2,Abenakis,NORP,76,84
inu.30000039883966,52,31,0,Gluskabi,PERSON,26,34
inu.30000039883966,52,32,0,34,CARDINAL,0,2
inu.30000039883966,54,1,0,Kahionhes,PERSON,0,9
inu.30000039883966,54,1,1,John Fadden,PERSON,11,22
inu.30000039883966,54,1,2,more than 20,CARDINAL,73,85
inu.30000039883966,54,2,0,Eva Thompson Fadden,PERSON,24,43
inu.30000039883966,54,2,1,three,CARDINAL,55,60
inu.30000039883966,54,2,2,Adirondacks,LOC,73,84
inu.30000039883966,54,3,0,the Turtle Clan of the Mohawk Nation,ORG,17,53
inu.30000039883966,54,3,1,Akwesasne,GPE,57,66
inu.30000039883966,54,3,2,"December, 1938",DATE,70,84
inu.30000039883966,54,4,0,Visions in Ink,WORK_OF_ART,34,48
inu.30000039883966,54,4,1,1984,DATE,67,71
inu.30000039883966,54,4,2,Strawberry Press,ORG,75,91
inu.30000039883966,55,1,0,Joseph Bruchac,PERSON,0,14
inu.30000039883966,55,1,1,Saratoga Springs,GPE,27,43
inu.30000039883966,55,1,2,Native,NORP,75,81
inu.30000039883966,55,1,3,1942,DATE,119,123
inu.30000039883966,55,2,0,Carol,PERSON,15,20
inu.30000039883966,55,2,1,two,CARDINAL,32,35
inu.30000039883966,55,2,2,James,PERSON,42,47
inu.30000039883966,55,2,3,Jesse,PERSON,52,57
inu.30000039883966,55,3,0,Iroquois,NORP,18,26
inu.30000039883966,55,3,1,Abenaki,NORP,31,38
inu.30000039883966,55,3,2,"Cricket, Parabola",WORK_OF_ART,64,81
inu.30000039883966,55,3,3,three,CARDINAL,86,91
inu.30000039883966,55,3,4,Iroquois,NORP,107,115
inu.30000039883966,55,3,5,The Crossing Press,ORG,132,150
inu.30000039883966,57,0,0,THE PEOPLE OF THE DAWN,WORK_OF_ART,0,22
inu.30000039883966,57,1,0,Abenaki,NORP,0,7
inu.30000039883966,57,2,0,Finding One's Way,WORK_OF_ART,0,17
inu.30000039883966,57,2,1,Abenaki,NORP,35,42
inu.30000039883966,57,3,0,circa 1983,DATE,10,20
inu.30000039883966,57,4,0,Swanton,GPE,0,7
inu.30000039883966,57,4,1,Vermont,GPE,9,16
inu.30000039883966,57,4,2,Franklin Northwest Supervisory Union,ORG,53,89
inu.30000039883966,57,4,3,Swanton,GPE,108,115
inu.30000039883966,57,4,4,VT,GPE,117,119
inu.30000039883966,57,4,5,05488,CARDINAL,120,125
inu.30000039883966,57,6,0,Haviland,PERSON,0,8
inu.30000039883966,57,6,1,William,PERSON,10,17
inu.30000039883966,57,6,2,Marjory Power,PERSON,22,35
inu.30000039883966,57,8,0,University Press of New England,ORG,0,31
inu.30000039883966,57,8,1,1981,DATE,33,37
inu.30000039883966,57,9,0,Masta,PERSON,0,5
inu.30000039883966,57,9,1,Henry Lorne,PERSON,7,18
inu.30000039883966,57,10,0,Abenaki,NORP,0,7
inu.30000039883966,57,11,0,La Voix de Bois-Francs,ORG,0,22
inu.30000039883966,57,11,1,Victoriaville,GPE,24,37
inu.30000039883966,57,11,2,Canada,GPE,44,50
inu.30000039883966,57,11,3,1932,DATE,53,57
inu.30000039883966,57,12,0,Nelson,PERSON,0,6
inu.30000039883966,57,12,1,Eunice,PERSON,8,14
inu.30000039883966,57,13,0,Maine Indian Program,ORG,41,61
inu.30000039883966,57,13,1,American Friends Service Corporation,ORG,63,99
inu.30000039883966,57,13,2,286,CARDINAL,105,108
inu.30000039883966,57,13,3,Orono,GPE,110,115
inu.30000039883966,57,13,4,Maine,GPE,117,122
inu.30000039883966,57,13,5,04473,CARDINAL,123,128
inu.30000039883966,57,13,6,1982,DATE,130,134
inu.30000039883966,57,14,0,Speck,PERSON,0,5
inu.30000039883966,57,14,1,Frank,PERSON,7,12
inu.30000039883966,57,15,0,Penobscot Tales and Religious Beliefs,WORK_OF_ART,0,37
inu.30000039883966,57,16,0,Journal of American Folklore,ORG,0,28
inu.30000039883966,57,16,1,January-March 1935,DATE,30,48
inu.30000039883966,58,0,0,1,CARDINAL,0,1
inu.30000039883966,60,0,0,4.00,MONEY,32,36
inu.30000039883966,60,3,0,Gluskabi,NORP,23,31
inu.30000039883966,60,4,0,Tabaldak,PERSON,6,14
inu.30000039883966,60,5,0,Gluskabi,PERSON,15,23
inu.30000039883966,60,7,0,Abenaki,NORP,26,33
inu.30000039883966,60,7,1,Gluskabi,PERSON,46,54
inu.30000039883966,60,7,2,Odzihozo,PERSON,73,81
inu.30000039883966,60,8,0,Tabaldak,PERSON,26,34
inu.30000039883966,60,9,0,Gluskabi,PERSON,5,13
inu.30000039883966,60,12,0,Gluskabi,PERSON,5,13
inu.30000039883966,60,14,0,Gluskabi,PERSON,43,51
inu.30000039883966,60,21,0,Gluskabi,PERSON,11,19
inu.30000039883966,60,22,0,BOWMAN,PERSON,0,6
inu.30000039883966,60,22,1,The Greenfield Review Press,ORG,13,40
inu.30000039883966,60,22,2,Greenfield Center,GPE,41,58
inu.30000039883966,60,22,3,N.Y.,GPE,60,64
