vol_id,page,sentence_id,ent_id,entity,entity_type,start_char,end_char
mdp.49015001389700,2,0,0,University of Michigan-Flint Library,ORG,0,36
mdp.49015001389700,2,0,1,University of Michiğan Libraries,ORG,66,98
mdp.49015001389700,3,0,0,NOV 24 1995,DATE,9,20
mdp.49015001389700,3,0,1,2003,DATE,29,33
mdp.49015001389700,4,0,0,1,CARDINAL,0,1
mdp.49015001389700,5,0,0,Home Country,WORK_OF_ART,0,12
mdp.49015001389700,5,0,1,Cheryl Savageau,PERSON,16,31
mdp.49015001389700,5,0,2,Alice James,ORG,32,43
mdp.49015001389700,5,0,3,Cambridge,GPE,50,59
mdp.49015001389700,5,0,4,Massachusetts,GPE,61,74
mdp.49015001389700,6,0,0,"Agni , An Ear To The Ground",WORK_OF_ART,95,122
mdp.49015001389700,6,0,1,University of Georgia Press,ORG,124,151
mdp.49015001389700,6,0,2,1989,DATE,153,157
mdp.49015001389700,6,0,3,The Eagle,ORG,160,169
mdp.49015001389700,6,0,4,The Indiana Review,ORG,171,189
mdp.49015001389700,6,0,5,"The Little Apple, The Lobe, Reinventing The Enemy's Language",WORK_OF_ART,191,251
mdp.49015001389700,6,0,6,University of Arizona Press,ORG,253,280
mdp.49015001389700,6,0,7,River Styx,ORG,283,293
mdp.49015001389700,6,0,8,SAIL,ORG,295,299
mdp.49015001389700,6,0,9,Sojourner,ORG,301,310
mdp.49015001389700,6,0,10,The Worcester Review,ORG,316,336
mdp.49015001389700,6,1,0,1992,DATE,14,18
mdp.49015001389700,6,1,1,Cheryl Savageau,PERSON,22,37
mdp.49015001389700,6,3,0,Library of Congress,ORG,0,19
mdp.49015001389700,6,3,1,Savageau,PERSON,51,59
mdp.49015001389700,6,3,2,Cheryl,PERSON,61,67
mdp.49015001389700,6,3,3,Laurie Simko,PERSON,171,183
mdp.49015001389700,6,3,4,Carlyn Marcus Ekstrom,PERSON,197,218
mdp.49015001389700,6,3,5,Bill Siegel,PERSON,239,250
mdp.49015001389700,6,4,0,Alice James Books,ORG,0,17
mdp.49015001389700,6,4,1,the National Endowment for the Arts,ORG,55,90
mdp.49015001389700,6,4,2,the Massachusetts Cultural Council,ORG,100,134
mdp.49015001389700,6,4,3,the State Legislature,ORG,215,236
mdp.49015001389700,6,5,0,Alice James Books,ORG,0,17
mdp.49015001389700,6,5,1,"the Alice James Poetry Cooperative, Inc.",ORG,35,75
mdp.49015001389700,6,6,0,Alice James Books,ORG,0,17
mdp.49015001389700,6,6,1,33,CARDINAL,19,21
mdp.49015001389700,6,6,2,Richdale Avenue,FAC,22,37
mdp.49015001389700,6,6,3,Cambridge,GPE,39,48
mdp.49015001389700,6,6,4,Massachusetts,GPE,50,63
mdp.49015001389700,7,0,0,Returning To The Land,WORK_OF_ART,18,39
mdp.49015001389700,7,0,1,Cheryl Savageau,PERSON,54,69
mdp.49015001389700,7,0,2,Joseph Bruchac vii I.,PERSON,73,94
mdp.49015001389700,7,1,0,Henri Toussaints,PERSON,19,35
mdp.49015001389700,7,1,1,3,CARDINAL,36,37
mdp.49015001389700,7,1,2,6,CARDINAL,50,51
mdp.49015001389700,7,1,3,In The Fast Lane,WORK_OF_ART,102,118
mdp.49015001389700,7,2,0,Like A Good Joke: Grandma at Ninety 16,WORK_OF_ART,0,38
mdp.49015001389700,7,2,1,Fifteen,CARDINAL,87,94
mdp.49015001389700,7,2,2,Hanging Clothes In The Sun,WORK_OF_ART,120,146
mdp.49015001389700,7,2,3,Department of Labor Haiku 30,WORK_OF_ART,167,195
mdp.49015001389700,7,2,4,Why They Do It 31,WORK_OF_ART,196,213
mdp.49015001389700,7,2,5,Infant of Prague,WORK_OF_ART,214,230
mdp.49015001389700,7,2,6,The Sound of My Mother Singing,WORK_OF_ART,234,264
mdp.49015001389700,7,3,0,46,CARDINAL,155,157
mdp.49015001389700,7,3,1,48,CARDINAL,188,190
mdp.49015001389700,7,3,2,The Deer Park,FAC,241,254
mdp.49015001389700,7,4,0,Morrisseau,GPE,52,62
mdp.49015001389700,7,4,1,Like The Trails of Ndakinna,WORK_OF_ART,141,168
mdp.49015001389700,8,0,0,Kathleen Aguero,PERSON,94,109
mdp.49015001389700,8,0,1,Joseph Bruchac,PERSON,111,125
mdp.49015001389700,8,0,2,Martín Espada,PERSON,131,144
mdp.49015001389700,8,0,3,Adelle Leiblein,PERSON,182,197
mdp.49015001389700,8,0,4,Anna Maria Paul,PERSON,199,214
mdp.49015001389700,8,0,5,Bill Siegel,PERSON,216,227
mdp.49015001389700,8,0,6,David Williams,PERSON,233,247
mdp.49015001389700,8,0,7,Sam Cornish,PERSON,281,292
mdp.49015001389700,8,0,8,Kathy Hermann,PERSON,342,355
mdp.49015001389700,8,0,9,Laurie Simko,PERSON,386,398
mdp.49015001389700,8,0,10,Mary Allard,PERSON,429,440
mdp.49015001389700,8,0,11,Carlyn Ekstrom,PERSON,477,491
mdp.49015001389700,8,0,12,1990,DATE,555,559
mdp.49015001389700,8,0,13,Massachusetts Artists Foundation Fellowship,ORG,560,603
mdp.49015001389700,8,0,14,a free year,DATE,627,638
mdp.49015001389700,8,0,15,the Cummington Community for the Arts,ORG,663,700
mdp.49015001389700,8,0,16,Alice James Books,ORG,717,734
mdp.49015001389700,8,0,17,Bill Siegel,PERSON,858,869
mdp.49015001389700,9,0,0,Returning To The Land: The Poems of Cheryl Savageau,WORK_OF_ART,9,60
mdp.49015001389700,9,1,0,America,GPE,38,45
mdp.49015001389700,9,5,0,New England,LOC,42,53
mdp.49015001389700,9,5,1,Ndakinna,LOC,86,94
mdp.49015001389700,9,6,0,Home Country,WORK_OF_ART,0,12
mdp.49015001389700,9,6,1,Cheryl Savageau's,PERSON,14,31
mdp.49015001389700,9,6,2,first,ORDINAL,32,37
mdp.49015001389700,9,6,3,Americans,NORP,158,167
mdp.49015001389700,9,6,4,Native,NORP,192,198
mdp.49015001389700,9,8,0,Trees,WORK_OF_ART,160,165
mdp.49015001389700,10,0,0,Quinsigamond,GPE,141,153
mdp.49015001389700,10,1,0,New England,LOC,367,378
mdp.49015001389700,10,2,0,Savageau,PERSON,4,12
mdp.49015001389700,10,3,0,Like The Trails of Ndakinna,WORK_OF_ART,4,31
mdp.49015001389700,10,3,1,America,GPE,184,191
mdp.49015001389700,10,3,2,French,NORP,199,205
mdp.49015001389700,10,3,3,Indian,NORP,210,216
mdp.49015001389700,10,3,4,English,NORP,278,285
mdp.49015001389700,10,3,5,French,NORP,333,339
mdp.49015001389700,10,3,6,Indian,NORP,344,350
mdp.49015001389700,10,5,0,this century,DATE,109,121
mdp.49015001389700,10,5,1,more than one,CARDINAL,180,193
mdp.49015001389700,10,5,2,Europeans,NORP,353,362
mdp.49015001389700,10,5,3,today,DATE,383,388
mdp.49015001389700,10,6,0,Savageau,PERSON,0,8
mdp.49015001389700,11,0,0,Abenaki,NORP,45,52
mdp.49015001389700,11,3,0,first,ORDINAL,66,71
mdp.49015001389700,11,3,1,Savageau,PERSON,125,133
mdp.49015001389700,11,3,2,Native,NORP,175,181
mdp.49015001389700,11,4,0,African,NORP,154,161
mdp.49015001389700,11,4,1,Asian,NORP,171,176
mdp.49015001389700,11,4,2,European,NORP,178,186
mdp.49015001389700,11,4,3,American Indian,NORP,191,206
mdp.49015001389700,11,5,0,All Night She Dreams,WORK_OF_ART,4,24
mdp.49015001389700,11,5,1,three,CARDINAL,73,78
mdp.49015001389700,11,6,0,first,ORDINAL,91,96
mdp.49015001389700,11,8,0,Ndakinna,GPE,108,116
mdp.49015001389700,11,9,0,Joseph Bruchac ix,PERSON,0,17
mdp.49015001389700,12,0,0,"Paul Joseph Savageau,",PERSON,24,45
mdp.49015001389700,12,0,1,1923-1986,DATE,51,60
mdp.49015001389700,15,0,0,Henri Toussaints,PERSON,0,16
mdp.49015001389700,15,1,0,Henri Toussaints,PERSON,5,21
mdp.49015001389700,15,1,1,Quebec,GPE,37,43
mdp.49015001389700,15,2,0,first,ORDINAL,194,199
mdp.49015001389700,15,3,0,Henri,PERSON,35,40
mdp.49015001389700,15,3,1,Henri,PERSON,65,70
mdp.49015001389700,15,4,0,Rosa,PERSON,19,23
mdp.49015001389700,16,0,0,Rosa,PERSON,0,4
mdp.49015001389700,16,0,1,Rosa,PERSON,17,21
mdp.49015001389700,16,2,0,first,ORDINAL,20,25
mdp.49015001389700,16,2,1,Rosa,PERSON,172,176
mdp.49015001389700,16,3,0,Henri,PERSON,12,17
mdp.49015001389700,16,3,1,Rosa,PERSON,45,49
mdp.49015001389700,16,3,2,Armand,PERSON,107,113
mdp.49015001389700,16,3,3,Ipsy,PERSON,185,189
mdp.49015001389700,16,4,0,Marie,PERSON,21,26
mdp.49015001389700,16,4,1,Tootsie,PERSON,35,42
mdp.49015001389700,16,4,2,Eva,PERSON,55,58
mdp.49015001389700,16,4,3,Peter,PERSON,90,95
mdp.49015001389700,16,4,4,Bébé,PERSON,111,115
mdp.49015001389700,16,4,5,eight,CARDINAL,156,161
mdp.49015001389700,16,4,6,Alice,PERSON,179,184
mdp.49015001389700,17,1,0,Rosa,PERSON,23,27
mdp.49015001389700,17,2,0,5,CARDINAL,0,1
mdp.49015001389700,18,0,0,Grandmother,PERSON,12,23
mdp.49015001389700,18,1,0,Grandmother,PERSON,0,11
mdp.49015001389700,18,2,0,Grandmother,PERSON,21,32
mdp.49015001389700,18,4,0,Grandmother,PERSON,32,43
mdp.49015001389700,18,4,1,European,NORP,98,106
mdp.49015001389700,18,5,0,Grandmother,PERSON,18,29
mdp.49015001389700,18,6,0,half,CARDINAL,43,47
mdp.49015001389700,18,6,1,two weeks,DATE,75,84
mdp.49015001389700,18,6,2,hundred,CARDINAL,96,103
mdp.49015001389700,18,8,0,Grandmother,PERSON,0,11
mdp.49015001389700,18,10,0,Grandmother,PERSON,20,31
mdp.49015001389700,18,11,0,Grandmother,PERSON,4,15
mdp.49015001389700,18,11,1,6,CARDINAL,75,76
mdp.49015001389700,19,0,0,Grandmother,PERSON,51,62
mdp.49015001389700,19,2,0,Grandmother,PERSON,4,15
mdp.49015001389700,19,3,0,Grandmother,PERSON,4,15
mdp.49015001389700,19,4,0,Grandmother,PERSON,13,24
mdp.49015001389700,19,5,0,7,CARDINAL,0,1
mdp.49015001389700,20,0,0,"Paul J. Savageau, Sr",PERSON,22,42
mdp.49015001389700,20,1,0,Quinsigamond,LOC,202,214
mdp.49015001389700,20,2,0,New England,LOC,69,80
mdp.49015001389700,20,3,0,summer,DATE,67,73
mdp.49015001389700,20,5,0,Ma,PERSON,28,30
mdp.49015001389700,22,0,0,Looking For Indians,PERSON,0,19
mdp.49015001389700,22,1,0,Indian,NORP,97,103
mdp.49015001389700,22,2,0,Cheyenne,NORP,15,23
mdp.49015001389700,22,2,1,Apache,NORP,25,31
mdp.49015001389700,22,2,2,Sioux,NORP,33,38
mdp.49015001389700,22,2,3,Abenaki,NORP,89,96
mdp.49015001389700,22,3,0,Abernathy,PERSON,16,25
mdp.49015001389700,22,3,1,Indian,NORP,82,88
mdp.49015001389700,22,6,0,today,DATE,22,27
mdp.49015001389700,22,6,1,midsummer,DATE,37,46
mdp.49015001389700,22,7,0,May,DATE,35,38
mdp.49015001389700,22,7,1,September,DATE,42,51
mdp.49015001389700,22,9,0,10,CARDINAL,9,11
mdp.49015001389700,23,1,0,winter,DATE,13,19
mdp.49015001389700,23,2,0,summer,DATE,31,37
mdp.49015001389700,23,3,0,One night,TIME,0,9
mdp.49015001389700,23,4,0,Abenaki,PERSON,14,21
mdp.49015001389700,23,4,1,Abenaki,NORP,88,95
mdp.49015001389700,23,5,0,new england,LOC,121,132
mdp.49015001389700,23,5,1,winter,DATE,160,166
mdp.49015001389700,23,7,0,Each night,TIME,0,10
mdp.49015001389700,23,7,1,Indians,NORP,159,166
mdp.49015001389700,23,8,0,11,CARDINAL,0,2
mdp.49015001389700,24,1,0,Crazy Baker,PERSON,68,79
mdp.49015001389700,24,2,0,Baker,PERSON,96,101
mdp.49015001389700,24,2,1,Baker,PERSON,108,113
mdp.49015001389700,24,4,0,winter,DATE,8,14
mdp.49015001389700,24,5,0,Baker,PERSON,4,9
mdp.49015001389700,24,6,0,All summer,DATE,0,10
mdp.49015001389700,24,7,0,Baker,PERSON,4,9
mdp.49015001389700,24,9,0,Baker,PERSON,10,15
mdp.49015001389700,24,10,0,Baker,PERSON,10,15
mdp.49015001389700,24,12,0,Chevy,ORG,62,67
mdp.49015001389700,25,1,0,Ol' Crazy Baker,PERSON,28,43
mdp.49015001389700,25,1,1,Harry,PERSON,255,260
mdp.49015001389700,25,2,0,Baker,PERSON,152,157
mdp.49015001389700,25,2,1,Harry,PERSON,194,199
mdp.49015001389700,25,2,2,Lillian,PERSON,342,349
mdp.49015001389700,26,0,0,The Fast Lane,FAC,3,16
mdp.49015001389700,26,0,1,one,CARDINAL,56,59
mdp.49015001389700,26,1,0,one,CARDINAL,47,50
mdp.49015001389700,26,3,0,ten years old,DATE,25,38
mdp.49015001389700,26,4,0,summer,DATE,166,172
mdp.49015001389700,26,5,0,14,CARDINAL,64,66
mdp.49015001389700,28,1,0,Ninety,CARDINAL,11,17
mdp.49015001389700,28,1,1,Delia Lafford Savageau,PERSON,39,61
mdp.49015001389700,28,2,0,all day,DATE,46,53
mdp.49015001389700,28,3,0,seven and a half weeks,DATE,4,26
mdp.49015001389700,28,3,1,sixteen,CARDINAL,81,88
mdp.49015001389700,28,3,2,seventeen,CARDINAL,90,99
mdp.49015001389700,28,3,3,eighteen,CARDINAL,101,109
mdp.49015001389700,28,5,0,Last night,TIME,0,10
mdp.49015001389700,29,3,0,her ninety years,DATE,12,28
mdp.49015001389700,29,6,0,17,CARDINAL,0,2
mdp.49015001389700,30,0,0,Leah,PERSON,0,4
mdp.49015001389700,30,0,1,days,DATE,16,20
mdp.49015001389700,30,0,2,Frank,PERSON,74,79
mdp.49015001389700,30,0,3,Frank,PERSON,126,131
mdp.49015001389700,30,1,0,Leah,PERSON,20,24
mdp.49015001389700,30,2,0,Three,CARDINAL,2,7
mdp.49015001389700,30,2,1,two,CARDINAL,110,113
mdp.49015001389700,30,2,2,third,ORDINAL,134,139
mdp.49015001389700,30,2,3,ten days,DATE,199,207
mdp.49015001389700,30,3,0,Polish,NORP,59,65
mdp.49015001389700,30,3,1,thirty years,DATE,79,91
mdp.49015001389700,31,1,0,everyday,DATE,47,55
mdp.49015001389700,31,3,0,19,CARDINAL,0,2
mdp.49015001389700,32,0,0,Barbie i.,PERSON,0,9
mdp.49015001389700,32,12,0,ii,CARDINAL,0,2
mdp.49015001389700,33,0,0,iii,CARDINAL,0,3
mdp.49015001389700,33,15,0,21,CARDINAL,0,2
mdp.49015001389700,34,1,0,Anita,PERSON,5,10
mdp.49015001389700,34,1,1,bill bailey,PERSON,409,420
mdp.49015001389700,34,4,0,Pepere,PERSON,0,6
mdp.49015001389700,35,0,0,ten months,DATE,51,61
mdp.49015001389700,35,1,0,three in two years,DATE,21,39
mdp.49015001389700,35,4,0,Pepere,PERSON,19,25
mdp.49015001389700,35,4,1,Pepere,PERSON,163,169
mdp.49015001389700,36,0,0,Fifteen,CARDINAL,3,10
mdp.49015001389700,36,0,1,Louise Monfredo,PERSON,47,62
mdp.49015001389700,36,3,0,Louise,PERSON,22,28
mdp.49015001389700,36,4,0,Forty,CARDINAL,0,5
mdp.49015001389700,36,4,1,dinnertime,TIME,35,45
mdp.49015001389700,36,5,0,Forty,CARDINAL,0,5
mdp.49015001389700,36,6,0,Louise,PERSON,0,6
mdp.49015001389700,36,8,0,sixty years later,DATE,32,49
mdp.49015001389700,36,15,0,forty,CARDINAL,11,16
mdp.49015001389700,36,16,0,one,CARDINAL,105,108
mdp.49015001389700,36,17,0,24,CARDINAL,2,4
mdp.49015001389700,37,6,0,first,ORDINAL,40,45
mdp.49015001389700,37,8,0,Louise,PERSON,0,6
mdp.49015001389700,37,12,0,Louise,PERSON,0,6
mdp.49015001389700,37,13,0,Forty,CARDINAL,0,5
mdp.49015001389700,37,13,1,forty,CARDINAL,34,39
mdp.49015001389700,37,19,0,Louise,PERSON,0,6
mdp.49015001389700,38,5,0,last year,DATE,12,21
mdp.49015001389700,38,6,0,All summer,DATE,0,10
mdp.49015001389700,39,4,0,Air Force,ORG,64,73
mdp.49015001389700,39,4,1,each morning,TIME,107,119
mdp.49015001389700,39,7,0,New Hampshire,GPE,23,36
mdp.49015001389700,39,7,1,"10,000 years",DATE,66,78
mdp.49015001389700,39,7,2,Lancaster,GPE,148,157
mdp.49015001389700,39,7,3,the Connecticut River,LOC,188,209
mdp.49015001389700,39,7,4,five,CARDINAL,227,231
mdp.49015001389700,39,11,0,five years old,DATE,3,17
mdp.49015001389700,39,12,0,27,CARDINAL,0,2
mdp.49015001389700,40,0,0,third,ORDINAL,38,43
mdp.49015001389700,40,0,1,two,CARDINAL,98,101
mdp.49015001389700,40,0,2,one,CARDINAL,151,154
mdp.49015001389700,40,0,3,two,CARDINAL,196,199
mdp.49015001389700,40,0,4,one,CARDINAL,231,234
mdp.49015001389700,40,0,5,first,ORDINAL,295,300
mdp.49015001389700,40,0,6,second,ORDINAL,376,382
mdp.49015001389700,40,0,7,Proust,PERSON,407,413
mdp.49015001389700,40,0,8,one,CARDINAL,442,445
mdp.49015001389700,40,0,9,three,CARDINAL,493,498
mdp.49015001389700,40,0,10,second,ORDINAL,545,551
mdp.49015001389700,40,0,11,three,CARDINAL,605,610
mdp.49015001389700,40,0,12,three,CARDINAL,633,638
mdp.49015001389700,40,0,13,three,CARDINAL,661,666
mdp.49015001389700,40,0,14,one,CARDINAL,685,688
mdp.49015001389700,40,0,15,two,CARDINAL,720,723
mdp.49015001389700,40,0,16,second,ORDINAL,781,787
mdp.49015001389700,40,0,17,first,ORDINAL,850,855
mdp.49015001389700,40,0,18,Mother Jones,PERSON,862,874
mdp.49015001389700,40,0,19,third,ORDINAL,885,890
mdp.49015001389700,40,0,20,second,ORDINAL,934,940
mdp.49015001389700,40,0,21,third,ORDINAL,1008,1013
mdp.49015001389700,40,0,22,one,CARDINAL,1118,1121
mdp.49015001389700,40,0,23,third,ORDINAL,1276,1281
mdp.49015001389700,40,0,24,second,ORDINAL,1295,1301
mdp.49015001389700,40,0,25,four,CARDINAL,1330,1334
mdp.49015001389700,40,0,26,third,ORDINAL,1478,1483
mdp.49015001389700,40,0,27,28,CARDINAL,1490,1492
mdp.49015001389700,41,0,0,first,ORDINAL,17,22
mdp.49015001389700,41,0,1,three months',DATE,36,49
mdp.49015001389700,41,0,2,one,CARDINAL,105,108
mdp.49015001389700,41,0,3,second,ORDINAL,196,202
mdp.49015001389700,41,0,4,400,CARDINAL,312,315
mdp.49015001389700,41,0,5,two,CARDINAL,413,416
mdp.49015001389700,41,1,0,third,ORDINAL,62,67
mdp.49015001389700,41,2,0,the grey off,TIME,35,47
mdp.49015001389700,42,0,0,Department of Labor,ORG,0,19
mdp.49015001389700,42,0,1,Haiku,PERSON,20,25
mdp.49015001389700,43,1,0,Jack,PERSON,6,10
mdp.49015001389700,43,1,1,Indian,NORP,31,37
mdp.49015001389700,43,2,0,Rita,PERSON,5,9
mdp.49015001389700,43,2,1,German,NORP,39,45
mdp.49015001389700,43,3,0,Raymond,PERSON,6,13
mdp.49015001389700,43,4,0,Bébé,PERSON,6,10
mdp.49015001389700,43,4,1,Jeannie,PERSON,26,33
mdp.49015001389700,43,5,0,Jeannie,PERSON,5,12
mdp.49015001389700,43,5,1,Bébé,PERSON,28,32
mdp.49015001389700,43,6,0,Russell,PERSON,0,7
mdp.49015001389700,43,7,0,Jack,PERSON,6,10
mdp.49015001389700,43,8,0,Dave,PERSON,0,4
mdp.49015001389700,43,9,0,Rita,PERSON,5,9
mdp.49015001389700,43,10,0,Bert,PERSON,0,4
mdp.49015001389700,43,10,1,Rita,PERSON,36,40
mdp.49015001389700,43,11,0,Renny,PERSON,0,5
mdp.49015001389700,43,12,0,Gil,PERSON,0,3
mdp.49015001389700,43,13,0,Raymond,PERSON,0,7
mdp.49015001389700,43,13,1,Marie,PERSON,23,28
mdp.49015001389700,43,14,0,Jack,PERSON,0,4
mdp.49015001389700,43,14,1,Florence,PERSON,20,28
mdp.49015001389700,43,15,0,Lucille,PERSON,0,7
mdp.49015001389700,43,15,1,Bob,PERSON,12,15
mdp.49015001389700,43,16,0,Raymond,PERSON,0,7
mdp.49015001389700,43,17,0,Dick,PERSON,0,4
mdp.49015001389700,43,18,0,31,CARDINAL,0,2
mdp.49015001389700,44,0,0,Infant of,PERSON,0,9
mdp.49015001389700,44,0,1,Prague,GPE,10,16
mdp.49015001389700,44,11,0,32,CARDINAL,146,148
mdp.49015001389700,45,0,0,The Sound of My Mother Singing,WORK_OF_ART,0,30
mdp.49015001389700,45,0,1,Cecile Meunier Savageau,PERSON,47,70
mdp.49015001389700,45,2,0,Rita,PERSON,0,4
mdp.49015001389700,45,2,1,Florence,PERSON,27,35
mdp.49015001389700,45,3,0,Eva,PERSON,61,64
mdp.49015001389700,45,4,0,Bertha,PERSON,9,15
mdp.49015001389700,45,5,0,Bébé,PERSON,17,21
mdp.49015001389700,45,10,0,Lucille,PERSON,34,41
mdp.49015001389700,45,12,0,Marie,PERSON,19,24
mdp.49015001389700,45,14,0,Marie,PERSON,85,90
mdp.49015001389700,45,15,0,33,CARDINAL,0,2
mdp.49015001389700,46,0,0,Lucille,PERSON,0,7
mdp.49015001389700,46,5,0,Henri,PERSON,37,42
mdp.49015001389700,46,8,0,Lucille,PERSON,0,7
mdp.49015001389700,46,9,0,Late in the night,TIME,0,17
mdp.49015001389700,46,9,1,Marie,PERSON,37,42
mdp.49015001389700,46,10,0,Florence,PERSON,0,8
mdp.49015001389700,46,10,1,Eva,PERSON,13,16
mdp.49015001389700,46,11,0,Lucille,PERSON,0,7
mdp.49015001389700,46,11,1,Bébé,PERSON,51,55
mdp.49015001389700,46,11,2,Rita,PERSON,60,64
mdp.49015001389700,46,12,0,nighttime,TIME,15,24
mdp.49015001389700,46,13,0,Pa,PERSON,5,7
mdp.49015001389700,46,13,1,Lucille,PERSON,32,39
mdp.49015001389700,46,15,0,34,DATE,16,18
mdp.49015001389700,47,1,0,Marie,PERSON,10,15
mdp.49015001389700,47,6,0,Lucille,PERSON,14,21
mdp.49015001389700,47,16,0,35,CARDINAL,0,2
mdp.49015001389700,48,10,0,36,CARDINAL,0,2
mdp.49015001389700,51,0,0,Beaver Woman,PERSON,0,12
mdp.49015001389700,52,1,0,second,ORDINAL,46,52
mdp.49015001389700,52,7,0,a late autumn day,DATE,67,84
mdp.49015001389700,52,16,0,40,CARDINAL,0,2
mdp.49015001389700,53,0,0,Equinox,PERSON,0,7
mdp.49015001389700,53,1,0,Goldfinch,PERSON,4,13
mdp.49015001389700,53,3,0,weeks,DATE,4,9
mdp.49015001389700,53,3,1,winter,DATE,201,207
mdp.49015001389700,54,0,0,Summer Solstice,PERSON,0,15
mdp.49015001389700,54,1,0,seven days,DATE,4,14
mdp.49015001389700,54,2,0,Japanese,NORP,24,32
mdp.49015001389700,54,8,0,this spring,DATE,38,49
mdp.49015001389700,54,9,0,42,CARDINAL,73,75
mdp.49015001389700,55,1,0,one,CARDINAL,92,95
mdp.49015001389700,55,2,0,seven days,DATE,4,14
mdp.49015001389700,55,2,1,an hour or two,TIME,28,42
mdp.49015001389700,55,2,2,that first day,DATE,67,81
mdp.49015001389700,55,4,0,summer,DATE,20,26
mdp.49015001389700,55,6,0,43,CARDINAL,0,2
mdp.49015001389700,56,0,0,Bones A City,PERSON,0,12
mdp.49015001389700,56,0,1,one,CARDINAL,226,229
mdp.49015001389700,56,2,0,midday,TIME,116,122
mdp.49015001389700,56,2,1,Quinsigamond,LOC,264,276
mdp.49015001389700,56,2,2,Pole,LOC,300,304
mdp.49015001389700,58,0,0,Rose LeBlanc Meunier,PERSON,49,69
mdp.49015001389700,58,1,0,Summer,DATE,0,6
mdp.49015001389700,58,1,1,Memere,PERSON,36,42
mdp.49015001389700,58,1,2,three,CARDINAL,139,144
mdp.49015001389700,58,4,0,Memere,PERSON,50,56
mdp.49015001389700,58,5,0,Memere,PERSON,29,35
mdp.49015001389700,58,5,1,Memere,PERSON,118,124
mdp.49015001389700,58,8,0,46,CARDINAL,0,2
mdp.49015001389700,59,1,0,Memere,PERSON,62,68
mdp.49015001389700,59,3,0,Memere,PERSON,36,42
mdp.49015001389700,59,4,0,New England,LOC,51,62
mdp.49015001389700,59,9,0,winter,DATE,129,135
mdp.49015001389700,59,10,0,47,CARDINAL,12,14
mdp.49015001389700,60,0,0,tonight,TIME,30,37
mdp.49015001389700,60,0,1,four,CARDINAL,126,130
mdp.49015001389700,60,0,2,half,CARDINAL,227,231
mdp.49015001389700,61,3,0,Memere,PERSON,44,50
mdp.49015001389700,61,6,0,Memere,PERSON,9,15
mdp.49015001389700,61,9,0,Memere,PERSON,0,6
mdp.49015001389700,61,10,0,49,CARDINAL,0,2
mdp.49015001389700,62,0,0,The Woman Who Died,WORK_OF_ART,4,22
mdp.49015001389700,62,0,1,The Deer Park,LOC,26,39
mdp.49015001389700,62,0,2,Today,DATE,40,45
mdp.49015001389700,62,13,0,50,CARDINAL,0,2
mdp.49015001389700,63,7,0,51,CARDINAL,0,2
mdp.49015001389700,64,1,0,Tonight,TIME,0,7
mdp.49015001389700,64,1,1,just one,CARDINAL,86,94
mdp.49015001389700,64,1,2,winter,DATE,169,175
mdp.49015001389700,64,3,0,winter,DATE,168,174
mdp.49015001389700,65,0,0,Morrisseau,GPE,11,21
mdp.49015001389700,65,1,0,Suckling Bears,PERSON,6,20
mdp.49015001389700,65,3,0,one,CARDINAL,0,3
mdp.49015001389700,65,4,0,one,CARDINAL,5,8
mdp.49015001389700,65,11,0,53,CARDINAL,0,2
mdp.49015001389700,66,0,0,Dovie,PERSON,20,25
mdp.49015001389700,66,0,1,one,CARDINAL,161,164
mdp.49015001389700,66,0,2,Indian,NORP,170,176
mdp.49015001389700,66,3,0,Indian,NORP,256,262
mdp.49015001389700,68,0,0,Human Skin,PERSON,3,13
mdp.49015001389700,68,1,0,Abenaki,NORP,0,7
mdp.49015001389700,68,2,0,centuries,DATE,54,63
mdp.49015001389700,68,2,1,new england,LOC,124,135
mdp.49015001389700,68,2,2,Gluscabe,PERSON,143,151
mdp.49015001389700,68,3,0,Ndakinna,GPE,0,8
mdp.49015001389700,68,4,0,Ndakinna,GPE,0,8
mdp.49015001389700,68,5,0,English,LANGUAGE,43,50
mdp.49015001389700,68,6,0,Abenaki,NORP,104,111
mdp.49015001389700,68,10,0,56,CARDINAL,0,2
mdp.49015001389700,69,0,0,the long days,DATE,8,21
mdp.49015001389700,69,1,0,Ndakinna,GPE,134,142
mdp.49015001389700,69,2,0,57,CARDINAL,0,2
mdp.49015001389700,70,0,0,The Pow Wow,EVENT,3,14
mdp.49015001389700,70,0,1,forty years,DATE,63,74
mdp.49015001389700,70,0,2,Indians,NORP,206,213
mdp.49015001389700,70,2,0,58,CARDINAL,0,2
mdp.49015001389700,71,0,0,the Trails of Ndakinna,LOC,5,27
mdp.49015001389700,71,0,1,French,NORP,34,40
mdp.49015001389700,71,0,2,Indian,NORP,45,51
mdp.49015001389700,71,0,3,English,NORP,113,120
mdp.49015001389700,71,0,4,French,NORP,170,176
mdp.49015001389700,71,0,5,Indian,NORP,181,187
mdp.49015001389700,71,1,0,Jesuit,NORP,4,10
mdp.49015001389700,71,1,1,the St. Lawrence,LOC,27,43
mdp.49015001389700,71,1,2,Ndakinna,GPE,284,292
mdp.49015001389700,71,1,3,Abenaki,NORP,340,347
mdp.49015001389700,71,2,0,Ndakinna,GPE,101,109
mdp.49015001389700,72,1,0,Abenaki,NORP,50,57
mdp.49015001389700,72,1,1,Ndakinna,PERSON,116,124
mdp.49015001389700,73,0,0,All Night,TIME,0,9
mdp.49015001389700,73,0,1,All night,TIME,21,30
mdp.49015001389700,73,6,0,61,CARDINAL,0,2
mdp.49015001389700,74,0,0,ALICE JAMES,PERSON,12,23
mdp.49015001389700,74,0,1,Tom Absher,PERSON,42,52
mdp.49015001389700,74,0,2,Kathleen Aguero,PERSON,65,80
mdp.49015001389700,74,0,3,Catherine Anderson,PERSON,102,120
mdp.49015001389700,74,0,4,Becker,PERSON,138,144
mdp.49015001389700,74,0,5,Minton,PERSON,146,152
mdp.49015001389700,74,0,6,Zuckerman,PERSON,154,163
mdp.49015001389700,74,0,7,Robin Becker,PERSON,175,187
mdp.49015001389700,74,0,8,Suzanne Berger,PERSON,197,211
mdp.49015001389700,74,0,9,Carole Borges,PERSON,245,258
mdp.49015001389700,74,0,10,Patricia Cumming,PERSON,270,286
mdp.49015001389700,74,0,11,Patricia Cumming,PERSON,320,336
mdp.49015001389700,74,0,12,Anne Darr,PERSON,363,372
mdp.49015001389700,74,0,13,Chemo-Poet,PERSON,373,383
mdp.49015001389700,74,0,14,Helene Davis,PERSON,400,412
mdp.49015001389700,74,0,15,Theodore Deppe,PERSON,433,447
mdp.49015001389700,74,0,16,Three,CARDINAL,448,453
mdp.49015001389700,74,1,0,Dobbs,PERSON,0,5
mdp.49015001389700,74,1,1,Gensler,PERSON,7,14
mdp.49015001389700,74,1,2,Nancy Donegan,PERSON,40,53
mdp.49015001389700,74,1,3,33,DATE,54,56
mdp.49015001389700,74,2,0,Marjorie Fletcher,PERSON,0,17
mdp.49015001389700,74,2,1,US,GPE,18,20
mdp.49015001389700,74,2,2,Marjorie Fletcher,PERSON,27,44
mdp.49015001389700,74,2,3,Jacqueline Frank,PERSON,75,91
mdp.49015001389700,74,2,4,Alison Funk,PERSON,112,123
mdp.49015001389700,74,3,0,Erica Funkhouser,PERSON,0,16
mdp.49015001389700,74,3,1,Forrest Gander,PERSON,34,48
mdp.49015001389700,74,3,2,Kinereth Gensler,PERSON,62,78
mdp.49015001389700,74,3,3,Celia Gilbert,PERSON,87,100
mdp.49015001389700,74,3,4,Miriam Goodman,PERSON,116,130
mdp.49015001389700,74,3,5,Miriam Goodman,PERSON,144,158
mdp.49015001389700,74,3,6,Jeffrey Greene,PERSON,188,202
mdp.49015001389700,74,4,0,Joan Joffe Hall,PERSON,0,15
mdp.49015001389700,74,4,1,Marie Harris,PERSON,26,38
mdp.49015001389700,74,4,2,Beatrice Hawley,PERSON,66,81
mdp.49015001389700,74,5,0,The Old,PERSON,0,7
mdp.49015001389700,74,5,1,John Hildebidle,PERSON,14,29
mdp.49015001389700,74,5,2,Pati Hill,PERSON,48,57
mdp.49015001389700,74,5,3,Robeson Street,PERSON,58,72
mdp.49015001389700,74,5,4,Fanny Howe,PERSON,73,83
mdp.49015001389700,74,5,5,Chicago,GPE,88,95
mdp.49015001389700,74,5,6,Linnea Johnson,PERSON,101,115
mdp.49015001389700,74,6,0,Jane Kenyon,PERSON,18,29
mdp.49015001389700,74,6,1,Elizabeth Knies,PERSON,49,64
mdp.49015001389700,74,7,0,Nancy Lagomarsino,PERSON,0,17
mdp.49015001389700,74,7,1,Nancy Lagomarsino,PERSON,41,58
mdp.49015001389700,74,7,2,Ruth Lepson,PERSON,77,88
mdp.49015001389700,74,7,3,Karen Lindsey,PERSON,110,123
mdp.49015001389700,74,7,4,Margo Lockwood,PERSON,131,145
mdp.49015001389700,74,7,5,Margo Lockwood,PERSON,156,170
mdp.49015001389700,74,7,6,Sabra Loomis,PERSON,180,192
mdp.49015001389700,74,7,7,Robert Louthan,PERSON,210,224
mdp.49015001389700,74,7,8,Suzanne Matson,PERSON,235,249
mdp.49015001389700,74,7,9,Alice Mattison,PERSON,258,272
mdp.49015001389700,74,7,10,David McKain,PERSON,289,301
mdp.49015001389700,74,7,11,Helena Minton,PERSON,316,329
mdp.49015001389700,74,7,12,Nora Mitchell,PERSON,353,366
mdp.49015001389700,74,7,13,Nina Nyhart,PERSON,375,386
mdp.49015001389700,74,7,14,French,NORP,387,393
mdp.49015001389700,74,7,15,Nina Nyhart,PERSON,407,418
mdp.49015001389700,74,7,16,Night Watches:,WORK_OF_ART,419,433
mdp.49015001389700,74,7,17,Maria Mitchell,PERSON,460,474
mdp.49015001389700,74,7,18,Carole Oles,PERSON,475,486
mdp.49015001389700,74,7,19,Wolf Moon,PERSON,487,496
mdp.49015001389700,74,7,20,Jean Pedrick,PERSON,497,509
mdp.49015001389700,74,7,21,Jean Pedrick,PERSON,527,539
mdp.49015001389700,74,7,22,Joyce Peseroff,PERSON,559,573
mdp.49015001389700,74,7,23,Carol Potter,PERSON,594,606
mdp.49015001389700,74,7,24,Rosamond Rosenmeier,PERSON,617,636
mdp.49015001389700,74,7,25,Lee Rudolph,PERSON,644,655
mdp.49015001389700,74,7,26,Lee Rudolph,PERSON,676,687
mdp.49015001389700,74,8,0,Cheryl Savageau,PERSON,13,28
mdp.49015001389700,74,8,1,Willa Schneberg,PERSON,38,53
mdp.49015001389700,74,8,2,Ron Schreiber,PERSON,72,85
mdp.49015001389700,74,8,3,Ron Schreiber,PERSON,108,121
mdp.49015001389700,74,8,4,Jeffrey Schwartz,PERSON,147,163
mdp.49015001389700,74,8,5,Betsy Sholl,PERSON,179,190
mdp.49015001389700,74,8,6,Appalachian,NORP,191,202
mdp.49015001389700,74,8,7,Betsy Sholl,PERSON,210,221
mdp.49015001389700,74,8,8,Betsy Sholl,PERSON,237,248
mdp.49015001389700,74,8,9,Susan Snively,PERSON,268,281
mdp.49015001389700,74,8,10,Sue,PERSON,297,300
mdp.49015001389700,74,8,11,Pamela Stewart,PERSON,331,345
mdp.49015001389700,74,8,12,Laurel Trivelpiece,PERSON,357,375
mdp.49015001389700,74,10,0,Jean Valentine,PERSON,28,42
mdp.49015001389700,74,10,1,Cornelia Veenendaal,PERSON,70,89
mdp.49015001389700,74,10,2,Larkin,PERSON,101,107
mdp.49015001389700,74,10,3,Warren,PERSON,108,114
mdp.49015001389700,74,10,4,Tamsen Donner,PERSON,115,128
mdp.49015001389700,74,10,5,Ruth Whitman,PERSON,148,160
mdp.49015001389700,74,10,6,Ruth Whitman,PERSON,179,191
mdp.49015001389700,75,1,0,1992,DATE,29,33
mdp.49015001389700,75,1,1,Savageau,PERSON,34,42
mdp.49015001389700,75,1,2,Cheryl,PERSON,44,50
mdp.49015001389700,75,1,3,Cheryl Savageau,PERSON,74,89
mdp.49015001389700,75,2,0,Cambridge,GPE,0,9
mdp.49015001389700,75,2,1,Mass.,GPE,11,16
mdp.49015001389700,75,2,2,Alice James Books,ORG,19,36
mdp.49015001389700,76,0,0,8.95,MONEY,2,6
mdp.49015001389700,76,0,1,0-914086-94-4,CARDINAL,19,32
mdp.49015001389700,76,1,0,America,GPE,39,46
mdp.49015001389700,76,3,0,Home Country,WORK_OF_ART,0,12
mdp.49015001389700,76,3,1,Cheryl Savageau's,PERSON,14,31
mdp.49015001389700,76,3,2,first,ORDINAL,32,37
mdp.49015001389700,76,4,0,Joseph Bruchac,PERSON,22,36
mdp.49015001389700,76,4,1,Keepers of the Earth,WORK_OF_ART,48,68
mdp.49015001389700,76,4,2,Savageau,PERSON,122,130
mdp.49015001389700,76,4,3,French,NORP,158,164
mdp.49015001389700,76,4,4,American,NORP,222,230
mdp.49015001389700,76,6,0,Henri Toussaints,WORK_OF_ART,20,36
mdp.49015001389700,76,6,1,Summer Solstice,WORK_OF_ART,101,116
mdp.49015001389700,76,7,0,Savageau,PERSON,0,8
mdp.49015001389700,76,8,0,-Kathleen Aguero,PERSON,0,16
mdp.49015001389700,76,8,1,An Ear To The Ground,WORK_OF_ART,28,48
mdp.49015001389700,76,9,0,Cheryl Savageau,PERSON,1,16
mdp.49015001389700,76,9,1,two,CARDINAL,166,169
mdp.49015001389700,76,9,2,Abenaki Indian,NORP,179,193
mdp.49015001389700,76,9,3,French,NORP,198,204
mdp.49015001389700,76,9,4,Canadian,NORP,205,213
mdp.49015001389700,76,11,0,Savageau,PERSON,96,104
mdp.49015001389700,76,11,1,this age,DATE,156,164
mdp.49015001389700,76,12,0,the Home Country,LOC,21,37
mdp.49015001389700,76,13,0,-Martín Espada,PERSON,0,14
mdp.49015001389700,76,13,1,Rebellion is the Circle of a Lover's Hands,WORK_OF_ART,26,68
mdp.49015001389700,76,14,0,Savageau,PERSON,7,15
mdp.49015001389700,76,14,1,Agni,ORG,34,38
mdp.49015001389700,76,14,2,River Styx,WORK_OF_ART,40,50
mdp.49015001389700,76,14,3,The Indiana Review,ORG,52,70
mdp.49015001389700,76,14,4,Sojourner,ORG,72,81
mdp.49015001389700,76,14,5,An Ear To The Ground,WORK_OF_ART,134,154
mdp.49015001389700,76,14,6,Reinventing the Enemy's Language,WORK_OF_ART,178,210
mdp.49015001389700,76,15,0,1990,DATE,3,7
mdp.49015001389700,76,15,1,a Fellowship in Poetry,WORK_OF_ART,25,47
mdp.49015001389700,76,15,2,the Massachusetts Artists Foundation,ORG,53,89
mdp.49015001389700,76,17,0,Bill Siegel,PERSON,0,11
mdp.49015001389700,76,17,1,Cambridge,GPE,48,57
mdp.49015001389700,76,17,2,Massachusetts,GPE,59,72
