vol_id,page,sentence_id,ent_id,entity,entity_type,start_char,end_char
mdp.39015060020511,00000005,0,0,JOHN E. £MELCER,PERSON,20,35
mdp.39015060020511,00000005,0,1,TRUMAN STATE UNIVERSITY,ORG,57,80
mdp.39015060020511,00000006,0,0,2003,DATE,12,16
mdp.39015060020511,00000006,0,1,John E. Smelcer,PERSON,17,32
mdp.39015060020511,00000006,2,0,the United States of America,GPE,11,39
mdp.39015060020511,00000006,2,1,New Odyssey Series,WORK_OF_ART,40,58
mdp.39015060020511,00000006,2,2,Truman State University Press,ORG,72,101
mdp.39015060020511,00000006,2,3,Kirksville,GPE,103,113
mdp.39015060020511,00000006,2,4,Missouri,GPE,115,123
mdp.39015060020511,00000006,2,5,Library of Congress,ORG,146,165
mdp.39015060020511,00000006,2,6,Smelcer,PERSON,211,218
mdp.39015060020511,00000006,2,7,"John E.,",PERSON,220,228
mdp.39015060020511,00000006,2,8,John E. Smelcer,PERSON,282,297
mdp.39015060020511,00000006,6,0,Teresa Wheeler,PERSON,14,28
mdp.39015060020511,00000006,6,1,"Sheridan Books, Inc.",ORG,41,61
mdp.39015060020511,00000006,9,0,1984,DATE,171,175
mdp.39015060020511,00000007,0,0,Czeslaw Milosz,PERSON,58,72
mdp.39015060020511,00000009,0,0,Returning the Gift,WORK_OF_ART,29,47
mdp.39015060020511,00000009,1,0,Indian,NORP,3,9
mdp.39015060020511,00000009,1,1,After a Sermon at the Church of Infinite Confusion,WORK_OF_ART,42,92
mdp.39015060020511,00000009,2,0,An American Indian,PERSON,0,18
mdp.39015060020511,00000009,2,1,Indian,NORP,50,56
mdp.39015060020511,00000009,2,2,Billy Mills,PERSON,77,88
mdp.39015060020511,00000009,2,3,The Gossips,WORK_OF_ART,91,102
mdp.39015060020511,00000009,2,4,The Last Fancy Dancer 8 It's All in the Blood,WORK_OF_ART,105,150
mdp.39015060020511,00000009,2,5,The Book of Genesis,WORK_OF_ART,165,184
mdp.39015060020511,00000009,2,6,American,NORP,198,206
mdp.39015060020511,00000009,2,7,The Incomplete & Unauthorized Definition of American Indian Writers,WORK_OF_ART,225,292
mdp.39015060020511,00000009,3,0,An Indian Boy Dreams of Michael Jordan 20,WORK_OF_ART,0,41
mdp.39015060020511,00000009,4,0,Silas Redcorn,PERSON,15,28
mdp.39015060020511,00000009,5,0,In the House of Worship,WORK_OF_ART,31,54
mdp.39015060020511,00000009,6,0,My Conversation with a Fox (English) 30,WORK_OF_ART,64,103
mdp.39015060020511,00000009,7,0,My Conversation with a Fox (,WORK_OF_ART,0,28
mdp.39015060020511,00000009,7,1,Ahtna Athabaskan,NORP,28,44
mdp.39015060020511,00000009,8,0,Hunter's Luck (,WORK_OF_ART,0,15
mdp.39015060020511,00000009,8,1,English,NORP,15,22
mdp.39015060020511,00000009,9,0,Hunter's Luck (,WORK_OF_ART,0,15
mdp.39015060020511,00000009,9,1,Ahtna Athabaskan,NORP,15,31
mdp.39015060020511,00000009,11,0,Lost and Found,WORK_OF_ART,0,14
mdp.39015060020511,00000009,11,1,Indian,NORP,60,66
mdp.39015060020511,00000009,13,0,39,CARDINAL,8,10
mdp.39015060020511,00000009,14,0,America,GPE,33,40
mdp.39015060020511,00000009,14,1,American,NORP,59,67
mdp.39015060020511,00000010,0,0,This Side of Eternity,WORK_OF_ART,25,46
mdp.39015060020511,00000010,0,1,Indian Summer 49 My,WORK_OF_ART,131,150
mdp.39015060020511,00000010,0,2,Indian,NORP,151,157
mdp.39015060020511,00000010,1,0,Dandelions in Full Bloom 52 Exodus 53 Sunday Drive 55 The Indian Poet at a Reading,WORK_OF_ART,16,98
mdp.39015060020511,00000010,1,1,Indian Time 57 Indian Social Security 58,WORK_OF_ART,102,142
mdp.39015060020511,00000010,3,0,Cowboys & Indians,WORK_OF_ART,20,37
mdp.39015060020511,00000010,6,0,Dead Man's Curve 64 The Better Part of Me,WORK_OF_ART,0,41
mdp.39015060020511,00000010,6,1,A Winter Walk With Sorrow 66 Call of the Wild,WORK_OF_ART,45,90
mdp.39015060020511,00000010,6,2,Cillem Quellra,PERSON,94,108
mdp.39015060020511,00000010,7,0,Elvis in Bear Country 69,WORK_OF_ART,0,24
mdp.39015060020511,00000010,7,1,In the House of Blue Light,WORK_OF_ART,25,51
mdp.39015060020511,00000010,8,0,"Hunter's Lament 71 January, After a Cold Spell",WORK_OF_ART,0,46
mdp.39015060020511,00000010,9,0,Living Jack London,WORK_OF_ART,47,65
mdp.39015060020511,00000010,9,1,The Hunter,WORK_OF_ART,69,79
mdp.39015060020511,00000010,9,2,Song of a Yupik Seal Hunter,WORK_OF_ART,83,110
mdp.39015060020511,00000010,9,3,Spending the Night on the Klutina River,WORK_OF_ART,114,153
mdp.39015060020511,00000010,9,4,This Side of Midnight,WORK_OF_ART,157,178
mdp.39015060020511,00000010,9,5,Trail's End 80 Tracks 81 The White Silence 82 The Dance 83 Redemption 84 Rebel 85 Kinfblk 86 A Fisherman's Heaven 87,WORK_OF_ART,182,298
mdp.39015060020511,00000011,0,0,Fathers & Sons,WORK_OF_ART,37,51
mdp.39015060020511,00000011,0,1,The Night of My Boyhood Rape,WORK_OF_ART,55,83
mdp.39015060020511,00000011,0,2,Spring on the Kenai Peninsula,WORK_OF_ART,87,116
mdp.39015060020511,00000011,0,3,Climbing Down the Mountain,WORK_OF_ART,255,281
mdp.39015060020511,00000011,1,0,What Comes Around,WORK_OF_ART,0,17
mdp.39015060020511,00000011,1,1,New Year's Resolution,EVENT,82,103
mdp.39015060020511,00000013,0,0,The Kenyan Review,ORG,114,131
mdp.39015060020511,00000013,0,1,Prairie Schooner,ORG,133,149
mdp.39015060020511,00000013,0,2,Gray's Sporting Journal,ORG,151,174
mdp.39015060020511,00000013,0,3,Yale Angler's Journal,ORG,176,197
mdp.39015060020511,00000013,0,4,onEarth,ORG,199,206
mdp.39015060020511,00000013,0,5,Iron Horse,ORG,208,218
mdp.39015060020511,00000013,0,6,Puerto Del Sol,ORG,220,234
mdp.39015060020511,00000013,0,7,Canary River Review,ORG,236,255
mdp.39015060020511,00000013,0,8,"Two Lines, Descant",WORK_OF_ART,257,275
mdp.39015060020511,00000013,0,9,The Common Review,ORG,277,294
mdp.39015060020511,00000013,0,10,"Margie, Poughshares",ORG,296,315
mdp.39015060020511,00000013,0,11,The Antioch Review,ORG,317,335
mdp.39015060020511,00000013,0,12,The Chariton Review,ORG,337,356
mdp.39015060020511,00000013,0,13,The Iowa Review,ORG,358,373
mdp.39015060020511,00000013,0,14,"Poetry Motel, Witness",WORK_OF_ART,375,396
mdp.39015060020511,00000013,0,15,The Conneticut Review,ORG,398,419
mdp.39015060020511,00000013,0,16,Rosebud,ORG,421,428
mdp.39015060020511,00000013,0,17,Hawaii Pacific Review,ORG,446,467
mdp.39015060020511,00000013,0,18,Yefief,ORG,469,475
mdp.39015060020511,00000013,0,19,Midwest Poetry Review,ORG,477,498
mdp.39015060020511,00000013,0,20,Cumberland Poetry Review,ORG,500,524
mdp.39015060020511,00000013,0,21,The Literary Review,ORG,526,545
mdp.39015060020511,00000013,0,22,Clay Palm Review,ORG,547,563
mdp.39015060020511,00000013,0,23,Birmingham Poetry Review,ORG,565,589
mdp.39015060020511,00000013,0,24,Paintbrush,ORG,591,601
mdp.39015060020511,00000013,0,25,Art Times,ORG,603,612
mdp.39015060020511,00000013,0,26,Columbia Journal,ORG,614,630
mdp.39015060020511,00000013,0,27,American Indian Culture & Research Journal,ORG,632,674
mdp.39015060020511,00000013,0,28,Georgetown Review,ORG,676,693
mdp.39015060020511,00000013,0,29,Poetry Ireland Review,ORG,695,716
mdp.39015060020511,00000013,0,30,High Plains Literary Review,ORG,718,745
mdp.39015060020511,00000013,0,31,Echoes,ORG,747,753
mdp.39015060020511,00000013,0,32,Orbis,ORG,755,760
mdp.39015060020511,00000013,0,33,The Wisconsin Academy Review,ORG,762,790
mdp.39015060020511,00000013,0,34,The American Voice,ORG,796,814
mdp.39015060020511,00000013,1,0,Animal Spirits,WORK_OF_ART,1,15
mdp.39015060020511,00000013,1,1,Poetry Comes Up Where,WORK_OF_ART,29,50
mdp.39015060020511,00000013,2,0,After a Sermon at the Church of Infinite Confusion,WORK_OF_ART,1,51
mdp.39015060020511,00000013,2,1,2002,DATE,76,80
mdp.39015060020511,00000013,2,2,James Hearst Poetry Prize,ORG,81,106
mdp.39015060020511,00000013,2,3,the North America Review,ORG,116,140
mdp.39015060020511,00000013,3,0,Gary Snyder,PERSON,18,29
mdp.39015060020511,00000013,3,1,Bard Young,PERSON,31,41
mdp.39015060020511,00000013,3,2,Zara,PERSON,47,51
mdp.39015060020511,00000013,3,3,Pamela Smelcer,PERSON,56,70
mdp.39015060020511,00000015,0,0,RETURNING THE GIFT,PERSON,0,18
mdp.39015060020511,00000015,2,0,weeks,DATE,4,9
mdp.39015060020511,00000015,3,0,Months later,DATE,0,12
mdp.39015060020511,00000015,4,0,morning,TIME,164,171
mdp.39015060020511,00000015,5,0,North,LOC,38,43
mdp.39015060020511,00000015,6,0,Tsin'aen,GPE,0,8
mdp.39015060020511,00000015,6,1,Saghani Ggaay,NORP,10,23
mdp.39015060020511,00000015,7,0,Tsin'aen,PERSON,0,8
mdp.39015060020511,00000015,8,0,Raven,PERSON,18,23
mdp.39015060020511,00000016,0,0,INDIAN,NORP,0,6
mdp.39015060020511,00000016,0,1,Jessie BlackHawk,PERSON,15,31
mdp.39015060020511,00000016,0,2,Redskins,ORG,102,110
mdp.39015060020511,00000017,0,0,INDIAN,NORP,3,9
mdp.39015060020511,00000017,0,1,Johnny Looks,PERSON,40,52
mdp.39015060020511,00000017,1,0,White,NORP,51,56
mdp.39015060020511,00000017,1,1,Indian,NORP,70,76
mdp.39015060020511,00000018,0,0,ten,TIME,54,57
mdp.39015060020511,00000018,0,1,Mary Caught,PERSON,59,70
mdp.39015060020511,00000018,0,2,Sunday,DATE,97,103
mdp.39015060020511,00000018,0,3,Raven,PERSON,307,312
mdp.39015060020511,00000018,0,4,Coyote,PERSON,317,323
mdp.39015060020511,00000019,0,0,AMERICAN INDIAN,NORP,3,18
mdp.39015060020511,00000019,0,1,AMERICAN,NORP,30,38
mdp.39015060020511,00000019,1,0,Silas Carries-a-Dream,PERSON,0,21
mdp.39015060020511,00000019,1,1,george Washington lane,FAC,59,81
mdp.39015060020511,00000019,1,2,Indians,NORP,126,133
mdp.39015060020511,00000019,1,3,Silas Carries-a-Dream,PERSON,484,505
mdp.39015060020511,00000019,1,4,Bureau of Indian Affairs,ORG,595,619
mdp.39015060020511,00000019,1,5,BIA,ORG,621,624
mdp.39015060020511,00000019,1,6,U. S.,GPE,644,649
mdp.39015060020511,00000020,0,0,INDIAN,NORP,3,9
mdp.39015060020511,00000020,0,1,BILLY MILLS,PERSON,30,41
mdp.39015060020511,00000020,0,2,Billy,PERSON,46,51
mdp.39015060020511,00000020,0,3,Indian,NORP,83,89
mdp.39015060020511,00000020,0,4,first,ORDINAL,105,110
mdp.39015060020511,00000020,0,5,george armstrong custer,PERSON,118,141
mdp.39015060020511,00000020,0,6,Arthur Greased-Lightning,PERSON,153,177
mdp.39015060020511,00000020,0,7,BIA,ORG,196,199
mdp.39015060020511,00000020,0,8,one,CARDINAL,263,266
mdp.39015060020511,00000020,0,9,BIA,ORG,367,370
mdp.39015060020511,00000020,0,10,The First Baptist Church of Indian Conversion,ORG,420,465
mdp.39015060020511,00000020,0,11,the Church of Infinite Confusion,FAC,532,564
mdp.39015060020511,00000021,0,0,the Church of Infinite Confusion,ORG,15,47
mdp.39015060020511,00000021,0,1,Sunday,DATE,88,94
mdp.39015060020511,00000022,0,0,Clarence HoopDancer,PERSON,22,41
mdp.39015060020511,00000022,0,1,the night,TIME,58,67
mdp.39015060020511,00000023,1,0,Herbert Redskin,PERSON,0,15
mdp.39015060020511,00000023,2,0,two,CARDINAL,114,117
mdp.39015060020511,00000023,2,1,SUV,PRODUCT,133,136
mdp.39015060020511,00000023,2,2,Martha Stewart,PERSON,249,263
mdp.39015060020511,00000024,0,0,the night,TIME,12,21
mdp.39015060020511,00000024,0,1,Indian,NORP,81,87
mdp.39015060020511,00000024,0,2,Indian,NORP,416,422
mdp.39015060020511,00000025,0,0,THE BOOK OF GENESIS,WORK_OF_ART,0,19
mdp.39015060020511,00000025,0,1,AMERICAN,NORP,33,41
mdp.39015060020511,00000025,0,2,INDIAN,NORP,42,48
mdp.39015060020511,00000025,1,0,Indians,NORP,29,36
mdp.39015060020511,00000025,1,1,english,LANGUAGE,173,180
mdp.39015060020511,00000025,1,2,Whites,NORP,208,214
mdp.39015060020511,00000025,1,3,Indians,NORP,285,292
mdp.39015060020511,00000025,1,4,Adam,PERSON,335,339
mdp.39015060020511,00000025,2,0,God,PERSON,4,7
mdp.39015060020511,00000025,2,1,Whites,NORP,46,52
mdp.39015060020511,00000025,3,0,Rome,GPE,69,73
mdp.39015060020511,00000025,3,1,Indians,NORP,89,96
mdp.39015060020511,00000025,3,2,Whites,NORP,114,120
mdp.39015060020511,00000025,3,3,Whites,NORP,184,190
mdp.39015060020511,00000025,3,4,Indians,NORP,202,209
mdp.39015060020511,00000026,0,0,Blacks,NORP,17,23
mdp.39015060020511,00000026,1,0,Indians,NORP,61,68
mdp.39015060020511,00000026,1,1,the Trail of Tears,WORK_OF_ART,99,117
mdp.39015060020511,00000026,1,2,Whites,NORP,135,141
mdp.39015060020511,00000026,1,3,Indians,NORP,174,181
mdp.39015060020511,00000026,2,0,Whites,NORP,79,85
mdp.39015060020511,00000026,3,0,BIA,ORG,65,68
mdp.39015060020511,00000026,3,1,HUD,ORG,73,76
mdp.39015060020511,00000026,3,2,IHS,ORG,118,121
mdp.39015060020511,00000026,3,3,The Church of Infinite Confusion,ORG,154,186
mdp.39015060020511,00000027,0,0,Wal-Mart,ORG,38,46
mdp.39015060020511,00000027,0,1,Mega,FAC,55,59
mdp.39015060020511,00000027,0,2,-,ORG,59,60
mdp.39015060020511,00000027,0,3,Mall,FAC,60,64
mdp.39015060020511,00000027,0,4,Cineplex,FAC,73,81
mdp.39015060020511,00000027,0,5,Indians,NORP,117,124
mdp.39015060020511,00000027,0,6,the La-Z-Boy,PRODUCT,192,204
mdp.39015060020511,00000027,0,7,the Washington Redskins,ORG,248,271
mdp.39015060020511,00000027,0,8,america,LOC,402,409
mdp.39015060020511,00000027,0,9,Indians,NORP,435,442
mdp.39015060020511,00000027,0,10,* U. S.,ORG,498,505
mdp.39015060020511,00000027,0,11,Department of Housing and Urban Development,ORG,506,549
mdp.39015060020511,00000027,0,12,HUD,ORG,551,554
mdp.39015060020511,00000027,0,13,U. S.,GPE,574,579
mdp.39015060020511,00000027,0,14,Indian Health Service,ORG,601,622
mdp.39015060020511,00000027,0,15,IHS,ORG,624,627
mdp.39015060020511,00000027,0,16,U. S.,GPE,647,652
mdp.39015060020511,00000028,0,0,AMERICAN,NORP,44,52
mdp.39015060020511,00000028,0,1,INDIAN,NORP,53,59
mdp.39015060020511,00000028,0,2,Indian,NORP,69,75
mdp.39015060020511,00000028,2,0,Indians,NORP,8,15
mdp.39015060020511,00000028,4,0,Indians,NORP,26,33
mdp.39015060020511,00000028,4,1,Indians,NORP,53,60
mdp.39015060020511,00000028,5,0,Indian,NORP,3,9
mdp.39015060020511,00000028,5,1,the Pulitzer Prize,WORK_OF_ART,23,41
mdp.39015060020511,00000028,6,0,Indian,NORP,0,6
mdp.39015060020511,00000028,7,0,Porsche,ORG,19,26
mdp.39015060020511,00000028,7,1,a quarter million miles,QUANTITY,52,75
mdp.39015060020511,00000028,8,0,Indians,NORP,8,15
mdp.39015060020511,00000028,9,0,Indians,NORP,8,15
mdp.39015060020511,00000028,11,0,Indians,NORP,11,18
mdp.39015060020511,00000028,12,0,Indian,NORP,5,11
mdp.39015060020511,00000028,12,1,at least one,CARDINAL,29,41
mdp.39015060020511,00000028,14,0,Indians,NORP,0,7
mdp.39015060020511,00000028,16,0,14,CARDINAL,0,2
mdp.39015060020511,00000029,0,0,John Wayne's,PERSON,0,12
mdp.39015060020511,00000029,0,1,Marion,PERSON,27,33
mdp.39015060020511,00000029,1,0,Columbus,PERSON,0,8
mdp.39015060020511,00000029,1,1,America,GPE,32,39
mdp.39015060020511,00000029,2,0,The Navajo Nation,GPE,0,17
mdp.39015060020511,00000029,2,1,Nebraska,GPE,31,39
mdp.39015060020511,00000029,3,0,Indians,NORP,48,55
mdp.39015060020511,00000029,4,0,Indians,NORP,8,15
mdp.39015060020511,00000029,7,0,Indians,NORP,14,21
mdp.39015060020511,00000029,8,0,500,CARDINAL,10,13
mdp.39015060020511,00000029,8,1,America,GPE,24,31
mdp.39015060020511,00000029,10,0,Indian,NORP,5,11
mdp.39015060020511,00000029,11,0,American,NORP,0,8
mdp.39015060020511,00000029,11,1,Native American,NORP,24,39
mdp.39015060020511,00000029,11,2,Indian,NORP,70,76
mdp.39015060020511,00000029,12,0,Indian,NORP,53,59
mdp.39015060020511,00000029,13,0,Indian Social Security,ORG,9,31
mdp.39015060020511,00000029,14,0,America,GPE,0,7
mdp.39015060020511,00000029,14,1,Indian,NORP,18,24
mdp.39015060020511,00000029,14,2,Indians,NORP,71,78
mdp.39015060020511,00000030,0,0,American,NORP,5,13
mdp.39015060020511,00000030,0,1,Indians,NORP,41,48
mdp.39015060020511,00000030,1,0,Indian,NORP,16,22
mdp.39015060020511,00000030,1,1,the Cherokee Crucified Christs,ORG,46,76
mdp.39015060020511,00000030,3,0,Indian,NORP,4,10
mdp.39015060020511,00000030,5,0,Indians,NORP,5,12
mdp.39015060020511,00000030,5,1,Indian,NORP,82,88
mdp.39015060020511,00000030,7,0,Indians,NORP,5,12
mdp.39015060020511,00000030,8,0,Indian,NORP,21,27
mdp.39015060020511,00000030,8,1,English,LANGUAGE,42,49
mdp.39015060020511,00000030,9,0,Indian,NORP,4,10
mdp.39015060020511,00000030,9,1,Indian,NORP,31,37
mdp.39015060020511,00000030,12,0,Indian,NORP,0,6
mdp.39015060020511,00000030,12,1,Indian,NORP,30,36
mdp.39015060020511,00000030,13,0,Indian,NORP,0,6
mdp.39015060020511,00000030,13,1,Indian,NORP,45,51
mdp.39015060020511,00000030,14,0,Indians,NORP,44,51
mdp.39015060020511,00000030,15,0,Indian,NORP,5,11
mdp.39015060020511,00000030,16,0,British,NORP,0,7
mdp.39015060020511,00000030,16,1,Shakespeare,PERSON,34,45
mdp.39015060020511,00000030,17,0,French,NORP,0,6
mdp.39015060020511,00000030,17,1,Baudelaire,PERSON,33,43
mdp.39015060020511,00000030,18,0,16,CARDINAL,0,2
mdp.39015060020511,00000031,1,0,Indian,NORP,0,6
mdp.39015060020511,00000031,1,1,Indian,NORP,47,53
mdp.39015060020511,00000031,2,0,Indians,NORP,11,18
mdp.39015060020511,00000031,3,0,Indians,NORP,4,11
mdp.39015060020511,00000031,3,1,Indian,NORP,17,23
mdp.39015060020511,00000031,4,0,Non-Indians,NORP,0,11
mdp.39015060020511,00000031,4,1,Indians,NORP,29,36
mdp.39015060020511,00000031,6,0,Johnny-Fakes-His-Name-,WORK_OF_ART,11,33
mdp.39015060020511,00000031,7,0,Indian,NORP,4,10
mdp.39015060020511,00000031,9,0,Indians,NORP,5,12
mdp.39015060020511,00000031,10,0,Indian,NORP,4,10
mdp.39015060020511,00000031,11,0,Indians,NORP,0,7
mdp.39015060020511,00000031,11,1,ten,CARDINAL,23,26
mdp.39015060020511,00000031,12,0,Indian,NORP,13,19
mdp.39015060020511,00000031,13,0,Indian,NORP,5,11
mdp.39015060020511,00000031,16,0,17,CARDINAL,0,2
mdp.39015060020511,00000032,0,0,Nila Both,PERSON,13,22
mdp.39015060020511,00000032,1,0,first,ORDINAL,7,12
mdp.39015060020511,00000032,2,0,Nila,PERSON,0,4
mdp.39015060020511,00000032,2,1,Nila,PERSON,17,21
mdp.39015060020511,00000032,4,0,18,CARDINAL,0,2
mdp.39015060020511,00000033,1,0,Mary Caught,PERSON,5,16
mdp.39015060020511,00000033,1,1,fourteen,DATE,32,40
mdp.39015060020511,00000033,1,2,Sanford Nicolai,PERSON,42,57
mdp.39015060020511,00000033,2,0,the Great Hall,FAC,17,31
mdp.39015060020511,00000033,2,1,"over a thousand,years",DATE,206,227
mdp.39015060020511,00000033,3,0,Indians,NORP,4,11
mdp.39015060020511,00000033,4,0,Mt. Sanford,LOC,75,86
mdp.39015060020511,00000033,6,0,Mt. Sanford,LOC,4,15
mdp.39015060020511,00000033,6,1,today,DATE,22,27
mdp.39015060020511,00000033,7,0,19,CARDINAL,0,2
mdp.39015060020511,00000034,0,0,INDIAN,NORP,3,9
mdp.39015060020511,00000034,0,1,MICHAEL JORDAN,PERSON,24,38
mdp.39015060020511,00000034,1,0,Jimmy,PERSON,0,5
mdp.39015060020511,00000034,2,0,126,CARDINAL,14,17
mdp.39015060020511,00000034,2,1,Jimmy,PERSON,53,58
mdp.39015060020511,00000034,2,2,half,CARDINAL,71,75
mdp.39015060020511,00000034,2,3,Our Lady of Perpetual Moolah,ORG,210,238
mdp.39015060020511,00000034,2,4,Fat Mabel's Greasy Grill & Skillet,ORG,245,279
mdp.39015060020511,00000034,2,5,BIA,ORG,288,291
mdp.39015060020511,00000034,3,0,20,CARDINAL,0,2
mdp.39015060020511,00000035,0,0,HYMN SINGER,PERSON,0,11
mdp.39015060020511,00000035,1,0,Indian,NORP,36,42
mdp.39015060020511,00000036,0,0,SILAS,GPE,0,5
mdp.39015060020511,00000036,1,0,today,DATE,29,34
mdp.39015060020511,00000036,3,0,Lucy,PERSON,94,98
mdp.39015060020511,00000036,3,1,Bertha,PERSON,102,108
mdp.39015060020511,00000036,4,0,a beautiful day,DATE,6,21
mdp.39015060020511,00000036,4,1,22,CARDINAL,84,86
mdp.39015060020511,00000037,0,0,INDIAN GIVER,PERSON,0,12
mdp.39015060020511,00000037,1,0,one,CARDINAL,3,6
mdp.39015060020511,00000037,1,1,first,ORDINAL,22,27
mdp.39015060020511,00000037,1,2,British,NORP,68,75
mdp.39015060020511,00000037,1,3,Indians,NORP,103,110
mdp.39015060020511,00000037,1,4,Pontiac's Rebellion of 1763,EVENT,145,172
mdp.39015060020511,00000037,2,0,nearly half,CARDINAL,9,20
mdp.39015060020511,00000037,2,1,all American Indians,NORP,24,44
mdp.39015060020511,00000037,3,0,23,CARDINAL,0,2
mdp.39015060020511,00000038,0,0,AMERICA,GPE,4,11
mdp.39015060020511,00000038,0,1,america,GPE,21,28
mdp.39015060020511,00000038,0,2,Indian,NORP,40,46
mdp.39015060020511,00000038,0,3,english,LANGUAGE,99,106
mdp.39015060020511,00000038,2,0,america,GPE,6,13
mdp.39015060020511,00000038,2,1,Indian,NORP,47,53
mdp.39015060020511,00000038,3,0,japan,GPE,47,52
mdp.39015060020511,00000038,4,0,america,GPE,8,15
mdp.39015060020511,00000038,4,1,Indians,NORP,27,34
mdp.39015060020511,00000038,6,0,america,GPE,5,12
mdp.39015060020511,00000038,7,0,a million,CARDINAL,54,63
mdp.39015060020511,00000038,8,0,america,GPE,7,14
mdp.39015060020511,00000038,8,1,Indian,NORP,29,35
mdp.39015060020511,00000038,10,0,24,CARDINAL,0,2
mdp.39015060020511,00000039,0,0,THE HOUSE OF WORSHIP,FAC,3,23
mdp.39015060020511,00000039,0,1,Sunday,DATE,59,65
mdp.39015060020511,00000039,0,2,the First National Bank of America,ORG,128,162
mdp.39015060020511,00000040,4,0,26,CARDINAL,0,2
mdp.39015060020511,00000041,0,0,daily,DATE,33,38
mdp.39015060020511,00000041,3,0,three,CARDINAL,42,47
mdp.39015060020511,00000041,5,0,27,CARDINAL,0,2
mdp.39015060020511,00000042,0,0,William Carlos Williams,PERSON,36,59
mdp.39015060020511,00000042,0,1,Indian,NORP,87,93
mdp.39015060020511,00000043,0,0,KINSHIP,PERSON,0,7
mdp.39015060020511,00000043,0,1,Last night,TIME,8,18
mdp.39015060020511,00000043,2,0,a dozen,CARDINAL,84,91
mdp.39015060020511,00000043,3,0,Raven,PERSON,61,66
mdp.39015060020511,00000045,0,0,"""My Conversation with a Fox",WORK_OF_ART,24,51
mdp.39015060020511,00000045,0,1,Athabaskan,NORP,66,76
mdp.39015060020511,00000045,0,2,Naggets'i bikay'teztset ghayaal tic'aa c'et'aan Sii keggot'nil'aa yii saghani yikaas,NORP,77,161
mdp.39015060020511,00000046,2,0,Ahtna Athabaskan,NORP,3,19
mdp.39015060020511,00000046,3,0,Tazlina Glacier,LOC,66,81
mdp.39015060020511,00000046,8,0,32,CARDINAL,0,2
mdp.39015060020511,00000047,0,0,CANAAN,NORP,0,6
mdp.39015060020511,00000047,0,1,Hunter's Luck,WORK_OF_ART,10,23
mdp.39015060020511,00000047,0,2,Ahtna Athabaskan,NORP,32,48
mdp.39015060020511,00000047,0,3,sii c'ukatezyaa udzih k'ez ben Tl'ahwdinaesi,NORP,59,103
mdp.39015060020511,00000047,1,0,Yaake' kuztset sacaan,NORP,0,21
mdp.39015060020511,00000047,1,1,caan natadghitaan k'os,NORP,23,45
mdp.39015060020511,00000047,2,0,Gaxan,NORP,0,5
mdp.39015060020511,00000047,2,1,saghani ggaay,NORP,7,20
mdp.39015060020511,00000047,3,0,Saghani,NORP,0,7
mdp.39015060020511,00000047,4,0,Gigi gheli,PERSON,0,10
mdp.39015060020511,00000047,4,1,saghani yen,NORP,90,101
mdp.39015060020511,00000047,4,2,ggaek gok,GPE,137,146
mdp.39015060020511,00000047,4,3,ggaek gok,GPE,148,157
mdp.39015060020511,00000047,4,4,ggaek gok,GPE,159,168
mdp.39015060020511,00000048,1,0,Indian,NORP,211,217
mdp.39015060020511,00000048,2,0,34,CARDINAL,0,2
mdp.39015060020511,00000049,1,0,Indian,NORP,3,9
mdp.39015060020511,00000049,1,1,fifty years ago,DATE,33,48
mdp.39015060020511,00000049,1,2,second,ORDINAL,57,63
mdp.39015060020511,00000049,1,3,Palmer Little-Weasel,PERSON,71,91
mdp.39015060020511,00000049,1,4,four,DATE,96,100
mdp.39015060020511,00000049,1,5,five,DATE,104,108
mdp.39015060020511,00000049,2,0,summer,DATE,7,13
mdp.39015060020511,00000049,2,1,the next day,DATE,43,55
mdp.39015060020511,00000049,4,0,Late in the hot afternoon,TIME,0,25
mdp.39015060020511,00000049,5,0,35,CARDINAL,0,2
mdp.39015060020511,00000050,0,0,last week,DATE,38,47
mdp.39015060020511,00000050,4,0,36,CARDINAL,0,2
mdp.39015060020511,00000051,0,0,INDIAN,NORP,21,27
mdp.39015060020511,00000051,2,0,Texas,GPE,60,65
mdp.39015060020511,00000051,3,0,37,CARDINAL,0,2
mdp.39015060020511,00000052,0,0,Tazlina Village,GPE,10,25
mdp.39015060020511,00000052,0,1,Alaska,GPE,27,33
mdp.39015060020511,00000052,1,0,Tezdlende Joe,PERSON,155,168
mdp.39015060020511,00000052,1,1,Tazlina Joe,PERSON,191,202
mdp.39015060020511,00000052,1,2,Eldayudesnaa,PERSON,216,228
mdp.39015060020511,00000052,1,3,Morrie Secondchief,PERSON,245,263
mdp.39015060020511,00000052,3,0,38,CARDINAL,0,2
mdp.39015060020511,00000053,0,0,the 7-Eleven,FAC,14,26
mdp.39015060020511,00000053,0,1,the Weegotskrood Indian Reservation,LOC,35,70
mdp.39015060020511,00000053,0,2,Lester Gets-the-Shaft,PERSON,72,93
mdp.39015060020511,00000053,0,3,Black,NORP,116,121
mdp.39015060020511,00000053,1,0,Indian,NORP,9,15
mdp.39015060020511,00000053,2,0,Lester Gets-The-Shaft,PERSON,24,45
mdp.39015060020511,00000053,2,1,Indian,NORP,153,159
mdp.39015060020511,00000054,4,0,40,CARDINAL,0,2
mdp.39015060020511,00000055,0,0,AMERICA,GPE,33,40
mdp.39015060020511,00000055,0,1,AMERICAN,NORP,59,67
mdp.39015060020511,00000055,0,2,INDIAN,NORP,68,74
mdp.39015060020511,00000055,0,3,marco polo,PERSON,83,93
mdp.39015060020511,00000055,0,4,america,GPE,105,112
mdp.39015060020511,00000055,0,5,1776,DATE,116,120
mdp.39015060020511,00000055,0,6,two days,DATE,121,129
mdp.39015060020511,00000055,0,7,benjamin franklin,PERSON,136,153
mdp.39015060020511,00000055,0,8,one year,DATE,176,184
mdp.39015060020511,00000055,0,9,south,LOC,195,200
mdp.39015060020511,00000055,0,10,the civil war,EVENT,205,218
mdp.39015060020511,00000055,0,11,five years,DATE,223,233
mdp.39015060020511,00000055,0,12,alaska,GPE,240,246
mdp.39015060020511,00000055,0,13,first,ORDINAL,258,263
mdp.39015060020511,00000055,0,14,texas,GPE,295,300
mdp.39015060020511,00000055,0,15,rhode island,GPE,305,317
mdp.39015060020511,00000055,1,0,american,NORP,45,53
mdp.39015060020511,00000055,1,1,indian,NORP,54,60
mdp.39015060020511,00000055,2,0,41,CARDINAL,0,2
mdp.39015060020511,00000056,0,0,Joseph LittleBear,PERSON,47,64
mdp.39015060020511,00000056,0,1,Mary Caught-in,PERSON,69,83
mdp.39015060020511,00000056,0,2,the First Baptist Church of Indian Conversion,ORG,104,149
mdp.39015060020511,00000056,0,3,semi-annual,DATE,163,174
mdp.39015060020511,00000056,1,0,today,DATE,74,79
mdp.39015060020511,00000056,1,1,Frisbee,PRODUCT,93,100
mdp.39015060020511,00000056,2,0,Mary,PERSON,4,8
mdp.39015060020511,00000056,2,1,Joseph,PERSON,13,19
mdp.39015060020511,00000056,3,0,42,CARDINAL,0,2
mdp.39015060020511,00000057,0,0,A BULL MOOSE,PERSON,9,21
mdp.39015060020511,00000057,5,0,43,CARDINAL,0,2
mdp.39015060020511,00000058,1,0,the evening,TIME,3,14
mdp.39015060020511,00000058,1,1,80th,ORDINAL,22,26
mdp.39015060020511,00000059,1,0,last week's,DATE,28,39
mdp.39015060020511,00000059,2,0,Indian,NORP,46,52
mdp.39015060020511,00000059,3,0,45,CARDINAL,0,2
mdp.39015060020511,00000060,0,0,Thomas Secondchief,PERSON,15,33
mdp.39015060020511,00000060,1,0,Indians,NORP,72,79
mdp.39015060020511,00000060,2,0,46,CARDINAL,0,2
mdp.39015060020511,00000061,1,0,John Haines,PERSON,2,13
mdp.39015060020511,00000061,2,0,last night,TIME,185,195
mdp.39015060020511,00000061,5,0,47,CARDINAL,0,2
mdp.39015060020511,00000062,1,0,Indians,NORP,5,12
mdp.39015060020511,00000062,1,1,Indianess,NORP,33,42
mdp.39015060020511,00000062,1,2,Albert Loonfeather,PERSON,43,61
mdp.39015060020511,00000062,1,3,Blacks,NORP,157,163
mdp.39015060020511,00000062,1,4,Hispanics,NORP,168,177
mdp.39015060020511,00000062,1,5,Chinese,NORP,179,186
mdp.39015060020511,00000062,1,6,Japanese,NORP,191,199
mdp.39015060020511,00000062,2,0,48,CARDINAL,0,2
mdp.39015060020511,00000063,0,0,INDIAN SUMMER,DATE,0,13
mdp.39015060020511,00000063,1,0,summer,DATE,56,62
mdp.39015060020511,00000063,1,1,morning,TIME,126,133
mdp.39015060020511,00000063,3,0,summer,DATE,29,35
mdp.39015060020511,00000063,3,1,49,CARDINAL,96,98
mdp.39015060020511,00000064,0,0,INDIAN,NORP,3,9
mdp.39015060020511,00000064,0,1,Morris Secondchief,PERSON,44,62
mdp.39015060020511,00000064,0,2,October,DATE,63,70
mdp.39015060020511,00000064,4,0,two,CARDINAL,10,13
mdp.39015060020511,00000064,6,0,Grandma,PERSON,0,7
mdp.39015060020511,00000064,6,1,Nalt'uuy ggok xonahang,PERSON,58,80
mdp.39015060020511,00000065,0,0,Jesus,PERSON,40,45
mdp.39015060020511,00000065,2,0,thirteen years,DATE,6,20
mdp.39015060020511,00000065,3,0,night,TIME,21,26
mdp.39015060020511,00000065,4,0,51,CARDINAL,0,2
mdp.39015060020511,00000066,1,0,the wintry day,DATE,3,17
mdp.39015060020511,00000066,1,1,Sioux,NORP,39,44
mdp.39015060020511,00000066,1,2,Jimmy BlueCloud,PERSON,50,65
mdp.39015060020511,00000066,2,0,Spring,DATE,0,6
mdp.39015060020511,00000066,3,0,52,CARDINAL,0,2
mdp.39015060020511,00000067,0,0,EXODUS,PERSON,0,6
mdp.39015060020511,00000067,2,0,every month,DATE,89,100
mdp.39015060020511,00000067,3,0,first,ORDINAL,76,81
mdp.39015060020511,00000067,4,0,Eskimo,NORP,146,152
mdp.39015060020511,00000067,4,1,tundra,LOC,201,207
mdp.39015060020511,00000067,4,2,sixty,CARDINAL,211,216
mdp.39015060020511,00000068,3,0,54,CARDINAL,0,2
mdp.39015060020511,00000069,0,0,SUNDAY,DATE,0,6
mdp.39015060020511,00000069,0,1,fifty,CARDINAL,25,30
mdp.39015060020511,00000069,0,2,all week,DATE,37,45
mdp.39015060020511,00000069,3,0,winter,DATE,53,59
mdp.39015060020511,00000069,4,0,last night,TIME,34,44
mdp.39015060020511,00000070,0,0,INDIAN,NORP,4,10
mdp.39015060020511,00000070,0,1,The Governor's Literary,WORK_OF_ART,29,52
mdp.39015060020511,00000070,0,2,Cyrano's Theatre,FAC,62,78
mdp.39015060020511,00000070,0,3,Anchorage,GPE,80,89
mdp.39015060020511,00000070,0,4,Alaska,GPE,91,97
mdp.39015060020511,00000070,0,5,Johnny Looks-Too-White,PERSON,98,120
mdp.39015060020511,00000070,0,6,American Express(ly for Whites,ORG,241,271
mdp.39015060020511,00000070,0,7,Martha Stewart,PERSON,300,314
mdp.39015060020511,00000070,0,8,Indian,NORP,465,471
mdp.39015060020511,00000071,0,0,Indians,NORP,12,19
mdp.39015060020511,00000071,1,0,1609,DATE,18,22
mdp.39015060020511,00000071,1,1,zero,CARDINAL,32,36
mdp.39015060020511,00000071,1,2,1492,DATE,42,46
mdp.39015060020511,00000071,1,3,Colombus,GPE,55,63
mdp.39015060020511,00000071,2,0,Christ,PERSON,18,24
mdp.39015060020511,00000071,2,1,1642 BW,DATE,37,44
mdp.39015060020511,00000071,2,2,Elvis Presley,PERSON,62,75
mdp.39015060020511,00000071,2,3,326 AW,DATE,79,85
mdp.39015060020511,00000071,2,4,JFK,PERSON,105,108
mdp.39015060020511,00000071,2,5,Dallas,GPE,131,137
mdp.39015060020511,00000071,2,6,354 AW,DATE,148,154
mdp.39015060020511,00000071,2,7,the restless year,DATE,156,173
mdp.39015060020511,00000071,3,0,57,CARDINAL,0,2
mdp.39015060020511,00000072,1,0,Eternal Poverty Reservation,FAC,3,30
mdp.39015060020511,00000072,1,1,the First Baptist Church of Indian Conversion,ORG,31,76
mdp.39015060020511,00000073,1,0,Indian,NORP,8,14
mdp.39015060020511,00000073,1,1,Indian,NORP,120,126
mdp.39015060020511,00000073,2,0,West,LOC,16,20
mdp.39015060020511,00000073,2,1,one,CARDINAL,30,33
mdp.39015060020511,00000073,2,2,bible,WORK_OF_ART,46,51
mdp.39015060020511,00000073,2,3,one,CARDINAL,52,55
mdp.39015060020511,00000073,3,0,59,CARDINAL,0,2
mdp.39015060020511,00000074,1,0,Cowboys,ORG,44,51
mdp.39015060020511,00000074,1,1,Indians,NORP,56,63
mdp.39015060020511,00000074,2,0,Indians,NORP,11,18
mdp.39015060020511,00000074,3,0,Indian,NORP,21,27
mdp.39015060020511,00000074,3,1,two,CARDINAL,104,107
mdp.39015060020511,00000074,4,0,60,CARDINAL,0,2
mdp.39015060020511,00000075,0,0,Western Europeans,NORP,44,61
mdp.39015060020511,00000075,0,1,more than half,CARDINAL,69,83
mdp.39015060020511,00000075,0,2,all American Indians,NORP,87,107
mdp.39015060020511,00000075,2,0,61,CARDINAL,0,2
mdp.39015060020511,00000076,0,0,INDIAN,NORP,5,11
mdp.39015060020511,00000076,0,1,Vivian S.,PERSON,16,25
mdp.39015060020511,00000076,1,0,Porsche,ORG,27,34
mdp.39015060020511,00000076,2,0,Indians,NORP,26,33
mdp.39015060020511,00000076,4,0,twenty-year-old,DATE,18,33
mdp.39015060020511,00000076,4,1,a quarter million miles,QUANTITY,53,76
mdp.39015060020511,00000076,5,0,Indian,NORP,28,34
mdp.39015060020511,00000076,7,0,62,CARDINAL,0,2
mdp.39015060020511,00000077,0,0,DZI'DI'DA Ours,GPE,0,14
mdp.39015060020511,00000077,2,0,Canada,GPE,30,36
mdp.39015060020511,00000077,2,1,years,DATE,41,46
mdp.39015060020511,00000077,4,0,a long winter,DATE,109,122
mdp.39015060020511,00000077,5,0,63,CARDINAL,80,82
mdp.39015060020511,00000078,0,0,DEAD MAN'S CURVE,LOC,0,16
mdp.39015060020511,00000078,1,0,eight,TIME,3,8
mdp.39015060020511,00000078,1,1,second,ORDINAL,13,19
mdp.39015060020511,00000078,1,2,Palmer Little-Weasel,PERSON,27,47
mdp.39015060020511,00000078,1,3,Ford,PRODUCT,73,77
mdp.39015060020511,00000078,1,4,Dead Man's Curve,LOC,87,103
mdp.39015060020511,00000078,1,5,over a hundred miles,QUANTITY,196,216
mdp.39015060020511,00000078,2,0,Indians,NORP,5,12
mdp.39015060020511,00000078,3,0,64,CARDINAL,0,2
mdp.39015060020511,00000079,0,0,Eldayudesna,PERSON,26,37
mdp.39015060020511,00000079,0,1,90,DATE,41,43
mdp.39015060020511,00000079,0,2,Indian,NORP,48,54
mdp.39015060020511,00000079,0,3,a mile,QUANTITY,136,142
mdp.39015060020511,00000079,0,4,each day,DATE,143,151
mdp.39015060020511,00000079,1,0,January,DATE,81,88
mdp.39015060020511,00000079,1,1,forty,CARDINAL,92,97
mdp.39015060020511,00000079,1,2,five-gallon,QUANTITY,148,159
mdp.39015060020511,00000079,3,0,65,CARDINAL,0,2
mdp.39015060020511,00000080,0,0,WINTER,DATE,2,8
mdp.39015060020511,00000080,0,1,Sorrow,PERSON,70,76
mdp.39015060020511,00000080,3,0,66,CARDINAL,0,2
mdp.39015060020511,00000081,0,0,CALL OF THE WILD,PERSON,0,16
mdp.39015060020511,00000081,2,0,Many years,DATE,0,10
mdp.39015060020511,00000082,0,0,ClLLEM QUELLRA,PERSON,0,14
mdp.39015060020511,00000082,1,0,Yup'ik,NORP,2,8
mdp.39015060020511,00000082,1,1,Atmautluak,GPE,18,28
mdp.39015060020511,00000082,1,2,Alaska,GPE,30,36
mdp.39015060020511,00000082,1,3,December 1999,DATE,53,66
mdp.39015060020511,00000082,3,0,Alaskan,NORP,22,29
mdp.39015060020511,00000082,3,1,winter,DATE,30,36
mdp.39015060020511,00000082,3,2,Eskimo,NORP,40,46
mdp.39015060020511,00000082,3,3,Atmautluak,GPE,59,69
mdp.39015060020511,00000082,5,0,spring,DATE,28,34
mdp.39015060020511,00000082,8,0,thirty years ago,DATE,48,64
mdp.39015060020511,00000082,9,0,Kuskokwim,LOC,25,34
mdp.39015060020511,00000082,10,0,68,CARDINAL,0,2
mdp.39015060020511,00000083,0,0,ELVIS,PERSON,0,5
mdp.39015060020511,00000083,1,0,All summer,DATE,0,10
mdp.39015060020511,00000083,3,0,two,CARDINAL,94,97
mdp.39015060020511,00000083,3,1,Elvis,PERSON,225,230
mdp.39015060020511,00000083,4,0,69,CARDINAL,0,2
mdp.39015060020511,00000084,0,0,Raven,LOC,109,114
mdp.39015060020511,00000084,0,1,the hot green day,DATE,152,169
mdp.39015060020511,00000084,1,0,summer,DATE,66,72
mdp.39015060020511,00000084,2,0,winter,DATE,192,198
mdp.39015060020511,00000084,3,0,70,CARDINAL,0,2
mdp.39015060020511,00000085,0,0,HUNTER'S LAMENT,PERSON,0,15
mdp.39015060020511,00000085,0,1,last year,DATE,68,77
mdp.39015060020511,00000085,2,0,71,CARDINAL,0,2
mdp.39015060020511,00000086,0,0,JANUARY,DATE,0,7
mdp.39015060020511,00000086,0,1,Last night,TIME,28,38
mdp.39015060020511,00000086,0,2,a week,DATE,46,52
mdp.39015060020511,00000086,0,3,twenty gallons,QUANTITY,101,115
mdp.39015060020511,00000086,0,4,two,CARDINAL,238,241
mdp.39015060020511,00000086,0,5,two,CARDINAL,299,302
mdp.39015060020511,00000086,1,0,the North Star,LOC,77,91
mdp.39015060020511,00000087,0,0,Barter Island,GPE,23,36
mdp.39015060020511,00000087,0,1,Alaska,GPE,38,44
mdp.39015060020511,00000087,0,2,1981,DATE,46,50
mdp.39015060020511,00000087,1,0,all night,TIME,55,64
mdp.39015060020511,00000087,2,0,Eskimo,NORP,59,65
mdp.39015060020511,00000088,0,0,ALASKA,GPE,11,17
mdp.39015060020511,00000088,1,0,a lifetime,DATE,6,16
mdp.39015060020511,00000088,2,0,hundreds of miles,QUANTITY,4,21
mdp.39015060020511,00000088,3,0,Indian,NORP,129,135
mdp.39015060020511,00000088,5,0,months,DATE,20,26
mdp.39015060020511,00000088,5,1,the day,DATE,42,49
mdp.39015060020511,00000088,5,2,weeks on end,DATE,72,84
mdp.39015060020511,00000088,6,0,74,CARDINAL,0,2
mdp.39015060020511,00000089,0,0,LIVING JACK LONDON,PERSON,0,18
mdp.39015060020511,00000089,0,1,Twenty-five miles,QUANTITY,19,36
mdp.39015060020511,00000089,0,2,ofDenali National Park,FAC,43,65
mdp.39015060020511,00000089,0,3,first,ORDINAL,81,86
mdp.39015060020511,00000089,1,0,Miles from my father's,DATE,0,22
mdp.39015060020511,00000089,2,0,North,LOC,185,190
mdp.39015060020511,00000089,2,1,winter,DATE,366,372
mdp.39015060020511,00000090,0,0,THE HUNTER,PERSON,0,10
mdp.39015060020511,00000090,1,0,This evening,TIME,0,12
mdp.39015060020511,00000090,1,1,tundra,LOC,27,33
mdp.39015060020511,00000090,3,0,night,TIME,42,47
mdp.39015060020511,00000090,4,0,winter,DATE,219,225
mdp.39015060020511,00000091,1,0,Eskimo,NORP,50,56
mdp.39015060020511,00000091,2,0,Spring,DATE,0,6
mdp.39015060020511,00000091,2,1,North,LOC,31,36
mdp.39015060020511,00000091,3,0,summer,DATE,134,140
mdp.39015060020511,00000091,4,0,season,DATE,25,31
mdp.39015060020511,00000091,6,0,77,CARDINAL,8,10
mdp.39015060020511,00000092,0,0,THE KLUTINA RIVER,LOC,22,39
mdp.39015060020511,00000092,0,1,Carl Sagan,PERSON,44,54
mdp.39015060020511,00000092,0,2,1934-1996,DATE,56,65
mdp.39015060020511,00000092,0,3,Tonight,TIME,67,74
mdp.39015060020511,00000092,3,0,78,CARDINAL,0,2
mdp.39015060020511,00000093,2,0,Far Eastern,NORP,37,48
mdp.39015060020511,00000093,5,0,79,CARDINAL,0,2
mdp.39015060020511,00000094,1,0,Two,CARDINAL,0,3
mdp.39015060020511,00000094,1,1,Eskimo,NORP,4,10
mdp.39015060020511,00000094,1,2,the Iditarod Trail,FAC,32,50
mdp.39015060020511,00000094,1,3,Colovin Bay,LOC,60,71
mdp.39015060020511,00000094,1,4,Elim,GPE,75,79
mdp.39015060020511,00000094,1,5,the day after Christmas,DATE,80,103
mdp.39015060020511,00000094,2,0,December,DATE,0,8
mdp.39015060020511,00000094,3,0,Two,CARDINAL,0,3
mdp.39015060020511,00000094,3,1,Christmas,DATE,45,54
mdp.39015060020511,00000094,3,2,twenty-eight miles,QUANTITY,91,109
mdp.39015060020511,00000094,4,0,a warm winter,DATE,16,29
mdp.39015060020511,00000094,5,0,morning,TIME,3,10
mdp.39015060020511,00000094,5,1,two,CARDINAL,111,114
mdp.39015060020511,00000094,6,0,80,CARDINAL,0,2
mdp.39015060020511,00000095,1,0,last year,DATE,5,14
mdp.39015060020511,00000095,4,0,last night,TIME,10,20
mdp.39015060020511,00000095,6,0,This morning,TIME,0,12
mdp.39015060020511,00000095,6,1,an hour,TIME,14,21
mdp.39015060020511,00000095,6,2,last night's,TIME,25,37
mdp.39015060020511,00000095,9,0,Alaskan,NORP,24,31
mdp.39015060020511,00000095,9,1,summer,DATE,84,90
mdp.39015060020511,00000095,10,0,81,CARDINAL,0,2
mdp.39015060020511,00000096,0,0,THE WHITE SILENCE,PERSON,0,17
mdp.39015060020511,00000096,4,0,Miles down trail,DATE,0,16
mdp.39015060020511,00000096,5,0,82,CARDINAL,0,2
mdp.39015060020511,00000097,1,0,October,DATE,13,20
mdp.39015060020511,00000097,1,1,Russian,NORP,56,63
mdp.39015060020511,00000097,1,2,Raven,PERSON,93,98
mdp.39015060020511,00000097,3,0,"the long, intolerable season",DATE,227,255
mdp.39015060020511,00000098,3,0,84,CARDINAL,0,2
mdp.39015060020511,00000099,0,0,REBEL,PERSON,0,5
mdp.39015060020511,00000099,1,0,the day,DATE,3,10
mdp.39015060020511,00000099,1,1,Indian,NORP,67,73
mdp.39015060020511,00000099,4,0,85,CARDINAL,0,2
mdp.39015060020511,00000100,0,0,KlNFOLK,PERSON,0,7
mdp.39015060020511,00000100,0,1,Kentucky,GPE,33,41
mdp.39015060020511,00000100,3,0,Every night,TIME,0,11
mdp.39015060020511,00000100,3,1,Becky,PERSON,13,18
mdp.39015060020511,00000100,4,0,86,CARDINAL,0,2
mdp.39015060020511,00000101,1,0,winter,DATE,44,50
mdp.39015060020511,00000101,3,0,87,CARDINAL,0,2
mdp.39015060020511,00000102,1,0,summer,DATE,4,10
mdp.39015060020511,00000102,1,1,Indian,NORP,141,147
mdp.39015060020511,00000104,5,0,— Ernest Hemingway,PERSON,0,18
mdp.39015060020511,00000104,11,0,90,CARDINAL,0,2
mdp.39015060020511,00000105,1,0,eighth,ORDINAL,82,88
mdp.39015060020511,00000105,3,0,five miles,QUANTITY,96,106
mdp.39015060020511,00000105,3,1,winter,DATE,135,141
mdp.39015060020511,00000105,4,0,91,CARDINAL,0,2
mdp.39015060020511,00000106,0,0,THE KENAI PENINSULA,PERSON,10,29
mdp.39015060020511,00000106,2,0,summer,DATE,132,138
mdp.39015060020511,00000107,0,0,CHRISTMAS EPIPHANY,PERSON,0,18
mdp.39015060020511,00000107,1,0,Saturday,DATE,8,16
mdp.39015060020511,00000107,1,1,a Barney the Purple Damned Dinosaur,WORK_OF_ART,291,326
mdp.39015060020511,00000107,3,0,93,CARDINAL,0,2
mdp.39015060020511,00000108,0,0,PILGRIMS LANDING,PERSON,0,16
mdp.39015060020511,00000108,1,0,a million,CARDINAL,158,167
mdp.39015060020511,00000108,2,0,dusk,TIME,318,322
mdp.39015060020511,00000108,3,0,94,CARDINAL,0,2
mdp.39015060020511,00000109,0,0,Pamela,PERSON,12,18
mdp.39015060020511,00000109,1,0,tonight,TIME,105,112
mdp.39015060020511,00000109,1,1,two,CARDINAL,116,119
mdp.39015060020511,00000110,0,0,TIN MAN,PERSON,0,7
mdp.39015060020511,00000111,0,0,THANKSGIVING,DATE,0,12
mdp.39015060020511,00000111,0,1,first,ORDINAL,24,29
mdp.39015060020511,00000111,0,2,Thanksgiving,DATE,30,42
mdp.39015060020511,00000111,0,3,a million,CARDINAL,58,67
mdp.39015060020511,00000111,0,4,Indians,NORP,68,75
mdp.39015060020511,00000111,0,5,Atlantic,LOC,101,109
mdp.39015060020511,00000112,0,0,GRAY THUNDER,PERSON,0,12
mdp.39015060020511,00000112,0,1,Tucker,PERSON,17,23
mdp.39015060020511,00000112,0,2,Tikaani,PERSON,28,35
mdp.39015060020511,00000112,1,0,Two,CARDINAL,46,49
mdp.39015060020511,00000112,2,0,early morning,TIME,116,129
mdp.39015060020511,00000112,3,0,the finest hours,TIME,12,28
mdp.39015060020511,00000112,3,1,winter,DATE,136,142
mdp.39015060020511,00000113,0,0,]. D. Jones,PERSON,23,34
mdp.39015060020511,00000113,1,0,Denali,GPE,164,170
mdp.39015060020511,00000113,4,0,hundred,CARDINAL,36,43
mdp.39015060020511,00000113,4,1,Eddie Bauer,PERSON,44,55
mdp.39015060020511,00000113,4,2,the Talkeetna River,LOC,99,118
mdp.39015060020511,00000113,5,0,99,CARDINAL,0,2
mdp.39015060020511,00000114,0,0,Sylvia Plath,PERSON,39,51
mdp.39015060020511,00000114,0,1,miles,TIME,92,97
mdp.39015060020511,00000114,2,0,an hour,TIME,3,10
mdp.39015060020511,00000114,3,0,100,CARDINAL,0,3
mdp.39015060020511,00000115,1,0,Matanuska Glacier,LOC,32,49
mdp.39015060020511,00000115,1,1,Army,ORG,54,58
mdp.39015060020511,00000115,1,2,"5,000 feet",QUANTITY,158,168
mdp.39015060020511,00000115,2,0,morning,TIME,97,104
mdp.39015060020511,00000116,0,0,GRAVE ROBBERS,PERSON,0,13
mdp.39015060020511,00000116,2,0,the day,DATE,3,10
mdp.39015060020511,00000116,3,0,Indians,NORP,12,19
mdp.39015060020511,00000116,4,0,102,CARDINAL,0,3
mdp.39015060020511,00000117,0,0,Yukon,GPE,203,208
mdp.39015060020511,00000117,1,0,Last night,TIME,0,10
mdp.39015060020511,00000117,2,0,four,CARDINAL,35,39
mdp.39015060020511,00000117,2,1,winter,DATE,64,70
mdp.39015060020511,00000117,4,0,That night,TIME,0,10
mdp.39015060020511,00000117,4,1,zero,CARDINAL,34,38
mdp.39015060020511,00000118,0,0,Indian,NORP,39,45
mdp.39015060020511,00000118,0,1,two,CARDINAL,81,84
mdp.39015060020511,00000118,2,0,years,DATE,57,62
mdp.39015060020511,00000118,3,0,twelve foot,QUANTITY,76,87
mdp.39015060020511,00000118,4,0,One summer day,DATE,0,14
mdp.39015060020511,00000118,4,1,years later,DATE,15,26
mdp.39015060020511,00000118,6,0,104,CARDINAL,0,3
mdp.39015060020511,00000119,0,0,James Ernest Smelcer,PERSON,24,44
mdp.39015060020511,00000119,0,1,1965-88,DATE,46,53
mdp.39015060020511,00000119,1,0,James,PERSON,16,21
mdp.39015060020511,00000119,1,1,Christmas,DATE,36,45
mdp.39015060020511,00000119,1,2,two weeks early,DATE,55,70
mdp.39015060020511,00000119,2,0,Monopoly,ORG,51,59
mdp.39015060020511,00000119,2,1,his last year,DATE,92,105
mdp.39015060020511,00000119,2,2,Army,ORG,137,141
mdp.39015060020511,00000119,4,0,twenty-three,DATE,73,85
mdp.39015060020511,00000120,0,0,NEW YEAR'S RESOLUTION,EVENT,19,40
mdp.39015060020511,00000120,3,0,106,CARDINAL,0,3
mdp.39015060020511,00000122,0,0,UNIVERSITY OF MICHIGAN,WORK_OF_ART,0,22
mdp.39015060020511,00000122,0,1,John E. Smelcer,PERSON,55,70
mdp.39015060020511,00000122,0,2,Riversongs,WORK_OF_ART,94,104
mdp.39015060020511,00000122,0,3,Songs From an Outcast,WORK_OF_ART,106,127
mdp.39015060020511,00000122,0,4,Kesugi Ridge,WORK_OF_ART,129,141
mdp.39015060020511,00000122,0,5,Changing Seasons,WORK_OF_ART,147,163
mdp.39015060020511,00000122,1,0,Durable Breath: Contemporary Native American Poetry,WORK_OF_ART,10,61
mdp.39015060020511,00000122,2,0,Autobiographical Essays by Native American Writers,WORK_OF_ART,41,91
mdp.39015060020511,00000122,3,0,In the Shadows of Mountains,WORK_OF_ART,59,86
mdp.39015060020511,00000122,3,1,The Raven and the Totem,WORK_OF_ART,91,114
mdp.39015060020511,00000122,4,0,more than 250,CARDINAL,27,40
mdp.39015060020511,00000122,4,1,The Atlantic Monthly,ORG,61,81
mdp.39015060020511,00000122,4,2,The American Voice,ORG,83,101
mdp.39015060020511,00000122,4,3,Antioch Review,ORG,103,117
mdp.39015060020511,00000122,4,4,Chariton Review,ORG,119,134
mdp.39015060020511,00000122,4,5,The Common Review,ORG,136,153
mdp.39015060020511,00000122,4,6,Connecticut Review,ORG,155,173
mdp.39015060020511,00000122,4,7,Georgetown Review,ORG,175,192
mdp.39015060020511,00000122,4,8,High Plains Literary Review,ORG,194,221
mdp.39015060020511,00000122,4,9,Iowa Review,ORG,223,234
mdp.39015060020511,00000122,4,10,The Kenyan Review,ORG,236,253
mdp.39015060020511,00000122,4,11,The Literary Review,ORG,255,274
mdp.39015060020511,00000122,4,12,Nimrod,ORG,276,282
mdp.39015060020511,00000122,4,13,Ohio Review,ORG,284,295
mdp.39015060020511,00000122,4,14,Ploughshares,ORG,297,309
mdp.39015060020511,00000122,4,15,Prairie Schooner,ORG,311,327
mdp.39015060020511,00000122,4,16,Rosebud,ORG,329,336
mdp.39015060020511,00000122,4,17,Witness,ORG,338,345
mdp.39015060020511,00000122,4,18,Zyzzyva,ORG,351,358
mdp.39015060020511,00000122,5,0,Smelcer,PERSON,0,7
mdp.39015060020511,00000122,6,0,the Ahtna Tribe,ORG,37,52
mdp.39015060020511,00000122,6,1,Alaska,GPE,56,62
mdp.39015060020511,00000122,7,0,1996 through 1998,DATE,5,22
mdp.39015060020511,00000122,7,1,the Ahtna Heritage Foundation,ORG,76,105
mdp.39015060020511,00000122,8,0,Smelcer,PERSON,0,7
mdp.39015060020511,00000122,8,1,Rosebud,ORG,28,35
mdp.39015060020511,00000122,8,2,EmbryRiddle Aeronautical University,ORG,60,95
mdp.39015060020511,00000122,9,0,108,CARDINAL,0,3
mdp.39015060020511,00000124,0,0,Alaskan,NORP,0,7
mdp.39015060020511,00000124,0,1,John E. Smelcer,PERSON,15,30
mdp.39015060020511,00000124,0,2,Ahtna,LANGUAGE,112,117
mdp.39015060020511,00000124,1,0,three,CARDINAL,20,25
mdp.39015060020511,00000124,1,1,Riversongs,WORK_OF_ART,48,58
mdp.39015060020511,00000124,1,2,Songs from an ' Outcast,WORK_OF_ART,63,86
mdp.39015060020511,00000124,1,3,Changing Seasons,WORK_OF_ART,92,108
mdp.39015060020511,00000124,1,4,two,CARDINAL,118,121
mdp.39015060020511,00000124,4,0,the 7-Eleven,ORG,32,44
mdp.39015060020511,00000124,4,1,Smelcer,PERSON,78,85
mdp.39015060020511,00000124,7,0,GARY SNYDER,PERSON,0,11
mdp.39015060020511,00000124,8,0,Allen Ginsberg,PERSON,9,23
mdp.39015060020511,00000124,8,1,John Smelcer,PERSON,30,42
mdp.39015060020511,00000124,8,2,America,GPE,86,93
mdp.39015060020511,00000124,11,0,-W. P. KINSELLA Smelcer,PERSON,0,23
mdp.39015060020511,00000124,11,1,American,NORP,47,55
mdp.39015060020511,00000124,12,0,-X. J. KENNEDY,PERSON,0,14
mdp.39015060020511,notes,0,0,0.81,CARDINAL,44,48
mdp.39015060020511,notes,0,1,0.00,CARDINAL,89,93
mdp.39015060020511,notes,0,2,0.00,CARDINAL,138,142
mdp.39015060020511,pagedata,0,0,"23,-1,9,UNTYPICAL_PAGE,",ORDINAL,1081,1104
mdp.39015060020511,pagedata,0,1,"IMPLICIT_PAGE_NUMBER 24,-1,10,UNTYPICAL_PAGE",ORDINAL,1104,1148
mdp.39015060020511,pagedata,0,2,"62,-1,48,UNTYPICAL_PAGE 63,-1,49,UNTYPICAL_PAGE",ORDINAL,2147,2194
mdp.39015060020511,pagedata,0,3,"64,-1,50,UNTYPICAL_PAGE 65,-1,51,UNTYPICAL_PAGE",ORDINAL,2195,2242
mdp.39015060020511,pagedata,0,4,"66,-1,52,UNTYPICAL_PAGE 67,-1,53,UNTYPICAL_PAGE",ORDINAL,2243,2290
mdp.39015060020511,pagedata,0,5,",IMPLICIT_PAGE_NUMBER",ORDINAL,2290,2311
mdp.39015060020511,pagedata,0,6,"68,-1,54,UNTYPICAL_PAGE 69,-1,55,UNTYPICAL_PAGE",ORDINAL,2312,2359
mdp.39015060020511,pagedata,0,7,"70,-1,56,CHAPTER_START,",ORDINAL,2360,2383
mdp.39015060020511,pagedata,0,8,"UNTYPICAL_PAGE 71,-1,57,UNTYPICAL_PAGE",ORDINAL,2383,2421
mdp.39015060020511,pagedata,0,9,"72,-1,58,UNTYPICAL_PAGE 73,-1,59,UNTYPICAL_PAGE",ORDINAL,2422,2469
mdp.39015060020511,pagedata,0,10,"74,-1,60,UNTYPICAL_PAGE 75,-1,61,UNTYPICAL_PAGE",ORDINAL,2470,2517
mdp.39015060020511,pagedata,0,11,"76,-1,62,UNTYPICAL_PAGE 77,-1,63,UNTYPICAL_PAGE",ORDINAL,2518,2565
mdp.39015060020511,pagedata,0,12,"78,-1,64,UNTYPICAL_PAGE,",ORDINAL,2566,2590
mdp.39015060020511,pagedata,0,13,"IMPLICIT_PAGE_NUMBER 79,-1,65,UNTYPICAL_PAGE",ORDINAL,2590,2634
mdp.39015060020511,pagedata,0,14,"80,-1,66,UNTYPICAL_PAGE 81,-1,67,UNTYPICAL_PAGE",ORDINAL,2635,2682
mdp.39015060020511,pagedata,0,15,"82,-1,68,UNTYPICAL_PAGE 83,-1,69,CHAPTER_START",ORDINAL,2683,2729
mdp.39015060020511,pagedata,0,16,",UNTYPICAL_PAGE",ORDINAL,2729,2744
mdp.39015060020511,pagedata,0,17,"84,-1,70,UNTYPICAL_PAGE 85,-1,71,UNTYPICAL_PAGE",ORDINAL,2745,2792
mdp.39015060020511,pagedata,0,18,"86,-1,72,UNTYPICAL_PAGE 87,-1,73,UNTYPICAL_PAGE",ORDINAL,2793,2840
mdp.39015060020511,pagedata,0,19,"88,-1,74,UNTYPICAL_PAGE 89,-1,75,UNTYPICAL_PAGE",ORDINAL,2841,2888
mdp.39015060020511,pagedata,0,20,"90,-1,76,UNTYPICAL_PAGE 91,-1,77,UNTYPICAL_PAGE",ORDINAL,2889,2936
mdp.39015060020511,pagedata,0,21,"92,-1,78,UNTYPICAL_PAGE 93,-1,79,UNTYPICAL_PAGE",ORDINAL,2937,2984
mdp.39015060020511,pagedata,0,22,"94,-1,80,UNTYPICAL_PAGE 95,-1,81,UNTYPICAL_PAGE",ORDINAL,2985,3032
