vol_id,page,sentence_id,ent_id,entity,entity_type,start_char,end_char
mdp.39015017459150,1,0,0,"1,639,769",CARDINAL,11,20
mdp.39015017459150,1,0,1,5,CARDINAL,28,29
mdp.39015017459150,7,0,0,Oklahoma,GPE,43,51
mdp.39015017459150,7,1,0,JACK FREDERICK,PERSON,1,15
mdp.39015017459150,7,1,1,DALLAS,GPE,88,94
mdp.39015017459150,8,0,0,1965,DATE,33,37
mdp.39015017459150,8,0,1,SOUTHERN METHODIST UNIVERSITY PRESS,ORG,40,75
mdp.39015017459150,8,0,2,DALLAS LIBRARY,ORG,78,92
mdp.39015017459150,8,0,3,William D. Wittliff,PERSON,155,174
mdp.39015017459150,9,3,0,Cherokee,NORP,4,12
mdp.39015017459150,9,3,1,Cherokee,LANGUAGE,75,83
mdp.39015017459150,9,3,2,the Smithsonian Institution,ORG,116,143
mdp.39015017459150,9,3,3,Floyd G. Lounsbury,PERSON,157,175
mdp.39015017459150,9,3,4,Yale University,ORG,179,194
mdp.39015017459150,9,4,0,the National Science Foundation,ORG,165,196
mdp.39015017459150,9,5,0,Benjamin A. Petty,PERSON,47,64
mdp.39015017459150,9,6,0,JACK FREDERICK KILPATRICK,PERSON,0,25
mdp.39015017459150,9,6,1,ANNA GRITTS,PERSON,26,37
mdp.39015017459150,9,6,2,KILPATRICK V,PERSON,38,50
mdp.39015017459150,10,0,0,1,CARDINAL,0,1
mdp.39015017459150,11,7,0,Seven,CARDINAL,17,22
mdp.39015017459150,11,10,0,the Carolina Wren,PERSON,21,38
mdp.39015017459150,11,14,0,Black Yellow Mockingbird!,PERSON,0,25
mdp.39015017459150,11,32,0,Hal,PERSON,0,3
mdp.39015017459150,11,33,0,1,CARDINAL,38,39
mdp.39015017459150,11,42,0,Dhla:nuwa,PERSON,5,14
mdp.39015017459150,11,46,0,Red Hawk,PERSON,18,26
mdp.39015017459150,11,52,0,44 18,DATE,0,5
mdp.39015017459150,11,54,0,L,PERSON,28,29
mdp.39015017459150,11,55,0,45 19,DATE,0,5
mdp.39015017459150,11,59,0,46 20,CARDINAL,0,5
mdp.39015017459150,11,61,0,48 21,CARDINAL,0,5
mdp.39015017459150,11,62,0,49 22,CARDINAL,38,43
mdp.39015017459150,11,66,0,51 23,CARDINAL,0,5
mdp.39015017459150,11,70,0,53 24,CARDINAL,0,5
mdp.39015017459150,12,0,0,1,CARDINAL,14,15
mdp.39015017459150,12,4,0,2,CARDINAL,0,1
mdp.39015017459150,12,8,0,3,CARDINAL,0,1
mdp.39015017459150,12,11,0,4,CARDINAL,0,1
mdp.39015017459150,12,21,0,5,CARDINAL,0,1
mdp.39015017459150,12,30,0,59 60 61 62 69 71 74,CARDINAL,0,20
mdp.39015017459150,12,32,0,mel,PERSON,36,39
mdp.39015017459150,12,32,1,2,CARDINAL,40,41
mdp.39015017459150,12,36,0,3,CARDINAL,0,1
mdp.39015017459150,12,39,0,4,CARDINAL,0,1
mdp.39015017459150,12,74,0,79 79 80 81 82 83,CARDINAL,0,17
mdp.39015017459150,12,79,0,2,CARDINAL,11,12
mdp.39015017459150,12,82,0,3,CARDINAL,0,1
mdp.39015017459150,12,92,0,Bluebird,PERSON,0,8
mdp.39015017459150,12,93,0,99 100 101 102 103,CARDINAL,0,18
mdp.39015017459150,13,4,0,Tsugu:tsala:la,NORP,20,34
mdp.39015017459150,13,8,0,1,CARDINAL,0,1
mdp.39015017459150,13,10,0,2,CARDINAL,0,1
mdp.39015017459150,13,14,0,3,CARDINAL,0,1
mdp.39015017459150,13,18,0,Hal,PERSON,0,3
mdp.39015017459150,13,32,0,9,CARDINAL,25,26
mdp.39015017459150,13,33,0,Rainbow,LOC,33,40
mdp.39015017459150,13,34,0,10,CARDINAL,0,2
mdp.39015017459150,13,37,0,11,CARDINAL,0,2
mdp.39015017459150,13,38,0,Seven,CARDINAL,30,35
mdp.39015017459150,13,39,0,12,CARDINAL,0,2
mdp.39015017459150,13,41,0,Hal,PERSON,0,3
mdp.39015017459150,13,42,0,13,CARDINAL,0,2
mdp.39015017459150,13,43,0,the White House,FAC,3,18
mdp.39015017459150,13,43,1,109 110,CARDINAL,41,48
mdp.39015017459150,13,46,0,Two,CARDINAL,4,7
mdp.39015017459150,13,47,0,2,CARDINAL,0,1
mdp.39015017459150,13,49,0,3,CARDINAL,0,1
mdp.39015017459150,13,52,0,4,CARDINAL,0,1
mdp.39015017459150,13,54,0,5,CARDINAL,0,1
mdp.39015017459150,13,58,0,6,CARDINAL,0,1
mdp.39015017459150,13,59,0,Hal White Sparrow Hawkl,PERSON,0,23
mdp.39015017459150,13,74,0,12,CARDINAL,0,2
mdp.39015017459150,13,75,0,Two,CARDINAL,4,7
mdp.39015017459150,13,76,0,13,CARDINAL,0,2
mdp.39015017459150,13,79,0,126,CARDINAL,0,3
mdp.39015017459150,13,79,1,132,CARDINAL,16,19
mdp.39015017459150,13,79,2,133,CARDINAL,20,23
mdp.39015017459150,13,85,0,2,CARDINAL,0,1
mdp.39015017459150,13,89,0,143,CARDINAL,0,3
mdp.39015017459150,14,0,0,3,CARDINAL,11,12
mdp.39015017459150,14,3,0,Red Dhla:nuwal,PERSON,0,14
mdp.39015017459150,14,7,0,Hal Sea Gull!,PERSON,0,13
mdp.39015017459150,14,8,0,5,CARDINAL,0,1
mdp.39015017459150,14,10,0,6,CARDINAL,0,1
mdp.39015017459150,14,18,0,144,CARDINAL,0,3
mdp.39015017459150,14,18,1,157,CARDINAL,56,59
mdp.39015017459150,14,18,2,163,CARDINAL,73,76
mdp.39015017459150,16,0,0,1,CARDINAL,0,1
mdp.39015017459150,16,0,1,1,CARDINAL,2,3
mdp.39015017459150,16,0,2,1,CARDINAL,4,5
mdp.39015017459150,17,0,0,1,CARDINAL,13,14
mdp.39015017459150,17,1,0,Oklahoma,GPE,50,58
mdp.39015017459150,17,1,1,Cherokees,NORP,59,68
mdp.39015017459150,17,2,0,Space Age,DATE,140,149
mdp.39015017459150,17,3,0,Sequoyah,LANGUAGE,56,64
mdp.39015017459150,17,3,1,Cherokee,LANGUAGE,230,238
mdp.39015017459150,17,4,0,Oklahoma,GPE,199,207
mdp.39015017459150,17,4,1,Cherokees,NORP,208,217
mdp.39015017459150,17,4,2,today,DATE,218,223
mdp.39015017459150,17,6,0,a generation ago,DATE,55,71
mdp.39015017459150,17,6,1,hundreds,CARDINAL,72,80
mdp.39015017459150,17,7,0,World War II,EVENT,58,70
mdp.39015017459150,17,7,1,3,CARDINAL,124,125
mdp.39015017459150,18,0,0,4,CARDINAL,0,1
mdp.39015017459150,18,0,1,Cherokee,NORP,24,32
mdp.39015017459150,18,1,0,these days,DATE,21,31
mdp.39015017459150,18,2,0,Oklahoma,GPE,0,8
mdp.39015017459150,18,2,1,Cherokee,NORP,9,17
mdp.39015017459150,18,5,0,at least a generation old,DATE,61,86
mdp.39015017459150,18,5,1,Cherokee,NORP,184,192
mdp.39015017459150,18,7,0,James Mooney,PERSON,41,53
mdp.39015017459150,18,7,1,three-quarters of a century ago,DATE,54,85
mdp.39015017459150,18,7,2,Cherokees,NORP,139,148
mdp.39015017459150,18,7,3,Cherokee,NORP,221,229
mdp.39015017459150,18,8,0,Cherokee,NORP,142,150
mdp.39015017459150,18,9,0,Cherokee,NORP,4,12
mdp.39015017459150,18,9,1,one,CARDINAL,29,32
mdp.39015017459150,18,9,2,Cherokee,NORP,101,109
mdp.39015017459150,19,0,0,5,CARDINAL,13,14
mdp.39015017459150,19,0,1,one,CARDINAL,47,50
mdp.39015017459150,19,2,0,Cherokee,NORP,28,36
mdp.39015017459150,19,3,0,Cherokee,NORP,291,299
mdp.39015017459150,19,4,0,Cherokee,NORP,41,49
mdp.39015017459150,19,4,1,Roman Catholic,NORP,73,87
mdp.39015017459150,19,5,0,Cherokee,NORP,130,138
mdp.39015017459150,19,6,0,Cherokee,NORP,30,38
mdp.39015017459150,19,6,1,the Middle Ages,DATE,180,195
mdp.39015017459150,19,7,0,four,CARDINAL,98,102
mdp.39015017459150,19,7,1,seven,CARDINAL,163,168
mdp.39015017459150,20,1,0,one,CARDINAL,106,109
mdp.39015017459150,20,2,0,two,CARDINAL,91,94
mdp.39015017459150,20,2,1,one,CARDINAL,242,245
mdp.39015017459150,20,3,0,one,CARDINAL,52,55
mdp.39015017459150,20,6,0,Red Raven!,PERSON,0,10
mdp.39015017459150,20,11,0,North Carolina,GPE,4,18
mdp.39015017459150,20,11,1,Cherokee,NORP,19,27
mdp.39015017459150,21,0,0,Mooney,PERSON,33,39
mdp.39015017459150,21,0,1,Sacred Formulas of the Cherokees,WORK_OF_ART,42,74
mdp.39015017459150,21,0,2,Seventh Annual Report,WORK_OF_ART,80,101
mdp.39015017459150,21,0,3,Bureau of American Ethnology,ORG,103,131
mdp.39015017459150,21,0,4,375,CARDINAL,137,140
mdp.39015017459150,21,0,5,Cherokee,NORP,311,319
mdp.39015017459150,21,1,0,Astrov,PERSON,19,25
mdp.39015017459150,21,1,1,American Indian Prose and Poetry,WORK_OF_ART,27,59
mdp.39015017459150,21,1,2,175,CARDINAL,65,68
mdp.39015017459150,21,1,3,one,CARDINAL,76,79
mdp.39015017459150,21,1,4,Mooney,PERSON,103,109
mdp.39015017459150,21,2,0,Mooney,PERSON,8,14
mdp.39015017459150,21,2,1,Astrov,PERSON,19,25
mdp.39015017459150,21,2,2,Cherokee,NORP,95,103
mdp.39015017459150,21,3,0,Cherokee,LANGUAGE,20,28
mdp.39015017459150,21,3,1,four,CARDINAL,188,192
mdp.39015017459150,21,3,2,seven,CARDINAL,217,222
mdp.39015017459150,21,4,0,four,CARDINAL,93,97
mdp.39015017459150,21,4,1,seven,CARDINAL,101,106
mdp.39015017459150,21,4,2,four,CARDINAL,119,123
mdp.39015017459150,21,4,3,seven,CARDINAL,127,132
mdp.39015017459150,21,4,4,four,CARDINAL,199,203
mdp.39015017459150,21,4,5,seven,CARDINAL,207,212
mdp.39015017459150,21,5,0,Cherokee,NORP,85,93
mdp.39015017459150,21,7,0,daily,DATE,50,55
mdp.39015017459150,21,7,1,Seven,CARDINAL,73,78
mdp.39015017459150,21,7,2,Seven,CARDINAL,95,100
mdp.39015017459150,22,1,0,seven,CARDINAL,4,9
mdp.39015017459150,22,1,1,Cherokee,NORP,20,28
mdp.39015017459150,22,16,0,3,CARDINAL,0,1
mdp.39015017459150,22,17,0,Mooney,PERSON,34,40
mdp.39015017459150,23,0,0,9,CARDINAL,13,14
mdp.39015017459150,23,0,1,Olbrechts,PERSON,26,35
mdp.39015017459150,23,0,2,Cherokee,LANGUAGE,107,115
mdp.39015017459150,23,1,0,Cherokees,NORP,86,95
mdp.39015017459150,23,2,0,Roman Catholic,NORP,27,41
mdp.39015017459150,23,2,1,Cherokee,NORP,108,116
mdp.39015017459150,23,3,0,Cherokee,NORP,8,16
mdp.39015017459150,23,3,1,the Trail of Tears,WORK_OF_ART,49,67
mdp.39015017459150,23,4,0,English,NORP,39,46
mdp.39015017459150,23,4,1,ten,CARDINAL,71,74
mdp.39015017459150,23,6,0,Cherokee,NORP,23,31
mdp.39015017459150,23,6,1,Jewish,NORP,53,59
mdp.39015017459150,23,9,0,Cherokee,NORP,4,12
mdp.39015017459150,24,5,0,two,CARDINAL,58,61
mdp.39015017459150,24,8,0,4,CARDINAL,5,6
mdp.39015017459150,24,10,0,Mooney,PERSON,134,140
mdp.39015017459150,24,10,1,The Cherokee River Cult,WORK_OF_ART,143,166
mdp.39015017459150,24,10,2,Journal of American Folklore,ORG,172,200
mdp.39015017459150,24,10,3,1,CARDINAL,208,209
mdp.39015017459150,25,0,0,11,CARDINAL,13,15
mdp.39015017459150,25,1,0,Mooney,PERSON,0,6
mdp.39015017459150,25,1,1,Sacred Formulas,WORK_OF_ART,9,24
mdp.39015017459150,25,1,2,377,CARDINAL,29,32
mdp.39015017459150,25,1,3,Cherokee,NORP,86,94
mdp.39015017459150,25,3,0,Friends of Thunder,WORK_OF_ART,23,41
mdp.39015017459150,25,3,1,191,CARDINAL,46,49
mdp.39015017459150,25,3,2,Cherokeean,NORP,136,146
mdp.39015017459150,25,7,0,North Carolina,GPE,8,22
mdp.39015017459150,25,7,1,Mooney,PERSON,72,78
mdp.39015017459150,25,7,2,Sacred Formulas,WORK_OF_ART,81,96
mdp.39015017459150,25,7,3,375,CARDINAL,103,106
mdp.39015017459150,26,6,0,Mooney,PERSON,118,124
mdp.39015017459150,26,6,1,Olbrechts,PERSON,129,138
mdp.39015017459150,26,6,2,The Swimmer Manuscript,WORK_OF_ART,140,162
mdp.39015017459150,26,6,3,155,CARDINAL,167,170
mdp.39015017459150,26,9,0,two,CARDINAL,4,7
mdp.39015017459150,26,9,1,North Carolina,GPE,30,44
mdp.39015017459150,26,9,2,Mooney,PERSON,70,76
mdp.39015017459150,26,9,3,380,CARDINAL,101,104
mdp.39015017459150,26,9,4,81,CARDINAL,105,107
mdp.39015017459150,26,9,5,383,CARDINAL,109,112
mdp.39015017459150,27,0,0,13,CARDINAL,13,15
mdp.39015017459150,27,2,0,one,CARDINAL,144,147
mdp.39015017459150,27,10,0,Cherokee,NORP,64,72
mdp.39015017459150,27,10,1,Cherokee,LANGUAGE,163,171
mdp.39015017459150,31,3,0,Cherokees,NORP,11,20
mdp.39015017459150,31,8,0,four,CARDINAL,47,51
mdp.39015017459150,31,9,0,Cherokee,LANGUAGE,38,46
mdp.39015017459150,31,9,1,English,LANGUAGE,78,85
mdp.39015017459150,32,0,0,Jones,PERSON,28,33
mdp.39015017459150,32,3,0,Gi:dhahyó:hi,GPE,26,38
mdp.39015017459150,32,3,1,Cherokee,NORP,44,52
mdp.39015017459150,32,3,2,a few miles,QUANTITY,104,115
mdp.39015017459150,32,3,3,Stilwell,GPE,125,133
mdp.39015017459150,32,3,4,Adair County 2,GPE,154,168
mdp.39015017459150,32,7,0,Hal,PERSON,0,3
mdp.39015017459150,32,12,0,Oklahoma,GPE,39,47
mdp.39015017459150,32,12,1,Cherokee,NORP,48,56
mdp.39015017459150,33,0,0,19,CARDINAL,11,13
mdp.39015017459150,33,1,0,Cherokee,NORP,4,12
mdp.39015017459150,33,1,1,seven,CARDINAL,53,58
mdp.39015017459150,33,1,2,Ani:wahhya,NORP,96,106
mdp.39015017459150,33,1,3,Ani:saho:ni,NORP,108,119
mdp.39015017459150,33,1,4,Ani:gilo:hi,NORP,121,132
mdp.39015017459150,33,1,5,Ani:wo:di,NORP,134,143
mdp.39015017459150,33,1,6,Ani:tsi:sghwa,NORP,145,158
mdp.39015017459150,33,1,7,Ani:gha:wi,NORP,160,170
mdp.39015017459150,33,1,8,Ani:godage:wi,NORP,176,189
mdp.39015017459150,33,4,0,Ani:gilo:hi,NORP,9,20
mdp.39015017459150,33,5,0,Cherokees,NORP,4,13
mdp.39015017459150,33,5,1,Kilpatrick,PERSON,201,211
mdp.39015017459150,33,5,2,An Etymological Note . Journal of the Graduate Research Center,WORK_OF_ART,214,276
mdp.39015017459150,33,5,3,41,CARDINAL,283,285
mdp.39015017459150,33,6,0,Ani:saho:ni,NORP,4,15
mdp.39015017459150,33,7,0,summer,DATE,49,55
mdp.39015017459150,33,7,1,Cherokees,NORP,75,84
mdp.39015017459150,33,8,0,Cherokee,NORP,3,11
mdp.39015017459150,33,8,1,Seven,CARDINAL,29,34
mdp.39015017459150,33,8,2,Seven,CARDINAL,47,52
mdp.39015017459150,33,8,3,Cherokee,NORP,140,148
mdp.39015017459150,33,9,0,Seven,CARDINAL,39,44
mdp.39015017459150,33,9,1,Six,CARDINAL,60,63
mdp.39015017459150,33,9,2,English,LANGUAGE,87,94
mdp.39015017459150,33,10,0,Cherokee,LANGUAGE,0,8
mdp.39015017459150,33,10,1,one,CARDINAL,10,13
mdp.39015017459150,33,10,2,Indo-European,NORP,186,199
mdp.39015017459150,33,11,0,one,CARDINAL,3,6
mdp.39015017459150,34,0,0,James Mooney,PERSON,27,39
mdp.39015017459150,34,0,1,Cherokees,NORP,88,97
mdp.39015017459150,34,0,2,North Carolina,GPE,159,173
mdp.39015017459150,34,0,3,Cherokee,LANGUAGE,174,182
mdp.39015017459150,34,2,0,one,CARDINAL,123,126
mdp.39015017459150,34,3,0,344,CARDINAL,131,134
mdp.39015017459150,34,4,0,Cherokee,LANGUAGE,67,75
mdp.39015017459150,34,6,0,Gwagwó:hi,NORP,54,63
mdp.39015017459150,34,6,1,Tenkiller Lake,LOC,90,104
mdp.39015017459150,34,6,2,Cherokee County,GPE,108,123
mdp.39015017459150,34,8,0,3,CARDINAL,0,1
mdp.39015017459150,34,10,0,the Carolina Wren,PERSON,21,38
mdp.39015017459150,34,12,0,White Eyes,WORK_OF_ART,40,50
mdp.39015017459150,35,5,0,Cherokee,LANGUAGE,4,12
mdp.39015017459150,35,6,0,English,LANGUAGE,14,21
mdp.39015017459150,35,6,1,Cherokee,LANGUAGE,114,122
mdp.39015017459150,35,8,0,Cherokee,LANGUAGE,17,25
mdp.39015017459150,35,8,1,English,LANGUAGE,62,69
mdp.39015017459150,35,9,0,Caucasians,NORP,62,72
mdp.39015017459150,35,11,0,four,CARDINAL,7,11
mdp.39015017459150,35,12,0,Gwagwó:,GPE,43,50
mdp.39015017459150,35,13,0,2,CARDINAL,22,23
mdp.39015017459150,35,14,0,4,CARDINAL,0,1
mdp.39015017459150,35,17,0,Black Yellow Mockingbird,WORK_OF_ART,0,24
mdp.39015017459150,36,4,0,Mooney,PERSON,46,52
mdp.39015017459150,36,4,1,Sacred Formulas,WORK_OF_ART,55,70
mdp.39015017459150,36,4,2,345,CARDINAL,77,80
mdp.39015017459150,36,5,0,the Yellow Mockingbird,PERSON,18,40
mdp.39015017459150,36,5,1,Cherokee,NORP,114,122
mdp.39015017459150,36,7,0,The Yellow Mockingbird,PERSON,0,22
mdp.39015017459150,36,7,1,Cherokee,LANGUAGE,32,40
mdp.39015017459150,36,7,2,North Carolina,GPE,62,76
mdp.39015017459150,36,7,3,Cherokee,NORP,77,85
mdp.39015017459150,36,7,4,Mooney,PERSON,103,109
mdp.39015017459150,36,7,5,Myths of the Cherokee,WORK_OF_ART,111,132
mdp.39015017459150,36,7,6,292,CARDINAL,138,141
mdp.39015017459150,36,7,7,Oklahoma,GPE,176,184
mdp.39015017459150,36,7,8,Cherokee,NORP,185,193
mdp.39015017459150,36,7,9,Kilpatrick,PERSON,200,210
mdp.39015017459150,36,7,10,Kilpatrick,PERSON,215,225
mdp.39015017459150,36,7,11,9,CARDINAL,251,252
mdp.39015017459150,36,9,0,Cherokee,NORP,4,12
mdp.39015017459150,36,11,0,third,ORDINAL,49,54
mdp.39015017459150,37,0,0,23,CARDINAL,11,13
mdp.39015017459150,37,1,0,Cherokee County,GPE,28,43
mdp.39015017459150,37,1,1,some three-quarters of a century,DATE,63,95
mdp.39015017459150,37,2,0,four,CARDINAL,29,33
mdp.39015017459150,37,4,0,Cherokee,LANGUAGE,97,105
mdp.39015017459150,37,10,0,Pathways,PRODUCT,7,15
mdp.39015017459150,37,14,0,Pathway,PRODUCT,3,10
mdp.39015017459150,37,22,0,Age:hyv Gu:,PERSON,4,15
mdp.39015017459150,37,28,0,Hal,PERSON,0,3
mdp.39015017459150,38,1,0,ninth,ORDINAL,55,60
mdp.39015017459150,38,1,1,Cherokees,NORP,122,131
mdp.39015017459150,38,2,0,Mooney,PERSON,0,6
mdp.39015017459150,38,2,1,Olbrechts,PERSON,11,20
mdp.39015017459150,38,2,2,The Swimmer Manuscript,WORK_OF_ART,22,44
mdp.39015017459150,38,2,3,20,CARDINAL,49,51
mdp.39015017459150,38,4,0,Cherokee,NORP,14,22
mdp.39015017459150,38,7,0,third,ORDINAL,19,24
mdp.39015017459150,38,7,1,fourth,ORDINAL,29,35
mdp.39015017459150,38,9,0,Cherokee,NORP,131,139
mdp.39015017459150,38,10,0,Cherokee,NORP,5,13
mdp.39015017459150,39,0,0,25,CARDINAL,11,13
mdp.39015017459150,39,1,0,Crow,PERSON,66,70
mdp.39015017459150,39,2,0,Mooney,PERSON,69,75
mdp.39015017459150,39,2,1,Sacred Formulas,WORK_OF_ART,78,93
mdp.39015017459150,39,2,2,375,CARDINAL,100,103
mdp.39015017459150,39,2,3,79,CARDINAL,104,106
mdp.39015017459150,39,3,0,the Age:hyu Gv:go,PERSON,48,65
mdp.39015017459150,39,3,1,Crow,PRODUCT,119,123
mdp.39015017459150,39,4,0,Cherokees,NORP,17,26
mdp.39015017459150,39,5,0,thirteenth,ORDINAL,4,14
mdp.39015017459150,39,5,1,fourteenth,ORDINAL,19,29
mdp.39015017459150,39,5,2,America,GPE,69,76
mdp.39015017459150,39,5,3,Genesis 2:24,WORK_OF_ART,94,106
mdp.39015017459150,39,6,0,Se:lamí:,GPE,31,39
mdp.39015017459150,39,6,1,Adair County,GPE,58,70
mdp.39015017459150,39,6,2,"April 19, 1882",DATE,165,179
mdp.39015017459150,39,7,0,Sequoyah,NORP,62,70
mdp.39015017459150,39,7,1,North Carolina,GPE,125,139
mdp.39015017459150,39,8,0,four,CARDINAL,145,149
mdp.39015017459150,39,8,1,four,CARDINAL,168,172
mdp.39015017459150,39,12,0,I Crow,PERSON,0,6
mdp.39015017459150,39,14,0,Pathway,FAC,27,34
mdp.39015017459150,40,19,0,English,LANGUAGE,26,33
mdp.39015017459150,40,19,1,Cherokee,NORP,42,50
mdp.39015017459150,41,0,0,27,CARDINAL,11,13
mdp.39015017459150,41,7,0,Gwagwó:hi,GPE,21,30
mdp.39015017459150,41,9,0,four,CARDINAL,136,140
mdp.39015017459150,41,11,0,7,CARDINAL,0,1
mdp.39015017459150,42,1,0,"Dhla:nuwa, You named me",NORP,0,23
mdp.39015017459150,42,5,0,Sa,LANGUAGE,71,73
mdp.39015017459150,42,8,0,Mooney,PERSON,60,66
mdp.39015017459150,42,8,1,Myths,WORK_OF_ART,68,73
mdp.39015017459150,42,8,2,315,CARDINAL,79,82
mdp.39015017459150,42,8,3,466,CARDINAL,87,90
mdp.39015017459150,42,8,4,Kilpatrick,PERSON,92,102
mdp.39015017459150,42,8,5,Kilpatrick,PERSON,107,117
mdp.39015017459150,42,8,6,71,CARDINAL,143,145
mdp.39015017459150,42,9,0,Southeast,LOC,100,109
mdp.39015017459150,42,9,1,Swanton,PERSON,115,122
mdp.39015017459150,42,9,2,Myths and Tales of the Southeastern Indians,WORK_OF_ART,124,167
mdp.39015017459150,42,9,3,90,CARDINAL,173,175
mdp.39015017459150,42,9,4,154,CARDINAL,177,180
mdp.39015017459150,42,9,5,193,CARDINAL,182,185
mdp.39015017459150,42,9,6,246,CARDINAL,187,190
mdp.39015017459150,42,12,0,one,CARDINAL,18,21
mdp.39015017459150,42,12,1,idi,LANGUAGE,150,153
mdp.39015017459150,42,12,2,second,ORDINAL,215,221
mdp.39015017459150,42,13,0,Wali:ya,NORP,82,89
mdp.39015017459150,43,0,0,29,CARDINAL,11,13
mdp.39015017459150,43,0,1,Wali:,PERSON,52,57
mdp.39015017459150,43,0,2,Black Yellow Mockingbird,PERSON,66,90
mdp.39015017459150,43,1,0,third,ORDINAL,24,29
mdp.39015017459150,43,1,1,Dhla:nuwa,PERSON,46,55
mdp.39015017459150,43,2,0,fourth,ORDINAL,19,25
mdp.39015017459150,43,2,1,"Dhla:nuwa,",PERSON,73,83
mdp.39015017459150,43,3,0,Tse:gí:,GPE,40,47
mdp.39015017459150,43,3,1,Adair County,GPE,62,74
mdp.39015017459150,43,3,2,Cherokee,NORP,170,178
mdp.39015017459150,43,6,0,four successive days,DATE,21,41
mdp.39015017459150,44,4,0,the Brown Dog,PERSON,5,18
mdp.39015017459150,44,6,0,2,CARDINAL,61,62
mdp.39015017459150,44,15,0,the White Dog,PERSON,5,18
mdp.39015017459150,45,1,0,3,CARDINAL,55,56
mdp.39015017459150,45,11,0,4,CARDINAL,61,62
mdp.39015017459150,46,12,0,Cherokee,NORP,3,11
mdp.39015017459150,46,12,1,seven,CARDINAL,93,98
mdp.39015017459150,47,0,0,33,CARDINAL,11,13
mdp.39015017459150,47,1,0,fourth,ORDINAL,4,10
mdp.39015017459150,47,1,1,Cherokee,NORP,46,54
mdp.39015017459150,47,4,0,ninth,ORDINAL,37,42
mdp.39015017459150,47,7,0,four,CARDINAL,59,63
mdp.39015017459150,47,9,0,Tse:gi:i,NORP,33,41
mdp.39015017459150,47,9,1,one,CARDINAL,50,53
mdp.39015017459150,47,9,2,tso:lagayó:li,NORP,117,130
mdp.39015017459150,47,11,0,9,CARDINAL,0,1
mdp.39015017459150,48,8,0,2,CARDINAL,1,2
mdp.39015017459150,49,9,0,4,CARDINAL,1,2
mdp.39015017459150,49,13,0,Blue Dog,PERSON,4,12
mdp.39015017459150,50,4,0,Cherokee,LANGUAGE,24,32
mdp.39015017459150,50,4,1,one,CARDINAL,75,78
mdp.39015017459150,50,4,2,Blue Dog,PERSON,142,150
mdp.39015017459150,50,5,0,Tse:gi:i. 10,NORP,45,57
mdp.39015017459150,50,6,0,first,ORDINAL,41,46
mdp.39015017459150,50,8,0,four,CARDINAL,136,140
mdp.39015017459150,51,0,0,37,CARDINAL,11,13
mdp.39015017459150,51,1,0,Caney Creek,LOC,76,87
mdp.39015017459150,51,1,1,Cherokee County,GPE,99,114
mdp.39015017459150,51,13,0,four,CARDINAL,126,130
mdp.39015017459150,51,13,1,four days,DATE,149,158
mdp.39015017459150,52,4,0,12,CARDINAL,0,2
mdp.39015017459150,52,19,0,third,ORDINAL,19,24
mdp.39015017459150,52,21,0,fourth,ORDINAL,7,13
mdp.39015017459150,53,0,0,39,CARDINAL,11,13
mdp.39015017459150,53,1,0,two,CARDINAL,31,34
mdp.39015017459150,53,3,0,Tenkiller Lake,LOC,86,100
mdp.39015017459150,53,3,1,Cherokee County,GPE,105,120
mdp.39015017459150,53,3,2,the spring of 1964,DATE,146,164
mdp.39015017459150,53,5,0,Sequoyah,LOC,59,67
mdp.39015017459150,53,6,0,one,CARDINAL,5,8
mdp.39015017459150,53,7,0,13,CARDINAL,2,4
mdp.39015017459150,54,0,0,Hal,PERSON,21,24
mdp.39015017459150,54,4,0,one,CARDINAL,99,102
mdp.39015017459150,54,4,1,Eros,LOC,145,149
mdp.39015017459150,54,4,2,seven,CARDINAL,169,174
mdp.39015017459150,54,6,0,four,CARDINAL,110,114
mdp.39015017459150,54,14,0,Dhla:nuwa,PERSON,5,14
mdp.39015017459150,55,3,0,Raven,PERSON,0,5
mdp.39015017459150,55,11,0,two,CARDINAL,30,33
mdp.39015017459150,55,14,0,first,ORDINAL,7,12
mdp.39015017459150,55,15,0,Dhlv:datsí:,GPE,165,176
mdp.39015017459150,55,15,1,Adair County,GPE,194,206
mdp.39015017459150,55,16,0,four,CARDINAL,116,120
mdp.39015017459150,55,20,0,Red Hawk,PERSON,18,26
mdp.39015017459150,56,1,0,Two,CARDINAL,4,7
mdp.39015017459150,56,7,0,Two,CARDINAL,9,12
mdp.39015017459150,56,7,1,third,ORDINAL,21,26
mdp.39015017459150,56,7,2,the Sons of Thunder,PERSON,77,96
mdp.39015017459150,56,7,3,Mooney,PERSON,102,108
mdp.39015017459150,56,7,4,Olbrechts,PERSON,113,122
mdp.39015017459150,56,7,5,The Swimmer Manuscript,WORK_OF_ART,124,146
mdp.39015017459150,56,7,6,23,CARDINAL,152,154
mdp.39015017459150,56,8,0,Diga:da:yo:sdí,ORG,135,149
mdp.39015017459150,56,8,1,Sequoyah County,GPE,165,180
mdp.39015017459150,56,10,0,16,CARDINAL,0,2
mdp.39015017459150,57,0,0,43,CARDINAL,11,13
mdp.39015017459150,57,3,0,the Smoke of the White Tobacco,WORK_OF_ART,4,34
mdp.39015017459150,57,5,0,Iroquoian,NORP,116,125
mdp.39015017459150,57,6,0,Anagali:sgi gigagé:i iyú:sdi ...,NORP,0,32
mdp.39015017459150,57,7,0,U:,PERSON,0,2
mdp.39015017459150,57,11,0,Dhlo:datsi iyu:sdi,NORP,0,18
mdp.39015017459150,57,17,0,fifth,ORDINAL,46,51
mdp.39015017459150,57,18,0,Jacob,PERSON,93,98
mdp.39015017459150,57,18,1,Rachel,PERSON,103,109
mdp.39015017459150,57,18,2,the Plain of Aram,LOC,125,142
mdp.39015017459150,57,19,0,Hummingbird Branch,LOC,83,101
mdp.39015017459150,57,19,1,Echota Church,FAC,108,121
mdp.39015017459150,57,19,2,Adair County,GPE,133,145
mdp.39015017459150,57,20,0,Gha:hl(i)se:ts(i) Tso:dalv,ORG,45,71
mdp.39015017459150,58,1,0,17,CARDINAL,60,62
mdp.39015017459150,58,16,0,Cherokee,NORP,80,88
mdp.39015017459150,58,16,1,Europeans,NORP,156,165
mdp.39015017459150,58,17,0,Cherokees,NORP,3,12
mdp.39015017459150,59,0,0,45,CARDINAL,11,13
mdp.39015017459150,59,1,0,Gwagwó:hi,GPE,42,51
mdp.39015017459150,59,1,1,Oklahoma,GPE,98,106
mdp.39015017459150,59,1,2,Cherokee,NORP,107,115
mdp.39015017459150,59,2,0,18,CARDINAL,9,11
mdp.39015017459150,59,9,0,one,CARDINAL,24,27
mdp.39015017459150,59,12,0,one,CARDINAL,23,26
mdp.39015017459150,59,13,0,one,CARDINAL,26,29
mdp.39015017459150,59,15,0,one,CARDINAL,26,29
mdp.39015017459150,59,18,0,Mourning Dove,PERSON,0,13
mdp.39015017459150,59,22,0,the Mourning Dove,WORK_OF_ART,4,21
mdp.39015017459150,60,7,0,four,CARDINAL,53,57
mdp.39015017459150,60,8,0,19,CARDINAL,2,4
mdp.39015017459150,61,3,0,Pathway,FAC,4,11
mdp.39015017459150,61,3,1,the White House,FAC,22,37
mdp.39015017459150,61,5,0,Mooney,PERSON,31,37
mdp.39015017459150,61,5,1,Myths,WORK_OF_ART,39,44
mdp.39015017459150,61,5,2,546,CARDINAL,49,52
mdp.39015017459150,61,5,3,Cherokee,NORP,88,96
mdp.39015017459150,61,5,4,English,LANGUAGE,131,138
mdp.39015017459150,61,6,0,Cherokees,NORP,170,179
mdp.39015017459150,61,6,1,Cherokees,NORP,205,214
mdp.39015017459150,61,7,0,Europe,LOC,71,77
mdp.39015017459150,61,8,0,Cherokees,NORP,90,99
mdp.39015017459150,61,12,0,Pathway,FAC,42,49
mdp.39015017459150,61,12,1,the White House,FAC,60,75
mdp.39015017459150,62,2,0,American,NORP,99,107
mdp.39015017459150,62,4,0,Early in the morning,TIME,0,20
mdp.39015017459150,62,5,0,Four,CARDINAL,0,4
mdp.39015017459150,62,6,0,20,CARDINAL,15,17
mdp.39015017459150,63,0,0,49,CARDINAL,11,13
mdp.39015017459150,63,1,0,English,LANGUAGE,0,7
mdp.39015017459150,63,1,1,idi:gawé:sdi,NORP,152,164
mdp.39015017459150,63,2,0,Cherokee,LANGUAGE,109,117
mdp.39015017459150,63,2,1,Chaucer,PERSON,133,140
mdp.39015017459150,63,2,2,Joyce,PERSON,146,151
mdp.39015017459150,63,3,0,Gha:hl(i)se:ts(i) Tso:dalu,NORP,57,83
mdp.39015017459150,63,5,0,21,CARDINAL,0,2
mdp.39015017459150,63,6,0,The Yellow Spider,PERSON,0,17
mdp.39015017459150,63,13,0,The Red Spider,PERSON,0,14
mdp.39015017459150,63,15,0,the Seven Clan,LOC,43,57
mdp.39015017459150,63,20,0,The Blue Spider,PERSON,0,15
mdp.39015017459150,64,1,0,Seven,CARDINAL,47,52
mdp.39015017459150,64,9,0,Seven,CARDINAL,47,52
mdp.39015017459150,64,14,0,Cherokee,NORP,99,107
mdp.39015017459150,64,14,1,Eastern,NORP,118,125
mdp.39015017459150,64,14,2,Western,NORP,130,137
mdp.39015017459150,64,14,3,Mooney,PERSON,143,149
mdp.39015017459150,64,14,4,Sacred Formulas,WORK_OF_ART,152,167
mdp.39015017459150,64,14,5,382,CARDINAL,174,177
mdp.39015017459150,64,19,0,third,ORDINAL,19,24
mdp.39015017459150,65,0,0,51,CARDINAL,11,13
mdp.39015017459150,65,1,0,Cherokees,NORP,0,9
mdp.39015017459150,65,1,1,Thunder,PERSON,15,22
mdp.39015017459150,65,1,2,Kilpatrick,PERSON,66,76
mdp.39015017459150,65,1,3,Kilpatrick,PERSON,81,91
mdp.39015017459150,65,1,4,Friends of Thunder,ORG,93,111
mdp.39015017459150,65,1,5,50,CARDINAL,117,119
mdp.39015017459150,65,2,0,Friends of Thunder,ORG,79,97
mdp.39015017459150,65,2,1,77,CARDINAL,103,105
mdp.39015017459150,65,2,2,Witthoft,PERSON,110,118
mdp.39015017459150,65,2,3,Hadlock,PERSON,123,130
mdp.39015017459150,65,2,4,Cherokee-Iroquois Little People,WORK_OF_ART,133,164
mdp.39015017459150,65,2,5,Journal of American Folklore,ORG,167,195
mdp.39015017459150,65,2,6,413,CARDINAL,202,205
mdp.39015017459150,65,3,0,one,CARDINAL,209,212
mdp.39015017459150,65,4,0,Cherokee County,GPE,22,37
mdp.39015017459150,65,5,0,Four,CARDINAL,0,4
mdp.39015017459150,65,6,0,Early in the morning,TIME,0,20
mdp.39015017459150,65,7,0,22,CARDINAL,0,2
mdp.39015017459150,65,16,0,The Smoke of the Tobacco,PERSON,1,25
mdp.39015017459150,66,7,0,Witthoft,PERSON,44,52
mdp.39015017459150,66,7,1,Bird Lore of the Eastern Cherokees,WORK_OF_ART,55,89
mdp.39015017459150,66,7,2,Journal of the Washington Academy of Sciences,ORG,92,137
mdp.39015017459150,66,7,3,382,CARDINAL,150,153
mdp.39015017459150,66,7,4,Oklahoma,GPE,298,306
mdp.39015017459150,66,7,5,at least one,CARDINAL,310,322
mdp.39015017459150,66,7,6,Kilpatrick,PERSON,470,480
mdp.39015017459150,66,7,7,Kilpatrick,PERSON,485,495
mdp.39015017459150,66,7,8,94,CARDINAL,521,523
mdp.39015017459150,67,0,0,53,CARDINAL,11,13
mdp.39015017459150,67,1,0,Cherokee,NORP,11,19
mdp.39015017459150,67,2,0,12,CARDINAL,82,84
mdp.39015017459150,67,5,0,23,CARDINAL,0,2
mdp.39015017459150,67,8,0,White Bluebird,PERSON,0,14
mdp.39015017459150,67,10,0,a Great Wizard,PERSON,8,22
mdp.39015017459150,67,12,0,You Great Wizard,PERSON,12,28
mdp.39015017459150,67,19,0,2,CARDINAL,1,2
mdp.39015017459150,67,21,0,White Tsugo:,PERSON,0,12
mdp.39015017459150,67,26,0,a Great Wizard,PERSON,8,22
mdp.39015017459150,68,1,0,You Great Wizard,PERSON,12,28
mdp.39015017459150,68,12,0,Red Di:,PERSON,0,7
mdp.39015017459150,68,13,0,sdi,PERSON,0,3
mdp.39015017459150,68,15,0,a Great Wizard,PERSON,8,22
mdp.39015017459150,68,16,0,Hal Now,PERSON,0,7
mdp.39015017459150,68,17,0,Hal Now!,PERSON,41,49
mdp.39015017459150,68,21,0,4,CARDINAL,1,2
mdp.39015017459150,68,23,0,Red Purple Martin,PERSON,0,17
mdp.39015017459150,69,2,0,a Great Wizard,PERSON,8,22
mdp.39015017459150,69,4,0,You Great Wizard,PERSON,12,28
mdp.39015017459150,69,12,0,Cherokee,NORP,68,76
mdp.39015017459150,69,12,1,one,CARDINAL,86,89
mdp.39015017459150,69,14,0,Cherokees,NORP,116,125
mdp.39015017459150,69,14,1,millennia ago,DATE,202,215
mdp.39015017459150,69,15,0,Cherokees,NORP,22,31
mdp.39015017459150,69,16,0,two,CARDINAL,38,41
mdp.39015017459150,69,16,1,two,CARDINAL,137,140
mdp.39015017459150,70,5,0,one,CARDINAL,15,18
mdp.39015017459150,70,8,0,This i:gawé:sdi,PERSON,0,15
mdp.39015017459150,70,10,0,24,CARDINAL,0,2
mdp.39015017459150,70,18,0,Cherokee,NORP,3,11
mdp.39015017459150,70,21,0,Tse:gi:i.,NORP,77,86
mdp.39015017459150,71,0,0,II,CARDINAL,0,2
mdp.39015017459150,73,6,0,Uhi:so?di,NORP,2,11
mdp.39015017459150,73,7,0,Cherokees,NORP,98,107
mdp.39015017459150,73,8,0,Cherokee,LANGUAGE,53,61
mdp.39015017459150,73,8,1,English,LANGUAGE,130,137
mdp.39015017459150,73,11,0,four,CARDINAL,27,31
mdp.39015017459150,73,11,1,59,CARDINAL,95,97
mdp.39015017459150,74,0,0,Dhlu:datsí:,GPE,32,43
mdp.39015017459150,74,0,1,a few miles,QUANTITY,46,57
mdp.39015017459150,74,0,2,Stilwell,GPE,71,79
mdp.39015017459150,74,0,3,Adair County,GPE,84,96
mdp.39015017459150,74,1,0,2,CARDINAL,0,1
mdp.39015017459150,74,11,0,Mooney,PERSON,0,6
mdp.39015017459150,74,11,1,Olbrechts,PERSON,11,20
mdp.39015017459150,74,11,2,The Swimmer Manuscript,WORK_OF_ART,22,44
mdp.39015017459150,74,11,3,249,CARDINAL,49,52
mdp.39015017459150,74,11,4,American,NORP,166,174
mdp.39015017459150,74,12,0,North Carolina,GPE,31,45
mdp.39015017459150,74,12,1,the Oklahoma Cherokees,NORP,106,128
mdp.39015017459150,75,0,0,Creating Loneliness 61,WORK_OF_ART,0,22
mdp.39015017459150,75,0,1,Natchez-Cherokee,NORP,40,56
mdp.39015017459150,75,0,2,Natchez,GPE,79,86
mdp.39015017459150,75,0,3,Sequoyah County,GPE,117,132
mdp.39015017459150,75,0,4,Muskogee County,GPE,150,165
mdp.39015017459150,75,3,0,3,CARDINAL,2,3
mdp.39015017459150,75,9,0,the Peoples of the Seven Clans,PERSON,23,53
mdp.39015017459150,75,12,0,One,CARDINAL,0,3
mdp.39015017459150,76,2,0,Cherokee,NORP,21,29
mdp.39015017459150,76,2,1,Cherokee,NORP,66,74
mdp.39015017459150,76,4,0,Gwagwó:,GPE,186,193
mdp.39015017459150,76,4,1,Cherokee County,GPE,200,215
mdp.39015017459150,76,5,0,four,CARDINAL,96,100
mdp.39015017459150,76,13,0,Wizard,NORP,10,16
mdp.39015017459150,76,16,0,Wizard,NORP,20,26
mdp.39015017459150,76,18,0,the night,TIME,11,20
mdp.39015017459150,77,4,0,the night,TIME,11,20
mdp.39015017459150,77,17,0,Gigi,PERSON,1,5
mdp.39015017459150,77,18,0,Gigi,PERSON,0,4
mdp.39015017459150,77,24,0,the night,TIME,11,20
mdp.39015017459150,77,26,0,The Dhla:nuwa,PERSON,0,13
mdp.39015017459150,77,27,0,Gigi,PERSON,1,5
mdp.39015017459150,77,28,0,Gigi,PERSON,0,4
mdp.39015017459150,77,31,0,the night,TIME,11,20
mdp.39015017459150,78,0,0,64,CARDINAL,0,2
mdp.39015017459150,78,0,1,2,CARDINAL,22,23
mdp.39015017459150,78,11,0,the night,TIME,11,20
mdp.39015017459150,78,15,0,the night,TIME,11,20
mdp.39015017459150,78,24,0,Dhla:,PERSON,0,5
mdp.39015017459150,78,26,0,Gigi,PERSON,1,5
mdp.39015017459150,78,27,0,Gigi,PERSON,0,4
mdp.39015017459150,78,32,0,the night,TIME,11,20
mdp.39015017459150,79,2,0,Gigi,PERSON,1,5
mdp.39015017459150,79,3,0,Gigi,PERSON,0,4
mdp.39015017459150,79,6,0,the night,TIME,11,20
mdp.39015017459150,79,10,0,3,CARDINAL,1,2
mdp.39015017459150,79,18,0,Wizard,NORP,10,16
mdp.39015017459150,79,20,0,the night,TIME,11,20
mdp.39015017459150,79,24,0,the night,TIME,11,20
mdp.39015017459150,80,1,0,Gigi,PERSON,1,5
mdp.39015017459150,80,2,0,Gigi,PERSON,0,4
mdp.39015017459150,80,7,0,the night,TIME,11,20
mdp.39015017459150,80,10,0,Gigi,PERSON,1,5
mdp.39015017459150,80,11,0,Gigi,PERSON,0,4
mdp.39015017459150,80,14,0,the night,TIME,11,20
mdp.39015017459150,80,18,0,4,CARDINAL,6,7
mdp.39015017459150,80,30,0,the night,TIME,11,20
mdp.39015017459150,81,3,0,the night,TIME,11,20
mdp.39015017459150,81,14,0,Gigi,PERSON,1,5
mdp.39015017459150,81,15,0,Gigi,PERSON,0,4
mdp.39015017459150,81,19,0,The Dhla:nuwa,PERSON,0,13
mdp.39015017459150,81,21,0,the night,TIME,11,20
mdp.39015017459150,81,24,0,Gigi,PERSON,1,5
mdp.39015017459150,81,25,0,Gigi,PERSON,0,4
mdp.39015017459150,81,27,0,The Barred Owl,PERSON,11,25
mdp.39015017459150,81,28,0,the night,TIME,11,20
mdp.39015017459150,81,32,0,Cherokee,LANGUAGE,4,12
mdp.39015017459150,82,0,0,one hundred thousand,CARDINAL,79,99
mdp.39015017459150,82,2,0,five,CARDINAL,141,145
mdp.39015017459150,82,2,1,four,CARDINAL,180,184
mdp.39015017459150,82,3,0,Gigi,PERSON,1,5
mdp.39015017459150,82,3,1,Gigi,PERSON,7,11
mdp.39015017459150,82,6,0,9,CARDINAL,165,166
mdp.39015017459150,82,7,0,Sequoyah,LANGUAGE,7,15
mdp.39015017459150,82,8,0,Mooney,PERSON,13,19
mdp.39015017459150,82,8,1,Myths,WORK_OF_ART,21,26
mdp.39015017459150,82,8,2,281,CARDINAL,31,34
mdp.39015017459150,82,8,3,Cherokees,NORP,76,85
mdp.39015017459150,82,10,0,Oklahoma,GPE,12,20
mdp.39015017459150,82,10,1,Kilpatrick,PERSON,27,37
mdp.39015017459150,82,10,2,Kilpatrick,PERSON,42,52
mdp.39015017459150,82,10,3,135,CARDINAL,78,81
mdp.39015017459150,82,10,4,37,CARDINAL,82,84
mdp.39015017459150,82,10,5,Thunder,PRODUCT,94,101
mdp.39015017459150,82,11,0,Cherokees,NORP,140,149
mdp.39015017459150,82,13,0,3,CARDINAL,90,91
mdp.39015017459150,83,0,0,69 5,CARDINAL,20,24
mdp.39015017459150,83,15,0,2,CARDINAL,1,2
mdp.39015017459150,83,23,0,the White Smoke,LOC,3,18
mdp.39015017459150,84,4,0,3,CARDINAL,1,2
mdp.39015017459150,84,17,0,4,CARDINAL,1,2
mdp.39015017459150,85,0,0,71,CARDINAL,20,22
mdp.39015017459150,85,1,0,the Red White Smoke,LOC,18,37
mdp.39015017459150,85,2,0,the White Smoke,LOC,3,18
mdp.39015017459150,85,7,0,The Black Raven,PERSON,0,15
mdp.39015017459150,85,11,0,Gwagwó:hi,GPE,59,68
mdp.39015017459150,86,0,0,72,CARDINAL,0,2
mdp.39015017459150,86,2,0,Seven,CARDINAL,4,9
mdp.39015017459150,86,3,0,one,CARDINAL,37,40
mdp.39015017459150,86,4,0,early in the morning,TIME,4,24
mdp.39015017459150,86,11,0,Mooney,PERSON,87,93
mdp.39015017459150,86,11,1,Olbrechts,PERSON,98,107
mdp.39015017459150,86,11,2,The Swimmer Manuscript,WORK_OF_ART,109,131
mdp.39015017459150,86,11,3,20,CARDINAL,136,138
mdp.39015017459150,86,11,4,Cherokees,NORP,160,169
mdp.39015017459150,87,0,0,Mooney,PERSON,59,65
mdp.39015017459150,87,0,1,Olbrechts,PERSON,70,79
mdp.39015017459150,87,0,2,Provider,WORK_OF_ART,218,226
mdp.39015017459150,87,1,0,The Seven Clans are not to climb over You and Me,WORK_OF_ART,1,49
mdp.39015017459150,87,6,0,three,CARDINAL,17,22
mdp.39015017459150,87,12,0,four,CARDINAL,4,8
mdp.39015017459150,88,3,0,7,CARDINAL,0,1
mdp.39015017459150,88,4,0,1,CARDINAL,1,2
mdp.39015017459150,88,14,0,Hal,PERSON,29,32
mdp.39015017459150,88,18,0,2,CARDINAL,1,2
mdp.39015017459150,89,13,0,two,CARDINAL,47,50
mdp.39015017459150,89,15,0,four,CARDINAL,66,70
mdp.39015017459150,89,16,0,Cherokees,NORP,12,21
mdp.39015017459150,90,1,0,Echota,GPE,117,123
mdp.39015017459150,90,1,1,16,CARDINAL,141,143
mdp.39015017459150,92,0,0,1,CARDINAL,0,1
mdp.39015017459150,92,0,1,1,CARDINAL,2,3
mdp.39015017459150,93,8,0,two,CARDINAL,24,27
mdp.39015017459150,93,9,0,Gwagwó:hi,GPE,77,86
mdp.39015017459150,93,11,0,2,CARDINAL,0,1
mdp.39015017459150,94,3,0,second,ORDINAL,4,10
mdp.39015017459150,94,5,0,two,CARDINAL,44,47
mdp.39015017459150,94,5,1,one,CARDINAL,129,132
mdp.39015017459150,94,12,0,Cherokee,NORP,146,154
mdp.39015017459150,95,0,0,Kilpatrick,PERSON,44,54
mdp.39015017459150,95,0,1,The Siquaníď Diltidegi Collection,WORK_OF_ART,56,89
mdp.39015017459150,95,0,2,5,CARDINAL,94,95
mdp.39015017459150,95,13,0,Cherokee,NORP,9,17
mdp.39015017459150,95,13,1,Dhla,NORP,180,184
mdp.39015017459150,96,1,0,Kilpatrick,PERSON,46,56
mdp.39015017459150,96,1,1,Kilpatrick,PERSON,61,71
mdp.39015017459150,96,1,2,Friends of Thunder,WORK_OF_ART,73,91
mdp.39015017459150,96,1,3,137,CARDINAL,96,99
mdp.39015017459150,96,3,0,three,CARDINAL,29,34
mdp.39015017459150,96,3,1,Son of Thunder,PERSON,151,165
mdp.39015017459150,96,4,0,Ado:lanó:sdi Dé:ganugó:gv,NORP,21,46
mdp.39015017459150,96,4,1,Tahlequah,GPE,53,62
mdp.39015017459150,96,4,2,Cherokee County,GPE,67,82
mdp.39015017459150,96,5,0,5,CARDINAL,30,31
mdp.39015017459150,96,7,0,the Red Tsugv:tsala:la,PERSON,21,43
mdp.39015017459150,96,11,0,the Red Rainbow,LOC,112,127
mdp.39015017459150,97,1,0,four,CARDINAL,66,70
mdp.39015017459150,97,3,0,Cherokee,NORP,36,44
mdp.39015017459150,97,4,0,Gwagwó:hi,GPE,54,63
mdp.39015017459150,97,4,1,Mayes County,GPE,144,156
mdp.39015017459150,97,5,0,Cherokee,NORP,51,59
mdp.39015017459150,97,11,0,four,CARDINAL,144,148
mdp.39015017459150,97,13,0,Gha:hl(i)se:tsi Tso:dalv,PERSON,18,42
mdp.39015017459150,98,2,0,7,CARDINAL,0,1
mdp.39015017459150,98,3,0,the Red Tobacco,PRODUCT,16,31
mdp.39015017459150,98,7,0,Cherokee,NORP,105,113
mdp.39015017459150,98,7,1,Mooney,PERSON,150,156
mdp.39015017459150,98,7,2,Olbrechts,PERSON,161,170
mdp.39015017459150,98,7,3,The Swimmer Manuscript,WORK_OF_ART,172,194
mdp.39015017459150,98,7,4,265,CARDINAL,200,203
mdp.39015017459150,98,10,0,8,CARDINAL,83,84
mdp.39015017459150,99,3,0,6,CARDINAL,25,26
mdp.39015017459150,99,4,0,first,ORDINAL,84,89
mdp.39015017459150,99,16,0,two,CARDINAL,112,115
mdp.39015017459150,99,18,0,North Carolina,GPE,109,123
mdp.39015017459150,99,18,1,Oklahoma,GPE,132,140
mdp.39015017459150,99,18,2,Cherokees,NORP,141,150
mdp.39015017459150,99,19,0,three,CARDINAL,63,68
mdp.39015017459150,100,2,0,10,CARDINAL,0,2
mdp.39015017459150,100,13,0,Cherokee,LANGUAGE,4,12
mdp.39015017459150,100,20,0,Se,LANGUAGE,11,13
mdp.39015017459150,100,20,1,:lamí:yi,NORP,13,21
mdp.39015017459150,100,20,2,Adair County,GPE,38,50
mdp.39015017459150,100,20,3,Gi,LANGUAGE,74,76
mdp.39015017459150,100,20,4,:,LANGUAGE,76,77
mdp.39015017459150,100,20,5,dhahyó,LANGUAGE,77,83
mdp.39015017459150,100,20,6,:,LANGUAGE,83,84
mdp.39015017459150,100,21,0,11,CARDINAL,0,2
mdp.39015017459150,101,10,0,four,CARDINAL,11,15
mdp.39015017459150,101,12,0,four,CARDINAL,74,78
mdp.39015017459150,101,13,0,Ghwo:lamí:,GPE,34,44
mdp.39015017459150,101,13,1,Muskogee County,GPE,71,86
mdp.39015017459150,101,13,2,today,DATE,109,114
mdp.39015017459150,101,13,3,Cherokee,NORP,138,146
mdp.39015017459150,101,14,0,Oklahoma,GPE,7,15
mdp.39015017459150,101,14,1,Canadian District,LOC,36,53
mdp.39015017459150,101,14,2,the Cherokee Nation,GPE,57,76
mdp.39015017459150,101,15,0,12,CARDINAL,0,2
mdp.39015017459150,102,2,0,fourth,ORDINAL,84,90
mdp.39015017459150,102,3,0,Gi:dhahyó:hi,NORP,12,24
mdp.39015017459150,102,7,0,13,CARDINAL,0,2
mdp.39015017459150,102,8,0,the Morning Red,WORK_OF_ART,26,41
mdp.39015017459150,102,14,0,daily,DATE,36,41
mdp.39015017459150,103,0,0,2,CARDINAL,35,36
mdp.39015017459150,103,7,0,daily,DATE,30,35
mdp.39015017459150,103,9,0,second,ORDINAL,23,29
mdp.39015017459150,103,9,1,first,ORDINAL,72,77
mdp.39015017459150,103,9,2,Cherokee,LANGUAGE,126,134
mdp.39015017459150,103,11,0,Gi:dhahyó:hi,NORP,48,60
mdp.39015017459150,103,11,1,four,CARDINAL,227,231
mdp.39015017459150,103,12,0,the next morning,TIME,50,66
mdp.39015017459150,103,12,1,the third successive,TIME,105,125
mdp.39015017459150,103,12,2,the fourth morning,TIME,144,162
mdp.39015017459150,103,12,3,fourth,ORDINAL,179,185
mdp.39015017459150,103,13,0,the fifth morning,TIME,10,27
mdp.39015017459150,103,13,1,four,CARDINAL,67,71
mdp.39015017459150,103,14,0,four,CARDINAL,14,18
mdp.39015017459150,103,14,1,fifth,ORDINAL,33,38
mdp.39015017459150,103,14,2,four,CARDINAL,91,95
mdp.39015017459150,104,0,0,Cherokee,NORP,64,72
mdp.39015017459150,104,1,0,Cherokees,NORP,13,22
mdp.39015017459150,104,1,1,Gi:dhahyó:hi,NORP,64,76
mdp.39015017459150,104,2,0,South Carolinian,NORP,68,84
mdp.39015017459150,104,2,1,Gi:dhahyó:hispeaking,NORP,100,120
mdp.39015017459150,104,2,2,Removal,EVENT,182,189
mdp.39015017459150,104,2,3,Wills Valley,LOC,221,233
mdp.39015017459150,104,2,4,Alabama,GPE,238,245
mdp.39015017459150,104,3,0,Gi:dhahyó:hi,NORP,47,59
mdp.39015017459150,104,3,1,14,CARDINAL,112,114
mdp.39015017459150,104,5,0,Red Di:sdi,PERSON,0,10
mdp.39015017459150,104,9,0,a Great Wizard,PERSON,8,22
mdp.39015017459150,104,15,0,English,LANGUAGE,117,124
mdp.39015017459150,104,18,0,hundreds of 1,CARDINAL,58,71
mdp.39015017459150,105,0,0,91,CARDINAL,31,33
mdp.39015017459150,105,0,1,Oklahoma,GPE,36,44
mdp.39015017459150,105,0,2,Kilpatrick and Kilpatrick,WORK_OF_ART,71,96
mdp.39015017459150,105,0,3,Cherokee Burn Conjurations,WORK_OF_ART,99,125
mdp.39015017459150,105,0,4,Journal of the Graduate Research Center,ORG,128,167
mdp.39015017459150,105,0,5,18,CARDINAL,181,183
mdp.39015017459150,105,0,6,20,CARDINAL,185,187
mdp.39015017459150,105,0,7,21,CARDINAL,189,191
mdp.39015017459150,105,0,8,North Carolina,GPE,211,225
mdp.39015017459150,105,1,0,Gwagwó:hi,NORP,34,43
mdp.39015017459150,105,1,1,Cherokee,NORP,183,191
mdp.39015017459150,105,2,0,four,CARDINAL,28,32
mdp.39015017459150,105,6,0,Meadowlark,PERSON,31,41
mdp.39015017459150,105,8,0,the Seven Clan,LOC,14,28
mdp.39015017459150,105,10,0,The Seven Eyes,ORG,0,14
mdp.39015017459150,105,14,0,Cherokee,NORP,20,28
mdp.39015017459150,105,14,1,American,NORP,89,97
mdp.39015017459150,105,14,2,English,LANGUAGE,98,105
mdp.39015017459150,105,15,0,the Seven Clan,LOC,15,29
mdp.39015017459150,105,15,1,Seven,CARDINAL,161,166
mdp.39015017459150,106,2,0,Cherokee,NORP,32,40
mdp.39015017459150,106,2,1,one,CARDINAL,85,88
mdp.39015017459150,106,2,2,two,CARDINAL,96,99
mdp.39015017459150,106,2,3,Gilbert,PERSON,160,167
mdp.39015017459150,106,2,4,The Eastern Cherokees,WORK_OF_ART,170,191
mdp.39015017459150,106,2,5,Bureau of American Ethnology,ORG,194,222
mdp.39015017459150,106,2,6,133,CARDINAL,233,236
mdp.39015017459150,106,2,7,238,CARDINAL,242,245
mdp.39015017459150,106,4,0,Cherokee,NORP,61,69
mdp.39015017459150,106,5,0,Tse:gi:i,PERSON,34,42
mdp.39015017459150,106,6,0,four,CARDINAL,26,30
mdp.39015017459150,106,7,0,four,CARDINAL,174,178
mdp.39015017459150,106,10,0,Hummingbird,PERSON,0,11
mdp.39015017459150,106,11,0,one,CARDINAL,27,30
mdp.39015017459150,106,13,0,one,CARDINAL,61,64
mdp.39015017459150,106,13,1,one,CARDINAL,90,93
mdp.39015017459150,107,5,0,four,CARDINAL,7,11
mdp.39015017459150,107,6,0,Cherokee,NORP,19,27
mdp.39015017459150,107,8,0,17,CARDINAL,0,2
mdp.39015017459150,108,0,0,Eastern,NORP,77,84
mdp.39015017459150,108,0,1,Western,NORP,89,96
mdp.39015017459150,108,0,2,Cherokees,NORP,97,106
mdp.39015017459150,108,1,0,two,CARDINAL,51,54
mdp.39015017459150,108,1,1,Qualla,LOC,163,169
mdp.39015017459150,108,1,2,Snowbird Creek,LOC,174,188
mdp.39015017459150,108,1,3,the Cherokee Nation,GPE,192,211
mdp.39015017459150,108,1,4,Sequoyah,LOC,228,236
mdp.39015017459150,108,1,5,Ozark,LOC,267,272
mdp.39015017459150,108,1,6,Smokies,LOC,299,306
mdp.39015017459150,108,2,0,North Carolina,GPE,56,70
mdp.39015017459150,108,3,0,Cherokee,NORP,8,16
mdp.39015017459150,108,5,0,North Carolinian,NORP,163,179
mdp.39015017459150,108,5,1,Cherokee,NORP,216,224
mdp.39015017459150,108,5,2,North Carolinian,NORP,281,297
mdp.39015017459150,108,7,0,The Blue One,WORK_OF_ART,37,49
mdp.39015017459150,108,7,1,the Pathways of the Clan District,FAC,282,315
mdp.39015017459150,108,8,0,night,TIME,52,57
mdp.39015017459150,109,1,0,Four,CARDINAL,0,4
mdp.39015017459150,109,3,0,midnight,TIME,120,128
mdp.39015017459150,109,3,1,dawn,TIME,134,138
mdp.39015017459150,109,4,0,Four,CARDINAL,1,5
mdp.39015017459150,109,4,1,four consecutive nights,DATE,24,47
mdp.39015017459150,109,4,2,four,CARDINAL,94,98
mdp.39015017459150,110,0,0,MICHIGAN,GPE,18,26
mdp.39015017459150,112,0,0,MICHIGAN,GPE,18,26
mdp.39015017459150,113,2,0,Treetops,LOC,45,53
mdp.39015017459150,113,6,0,Cherokee,NORP,105,113
mdp.39015017459150,113,6,1,English,LANGUAGE,141,148
mdp.39015017459150,113,9,0,four,CARDINAL,11,15
mdp.39015017459150,114,0,0,100,CARDINAL,0,3
mdp.39015017459150,114,1,0,the Oklahoma Cherokees,NORP,125,147
mdp.39015017459150,114,3,0,Mayes County,GPE,95,107
mdp.39015017459150,114,19,0,pre-Columbian times,DATE,167,186
mdp.39015017459150,115,0,0,101,CARDINAL,8,11
mdp.39015017459150,115,3,0,European,NORP,246,254
mdp.39015017459150,115,3,1,second,ORDINAL,255,261
mdp.39015017459150,115,5,0,12,CARDINAL,82,84
mdp.39015017459150,115,6,0,3,CARDINAL,4,5
mdp.39015017459150,115,13,0,the White Pathway,FAC,4,21
mdp.39015017459150,116,0,0,Gwagwó:hi,NORP,137,146
mdp.39015017459150,116,1,0,Cherokee,NORP,140,148
mdp.39015017459150,116,2,0,One,CARDINAL,0,3
mdp.39015017459150,116,10,0,4,CARDINAL,2,3
mdp.39015017459150,116,18,0,Yellow Mockingbird,PERSON,0,18
mdp.39015017459150,117,0,0,Yuwa:sí:,GPE,97,105
mdp.39015017459150,117,0,1,Delaware County,GPE,111,126
mdp.39015017459150,117,1,0,two,CARDINAL,9,12
mdp.39015017459150,117,2,0,5 5,CARDINAL,0,3
mdp.39015017459150,117,5,0,Bluebird,PERSON,0,8
mdp.39015017459150,117,19,0,Pathways,FAC,32,40
mdp.39015017459150,118,5,0,Pathways,FAC,149,157
mdp.39015017459150,118,6,0,6,CARDINAL,0,1
mdp.39015017459150,118,12,0,uhi:so?di incantation,NORP,39,60
mdp.39015017459150,118,13,0,third,ORDINAL,4,9
mdp.39015017459150,119,2,0,sixth,ORDINAL,4,9
mdp.39015017459150,119,3,0,Cherokeean,NORP,34,44
mdp.39015017459150,119,4,0,Gi:dhahyó:hi,GPE,43,55
mdp.39015017459150,119,5,0,7,CARDINAL,0,1
mdp.39015017459150,119,7,0,the Tsugo:tsala:la,NORP,16,34
mdp.39015017459150,120,0,0,106,CARDINAL,0,3
mdp.39015017459150,120,0,1,Walk in Your Soul,WORK_OF_ART,4,21
mdp.39015017459150,120,0,2,European,NORP,22,30
mdp.39015017459150,120,3,0,Gwagwó:hi,NORP,29,38
mdp.39015017459150,120,5,0,four,CARDINAL,20,24
mdp.39015017459150,120,6,0,Cherokees,NORP,117,126
mdp.39015017459150,122,0,0,THE UNIVERSITY OF MICHIGAN LIBRARY,ORG,0,34
mdp.39015017459150,123,0,0,1,CARDINAL,22,23
mdp.39015017459150,123,1,0,Age:hyu Gu:gu Hergv,NORP,37,56
mdp.39015017459150,123,9,0,North Carolina,GPE,141,155
mdp.39015017459150,123,9,1,Oklahoma,GPE,173,181
mdp.39015017459150,123,9,2,Mooney,PERSON,187,193
mdp.39015017459150,123,9,3,Sacred Formulas,WORK_OF_ART,196,211
mdp.39015017459150,123,9,4,345,CARDINAL,218,221
mdp.39015017459150,123,9,5,Mooney,PERSON,226,232
mdp.39015017459150,123,9,6,Olbrechts,PERSON,237,246
mdp.39015017459150,123,9,7,The Swimmer Manuscript,WORK_OF_ART,248,270
mdp.39015017459150,123,9,8,271,CARDINAL,272,275
mdp.39015017459150,123,9,9,279,CARDINAL,280,283
mdp.39015017459150,123,10,0,the Western Cherokees,NORP,6,27
mdp.39015017459150,123,11,0,Cherokee,NORP,0,8
mdp.39015017459150,124,1,0,As late as thirty or forty years ago,DATE,0,36
mdp.39015017459150,124,1,1,the Cherokee Hills,LOC,85,103
mdp.39015017459150,124,2,0,Cherokee,NORP,131,139
mdp.39015017459150,124,3,0,Tse:gi:i.,NORP,95,104
mdp.39015017459150,124,4,0,"February 21, 1933",DATE,60,77
mdp.39015017459150,124,5,0,2,CARDINAL,0,1
mdp.39015017459150,124,9,0,THE UNIVERSITY OF MICHIGAN,ORG,0,26
mdp.39015017459150,124,23,0,Gwagwó:hi,NORP,5,14
mdp.39015017459150,125,2,0,3,CARDINAL,0,1
mdp.39015017459150,125,10,0,Seven,CARDINAL,0,5
mdp.39015017459150,125,19,0,one,CARDINAL,3,6
mdp.39015017459150,126,2,0,4,CARDINAL,2,3
mdp.39015017459150,126,17,0,Mooney,PERSON,0,6
mdp.39015017459150,126,17,1,Sacred Formulas,WORK_OF_ART,9,24
mdp.39015017459150,126,17,2,380,CARDINAL,31,34
mdp.39015017459150,126,17,3,North Carolina,GPE,51,65
mdp.39015017459150,127,0,0,113,CARDINAL,20,23
mdp.39015017459150,127,1,0,5,CARDINAL,2,3
mdp.39015017459150,127,8,0,Seven,CARDINAL,0,5
mdp.39015017459150,127,11,0,Seven,CARDINAL,0,5
mdp.39015017459150,127,15,0,Seven,CARDINAL,0,5
mdp.39015017459150,127,19,0,the morning,TIME,18,29
mdp.39015017459150,127,20,0,three,CARDINAL,34,39
mdp.39015017459150,127,21,0,three,CARDINAL,4,9
mdp.39015017459150,128,0,0,dawn,TIME,73,77
mdp.39015017459150,128,0,1,noon,TIME,82,86
mdp.39015017459150,128,0,2,dusk,TIME,95,99
mdp.39015017459150,128,1,0,3,CARDINAL,10,11
mdp.39015017459150,128,2,0,6,CARDINAL,0,1
mdp.39015017459150,128,7,0,Mooney,PERSON,39,45
mdp.39015017459150,128,7,1,4,CARDINAL,55,56
mdp.39015017459150,128,7,2,four,CARDINAL,129,133
mdp.39015017459150,128,7,3,four nights,DATE,145,156
mdp.39015017459150,128,8,0,Mooney,PERSON,1,7
mdp.39015017459150,128,12,0,Oklahoma,GPE,24,32
mdp.39015017459150,128,12,1,first,ORDINAL,69,74
mdp.39015017459150,128,12,2,North Carolina,GPE,130,144
mdp.39015017459150,128,13,0,Oklahoma,GPE,3,11
mdp.39015017459150,128,15,0,Oklahoma,GPE,4,12
mdp.39015017459150,129,0,0,Mooney,PERSON,43,49
mdp.39015017459150,129,1,0,North Carolina,GPE,65,79
mdp.39015017459150,129,1,1,Oklahoma,GPE,117,125
mdp.39015017459150,129,2,0,Dhlv:datsi:i.,PERSON,44,57
mdp.39015017459150,129,2,1,7,CARDINAL,58,59
mdp.39015017459150,129,12,0,Cherokee,NORP,109,117
mdp.39015017459150,129,13,0,idi:gawé:sdi,NORP,17,29
mdp.39015017459150,129,14,0,four,CARDINAL,45,49
mdp.39015017459150,129,15,0,Gha:hl(i)se:ts(i) Tso:dalo,ORG,23,49
mdp.39015017459150,130,0,0,8,CARDINAL,22,23
mdp.39015017459150,130,10,0,7,CARDINAL,178,179
mdp.39015017459150,130,11,0,Gi:dhahyó:hi,NORP,31,43
mdp.39015017459150,130,12,0,THE UNIVERSITY OF MICHIGAN LIBRARIES,ORG,0,36
mdp.39015017459150,130,12,1,9,CARDINAL,37,38
mdp.39015017459150,130,13,0,Rainbow,LOC,33,40
mdp.39015017459150,131,2,0,four,CARDINAL,157,161
mdp.39015017459150,131,4,0,Se:lami:yi.,NORP,70,81
mdp.39015017459150,131,5,0,10,CARDINAL,0,2
mdp.39015017459150,131,12,0,North Carolina,GPE,114,128
mdp.39015017459150,131,12,1,Mooney,PERSON,154,160
mdp.39015017459150,131,12,2,4,CARDINAL,170,171
mdp.39015017459150,132,0,0,11,CARDINAL,22,24
mdp.39015017459150,132,1,0,the Seven Clan,LOC,26,40
mdp.39015017459150,132,10,0,12,CARDINAL,32,34
mdp.39015017459150,132,12,0,12,CARDINAL,0,2
mdp.39015017459150,132,16,0,Tsugo:tsala:la,PERSON,9,23
mdp.39015017459150,132,17,0,Hal,PERSON,0,3
mdp.39015017459150,133,7,0,One,CARDINAL,0,3
mdp.39015017459150,133,9,0,fifth,ORDINAL,14,19
mdp.39015017459150,133,12,0,13,CARDINAL,0,2
mdp.39015017459150,133,13,0,the White House,FAC,3,18
mdp.39015017459150,134,0,0,120,CARDINAL,0,3
mdp.39015017459150,134,2,0,two,CARDINAL,4,7
mdp.39015017459150,134,6,0,1,CARDINAL,19,20
mdp.39015017459150,134,7,0,Tse:gi:i,NORP,20,28
mdp.39015017459150,134,7,1,four,QUANTITY,66,70
mdp.39015017459150,137,2,0,Two,CARDINAL,4,7
mdp.39015017459150,137,5,0,two,CARDINAL,5,8
mdp.39015017459150,137,8,0,The Seven Thunderers,ORG,0,20
mdp.39015017459150,137,10,0,Dhlv:datsí:,GPE,120,131
mdp.39015017459150,137,10,1,Adair County,GPE,137,149
mdp.39015017459150,137,12,0,"the ""Two White Persons”",ORG,14,37
mdp.39015017459150,137,12,1,the Sons of Thunder,ORG,42,61
mdp.39015017459150,138,2,0,the Family of Thunder,ORG,62,83
mdp.39015017459150,138,3,0,Cherokees,NORP,54,63
mdp.39015017459150,138,3,1,four,CARDINAL,123,127
mdp.39015017459150,138,5,0,2,CARDINAL,0,1
mdp.39015017459150,139,0,0,125 ttt community,ORG,11,28
mdp.39015017459150,139,1,0,sixth,ORDINAL,11,16
mdp.39015017459150,139,3,0,3,CARDINAL,69,70
mdp.39015017459150,139,15,0,American,NORP,87,95
mdp.39015017459150,139,15,1,Southwest,LOC,96,105
mdp.39015017459150,140,7,0,Gwagwó:hi,PERSON,46,55
mdp.39015017459150,140,7,1,four,CARDINAL,81,85
mdp.39015017459150,140,8,0,4,CARDINAL,0,1
mdp.39015017459150,140,8,1,The Red Snapping Turtle,PERSON,3,26
mdp.39015017459150,140,9,0,Nightland,LOC,50,59
mdp.39015017459150,140,11,0,Two,CARDINAL,4,7
mdp.39015017459150,140,12,0,Two,CARDINAL,4,7
mdp.39015017459150,140,13,0,Two,CARDINAL,41,44
mdp.39015017459150,141,0,0,127 Kft,QUANTITY,11,18
mdp.39015017459150,141,1,0,four days,DATE,18,27
mdp.39015017459150,141,2,0,all day,DATE,20,27
mdp.39015017459150,141,4,0,all day,DATE,160,167
mdp.39015017459150,141,4,1,fourth,ORDINAL,182,188
mdp.39015017459150,141,6,0,Nightland,WORK_OF_ART,5,14
mdp.39015017459150,141,8,0,the Sons of Thunder,ORG,25,44
mdp.39015017459150,141,15,0,Blue Sparrow Hawk,PERSON,13,30
mdp.39015017459150,142,0,0,128,CARDINAL,0,3
mdp.39015017459150,142,1,0,Pathway,FAC,28,35
mdp.39015017459150,142,3,0,Tobacco,PERSON,5,12
mdp.39015017459150,142,6,0,Red,NORP,66,69
mdp.39015017459150,142,6,1,Sunland,LOC,84,91
mdp.39015017459150,142,8,0,seven,CARDINAL,28,33
mdp.39015017459150,142,8,1,four,CARDINAL,74,78
mdp.39015017459150,142,10,0,early in the morning,TIME,6,26
mdp.39015017459150,142,10,1,four days,DATE,28,37
mdp.39015017459150,142,12,0,all day,DATE,5,12
mdp.39015017459150,142,14,0,Cherokee,NORP,0,8
mdp.39015017459150,142,15,0,one,CARDINAL,112,115
mdp.39015017459150,142,15,1,Pathway,FAC,162,169
mdp.39015017459150,143,0,0,129,CARDINAL,11,14
mdp.39015017459150,143,3,0,Blue Sparrow Hawk,PERSON,112,129
mdp.39015017459150,143,4,0,6,CARDINAL,2,3
mdp.39015017459150,143,6,0,White Sparrow Hawk!,PERSON,0,19
mdp.39015017459150,143,15,0,The White Pathway,FAC,0,17
mdp.39015017459150,143,16,0,two,CARDINAL,40,43
mdp.39015017459150,143,16,1,Valley,LOC,60,66
mdp.39015017459150,144,0,0,130,CARDINAL,0,3
mdp.39015017459150,144,0,1,Walk in Your Soul,WORK_OF_ART,4,21
mdp.39015017459150,144,1,0,The White Sparrow Hawk,PRODUCT,0,22
mdp.39015017459150,144,2,0,3,CARDINAL,142,143
mdp.39015017459150,144,2,1,6,CARDINAL,148,149
mdp.39015017459150,144,6,0,four,CARDINAL,35,39
mdp.39015017459150,144,13,0,two,CARDINAL,4,7
mdp.39015017459150,144,14,0,one,CARDINAL,3,6
mdp.39015017459150,144,14,1,Pathways,WORK_OF_ART,11,19
mdp.39015017459150,144,14,2,two,CARDINAL,27,30
mdp.39015017459150,144,15,0,one,CARDINAL,3,6
mdp.39015017459150,144,15,1,two,CARDINAL,12,15
mdp.39015017459150,144,17,0,Pathways,WORK_OF_ART,4,12
mdp.39015017459150,144,17,1,two,CARDINAL,20,23
mdp.39015017459150,145,0,0,131,CARDINAL,11,14
mdp.39015017459150,145,0,1,Saliva,PRODUCT,29,35
mdp.39015017459150,145,3,0,2,CARDINAL,1,2
mdp.39015017459150,145,6,0,Black Sparrow Hawk,PERSON,41,59
mdp.39015017459150,145,11,0,one,CARDINAL,3,6
mdp.39015017459150,145,11,1,two,CARDINAL,15,18
mdp.39015017459150,145,13,0,one,CARDINAL,3,6
mdp.39015017459150,145,13,1,Pathways,WORK_OF_ART,11,19
mdp.39015017459150,145,13,2,two,CARDINAL,27,30
mdp.39015017459150,145,14,0,one,CARDINAL,7,10
mdp.39015017459150,145,14,1,two,CARDINAL,16,19
mdp.39015017459150,145,18,0,first,ORDINAL,46,51
mdp.39015017459150,145,18,1,second,ORDINAL,149,155
mdp.39015017459150,145,19,0,The Black Barred Owl,PRODUCT,0,20
mdp.39015017459150,145,19,1,the Black Sparrow Hawk,PRODUCT,99,121
mdp.39015017459150,146,1,0,the Pathway to the Nightland,FAC,116,144
mdp.39015017459150,146,4,0,8,CARDINAL,0,1
mdp.39015017459150,147,0,0,133,CARDINAL,11,14
mdp.39015017459150,147,1,0,the Black Spoon,WORK_OF_ART,124,139
mdp.39015017459150,147,3,0,Thunder,PERSON,123,130
mdp.39015017459150,147,5,0,Four,CARDINAL,0,4
mdp.39015017459150,147,6,0,Tse:gi:i,NORP,23,31
mdp.39015017459150,147,6,1,Dhlv:datsi:i.,PERSON,35,48
mdp.39015017459150,147,7,0,9,CARDINAL,0,1
mdp.39015017459150,147,10,0,Red Raven!,PERSON,0,10
mdp.39015017459150,147,18,0,Nightland,LOC,56,65
mdp.39015017459150,148,3,0,Ghwo:lamí:,GPE,32,42
mdp.39015017459150,148,3,1,Muskogee County,GPE,48,63
mdp.39015017459150,148,3,2,one,CARDINAL,282,285
mdp.39015017459150,148,4,0,one,CARDINAL,88,91
mdp.39015017459150,148,5,0,Cherokee,LANGUAGE,3,11
mdp.39015017459150,149,0,0,135,CARDINAL,11,14
mdp.39015017459150,149,1,0,Seven,CARDINAL,60,65
mdp.39015017459150,149,7,0,Cherokee,NORP,46,54
mdp.39015017459150,149,9,0,two,CARDINAL,21,24
mdp.39015017459150,149,10,0,Gha:hl(i)se:ts(i) Tso:dalv,NORP,25,51
mdp.39015017459150,149,11,0,the morning,TIME,17,28
mdp.39015017459150,149,11,1,the day,DATE,49,56
mdp.39015017459150,149,13,0,11,CARDINAL,0,2
mdp.39015017459150,149,16,0,the Red Tobacco,ORG,36,51
mdp.39015017459150,150,1,0,2,CARDINAL,73,74
mdp.39015017459150,150,1,1,Blue Cardinal,PERSON,76,89
mdp.39015017459150,150,3,0,the Blue Tobacco,PERSON,36,52
mdp.39015017459150,150,6,0,3,CARDINAL,73,74
mdp.39015017459150,150,8,0,the White Tobacco,ORG,36,53
mdp.39015017459150,150,11,0,4,CARDINAL,73,74
mdp.39015017459150,151,7,0,One,CARDINAL,0,3
mdp.39015017459150,151,7,1,Cherokees,NORP,135,144
mdp.39015017459150,151,8,0,Cherokee,NORP,43,51
mdp.39015017459150,151,9,0,post-Columbian,NORP,66,80
mdp.39015017459150,151,10,0,Cherokee,NORP,74,82
mdp.39015017459150,151,10,1,Cherokee,NORP,151,159
mdp.39015017459150,151,11,0,third,ORDINAL,2,7
mdp.39015017459150,151,13,0,Cherokee,LANGUAGE,3,11
mdp.39015017459150,152,0,0,138,CARDINAL,0,3
mdp.39015017459150,152,3,0,12,CARDINAL,2,4
mdp.39015017459150,152,4,0,1,CARDINAL,1,2
mdp.39015017459150,152,5,0,Two,CARDINAL,4,7
mdp.39015017459150,152,6,0,Two,CARDINAL,4,7
mdp.39015017459150,152,7,0,Two,CARDINAL,4,7
mdp.39015017459150,152,8,0,Two,CARDINAL,4,7
mdp.39015017459150,152,9,0,Two,CARDINAL,4,7
mdp.39015017459150,152,10,0,Two,CARDINAL,26,29
mdp.39015017459150,152,12,0,Two,CARDINAL,17,20
mdp.39015017459150,152,13,0,2,CARDINAL,1,2
mdp.39015017459150,152,13,1,Two,CARDINAL,8,11
mdp.39015017459150,152,14,0,Two,CARDINAL,4,7
mdp.39015017459150,152,15,0,Two,CARDINAL,4,7
mdp.39015017459150,152,16,0,Two,CARDINAL,4,7
mdp.39015017459150,152,17,0,Two,CARDINAL,4,7
mdp.39015017459150,152,18,0,Two,CARDINAL,17,20
mdp.39015017459150,153,2,0,You Two Men,WORK_OF_ART,5,16
mdp.39015017459150,153,2,1,the Sons of Thunder,ORG,127,146
mdp.39015017459150,153,5,0,one,CARDINAL,4,7
mdp.39015017459150,153,6,0,13,CARDINAL,2,4
mdp.39015017459150,153,9,0,two,CARDINAL,41,44
mdp.39015017459150,153,9,1,Pathway,FAC,114,121
mdp.39015017459150,153,12,0,two,CARDINAL,5,8
mdp.39015017459150,153,12,1,Valley,LOC,61,67
mdp.39015017459150,154,0,0,the Smoke of the Blue Tobacco,WORK_OF_ART,87,116
mdp.39015017459150,155,0,0,VII,CARDINAL,0,3
mdp.39015017459150,157,5,0,Hal,PERSON,0,3
mdp.39015017459150,157,7,0,Hal,PERSON,0,3
mdp.39015017459150,157,18,0,2,CARDINAL,0,1
mdp.39015017459150,157,21,0,Tsugu:tsala:la,NORP,6,20
mdp.39015017459150,157,24,0,143,CARDINAL,0,3
mdp.39015017459150,158,12,0,four,CARDINAL,43,47
mdp.39015017459150,158,13,0,Gwagwó:hi,GPE,24,33
mdp.39015017459150,158,14,0,3,CARDINAL,0,1
mdp.39015017459150,158,24,0,the Red Woman,PERSON,23,36
mdp.39015017459150,159,1,0,12,CARDINAL,36,38
mdp.39015017459150,159,9,0,Cherokees,NORP,4,13
mdp.39015017459150,159,10,0,4,CARDINAL,2,3
mdp.39015017459150,159,15,0,one,CARDINAL,25,28
mdp.39015017459150,159,16,0,the Seven Clan Districts,LOC,28,52
mdp.39015017459150,159,18,0,One,CARDINAL,0,3
mdp.39015017459150,159,18,1,Pathway,FAC,11,18
mdp.39015017459150,159,21,0,2,CARDINAL,1,2
mdp.39015017459150,159,22,0,Red Tsugu:tsala:la,PERSON,10,28
mdp.39015017459150,160,3,0,3,CARDINAL,1,2
mdp.39015017459150,160,5,0,the Seven Clan Districts,LOC,44,68
mdp.39015017459150,160,8,0,4,CARDINAL,5,6
mdp.39015017459150,160,13,0,Hal You,PERSON,0,7
mdp.39015017459150,160,16,0,four,CARDINAL,101,105
mdp.39015017459150,160,16,1,four mornings,DATE,138,151
mdp.39015017459150,161,1,0,four,CARDINAL,12,16
mdp.39015017459150,161,1,1,the Sea Gull,PRODUCT,100,112
mdp.39015017459150,161,1,2,the Red Tsugu:tsala:la,PRODUCT,161,183
mdp.39015017459150,161,2,0,Cherokee,NORP,71,79
mdp.39015017459150,161,2,1,English,LANGUAGE,111,118
mdp.39015017459150,161,3,0,Cherokee,NORP,4,12
mdp.39015017459150,161,3,1,two,CARDINAL,139,142
mdp.39015017459150,161,3,2,one,CARDINAL,153,156
mdp.39015017459150,161,5,0,Cherokee,LANGUAGE,3,11
mdp.39015017459150,161,5,1,one,CARDINAL,47,50
mdp.39015017459150,161,8,0,one,CARDINAL,127,130
mdp.39015017459150,161,9,0,5,CARDINAL,0,1
mdp.39015017459150,161,12,0,The Brown Tobacco,ORG,0,17
mdp.39015017459150,162,0,0,the Very Ugly One,PERSON,33,50
mdp.39015017459150,162,3,0,North Carolina,GPE,64,78
mdp.39015017459150,162,3,1,Mooney,PERSON,173,179
mdp.39015017459150,162,3,2,Olbrechts,PERSON,184,193
mdp.39015017459150,162,3,3,The Swimmer Manuscript,WORK_OF_ART,195,217
mdp.39015017459150,162,3,4,155,CARDINAL,222,225
mdp.39015017459150,162,4,0,first,ORDINAL,7,12
mdp.39015017459150,162,6,0,Oklahoma,GPE,0,8
mdp.39015017459150,162,7,0,Tse:gi:i,GPE,19,27
mdp.39015017459150,162,10,0,Where the Woman Sits,WORK_OF_ART,12,32
mdp.39015017459150,162,12,0,6,CARDINAL,0,1
mdp.39015017459150,162,13,0,One,CARDINAL,5,8
mdp.39015017459150,162,15,0,One,CARDINAL,5,8
mdp.39015017459150,164,0,0,150,CARDINAL,0,3
mdp.39015017459150,164,4,0,3,CARDINAL,1,2
mdp.39015017459150,164,8,0,Pathways,FAC,7,15
mdp.39015017459150,164,9,0,4,CARDINAL,1,2
mdp.39015017459150,164,21,0,Pathways,FAC,7,15
mdp.39015017459150,164,25,0,four,CARDINAL,79,83
mdp.39015017459150,165,7,0,two,CARDINAL,34,37
mdp.39015017459150,165,7,1,Gha:hl(i)se:ts(i) Tso:dalu,GPE,99,125
mdp.39015017459150,165,8,0,8,CARDINAL,0,1
mdp.39015017459150,165,11,0,Tsugu:tsala:la,NORP,25,39
mdp.39015017459150,166,3,0,2,CARDINAL,145,146
mdp.39015017459150,166,3,1,3,CARDINAL,151,152
mdp.39015017459150,166,8,0,Gwagwó:,GPE,56,63
mdp.39015017459150,166,8,1,No:wo,GPE,105,110
mdp.39015017459150,166,8,2,Sequoyah County,GPE,119,134
mdp.39015017459150,167,0,0,Cherokee,NORP,88,96
mdp.39015017459150,167,2,0,four,CARDINAL,65,69
mdp.39015017459150,167,4,0,Cherokee,NORP,43,51
mdp.39015017459150,171,0,0,1,CARDINAL,28,29
mdp.39015017459150,171,2,0,2,CARDINAL,0,1
mdp.39015017459150,171,4,0,3,CARDINAL,0,1
mdp.39015017459150,171,6,0,4,CARDINAL,0,1
mdp.39015017459150,171,8,0,5,CARDINAL,0,1
mdp.39015017459150,171,10,0,6,CARDINAL,0,1
mdp.39015017459150,171,12,0,7,CARDINAL,0,1
mdp.39015017459150,171,13,0,23,CARDINAL,16,18
mdp.39015017459150,171,14,0,8,CARDINAL,0,1
mdp.39015017459150,171,16,0,9,CARDINAL,0,1
mdp.39015017459150,171,17,0,12,CARDINAL,17,19
mdp.39015017459150,171,18,0,10,CARDINAL,0,2
mdp.39015017459150,171,19,0,Carolina Wren,PERSON,0,13
mdp.39015017459150,171,20,0,11,CARDINAL,0,2
mdp.39015017459150,171,22,0,12,CARDINAL,0,2
mdp.39015017459150,171,24,0,13,CARDINAL,0,2
mdp.39015017459150,171,25,0,14,CARDINAL,16,18
mdp.39015017459150,171,25,1,18,CARDINAL,20,22
mdp.39015017459150,171,25,2,22,CARDINAL,24,26
mdp.39015017459150,171,25,3,5,CARDINAL,34,35
mdp.39015017459150,171,25,4,6,CARDINAL,44,45
mdp.39015017459150,171,25,5,7,CARDINAL,47,48
mdp.39015017459150,171,25,6,8,CARDINAL,50,51
mdp.39015017459150,171,26,0,14,CARDINAL,0,2
mdp.39015017459150,171,28,0,15,CARDINAL,0,2
mdp.39015017459150,171,32,0,16,CARDINAL,0,2
mdp.39015017459150,171,33,0,8,CARDINAL,10,11
mdp.39015017459150,171,33,1,9,CARDINAL,13,14
mdp.39015017459150,171,34,0,17,CARDINAL,0,2
mdp.39015017459150,171,35,0,5,CARDINAL,13,14
mdp.39015017459150,171,36,0,18,CARDINAL,0,2
mdp.39015017459150,171,38,0,19,CARDINAL,0,2
mdp.39015017459150,171,39,0,20,CARDINAL,20,22
mdp.39015017459150,171,41,0,21,CARDINAL,0,2
mdp.39015017459150,171,43,0,22,CARDINAL,0,2
mdp.39015017459150,171,44,0,1,CARDINAL,26,27
mdp.39015017459150,171,44,1,13,CARDINAL,32,34
mdp.39015017459150,171,44,2,23,CARDINAL,43,45
mdp.39015017459150,171,46,0,24,CARDINAL,0,2
mdp.39015017459150,171,47,0,9,CARDINAL,20,21
mdp.39015017459150,171,47,1,16,CARDINAL,23,25
mdp.39015017459150,171,48,0,25,CARDINAL,0,2
mdp.39015017459150,171,49,0,1,CARDINAL,10,11
mdp.39015017459150,171,49,1,13,CARDINAL,16,18
mdp.39015017459150,171,50,0,26,CARDINAL,0,2
mdp.39015017459150,171,51,0,157,CARDINAL,17,20
mdp.39015017459150,172,0,0,27,CARDINAL,22,24
mdp.39015017459150,172,1,0,24,CARDINAL,18,20
mdp.39015017459150,172,2,0,28,CARDINAL,0,2
mdp.39015017459150,172,3,0,9,CARDINAL,17,18
mdp.39015017459150,172,4,0,29,CARDINAL,0,2
mdp.39015017459150,172,6,0,30,CARDINAL,0,2
mdp.39015017459150,172,8,0,31,CARDINAL,0,2
mdp.39015017459150,172,10,0,32,CARDINAL,0,2
mdp.39015017459150,172,12,0,33,CARDINAL,0,2
mdp.39015017459150,172,14,0,34,CARDINAL,0,2
mdp.39015017459150,172,16,0,35,CARDINAL,0,2
mdp.39015017459150,172,18,0,36,CARDINAL,0,2
mdp.39015017459150,172,20,0,37,CARDINAL,0,2
mdp.39015017459150,172,22,0,38,CARDINAL,0,2
mdp.39015017459150,172,23,0,6,CARDINAL,19,20
mdp.39015017459150,172,24,0,39,CARDINAL,0,2
mdp.39015017459150,172,26,0,40,CARDINAL,0,2
mdp.39015017459150,172,28,0,41,CARDINAL,0,2
mdp.39015017459150,172,30,0,42,CARDINAL,0,2
mdp.39015017459150,172,32,0,43,CARDINAL,0,2
mdp.39015017459150,172,34,0,44,CARDINAL,0,2
mdp.39015017459150,172,35,0,6,CARDINAL,16,17
mdp.39015017459150,172,36,0,45,CARDINAL,0,2
mdp.39015017459150,172,37,0,Seven,CARDINAL,0,5
mdp.39015017459150,172,38,0,46,CARDINAL,0,2
mdp.39015017459150,172,39,0,47,CARDINAL,23,25
mdp.39015017459150,172,40,0,6,CARDINAL,33,34
mdp.39015017459150,172,40,1,7,CARDINAL,36,37
mdp.39015017459150,172,40,2,48,CARDINAL,46,48
mdp.39015017459150,172,41,0,21,CARDINAL,14,16
mdp.39015017459150,172,41,1,49,CARDINAL,30,32
mdp.39015017459150,172,42,0,50,CARDINAL,18,20
mdp.39015017459150,172,43,0,12,CARDINAL,33,35
mdp.39015017459150,172,43,1,13,CARDINAL,37,39
mdp.39015017459150,172,43,2,14,CARDINAL,41,43
mdp.39015017459150,172,43,3,16,CARDINAL,45,47
mdp.39015017459150,172,43,4,20,CARDINAL,49,51
mdp.39015017459150,172,43,5,21,CARDINAL,53,55
mdp.39015017459150,172,43,6,22,CARDINAL,57,59
mdp.39015017459150,172,43,7,23,CARDINAL,61,63
mdp.39015017459150,172,43,8,6,CARDINAL,71,72
mdp.39015017459150,172,43,9,7,CARDINAL,74,75
mdp.39015017459150,172,43,10,9,CARDINAL,96,97
mdp.39015017459150,172,43,11,11,CARDINAL,99,101
mdp.39015017459150,172,43,12,12,CARDINAL,103,105
mdp.39015017459150,172,43,13,13,CARDINAL,107,109
mdp.39015017459150,172,43,14,8,CARDINAL,118,119
mdp.39015017459150,172,43,15,9,CARDINAL,121,122
mdp.39015017459150,172,44,0,51,CARDINAL,0,2
mdp.39015017459150,172,46,0,52,CARDINAL,0,2
mdp.39015017459150,172,50,0,23,CARDINAL,10,12
mdp.39015017459150,172,50,1,5,CARDINAL,21,22
mdp.39015017459150,172,50,2,6,CARDINAL,24,25
mdp.39015017459150,172,50,3,5,CARDINAL,33,34
mdp.39015017459150,172,50,4,4,CARDINAL,49,50
mdp.39015017459150,172,50,5,8,CARDINAL,52,53
mdp.39015017459150,172,51,0,53,CARDINAL,0,2
mdp.39015017459150,172,52,0,Two,CARDINAL,0,3
mdp.39015017459150,172,53,0,54,CARDINAL,0,2
mdp.39015017459150,172,54,0,10,CARDINAL,30,32
mdp.39015017459150,173,0,0,159 55,CARDINAL,28,34
mdp.39015017459150,173,2,0,7,CARDINAL,18,19
mdp.39015017459150,177,0,0,ASTROV,PERSON,13,19
mdp.39015017459150,177,0,1,MARGOT,PERSON,21,27
mdp.39015017459150,177,0,2,1962,DATE,36,40
mdp.39015017459150,177,1,0,American Indian Prose and Poetry: An Anthology.,WORK_OF_ART,0,47
mdp.39015017459150,177,2,0,Capricorn Books,ORG,0,15
mdp.39015017459150,177,3,0,New York,GPE,0,8
mdp.39015017459150,177,3,1,N.Y.,GPE,10,14
mdp.39015017459150,177,3,2,GILBERT,PERSON,15,22
mdp.39015017459150,177,3,3,WILLIAM HARLEN,PERSON,24,38
mdp.39015017459150,177,3,4,1943,DATE,44,48
mdp.39015017459150,177,4,0,The Eastern Cherokees,WORK_OF_ART,0,21
mdp.39015017459150,177,5,0,23,CARDINAL,27,29
mdp.39015017459150,177,5,1,Bureau of American Ethnology,ORG,31,59
mdp.39015017459150,177,5,2,133,CARDINAL,70,73
mdp.39015017459150,177,5,3,169,CARDINAL,79,82
mdp.39015017459150,177,6,0,Washington,GPE,0,10
mdp.39015017459150,177,6,1,D.C.,GPE,12,16
mdp.39015017459150,177,6,2,KILPATRICK,PERSON,17,27
mdp.39015017459150,177,6,3,JACK FREDERICK,PERSON,29,43
mdp.39015017459150,177,6,4,1962,DATE,44,48
mdp.39015017459150,177,8,0,Sacred Formulas of the Western Cherokees,WORK_OF_ART,0,40
mdp.39015017459150,177,8,1,1,CARDINAL,49,50
mdp.39015017459150,177,8,2,1,CARDINAL,56,57
mdp.39015017459150,177,9,0,Bridwell Library Publications,ORG,0,29
mdp.39015017459150,177,9,1,2,CARDINAL,34,35
mdp.39015017459150,177,10,0,Southern Methodist University,ORG,0,29
mdp.39015017459150,177,11,0,Dallas,GPE,0,6
mdp.39015017459150,177,11,1,Texas,GPE,8,13
mdp.39015017459150,177,12,0,1962,DATE,0,4
mdp.39015017459150,177,13,0,An Etymological Note on the Tribal Name of the Cherokees,WORK_OF_ART,0,56
mdp.39015017459150,177,13,1,Cherokee,NORP,105,113
mdp.39015017459150,177,14,0,Journal of the Graduate Research Center,ORG,0,39
mdp.39015017459150,177,14,1,30,CARDINAL,46,48
mdp.39015017459150,177,14,2,1,CARDINAL,54,55
mdp.39015017459150,177,14,3,37,CARDINAL,61,63
mdp.39015017459150,177,15,0,Southern Methodist University Press,ORG,0,35
mdp.39015017459150,177,16,0,Dallas,GPE,0,6
mdp.39015017459150,177,16,1,Texas,GPE,8,13
mdp.39015017459150,177,17,0,KILPATRICK,PERSON,0,10
mdp.39015017459150,177,17,1,JACK FREDERICK,PERSON,12,26
mdp.39015017459150,177,17,2,KILPATRICK,PERSON,32,42
mdp.39015017459150,177,17,3,1964,DATE,56,60
mdp.39015017459150,177,19,0,Journal of the Graduate Research Center,ORG,0,39
mdp.39015017459150,177,19,1,33,CARDINAL,46,48
mdp.39015017459150,177,19,2,1,CARDINAL,54,55
mdp.39015017459150,177,19,3,17,CARDINAL,61,63
mdp.39015017459150,177,20,0,Southern Methodist University Press,ORG,0,35
mdp.39015017459150,177,21,0,Dallas,GPE,0,6
mdp.39015017459150,177,21,1,Texas,GPE,8,13
mdp.39015017459150,177,22,0,1964,DATE,0,4
mdp.39015017459150,177,23,0,Friends of Thunder: Folktales of the Oklahoma Cherokees,WORK_OF_ART,0,55
mdp.39015017459150,177,24,0,Southern Methodist University Press,ORG,0,35
mdp.39015017459150,177,25,0,Dallas,GPE,0,6
mdp.39015017459150,177,25,1,Texas,GPE,8,13
mdp.39015017459150,177,26,0,163,CARDINAL,0,3
mdp.39015017459150,178,0,0,164,CARDINAL,0,3
mdp.39015017459150,178,0,1,MOONEY,PERSON,17,23
mdp.39015017459150,178,0,2,JAMES,PERSON,25,30
mdp.39015017459150,178,0,3,1891,DATE,31,35
mdp.39015017459150,178,1,0,Sacred Formulas of the Cherokees,WORK_OF_ART,0,32
mdp.39015017459150,178,2,0,"Seventh Annual Report, Bureau of American Ethnology",WORK_OF_ART,0,51
mdp.39015017459150,178,2,1,307,CARDINAL,57,60
mdp.39015017459150,178,3,0,Washington,GPE,0,10
mdp.39015017459150,178,3,1,D.C.,GPE,12,16
mdp.39015017459150,178,3,2,1900,DATE,17,21
mdp.39015017459150,178,4,0,The Cherokee River Cult,WORK_OF_ART,0,23
mdp.39015017459150,178,5,0,Journal of American Folklore,ORG,0,28
mdp.39015017459150,178,5,1,13,CARDINAL,35,37
mdp.39015017459150,178,5,2,1,CARDINAL,43,44
mdp.39015017459150,178,6,0,1900,DATE,0,4
mdp.39015017459150,178,7,0,Myths of the Cherokee,WORK_OF_ART,0,21
mdp.39015017459150,178,8,0,Nineteenth Annual Report,WORK_OF_ART,0,24
mdp.39015017459150,178,8,1,1,CARDINAL,30,31
mdp.39015017459150,178,8,2,Bureau of American Ethnology,ORG,33,61
mdp.39015017459150,178,8,3,3,CARDINAL,67,68
mdp.39015017459150,178,8,4,576,CARDINAL,69,72
mdp.39015017459150,178,9,0,Washington,GPE,0,10
mdp.39015017459150,178,9,1,D.C.,GPE,12,16
mdp.39015017459150,178,9,2,MOONEY,PERSON,17,23
mdp.39015017459150,178,9,3,JAMES,PERSON,25,30
mdp.39015017459150,178,9,4,OLBRECHTS,PERSON,36,45
mdp.39015017459150,178,9,5,1932,DATE,56,60
mdp.39015017459150,178,10,0,The Swimmer Manuscript,WORK_OF_ART,0,22
mdp.39015017459150,178,11,0,Bureau of American Ethnology,ORG,0,28
mdp.39015017459150,178,11,1,99,CARDINAL,39,41
mdp.39015017459150,178,12,0,Washington,GPE,0,10
mdp.39015017459150,178,12,1,D.C.,GPE,12,16
mdp.39015017459150,178,12,2,SWANTON,PERSON,17,24
mdp.39015017459150,178,12,3,JOHN R. 1929,PERSON,26,38
mdp.39015017459150,178,12,4,Myths and Tales,WORK_OF_ART,40,55
mdp.39015017459150,178,13,0,Bureau of American Ethnology,ORG,0,28
mdp.39015017459150,178,13,1,88,CARDINAL,39,41
mdp.39015017459150,178,14,0,Washington,GPE,0,10
mdp.39015017459150,178,14,1,D.C.,GPE,12,16
mdp.39015017459150,178,14,2,WITTHOFT,PERSON,17,25
mdp.39015017459150,178,14,3,JOHN,PERSON,27,31
mdp.39015017459150,178,14,4,1946,DATE,32,36
mdp.39015017459150,178,15,0,Bird Lore of the Eastern Cherokees,PERSON,0,34
mdp.39015017459150,178,16,0,Journal of the Washington Academy of Sciences,ORG,0,45
mdp.39015017459150,178,16,1,36,CARDINAL,52,54
mdp.39015017459150,178,16,2,11,CARDINAL,60,62
mdp.39015017459150,178,16,3,372,CARDINAL,68,71
mdp.39015017459150,178,17,0,WITTHOFT,PERSON,0,8
mdp.39015017459150,178,17,1,JOHN,PERSON,10,14
mdp.39015017459150,178,17,2,HADLOCK,PERSON,20,27
mdp.39015017459150,178,17,3,WENDELL S. 1946.,PERSON,29,45
mdp.39015017459150,178,18,0,Cherokee-Iroquois,NORP,0,17
mdp.39015017459150,178,19,0,Journal of American Folklore,ORG,0,28
mdp.39015017459150,178,19,1,59,CARDINAL,35,37
mdp.39015017459150,178,19,2,413,CARDINAL,43,46
mdp.39015017459150,179,0,0,1,CARDINAL,0,1
mdp.39015017459150,180,0,0,1,CARDINAL,0,1
mdp.39015017459150,180,0,1,1,CARDINAL,2,3
