vol_id,page,sentence_id,ent_id,entity,entity_type,start_char,end_char
mdp.39015038901396,5,0,0,Native American,NORP,30,45
mdp.39015038901396,5,0,1,John huiden,PERSON,53,64
mdp.39015038901396,5,0,2,JOHN E. SMELCER,PERSON,72,87
mdp.39015038901396,5,0,3,D. L. BIRCHFIELD,PERSON,105,121
mdp.39015038901396,5,0,4,DUANE NIATUM,PERSON,138,150
mdp.39015038901396,5,0,5,Anchorage,GPE,181,190
mdp.39015038901396,5,0,6,San Francisco,GPE,191,204
mdp.39015038901396,6,0,0,171,CARDINAL,46,49
mdp.39015038901396,6,0,1,DURABLE BREATH: CONTEMPORARY NATIVE AMERICAN POETRY,WORK_OF_ART,50,101
mdp.39015038901396,6,1,0,1994,DATE,12,16
mdp.39015038901396,6,1,1,John E. Smelcer,PERSON,20,35
mdp.39015038901396,6,1,2,D. L. Birchfield,PERSON,40,56
mdp.39015038901396,6,2,0,1994,DATE,25,29
mdp.39015038901396,6,2,1,Duane Niatum,PERSON,33,45
mdp.39015038901396,6,4,0,the United States of America,GPE,16,44
mdp.39015038901396,6,4,1,Salmon Run Press,ORG,48,64
mdp.39015038901396,6,4,2,American Indian Press,ORG,85,106
mdp.39015038901396,6,6,0,Salmon Run Publishing Company,ORG,26,55
mdp.39015038901396,6,6,1,231081,CARDINAL,67,73
mdp.39015038901396,6,6,2,Anchorage,GPE,74,83
mdp.39015038901396,6,6,3,Alaska,GPE,85,91
mdp.39015038901396,6,6,4,99523-1081,CARDINAL,92,102
mdp.39015038901396,6,7,0,1994,DATE,31,35
mdp.39015038901396,6,7,1,Laurence Vienneau,PERSON,39,56
mdp.39015038901396,6,7,2,Library of Congress,ORG,57,76
mdp.39015038901396,6,7,3,1,CARDINAL,197,198
mdp.39015038901396,6,8,0,Native American,NORP,0,15
mdp.39015038901396,6,9,0,2,CARDINAL,0,1
mdp.39015038901396,6,9,1,American Indian,NORP,10,25
mdp.39015038901396,6,10,0,3,CARDINAL,0,1
mdp.39015038901396,6,10,1,Indians of North America-,WORK_OF_ART,3,28
mdp.39015038901396,6,11,0,Smelcer,PERSON,3,10
mdp.39015038901396,6,11,1,John E. 1963,PERSON,12,24
mdp.39015038901396,6,11,2,Birchfield,PERSON,29,39
mdp.39015038901396,6,11,3,D. L. 1948,PERSON,41,51
mdp.39015038901396,6,12,0,Niatum,PERSON,0,6
mdp.39015038901396,6,12,1,Duane,PERSON,8,13
mdp.39015038901396,6,12,2,94-49002,CARDINAL,29,37
mdp.39015038901396,6,12,3,10 9 8 7 6 5 4 3 2,CARDINAL,96,114
mdp.39015038901396,7,0,0,AL G620456,PERSON,9,19
mdp.39015038901396,7,0,1,Duane Niatum,PERSON,44,56
mdp.39015038901396,7,0,2,Sherman,PERSON,61,68
mdp.39015038901396,7,0,3,Alexie Annette Arkeketa,PERSON,69,92
mdp.39015038901396,7,0,4,Jeannette Armstrong,PERSON,93,112
mdp.39015038901396,7,0,5,Carroll Arnett,PERSON,113,127
mdp.39015038901396,7,0,6,Marilou Awiakta,PERSON,128,143
mdp.39015038901396,7,0,7,Jim Barnes,PERSON,144,154
mdp.39015038901396,7,0,8,Duane BigEagle,PERSON,155,169
mdp.39015038901396,7,0,9,Fred Bigjim,PERSON,170,181
mdp.39015038901396,7,0,10,D. L. Birchfield,PERSON,182,198
mdp.39015038901396,7,0,11,Kimberly Blaeser,PERSON,199,215
mdp.39015038901396,7,0,12,Phoebe Bosché,PERSON,216,229
mdp.39015038901396,7,0,13,Joseph Bruchac,PERSON,230,244
mdp.39015038901396,7,0,14,Barney Bush,PERSON,245,256
mdp.39015038901396,7,0,15,E. K. Caldwell,PERSON,257,271
mdp.39015038901396,7,0,16,Gladys Cardiff,PERSON,272,286
mdp.39015038901396,7,0,17,Robert J. Conley,PERSON,287,303
mdp.39015038901396,7,0,18,Charlotte DeClue,PERSON,304,320
mdp.39015038901396,7,0,19,Anita Endrezze,PERSON,321,335
mdp.39015038901396,7,0,20,Diane Glancy,PERSON,336,348
mdp.39015038901396,7,0,21,Rayna Green,PERSON,349,360
mdp.39015038901396,7,0,22,Annie Hansen,PERSON,361,373
mdp.39015038901396,7,0,23,Joy Harjo,PERSON,374,383
mdp.39015038901396,7,0,24,Linda Hogan,PERSON,384,395
mdp.39015038901396,7,0,25,Maurice Kenny,PERSON,396,409
mdp.39015038901396,7,0,26,Mary Lockwood,PERSON,410,423
mdp.39015038901396,7,0,27,Tiffany Midge,PERSON,424,437
mdp.39015038901396,7,0,28,Deborah Miranda Miller,PERSON,438,460
mdp.39015038901396,8,0,0,102,CARDINAL,0,3
mdp.39015038901396,8,0,1,108,CARDINAL,8,11
mdp.39015038901396,8,0,2,Duane Niatum,PERSON,20,32
mdp.39015038901396,8,0,3,Nila Northsun,PERSON,33,46
mdp.39015038901396,8,0,4,Simon Ortiz,PERSON,47,58
mdp.39015038901396,8,0,5,James Petit,PERSON,59,70
mdp.39015038901396,8,0,6,Carter Revard,PERSON,71,84
mdp.39015038901396,8,0,7,Wendy Rose,PERSON,85,95
mdp.39015038901396,8,0,8,Ralph Salisbury,PERSON,96,111
mdp.39015038901396,8,0,9,Cheryl Savageau,PERSON,112,127
mdp.39015038901396,8,0,10,Glen Simpson,PERSON,128,140
mdp.39015038901396,8,0,11,Michael W. Simpson,PERSON,141,159
mdp.39015038901396,8,0,12,John E. Smelcer,PERSON,160,175
mdp.39015038901396,8,0,13,Gail Tremblay,PERSON,176,189
mdp.39015038901396,8,0,14,Judith Mountain-Leaf Volborth,PERSON,190,219
mdp.39015038901396,8,0,15,Ron Welburn,PERSON,220,231
mdp.39015038901396,8,0,16,James Welch,PERSON,232,243
mdp.39015038901396,8,0,17,Elizabeth Woody,PERSON,244,259
mdp.39015038901396,8,0,18,119,CARDINAL,260,263
mdp.39015038901396,8,0,19,140,CARDINAL,280,283
mdp.39015038901396,8,0,20,145,CARDINAL,284,287
mdp.39015038901396,8,0,21,149,CARDINAL,288,291
mdp.39015038901396,8,0,22,153,CARDINAL,292,295
mdp.39015038901396,8,2,0,163 171,CARDINAL,17,24
mdp.39015038901396,9,0,0,Peter Kalifornsky,PERSON,4,21
mdp.39015038901396,9,0,1,1911-1993,DATE,23,32
mdp.39015038901396,9,0,2,William Oandasan,PERSON,38,54
mdp.39015038901396,9,0,3,1947-1993,DATE,56,65
mdp.39015038901396,11,0,0,Pulling Back from the Margins,WORK_OF_ART,0,29
mdp.39015038901396,11,0,1,Transforming the Ruins,WORK_OF_ART,31,53
mdp.39015038901396,11,1,0,Durable Breath,WORK_OF_ART,38,52
mdp.39015038901396,11,4,0,American,NORP,157,165
mdp.39015038901396,11,5,0,Indian,NORP,9,15
mdp.39015038901396,11,6,0,American,NORP,35,43
mdp.39015038901396,11,6,1,Indian,NORP,44,50
mdp.39015038901396,11,6,2,Raven,PERSON,204,209
mdp.39015038901396,11,6,3,Coyote,PERSON,214,220
mdp.39015038901396,11,7,0,two,CARDINAL,21,24
mdp.39015038901396,11,9,0,American Indians,NORP,123,139
mdp.39015038901396,11,10,0,North America,LOC,90,103
mdp.39015038901396,12,2,0,Jarold Ramsey,PERSON,12,25
mdp.39015038901396,12,2,1,non-Indians,NORP,49,60
mdp.39015038901396,12,2,2,Indians,NORP,87,94
mdp.39015038901396,12,2,3,American,NORP,170,178
mdp.39015038901396,12,2,4,Indian,NORP,240,246
mdp.39015038901396,12,3,0,Indians,NORP,25,32
mdp.39015038901396,12,3,1,Indians,NORP,193,200
mdp.39015038901396,12,4,0,two,CARDINAL,121,124
mdp.39015038901396,12,5,0,two,CARDINAL,57,60
mdp.39015038901396,12,6,0,North America,LOC,121,134
mdp.39015038901396,12,7,0,today,DATE,55,60
mdp.39015038901396,12,10,0,Joy Harjo,PERSON,28,37
mdp.39015038901396,12,10,1,Anchorage,WORK_OF_ART,73,82
mdp.39015038901396,12,10,2,Harper's Anthology of 20th Century Native American Poetry,WORK_OF_ART,215,272
mdp.39015038901396,12,10,3,294,CARDINAL,277,280
mdp.39015038901396,12,12,0,N. Scott Momaday's,PERSON,11,29
mdp.39015038901396,12,12,1,House Made of Dawn,WORK_OF_ART,39,57
mdp.39015038901396,12,12,2,one,CARDINAL,132,135
mdp.39015038901396,13,1,0,this century,DATE,92,104
mdp.39015038901396,13,2,0,thousands of years,DATE,179,197
mdp.39015038901396,13,2,1,Alaska,GPE,203,209
mdp.39015038901396,13,2,2,South America,LOC,224,237
mdp.39015038901396,13,3,0,American,NORP,90,98
mdp.39015038901396,13,3,1,North American,NORP,222,236
mdp.39015038901396,13,5,0,Native American,NORP,34,49
mdp.39015038901396,13,6,0,North America,LOC,106,119
mdp.39015038901396,13,7,0,Arnold Krupat,PERSON,3,16
mdp.39015038901396,13,7,1,one,CARDINAL,25,28
mdp.39015038901396,13,9,0,American Indian,NORP,36,51
mdp.39015038901396,13,10,0,Native American,NORP,148,163
mdp.39015038901396,13,13,0,William Bevis,PERSON,0,13
mdp.39015038901396,13,13,1,Recovering the Word,WORK_OF_ART,172,191
mdp.39015038901396,13,13,2,585,CARDINAL,196,199
mdp.39015038901396,13,15,0,Indian,NORP,24,30
mdp.39015038901396,13,15,1,Indian,NORP,64,70
mdp.39015038901396,14,3,0,Indians,NORP,5,12
mdp.39015038901396,14,4,0,Indian,NORP,39,45
mdp.39015038901396,14,4,1,three,CARDINAL,68,73
mdp.39015038901396,14,8,0,North American,NORP,59,73
mdp.39015038901396,14,9,0,North Americans,NORP,212,227
mdp.39015038901396,14,12,0,Durable Breath,WORK_OF_ART,0,14
mdp.39015038901396,14,12,1,North American,NORP,53,67
mdp.39015038901396,14,12,2,the last thirty years,DATE,131,152
mdp.39015038901396,14,13,0,Americans,NORP,106,115
mdp.39015038901396,14,16,0,Fred Bigjim,PERSON,33,44
mdp.39015038901396,14,16,1,Elizabeth Cook-Lynn,PERSON,46,65
mdp.39015038901396,14,16,2,Anita Endrezze,PERSON,70,84
mdp.39015038901396,15,1,0,Linda Hogan,PERSON,50,61
mdp.39015038901396,15,1,1,Jim Barnes,PERSON,63,73
mdp.39015038901396,15,1,2,Joseph Bruchac,PERSON,75,89
mdp.39015038901396,15,1,3,Joy Harjo,PERSON,91,100
mdp.39015038901396,15,1,4,Wendy Rose,PERSON,102,112
mdp.39015038901396,15,1,5,Maurice Kenny,PERSON,114,127
mdp.39015038901396,15,1,6,Simon Ortiz,PERSON,129,140
mdp.39015038901396,15,1,7,James Welch,PERSON,146,157
mdp.39015038901396,15,3,0,American Indian,NORP,89,104
mdp.39015038901396,15,5,0,Elizabeth Woody,PERSON,0,15
mdp.39015038901396,15,5,1,The Invisible Dress,WORK_OF_ART,20,39
mdp.39015038901396,15,13,0,Sherman Alexie,PERSON,0,14
mdp.39015038901396,15,14,0,"""House Fires""",WORK_OF_ART,43,56
mdp.39015038901396,15,14,1,3 a.m. a,TIME,237,245
mdp.39015038901396,16,0,0,Crazy Horse,PERSON,25,36
mdp.39015038901396,16,0,1,the Milky Way,LOC,85,98
mdp.39015038901396,16,0,2,Paha Sapa,GPE,144,153
mdp.39015038901396,16,1,0,Deborah Miranda Miller,PERSON,0,22
mdp.39015038901396,16,1,1,For My Other Grandmother,WORK_OF_ART,104,128
mdp.39015038901396,16,3,0,Four,CARDINAL,0,4
mdp.39015038901396,16,3,1,Marquessa,PERSON,11,20
mdp.39015038901396,16,3,2,one,CARDINAL,22,25
mdp.39015038901396,16,4,0,Indian,NORP,90,96
mdp.39015038901396,16,5,0,John E. Smelcer,PERSON,0,15
mdp.39015038901396,16,5,1,Durable Breath,WORK_OF_ART,50,64
mdp.39015038901396,16,5,2,Dena’ina Indian,NORP,105,120
mdp.39015038901396,16,6,0,two,CARDINAL,44,47
mdp.39015038901396,16,6,1,Raven,PERSON,117,122
mdp.39015038901396,16,7,0,Mary Jane Lockwood's,PERSON,4,24
mdp.39015038901396,16,7,1,Last,WORK_OF_ART,31,35
mdp.39015038901396,17,0,0,one,CARDINAL,59,62
mdp.39015038901396,17,6,0,Third,ORDINAL,60,65
mdp.39015038901396,17,7,0,Momaday,PERSON,3,10
mdp.39015038901396,17,7,1,Carriers of the Dream Wheel,WORK_OF_ART,41,68
mdp.39015038901396,17,7,2,Native American,NORP,126,141
mdp.39015038901396,18,0,0,American,NORP,0,8
mdp.39015038901396,18,1,0,North American,NORP,250,264
mdp.39015038901396,18,4,0,Duane Niatum,PERSON,0,12
mdp.39015038901396,18,4,1,Seattle,GPE,13,20
mdp.39015038901396,18,4,2,Washington,GPE,22,32
mdp.39015038901396,18,4,3,1994,DATE,33,37
mdp.39015038901396,21,1,0,3 a.m.,TIME,110,116
mdp.39015038901396,21,3,0,hours,TIME,13,18
mdp.39015038901396,21,3,1,years,DATE,73,78
mdp.39015038901396,21,3,2,Colville,GPE,196,204
mdp.39015038901396,21,6,0,1,CARDINAL,0,1
mdp.39015038901396,22,0,0,Alexie War,PERSON,8,18
mdp.39015038901396,22,0,1,Crazy Horse,PERSON,32,43
mdp.39015038901396,22,0,2,Vietnam,GPE,60,67
mdp.39015038901396,22,0,3,the Breakaway Bar,FAC,82,99
mdp.39015038901396,22,0,4,two years earlier,DATE,147,164
mdp.39015038901396,22,1,0,a Crazy Horse,PERSON,0,13
mdp.39015038901396,22,2,0,Crazy Horse,PERSON,0,11
mdp.39015038901396,22,2,1,a dozen,CARDINAL,54,61
mdp.39015038901396,22,2,2,Crazy Horse,PERSON,297,308
mdp.39015038901396,22,2,3,2,CARDINAL,387,388
mdp.39015038901396,23,2,0,3,CARDINAL,0,1
mdp.39015038901396,24,0,0,Sherman,PERSON,0,7
mdp.39015038901396,24,0,1,Alexie,PERSON,8,14
mdp.39015038901396,24,0,2,2,CARDINAL,38,39
mdp.39015038901396,24,1,0,winters,DATE,66,73
mdp.39015038901396,24,3,0,Indian,NORP,0,6
mdp.39015038901396,24,5,0,4,CARDINAL,0,1
mdp.39015038901396,25,0,0,Annette Arkeketa,PERSON,0,16
mdp.39015038901396,25,0,1,5,CARDINAL,200,201
mdp.39015038901396,26,0,0,Annette Arkeketa,PERSON,0,16
mdp.39015038901396,26,0,1,Lisa Tiger,PERSON,45,55
mdp.39015038901396,27,0,0,Jeannette Armstrong,PERSON,0,19
mdp.39015038901396,27,0,1,Vancouver,GPE,25,34
mdp.39015038901396,27,0,2,tonight,TIME,62,69
mdp.39015038901396,27,0,3,Vancouver,GPE,70,79
mdp.39015038901396,27,0,4,Vancouver,GPE,529,538
mdp.39015038901396,27,0,5,7,CARDINAL,547,548
mdp.39015038901396,28,0,0,Jeannette Armstrong,PERSON,0,19
mdp.39015038901396,29,0,0,Jeannette Armstrong,PERSON,0,19
mdp.39015038901396,30,0,0,Carroll Arnett,PERSON,0,14
mdp.39015038901396,30,0,1,Three,CARDINAL,15,20
mdp.39015038901396,30,1,0,four,CARDINAL,4,8
mdp.39015038901396,30,1,1,only three,CARDINAL,10,20
mdp.39015038901396,30,1,2,Trinity,ORG,29,36
mdp.39015038901396,30,1,3,Coweta,GPE,110,116
mdp.39015038901396,30,1,4,Miller,ORG,130,136
mdp.39015038901396,30,5,0,10,CARDINAL,0,2
mdp.39015038901396,31,0,0,Carroll Arnett,PERSON,0,14
mdp.39015038901396,31,0,1,One,CARDINAL,15,18
mdp.39015038901396,31,2,0,One,CARDINAL,0,3
mdp.39015038901396,31,7,0,April,DATE,13,18
mdp.39015038901396,31,10,0,11,CARDINAL,0,2
mdp.39015038901396,32,0,0,Marilou Awiakta,PERSON,0,15
mdp.39015038901396,32,1,0,one night,TIME,26,35
mdp.39015038901396,32,1,1,Cherokee,PRODUCT,66,74
mdp.39015038901396,32,1,2,millions,CARDINAL,226,234
mdp.39015038901396,32,1,3,one,CARDINAL,297,300
mdp.39015038901396,32,4,0,12,CARDINAL,0,2
mdp.39015038901396,33,0,0,Marilou Awiakta,PERSON,0,15
mdp.39015038901396,33,0,1,Indian,NORP,19,25
mdp.39015038901396,33,1,0,Indian,NORP,3,9
mdp.39015038901396,33,3,0,Cherokee,NORP,23,31
mdp.39015038901396,33,9,0,Cherokee,NORP,3,11
mdp.39015038901396,34,0,0,Marilou Awiakta,PERSON,0,15
mdp.39015038901396,34,1,0,Earth,LOC,21,26
mdp.39015038901396,34,2,0,Earth,LOC,21,26
mdp.39015038901396,34,6,0,14,CARDINAL,0,2
mdp.39015038901396,35,0,0,Jim Barnes,PERSON,0,10
mdp.39015038901396,35,0,1,November,DATE,37,45
mdp.39015038901396,35,0,2,night,TIME,46,51
mdp.39015038901396,35,1,0,Boulevard St. Germain,FAC,45,66
mdp.39015038901396,35,3,0,Today,DATE,0,5
mdp.39015038901396,35,3,1,Yve,PERSON,41,44
mdp.39015038901396,35,4,0,St. Germain des Prés,FAC,66,86
mdp.39015038901396,35,9,0,years,DATE,48,53
mdp.39015038901396,36,0,0,Jim Barnes,PERSON,0,10
mdp.39015038901396,36,0,1,Dali,PERSON,136,140
mdp.39015038901396,36,4,0,16,CARDINAL,0,2
mdp.39015038901396,37,0,0,Jim Barnes Ballade,PERSON,0,18
mdp.39015038901396,37,1,0,Pére Lachaise,GPE,34,47
mdp.39015038901396,37,12,0,de Musset,PERSON,17,26
mdp.39015038901396,37,12,1,Balzac,PERSON,43,49
mdp.39015038901396,37,13,0,the day,DATE,38,45
mdp.39015038901396,37,14,0,17,CARDINAL,0,2
mdp.39015038901396,38,0,0,Duane BigEagle,PERSON,0,14
mdp.39015038901396,38,5,0,summer,DATE,24,30
mdp.39015038901396,38,7,0,Native Nations,ORG,7,21
mdp.39015038901396,38,7,1,Red Road,FAC,35,43
mdp.39015038901396,39,0,0,Duane BigEagle,PERSON,0,14
mdp.39015038901396,39,3,0,one,CARDINAL,4,7
mdp.39015038901396,39,8,0,19,CARDINAL,0,2
mdp.39015038901396,40,1,0,Sunday,DATE,91,97
mdp.39015038901396,40,1,1,morning,TIME,98,105
mdp.39015038901396,40,3,0,20,CARDINAL,0,2
mdp.39015038901396,41,0,0,Fred Bigjim Dahm Ya Puiyak,PERSON,0,26
mdp.39015038901396,41,2,0,Pii-Yak Pii-Yak,PERSON,0,15
mdp.39015038901396,41,5,0,Pii-Yak Pii-Yak,PERSON,0,15
mdp.39015038901396,41,14,0,Inupiat,NORP,54,61
mdp.39015038901396,41,15,0,Lort,PERSON,3,7
mdp.39015038901396,41,16,0,Lort,PERSON,3,7
mdp.39015038901396,41,19,0,21,CARDINAL,0,2
mdp.39015038901396,42,1,0,tern,PERSON,13,17
mdp.39015038901396,42,1,1,tundra,LOC,65,71
mdp.39015038901396,42,2,0,Dahm Ya Puiyak,PERSON,0,14
mdp.39015038901396,42,3,0,22,CARDINAL,54,56
mdp.39015038901396,43,0,0,Fred Bigjim,PERSON,0,11
mdp.39015038901396,43,0,1,AAHRii-GAA MONTNAAGOO,PERSON,12,33
mdp.39015038901396,43,1,0,Tundra,GPE,4,10
mdp.39015038901396,43,1,1,Sea,LOC,26,29
mdp.39015038901396,43,7,0,Tundra,GPE,0,6
mdp.39015038901396,43,10,0,AAHRii-GAA MONTNAAGOO,PERSON,0,21
mdp.39015038901396,43,11,0,Temple,FAC,21,27
mdp.39015038901396,43,11,1,Alter,PERSON,46,51
mdp.39015038901396,43,12,0,Tundra Wind,PERSON,13,24
mdp.39015038901396,44,0,0,Loons,LOC,69,74
mdp.39015038901396,44,1,0,Tundra,GPE,108,114
mdp.39015038901396,44,3,0,24,CARDINAL,0,2
mdp.39015038901396,45,0,0,D. L. Birchfield,PERSON,0,16
mdp.39015038901396,45,1,0,Indian,NORP,13,19
mdp.39015038901396,45,1,1,1919,DATE,41,45
mdp.39015038901396,45,1,2,Dad,PERSON,97,100
mdp.39015038901396,45,2,0,forty,QUANTITY,19,24
mdp.39015038901396,45,2,1,about ten years,DATE,42,57
mdp.39015038901396,45,2,2,"two, three weeks",DATE,263,279
mdp.39015038901396,46,0,0,Choctaw,NORP,135,142
mdp.39015038901396,47,0,0,D. L. Birchfield,PERSON,0,16
mdp.39015038901396,47,1,0,Muddy Boggy,GPE,29,40
mdp.39015038901396,47,1,1,Choctaw,NORP,45,52
mdp.39015038901396,47,1,2,Choctaw,NORP,113,120
mdp.39015038901396,47,2,0,United States Army,ORG,130,148
mdp.39015038901396,47,2,1,Nanih Waiya,PERSON,180,191
mdp.39015038901396,47,3,0,the Muddy Boggy,LOC,144,159
mdp.39015038901396,47,4,0,the Muddy Boggy,LOC,24,39
mdp.39015038901396,47,5,0,Swamp,LOC,167,172
mdp.39015038901396,48,2,0,the Oklahoma highway department,ORG,15,46
mdp.39015038901396,48,2,1,the Muddy Boggy,LOC,77,92
mdp.39015038901396,48,2,2,two,CARDINAL,136,139
mdp.39015038901396,48,8,0,Boggy,LOC,23,28
mdp.39015038901396,48,8,1,28,CARDINAL,127,129
mdp.39015038901396,49,0,0,D. L. Birchfield,PERSON,0,16
mdp.39015038901396,49,0,1,America,GPE,38,45
mdp.39015038901396,49,1,0,First,ORDINAL,0,5
mdp.39015038901396,49,1,1,29,CARDINAL,356,358
mdp.39015038901396,50,0,0,mustoord kim-a-dill,PERSON,548,567
mdp.39015038901396,51,0,0,white head,PERSON,34,44
mdp.39015038901396,51,0,1,mimmie,PERSON,55,61
mdp.39015038901396,51,0,2,kimmie,PERSON,138,144
mdp.39015038901396,51,0,3,31,CARDINAL,238,240
mdp.39015038901396,52,0,0,Kimberly Blaeser,PERSON,0,16
mdp.39015038901396,52,1,0,Pinehurst,GPE,12,21
mdp.39015038901396,52,1,1,six,CARDINAL,93,96
mdp.39015038901396,52,5,0,Marlene,PERSON,57,64
mdp.39015038901396,52,9,0,32,CARDINAL,0,2
mdp.39015038901396,53,0,0,Phoebe Bosché,PERSON,0,13
mdp.39015038901396,53,2,0,Manhattan,GPE,156,165
mdp.39015038901396,53,2,1,one,CARDINAL,211,214
mdp.39015038901396,53,4,0,Erroll Flynn,PERSON,93,105
mdp.39015038901396,53,4,1,the U.S. 2nd Cavalry,ORG,144,164
mdp.39015038901396,53,4,2,one,CARDINAL,220,223
mdp.39015038901396,53,4,3,Plains Indians,NORP,250,264
mdp.39015038901396,53,4,4,Geronimo,PERSON,270,278
mdp.39015038901396,54,0,0,one,CARDINAL,42,45
mdp.39015038901396,54,0,1,yesterday,DATE,87,96
mdp.39015038901396,54,0,2,Injun,PERSON,99,104
mdp.39015038901396,54,0,3,Pioneer Square,FAC,136,150
mdp.39015038901396,54,0,4,Seattle,PERSON,189,196
mdp.39015038901396,55,0,0,Phoebe Bosché,PERSON,0,13
mdp.39015038901396,55,0,1,Sarejevo,PERSON,29,37
mdp.39015038901396,55,0,2,Sarejevo,PERSON,38,46
mdp.39015038901396,55,0,3,Sair-uh-yay'-voh Sarejevo,PERSON,47,72
mdp.39015038901396,55,2,0,that hour o',TIME,49,61
mdp.39015038901396,55,2,1,15,DATE,153,155
mdp.39015038901396,55,3,0,Sarejevo,PERSON,0,8
mdp.39015038901396,56,0,0,Joseph Bruchac,PERSON,0,14
mdp.39015038901396,56,2,0,three days,DATE,42,52
mdp.39015038901396,56,8,0,That night,TIME,0,10
mdp.39015038901396,56,8,1,five winters,DATE,12,24
mdp.39015038901396,56,9,0,Takwanipihisan,NORP,0,14
mdp.39015038901396,56,10,0,Newfoundland,GPE,30,42
mdp.39015038901396,56,11,0,Takwanipihisan,NORP,107,121
mdp.39015038901396,56,11,1,Coat Worn by,WORK_OF_ART,125,137
mdp.39015038901396,56,12,0,36,CARDINAL,0,2
mdp.39015038901396,57,0,0,Joseph Bruchac,PERSON,0,14
mdp.39015038901396,57,0,1,Colorado,GPE,121,129
mdp.39015038901396,57,0,2,Manitou Hotel,ORG,179,192
mdp.39015038901396,57,0,3,half,CARDINAL,280,284
mdp.39015038901396,58,0,0,Joseph Bruchac,PERSON,0,14
mdp.39015038901396,58,1,0,Lenape Land,LOC,3,14
mdp.39015038901396,58,1,1,Great Turtle's,LOC,79,93
mdp.39015038901396,58,1,2,two,CARDINAL,131,134
mdp.39015038901396,58,1,3,first,ORDINAL,142,147
mdp.39015038901396,58,1,4,first,ORDINAL,155,160
mdp.39015038901396,58,2,0,half,CARDINAL,140,144
mdp.39015038901396,58,2,1,half,CARDINAL,153,157
mdp.39015038901396,58,3,0,Cree,NORP,0,4
mdp.39015038901396,58,4,0,Merwin,PERSON,69,75
mdp.39015038901396,58,6,0,38,CARDINAL,0,2
mdp.39015038901396,59,0,0,John,PERSON,0,4
mdp.39015038901396,59,3,0,one,CARDINAL,70,73
mdp.39015038901396,59,4,0,John,PERSON,78,82
mdp.39015038901396,59,5,0,Lenape,NORP,62,68
mdp.39015038901396,59,6,0,39,CARDINAL,0,2
mdp.39015038901396,60,0,0,Joseph Bruchac,PERSON,0,14
mdp.39015038901396,60,0,1,An Abenaki,PERSON,15,25
mdp.39015038901396,60,2,0,Nidobassis,PERSON,0,10
mdp.39015038901396,60,2,1,padawian,NORP,18,26
mdp.39015038901396,60,3,0,Ndobiga nothebazi potoya,PERSON,0,24
mdp.39015038901396,60,4,0,Kowanodana,PERSON,0,10
mdp.39015038901396,60,7,0,Kowanodana,PERSON,0,10
mdp.39015038901396,60,9,0,Nidobassis,PERSON,176,186
mdp.39015038901396,60,10,0,Nozomi tagastossi ydali Kowanodana,PERSON,0,34
mdp.39015038901396,60,12,0,Kowanodana,PERSON,21,31
mdp.39015038901396,61,0,0,Nidobassis ngini akwamalsi,PERSON,209,235
mdp.39015038901396,61,2,0,nawa kdelalokassi,PERSON,0,17
mdp.39015038901396,61,3,0,Kowanodana,GPE,0,10
mdp.39015038901396,61,5,0,Kowanodana,GPE,0,10
mdp.39015038901396,61,6,0,Wabenaki,NORP,141,149
mdp.39015038901396,61,7,0,Nidobassis n'opchi machinassi Nidoba sogwiga kadosmi Kowanodana,PERSON,0,63
mdp.39015038901396,61,8,0,Kowanodana 41,PERSON,35,48
mdp.39015038901396,62,0,0,Kowanodana,PERSON,196,206
mdp.39015038901396,63,0,0,Barney Bush,PERSON,0,11
mdp.39015038901396,63,0,1,the presun hours,TIME,69,85
mdp.39015038901396,63,0,2,american,NORP,408,416
mdp.39015038901396,63,0,3,thousands of years,DATE,504,522
mdp.39015038901396,63,2,0,mesas,LOC,98,103
mdp.39015038901396,64,0,0,this morning,TIME,7,19
mdp.39015038901396,65,0,0,Barney Bush,PERSON,0,11
mdp.39015038901396,65,0,1,Through These Eyes,WORK_OF_ART,12,30
mdp.39015038901396,65,1,0,half,CARDINAL,326,330
mdp.39015038901396,65,1,1,america,GPE,777,784
mdp.39015038901396,66,0,0,Ohio River,LOC,46,56
mdp.39015038901396,66,3,0,America,GPE,213,220
mdp.39015038901396,66,3,1,Peter,PERSON,443,448
mdp.39015038901396,66,4,0,46,CARDINAL,25,27
mdp.39015038901396,67,0,0,E. K. Caldwell,PERSON,0,14
mdp.39015038901396,67,0,1,47,CARDINAL,406,408
mdp.39015038901396,68,0,0,E. K. Caldwell,PERSON,0,14
mdp.39015038901396,68,2,0,48,CARDINAL,0,2
mdp.39015038901396,69,0,0,E. K. Caldwell,PERSON,0,14
mdp.39015038901396,69,1,0,whirlwind rider,PERSON,23,38
mdp.39015038901396,69,1,1,months,DATE,194,200
mdp.39015038901396,69,1,2,his drinkin' days,DATE,251,268
mdp.39015038901396,69,2,0,years,DATE,87,92
mdp.39015038901396,69,6,0,49,CARDINAL,0,2
mdp.39015038901396,70,0,0,Gladys Cardiff,PERSON,0,14
mdp.39015038901396,70,0,1,English,NORP,15,22
mdp.39015038901396,70,0,2,Muriel,PERSON,55,61
mdp.39015038901396,70,2,0,50,CARDINAL,0,2
mdp.39015038901396,71,0,0,Gladys Cardiff,PERSON,0,14
mdp.39015038901396,71,1,0,Sunday,DATE,530,536
mdp.39015038901396,71,1,1,2:45 p.m.,TIME,540,549
mdp.39015038901396,72,0,0,Gladys Cardiff,PERSON,0,14
mdp.39015038901396,72,0,1,the dim hours,TIME,184,197
mdp.39015038901396,72,2,0,the days,DATE,23,31
mdp.39015038901396,72,5,0,52,CARDINAL,0,2
mdp.39015038901396,73,0,0,Robert Conley,PERSON,0,13
mdp.39015038901396,73,0,1,morning,TIME,14,21
mdp.39015038901396,73,0,2,53,CARDINAL,132,134
mdp.39015038901396,74,0,0,Robert Conley Wili Woyi,PERSON,0,23
mdp.39015038901396,74,0,1,Shaman,NORP,25,31
mdp.39015038901396,74,0,2,Billy Pigeon,PERSON,46,58
mdp.39015038901396,74,0,3,U. S.,GPE,65,70
mdp.39015038901396,74,0,4,Billy Pigeon,PERSON,103,115
mdp.39015038901396,74,0,5,Wili Woyi,PERSON,117,126
mdp.39015038901396,74,3,0,54,CARDINAL,0,2
mdp.39015038901396,75,0,0,Robert Conley Ned Christie,PERSON,0,26
mdp.39015038901396,75,2,0,the Cherokee Nation,ORG,39,58
mdp.39015038901396,75,6,0,23,CARDINAL,0,2
mdp.39015038901396,75,6,1,1892,DATE,35,39
mdp.39015038901396,75,7,0,55,CARDINAL,0,2
mdp.39015038901396,76,0,0,Nede Wade,PERSON,53,62
mdp.39015038901396,77,0,0,Robert Conley,PERSON,0,13
mdp.39015038901396,77,0,1,The Rattlesnake Band,ORG,14,34
mdp.39015038901396,77,1,0,Lightning,PERSON,21,30
mdp.39015038901396,77,2,0,Thunder,PERSON,16,23
mdp.39015038901396,77,2,1,Thunder,PERSON,25,32
mdp.39015038901396,77,2,2,the Lightning Boy,PERSON,40,57
mdp.39015038901396,77,6,0,The Lightning Boy,PERSON,0,17
mdp.39015038901396,77,7,0,two,CARDINAL,12,15
mdp.39015038901396,77,7,1,one,CARDINAL,19,22
mdp.39015038901396,77,10,0,57,CARDINAL,0,2
mdp.39015038901396,78,5,0,One,CARDINAL,0,3
mdp.39015038901396,78,5,1,Cherokee,NORP,12,20
mdp.39015038901396,78,6,0,six,CARDINAL,12,15
mdp.39015038901396,78,10,0,58,CARDINAL,0,2
mdp.39015038901396,79,0,0,Charlotte DeClue Portrait,PERSON,0,25
mdp.39015038901396,79,1,0,Indians,NORP,118,125
mdp.39015038901396,79,2,0,Catholics,NORP,28,37
mdp.39015038901396,79,3,0,half,CARDINAL,54,58
mdp.39015038901396,79,4,0,years,DATE,14,19
mdp.39015038901396,79,6,0,Saint Barbara,PERSON,20,33
mdp.39015038901396,79,6,1,Indian,NORP,174,180
mdp.39015038901396,79,7,0,Indian,NORP,28,34
mdp.39015038901396,79,8,0,Joan of Arc,PERSON,5,16
mdp.39015038901396,79,10,0,59,CARDINAL,0,2
mdp.39015038901396,80,0,0,Saint Peter,PERSON,7,18
mdp.39015038901396,80,3,0,four,CARDINAL,44,48
mdp.39015038901396,80,5,0,60,CARDINAL,0,2
mdp.39015038901396,81,0,0,Charlotte DeClue Solstice,PERSON,0,25
mdp.39015038901396,81,0,1,Susan Branches,PERSON,30,44
mdp.39015038901396,81,0,2,half,CARDINAL,86,90
mdp.39015038901396,81,8,0,1st,ORDINAL,38,41
mdp.39015038901396,81,13,0,Rosebud,PERSON,29,36
mdp.39015038901396,81,13,1,61,CARDINAL,39,41
mdp.39015038901396,82,0,0,Wa-zha-zhe,GPE,42,52
mdp.39015038901396,82,1,0,the morning,TIME,3,14
mdp.39015038901396,82,6,0,1st,ORDINAL,0,3
mdp.39015038901396,82,8,0,62,DATE,2,4
mdp.39015038901396,83,0,0,Charlotte DeClue,PERSON,0,16
mdp.39015038901396,83,1,0,the Home for Angels,ORG,30,49
mdp.39015038901396,83,1,1,3 am,TIME,72,76
mdp.39015038901396,83,3,0,Veronica,PERSON,46,54
mdp.39015038901396,83,4,0,Veronica,PERSON,7,15
mdp.39015038901396,83,5,0,Veronica,PERSON,7,15
mdp.39015038901396,83,11,0,63,CARDINAL,0,2
mdp.39015038901396,84,2,0,the Home for Angels,ORG,29,48
mdp.39015038901396,84,3,0,64,CARDINAL,0,2
mdp.39015038901396,85,0,0,Anita Endrezze,PERSON,0,14
mdp.39015038901396,85,0,1,Ann Elizabeth Kambric,PERSON,42,63
mdp.39015038901396,85,5,0,months,DATE,4,10
mdp.39015038901396,85,10,0,65,CARDINAL,0,2
mdp.39015038901396,86,3,0,One,CARDINAL,0,3
mdp.39015038901396,86,3,1,only one,CARDINAL,21,29
mdp.39015038901396,87,0,0,Anita Endrezze,PERSON,0,14
mdp.39015038901396,87,0,1,Aaron,PERSON,38,43
mdp.39015038901396,87,3,0,Sunhawk,PERSON,15,22
mdp.39015038901396,87,5,0,six,DATE,14,17
mdp.39015038901396,87,8,0,first,ORDINAL,33,38
mdp.39015038901396,87,10,0,67,CARDINAL,0,2
mdp.39015038901396,88,0,0,half,CARDINAL,16,20
mdp.39015038901396,88,6,0,nights,TIME,101,107
mdp.39015038901396,88,6,1,days,DATE,134,138
mdp.39015038901396,88,6,2,first,ORDINAL,206,211
mdp.39015038901396,88,8,0,ten,CARDINAL,60,63
mdp.39015038901396,88,11,0,68,CARDINAL,0,2
mdp.39015038901396,89,0,0,Anita Endrezze,PERSON,0,14
mdp.39015038901396,89,0,1,The Wedding Feast,WORK_OF_ART,15,32
mdp.39015038901396,89,0,2,Hørby Faergevej,GPE,33,48
mdp.39015038901396,89,0,3,Denmark,GPE,50,57
mdp.39015038901396,89,1,0,ten,CARDINAL,115,118
mdp.39015038901396,89,1,1,Vikings,NORP,119,126
mdp.39015038901396,89,2,0,Danish,NORP,37,43
mdp.39015038901396,89,2,1,eleventh,ORDINAL,96,104
mdp.39015038901396,89,2,2,Viking,NORP,105,111
mdp.39015038901396,89,6,0,Beowulf,WORK_OF_ART,27,34
mdp.39015038901396,89,6,1,Danish,LANGUAGE,39,45
mdp.39015038901396,89,6,2,69,CARDINAL,104,106
mdp.39015038901396,90,1,0,four,CARDINAL,39,43
mdp.39015038901396,90,5,0,two,CARDINAL,81,84
mdp.39015038901396,90,8,0,Viking,NORP,64,70
mdp.39015038901396,90,8,1,Indian,NORP,94,100
mdp.39015038901396,90,9,0,Vikings,NORP,244,251
mdp.39015038901396,90,9,1,Indian,NORP,291,297
mdp.39015038901396,90,9,2,Vikings,NORP,467,474
mdp.39015038901396,90,9,3,one,CARDINAL,494,497
mdp.39015038901396,90,9,4,Sicily,GPE,517,523
mdp.39015038901396,91,0,0,Diane Glancy Ledger,PERSON,0,19
mdp.39015038901396,91,0,1,Indian,NORP,29,35
mdp.39015038901396,91,3,0,Indian,NORP,4,10
mdp.39015038901396,91,4,0,Indian,NORP,64,70
mdp.39015038901396,91,5,0,71,CARDINAL,0,2
mdp.39015038901396,92,0,0,Diane Glancy Coyote's,PERSON,0,21
mdp.39015038901396,92,1,0,four feet,QUANTITY,18,27
mdp.39015038901396,92,2,0,Coyote,PERSON,0,6
mdp.39015038901396,92,12,0,Pendelton,ORG,33,42
mdp.39015038901396,92,13,0,72,CARDINAL,0,2
mdp.39015038901396,93,0,0,Diane Glancy Coyote,PERSON,0,19
mdp.39015038901396,93,1,0,Native American,NORP,11,26
mdp.39015038901396,93,5,0,Indian,NORP,4,10
mdp.39015038901396,93,7,0,Coyote,PERSON,4,10
mdp.39015038901396,93,7,1,Columbus,PERSON,31,39
mdp.39015038901396,93,13,0,73,CARDINAL,0,2
mdp.39015038901396,94,0,0,Diane Glancy,PERSON,0,12
mdp.39015038901396,94,4,0,Buffalo,GPE,0,7
mdp.39015038901396,94,8,0,first,ORDINAL,34,39
mdp.39015038901396,94,9,0,74,CARDINAL,0,2
mdp.39015038901396,95,0,0,Rayna Green,PERSON,0,11
mdp.39015038901396,95,0,1,Ste. Marie,GPE,22,32
mdp.39015038901396,95,7,0,75,CARDINAL,0,2
mdp.39015038901396,96,0,0,Rayna Green,PERSON,0,11
mdp.39015038901396,96,0,1,thirty-five,DATE,53,64
mdp.39015038901396,96,0,2,Grandma,PERSON,198,205
mdp.39015038901396,96,1,0,last night,TIME,19,29
mdp.39015038901396,97,0,0,Rayna Green,PERSON,0,11
mdp.39015038901396,97,0,1,The Mirror In Her Eyes,WORK_OF_ART,12,34
mdp.39015038901396,97,9,0,77,CARDINAL,0,2
mdp.39015038901396,98,0,0,Rayna Green Pecos,PERSON,0,17
mdp.39015038901396,98,1,0,Jemez,PERSON,41,46
mdp.39015038901396,98,1,1,one hundred fifty years ago,DATE,47,74
mdp.39015038901396,98,2,0,Llano Comanchero,PERSON,0,16
mdp.39015038901396,98,3,0,Today,DATE,0,5
mdp.39015038901396,98,4,0,Mary,PERSON,19,23
mdp.39015038901396,98,6,0,this feast day,DATE,19,33
mdp.39015038901396,98,7,0,Franciscans,NORP,30,41
mdp.39015038901396,98,8,0,Toya,PERSON,13,17
mdp.39015038901396,99,0,0,Annie Hansen,PERSON,0,12
mdp.39015038901396,99,3,0,winter,DATE,26,32
mdp.39015038901396,99,4,0,79,CARDINAL,0,2
mdp.39015038901396,100,0,0,Annie Hansen,PERSON,0,12
mdp.39015038901396,100,0,1,December,DATE,13,21
mdp.39015038901396,100,1,0,Twelve,CARDINAL,0,6
mdp.39015038901396,100,1,1,twelve,CARDINAL,33,39
mdp.39015038901396,100,9,0,Twelve,CARDINAL,0,6
mdp.39015038901396,100,9,1,twelve,CARDINAL,44,50
mdp.39015038901396,100,13,0,80,CARDINAL,0,2
mdp.39015038901396,101,0,0,Joy Harjo,PERSON,0,9
mdp.39015038901396,101,0,1,Jim Pepper,PERSON,76,86
mdp.39015038901396,101,1,0,morning,TIME,118,125
mdp.39015038901396,101,3,0,one,CARDINAL,43,46
mdp.39015038901396,101,3,1,the Milky Way,LOC,118,131
mdp.39015038901396,101,9,0,an early morning,TIME,18,34
mdp.39015038901396,101,9,1,Brooklyn,GPE,38,46
mdp.39015038901396,101,14,0,81,CARDINAL,0,2
mdp.39015038901396,102,2,0,Brooklyn,GPE,78,86
mdp.39015038901396,102,5,0,82,CARDINAL,0,2
mdp.39015038901396,103,0,0,Joy Harjo,PERSON,0,9
mdp.39015038901396,103,0,1,Haleigh Sara Bush,PERSON,25,42
mdp.39015038901396,103,10,0,years ago,DATE,26,35
mdp.39015038901396,103,13,0,That night,TIME,0,10
mdp.39015038901396,103,13,1,a few centuries,DATE,121,136
mdp.39015038901396,103,14,0,the ice age,DATE,58,69
mdp.39015038901396,104,4,0,2,CARDINAL,2,3
mdp.39015038901396,104,4,1,1,CARDINAL,4,5
mdp.39015038901396,105,0,0,Joy Harjo,PERSON,0,9
mdp.39015038901396,105,0,1,Krista R. Chico,PERSON,22,37
mdp.39015038901396,105,1,0,Rincons,LOC,41,48
mdp.39015038901396,105,1,1,Catalinas,LOC,75,84
mdp.39015038901396,105,2,0,tomorrow,DATE,43,51
mdp.39015038901396,105,4,0,centuries,DATE,74,83
mdp.39015038901396,105,8,0,half,CARDINAL,48,52
mdp.39015038901396,105,10,0,two days,DATE,3,11
mdp.39015038901396,105,12,0,the last century,DATE,45,61
mdp.39015038901396,105,20,0,85,CARDINAL,0,2
mdp.39015038901396,106,0,0,Joy Harjo,PERSON,0,9
mdp.39015038901396,106,1,0,early evening,TIME,5,18
mdp.39015038901396,107,0,0,Linda Hogan,PERSON,0,11
mdp.39015038901396,107,4,0,today,DATE,18,23
mdp.39015038901396,107,6,0,87,CARDINAL,0,2
mdp.39015038901396,109,0,0,Linda Hogan,PERSON,0,11
mdp.39015038901396,109,9,0,89,CARDINAL,0,2
mdp.39015038901396,110,0,0,Linda Hogan Bamboo,PERSON,0,18
mdp.39015038901396,110,1,0,First,ORDINAL,0,5
mdp.39015038901396,110,2,0,night,TIME,3,8
mdp.39015038901396,110,3,0,the same day,DATE,87,99
mdp.39015038901396,110,15,0,90,CARDINAL,0,2
mdp.39015038901396,111,0,0,Maurice Kenny Saranac,PERSON,0,21
mdp.39015038901396,111,4,0,Abenaki,NORP,46,53
mdp.39015038901396,111,5,0,Niaweh.,PERSON,0,7
mdp.39015038901396,111,6,0,91,CARDINAL,0,2
mdp.39015038901396,112,0,0,Maurice Kenny,PERSON,0,13
mdp.39015038901396,112,0,1,Lorne Mallards,PERSON,48,62
mdp.39015038901396,112,1,0,noon,TIME,6,10
mdp.39015038901396,112,1,1,July,DATE,12,16
mdp.39015038901396,112,4,0,92,CARDINAL,0,2
mdp.39015038901396,113,0,0,Maurice Kenny,PERSON,0,13
mdp.39015038901396,113,1,0,winter,DATE,104,110
mdp.39015038901396,113,1,1,Christmas,DATE,112,121
mdp.39015038901396,113,4,0,Second,ORDINAL,0,6
mdp.39015038901396,113,4,1,second,ORDINAL,18,24
mdp.39015038901396,113,4,2,minute,DATE,26,32
mdp.39015038901396,113,8,0,93,CARDINAL,0,2
mdp.39015038901396,114,0,0,Maurice Kenny Chokeberry,PERSON,0,24
mdp.39015038901396,114,1,0,april-pink,DATE,96,106
mdp.39015038901396,114,2,0,August,DATE,13,19
mdp.39015038901396,114,2,1,midnight,TIME,23,31
mdp.39015038901396,114,2,2,afternoon,TIME,54,63
mdp.39015038901396,114,3,0,Kathleen,PERSON,12,20
mdp.39015038901396,114,3,1,summer,DATE,102,108
mdp.39015038901396,114,3,2,autumn,DATE,147,153
mdp.39015038901396,114,3,3,October,DATE,223,230
mdp.39015038901396,114,3,4,Adriondack hills,LOC,233,249
mdp.39015038901396,114,6,0,Kathleen,PERSON,2,10
mdp.39015038901396,114,6,1,summer,DATE,88,94
mdp.39015038901396,115,0,0,Mary Lockwood,PERSON,0,13
mdp.39015038901396,115,1,0,one,CARDINAL,65,68
mdp.39015038901396,115,1,1,one,CARDINAL,158,161
mdp.39015038901396,115,6,0,95,CARDINAL,0,2
mdp.39015038901396,116,0,0,Mary Lockwood Nashalook,PERSON,0,23
mdp.39015038901396,116,0,1,four,CARDINAL,42,46
mdp.39015038901396,116,0,2,Yupik,NORP,96,101
mdp.39015038901396,116,2,0,Koyukons,NORP,34,42
mdp.39015038901396,116,2,1,first,ORDINAL,70,75
mdp.39015038901396,116,2,2,umiak,NORP,111,116
mdp.39015038901396,116,2,3,Bennijack,PERSON,148,157
mdp.39015038901396,116,2,4,first,ORDINAL,177,182
mdp.39015038901396,116,3,0,one,CARDINAL,20,23
mdp.39015038901396,116,4,0,96,CARDINAL,0,2
mdp.39015038901396,117,0,0,Mary Lockwood,PERSON,0,13
mdp.39015038901396,117,2,0,four,CARDINAL,29,33
mdp.39015038901396,117,3,0,Sila,PERSON,10,14
mdp.39015038901396,117,3,1,Raven,PERSON,137,142
mdp.39015038901396,117,4,0,97,CARDINAL,98,100
mdp.39015038901396,118,0,0,Tiffany Midge,PERSON,0,13
mdp.39015038901396,118,0,1,Mount Rushmore,LOC,14,28
mdp.39015038901396,118,0,2,the Arm of Crazy Horse,LOC,31,53
mdp.39015038901396,118,1,0,4,CARDINAL,0,1
mdp.39015038901396,118,4,0,Amway,ORG,95,100
mdp.39015038901396,119,0,0,Tiffany Midge,PERSON,0,13
mdp.39015038901396,119,0,1,North American,NORP,235,249
mdp.39015038901396,119,1,0,99,CARDINAL,0,2
mdp.39015038901396,120,0,0,Deborah Miranda Miller,PERSON,0,22
mdp.39015038901396,120,1,0,half,CARDINAL,112,116
mdp.39015038901396,120,2,0,four,CARDINAL,21,25
mdp.39015038901396,120,2,1,Marquesa,PERSON,32,40
mdp.39015038901396,120,2,2,first,ORDINAL,46,51
mdp.39015038901396,120,3,0,second,ORDINAL,4,10
mdp.39015038901396,120,3,1,his eleventh year,DATE,108,125
mdp.39015038901396,120,4,0,third,ORDINAL,4,9
mdp.39015038901396,120,4,1,November,DATE,65,73
mdp.39015038901396,120,4,2,Indian,NORP,112,118
mdp.39015038901396,120,4,3,the Sonoma Hills,LOC,131,147
mdp.39015038901396,120,5,0,fourth,ORDINAL,10,16
mdp.39015038901396,120,5,1,Miranda,PERSON,71,78
mdp.39015038901396,120,5,2,Valencia,GPE,140,148
mdp.39015038901396,120,6,0,1 100,CARDINAL,0,5
mdp.39015038901396,121,0,0,Four,CARDINAL,0,4
mdp.39015038901396,121,0,1,Marquesa,PERSON,11,19
mdp.39015038901396,121,0,2,one,CARDINAL,21,24
mdp.39015038901396,121,1,0,Indian,NORP,101,107
mdp.39015038901396,122,0,0,Duane Niatum,PERSON,0,12
mdp.39015038901396,122,2,0,This spring,DATE,0,11
mdp.39015038901396,122,5,0,Eros,PERSON,157,161
mdp.39015038901396,122,7,0,102,CARDINAL,0,3
mdp.39015038901396,123,0,0,Duane Niatum,PERSON,0,12
mdp.39015038901396,123,1,0,Yanomami,GPE,16,24
mdp.39015038901396,123,1,1,Haximu Village,GPE,28,42
mdp.39015038901396,123,1,2,Goldminers,NORP,46,56
mdp.39015038901396,123,1,3,Brazil,GPE,75,81
mdp.39015038901396,123,1,4,Mount Memp-ch-ton,PERSON,82,99
mdp.39015038901396,123,2,0,Dawnshaker,PRODUCT,7,17
mdp.39015038901396,123,8,0,103,CARDINAL,0,3
mdp.39015038901396,124,0,0,Duane Niatum,PERSON,0,12
mdp.39015038901396,124,0,1,the Labyrinth of Elements,WORK_OF_ART,16,41
mdp.39015038901396,124,1,0,morning,TIME,62,69
mdp.39015038901396,124,5,0,104,CARDINAL,0,3
mdp.39015038901396,125,0,0,Duane Niatum,PERSON,0,12
mdp.39015038901396,125,0,1,Ocean Shores,LOC,28,40
mdp.39015038901396,125,1,0,tundra,LOC,42,48
mdp.39015038901396,125,4,0,two hundred feet,QUANTITY,23,39
mdp.39015038901396,125,5,0,half an hour,TIME,5,17
mdp.39015038901396,125,5,1,North Pole,LOC,87,97
mdp.39015038901396,125,6,0,the hour,TIME,17,25
mdp.39015038901396,125,7,0,105,CARDINAL,122,125
mdp.39015038901396,126,0,0,Nila,PERSON,0,4
mdp.39015038901396,126,0,1,canada,GPE,14,20
mdp.39015038901396,126,0,2,the hood canal,LOC,126,140
mdp.39015038901396,126,0,3,victoria,GPE,141,149
mdp.39015038901396,126,0,4,the provincial museum,FAC,195,216
mdp.39015038901396,126,0,5,haida,PERSON,236,241
mdp.39015038901396,127,0,0,Nila Northsun,PERSON,0,13
mdp.39015038901396,127,0,1,Bill,PERSON,23,27
mdp.39015038901396,128,0,0,Simon Ortiz,PERSON,0,11
mdp.39015038901396,128,1,0,more than sixteen years old,DATE,22,49
mdp.39015038901396,128,1,1,fifteen,DATE,63,70
mdp.39015038901396,128,3,0,Bus #,FAC,14,19
mdp.39015038901396,128,4,0,two,CARDINAL,39,42
mdp.39015038901396,128,5,0,California,GPE,19,29
mdp.39015038901396,128,5,1,Arizona,GPE,75,82
mdp.39015038901396,128,6,0,Ronstadt Transit Center,FAC,25,48
mdp.39015038901396,128,7,0,8,CARDINAL,43,44
mdp.39015038901396,128,7,1,two,CARDINAL,50,53
mdp.39015038901396,128,7,2,one,CARDINAL,65,68
mdp.39015038901396,128,11,0,Indian,NORP,19,25
mdp.39015038901396,128,13,0,Indian,NORP,10,16
mdp.39015038901396,128,15,0,Indians,NORP,7,14
mdp.39015038901396,128,18,0,California,GPE,43,53
mdp.39015038901396,128,19,0,Tucson,GPE,11,17
mdp.39015038901396,128,21,0,America,GPE,38,45
mdp.39015038901396,128,22,0,Indians,NORP,32,39
mdp.39015038901396,128,23,0,108,CARDINAL,0,3
mdp.39015038901396,129,0,0,Simon Ortiz,PERSON,0,11
mdp.39015038901396,129,6,0,109,CARDINAL,0,3
mdp.39015038901396,130,3,0,110,CARDINAL,0,3
mdp.39015038901396,131,0,0,Simon Ortiz,PERSON,0,11
mdp.39015038901396,131,26,0,111,CARDINAL,0,3
mdp.39015038901396,132,12,0,fourth,ORDINAL,38,44
mdp.39015038901396,132,19,0,112,CARDINAL,0,3
mdp.39015038901396,133,0,0,James Petit Bay Center,PERSON,0,22
mdp.39015038901396,133,1,0,usdecades later,DATE,105,120
mdp.39015038901396,133,6,0,Two,CARDINAL,38,41
mdp.39015038901396,133,7,0,113,CARDINAL,0,3
mdp.39015038901396,134,0,0,James Petit Goose Point,PERSON,0,23
mdp.39015038901396,134,0,1,Chinookan,NORP,81,90
mdp.39015038901396,134,0,2,Shaker,NORP,250,256
mdp.39015038901396,134,1,0,dusk,TIME,23,27
mdp.39015038901396,135,0,0,James Petit Openers,PERSON,0,19
mdp.39015038901396,135,2,0,No more Than eight,CARDINAL,0,18
mdp.39015038901396,135,5,0,Us,GPE,79,81
mdp.39015038901396,135,5,1,115,CARDINAL,152,155
mdp.39015038901396,136,0,0,Carter Revard Columbus,PERSON,0,22
mdp.39015038901396,136,0,1,Robert Frost,PERSON,50,62
mdp.39015038901396,136,1,0,five hundred years,DATE,24,42
mdp.39015038901396,136,1,1,a thousand miles,QUANTITY,770,786
mdp.39015038901396,136,1,2,116,CARDINAL,878,881
mdp.39015038901396,137,1,0,day,DATE,143,146
mdp.39015038901396,137,2,0,midnight,TIME,127,135
mdp.39015038901396,137,2,1,tomorrow,DATE,154,162
mdp.39015038901396,137,2,2,Godzilla,PERSON,168,176
mdp.39015038901396,137,3,0,one,CARDINAL,322,325
mdp.39015038901396,138,0,0,Carter Revard,PERSON,0,13
mdp.39015038901396,139,0,0,"Wendy Rose Joe Newman,",PERSON,0,22
mdp.39015038901396,139,1,0,Joe,PERSON,2,5
mdp.39015038901396,139,3,0,Crusade,EVENT,30,37
mdp.39015038901396,139,4,0,Hervius,PERSON,37,44
mdp.39015038901396,139,4,1,the Holy Land,LOC,50,63
mdp.39015038901396,139,5,0,hundred,CARDINAL,32,39
mdp.39015038901396,139,5,1,Theobalds,PERSON,40,49
mdp.39015038901396,139,5,2,FitzWalter,PERSON,55,65
mdp.39015038901396,139,5,3,Big Toby,PERSON,69,77
mdp.39015038901396,139,5,4,Gralah,GPE,81,87
mdp.39015038901396,139,5,5,Barretts,PERSON,97,105
mdp.39015038901396,139,5,6,William,PERSON,107,114
mdp.39015038901396,139,5,7,Phineas,PERSON,119,126
mdp.39015038901396,139,5,8,Hugh,PERSON,128,132
mdp.39015038901396,139,5,9,Hugh,PERSON,140,144
mdp.39015038901396,139,5,10,Hugh,PERSON,152,156
mdp.39015038901396,139,6,0,Arthur,PERSON,11,17
mdp.39015038901396,140,0,0,Joe,PERSON,25,28
mdp.39015038901396,140,0,1,Arizona,GPE,86,93
mdp.39015038901396,140,0,2,Utah,GPE,110,114
mdp.39015038901396,140,0,3,the day,DATE,297,304
mdp.39015038901396,140,3,0,120,CARDINAL,0,3
mdp.39015038901396,141,0,0,Wendy Rose,PERSON,0,10
mdp.39015038901396,141,0,1,Webb,PERSON,28,32
mdp.39015038901396,141,0,2,England,GPE,38,45
mdp.39015038901396,141,0,3,Webb,PERSON,688,692
mdp.39015038901396,141,0,4,England,GPE,698,705
mdp.39015038901396,141,1,0,121,CARDINAL,0,3
mdp.39015038901396,142,0,0,Wendy Rose,PERSON,0,10
mdp.39015038901396,142,0,1,Henrietta,PERSON,11,20
mdp.39015038901396,142,0,2,Joseph,PERSON,32,38
mdp.39015038901396,142,1,0,Canada,GPE,3,9
mdp.39015038901396,142,1,1,Merced,GPE,162,168
mdp.39015038901396,142,3,0,San Francisco,GPE,124,137
mdp.39015038901396,142,3,1,Monterey,GPE,141,149
mdp.39015038901396,143,2,0,Merced,LOC,137,143
mdp.39015038901396,143,2,1,Canada,GPE,187,193
mdp.39015038901396,143,2,2,August,DATE,270,276
mdp.39015038901396,143,3,0,123,CARDINAL,0,3
mdp.39015038901396,144,0,0,Ralph Salisbury,PERSON,0,15
mdp.39015038901396,144,0,1,66th,ORDINAL,31,35
mdp.39015038901396,144,3,0,124,CARDINAL,0,3
mdp.39015038901396,145,0,0,Ralph Salisbury,PERSON,0,15
mdp.39015038901396,145,1,0,Ed Edmo,PERSON,4,11
mdp.39015038901396,145,1,1,Shoshone Bannock,GPE,13,29
mdp.39015038901396,145,1,2,Ed Edmo,PERSON,30,37
mdp.39015038901396,145,3,0,125,CARDINAL,0,3
mdp.39015038901396,146,0,0,Ralph Salisbury,PERSON,0,15
mdp.39015038901396,146,1,0,Jim Barnes,PERSON,4,14
mdp.39015038901396,146,1,1,Choctaw,GPE,16,23
mdp.39015038901396,146,1,2,Choctaw,GPE,142,149
mdp.39015038901396,146,2,0,European,NORP,305,313
mdp.39015038901396,146,2,1,Indian,NORP,711,717
mdp.39015038901396,147,0,0,Ralph Salisbury,PERSON,0,15
mdp.39015038901396,147,1,0,one,CARDINAL,62,65
mdp.39015038901396,147,2,0,Cherokee,NORP,3,11
mdp.39015038901396,147,2,1,one,CARDINAL,70,73
mdp.39015038901396,147,2,2,winter,DATE,110,116
mdp.39015038901396,148,0,0,Cheryl Savageau,PERSON,0,15
mdp.39015038901396,148,0,1,French,NORP,16,22
mdp.39015038901396,148,0,2,French,NORP,38,44
mdp.39015038901396,148,0,3,Two days,DATE,104,112
mdp.39015038901396,148,0,4,Irish-Catholic,NORP,120,134
mdp.39015038901396,148,1,0,Frenchie,PERSON,0,8
mdp.39015038901396,148,1,1,Frenchie,PERSON,15,23
mdp.39015038901396,148,1,2,Irish,NORP,39,44
mdp.39015038901396,148,1,3,Irish,NORP,102,107
mdp.39015038901396,148,2,0,Years later,DATE,0,11
mdp.39015038901396,148,2,1,French,NORP,67,73
mdp.39015038901396,149,3,0,Niagra Falls,LOC,43,55
mdp.39015038901396,149,3,1,Indians,NORP,67,74
mdp.39015038901396,149,3,2,Indian,NORP,234,240
mdp.39015038901396,150,0,0,Cheryl Savageau,PERSON,0,15
mdp.39015038901396,150,2,0,Quinsigamond,GPE,202,214
mdp.39015038901396,150,3,0,New England,LOC,69,80
mdp.39015038901396,150,6,0,130,CARDINAL,0,3
mdp.39015038901396,151,6,0,131,CARDINAL,0,3
mdp.39015038901396,152,0,0,Cheryl Savageau,PERSON,0,15
mdp.39015038901396,152,2,0,Abenaki,NORP,0,7
mdp.39015038901396,152,3,0,centuries,DATE,54,63
mdp.39015038901396,152,3,1,new england,LOC,123,134
mdp.39015038901396,152,3,2,Gluscabe,PERSON,142,150
mdp.39015038901396,152,4,0,Ndakinna,GPE,0,8
mdp.39015038901396,152,5,0,Ndakinna,GPE,0,8
mdp.39015038901396,152,6,0,English,LANGUAGE,43,50
mdp.39015038901396,152,7,0,Abenaki,NORP,104,111
mdp.39015038901396,153,1,0,the long days,DATE,8,21
mdp.39015038901396,153,2,0,Ndakinna,GPE,134,142
mdp.39015038901396,153,3,0,133,CARDINAL,0,3
mdp.39015038901396,154,0,0,Glen Simpson,PERSON,0,12
mdp.39015038901396,154,0,1,Jimmy,PERSON,13,18
mdp.39015038901396,154,4,0,Belgium,GPE,25,32
mdp.39015038901396,154,4,1,'63,DATE,36,39
mdp.39015038901396,154,4,2,Riviera,LOC,71,78
mdp.39015038901396,154,4,3,Italy,GPE,96,101
mdp.39015038901396,154,6,0,134,CARDINAL,0,3
mdp.39015038901396,155,0,0,Glen Simpson Loon,PERSON,0,17
mdp.39015038901396,155,0,1,Kayak,PERSON,30,35
mdp.39015038901396,155,1,0,Arctic,LOC,25,31
mdp.39015038901396,155,1,1,night,TIME,32,37
mdp.39015038901396,155,2,0,yesterday,DATE,52,61
mdp.39015038901396,155,5,0,135,CARDINAL,0,3
mdp.39015038901396,156,0,0,Glen Simpson,PERSON,0,12
mdp.39015038901396,156,1,0,Indian,NORP,48,54
mdp.39015038901396,156,2,0,1,CARDINAL,0,1
mdp.39015038901396,157,0,0,Michael W. Simpson,PERSON,0,18
mdp.39015038901396,157,0,1,Colville,GPE,22,30
mdp.39015038901396,157,1,0,Nespelam Veteran's Day,EVENT,0,22
mdp.39015038901396,157,1,1,sundown,TIME,63,70
mdp.39015038901396,157,2,0,evening,TIME,22,29
mdp.39015038901396,157,3,0,the days,DATE,95,103
mdp.39015038901396,157,5,0,winter,DATE,42,48
mdp.39015038901396,157,6,0,eons,DATE,70,74
mdp.39015038901396,158,0,0,Michael W. Simpson,PERSON,0,18
mdp.39015038901396,158,3,0,one,CARDINAL,126,129
mdp.39015038901396,158,5,0,one,CARDINAL,20,23
mdp.39015038901396,158,7,0,138,CARDINAL,0,3
mdp.39015038901396,159,0,0,Michael W. Simpson,PERSON,0,18
mdp.39015038901396,159,5,0,139,CARDINAL,10,13
mdp.39015038901396,160,0,0,John E. Smelcer,PERSON,0,15
mdp.39015038901396,160,0,1,Peter Kalifornsky,PERSON,35,52
mdp.39015038901396,160,1,0,Raven,PERSON,31,36
mdp.39015038901396,160,3,0,that night,TIME,17,27
mdp.39015038901396,160,3,1,Nikiski,GPE,47,54
mdp.39015038901396,160,3,2,meDena’ina Suk'dua,PERSON,91,109
mdp.39015038901396,160,5,0,Indian River,LOC,19,31
mdp.39015038901396,160,6,0,Tonight,TIME,0,7
mdp.39015038901396,160,6,1,Kenaitze Indians,NORP,9,25
mdp.39015038901396,160,6,2,Russian,NORP,38,45
mdp.39015038901396,160,7,0,Raven,PERSON,55,60
mdp.39015038901396,160,8,0,140,CARDINAL,0,3
mdp.39015038901396,161,0,0,John E. Smelcer,PERSON,0,15
mdp.39015038901396,161,0,1,Tom Sexton,PERSON,33,43
mdp.39015038901396,161,1,0,Denali,PERSON,77,83
mdp.39015038901396,161,3,0,this longest night,TIME,3,21
mdp.39015038901396,161,6,0,141,CARDINAL,0,3
mdp.39015038901396,162,0,0,John E. Smelcer Weir Fisher,PERSON,0,27
mdp.39015038901396,162,1,0,Raven,PERSON,69,74
mdp.39015038901396,162,5,0,142,CARDINAL,0,3
mdp.39015038901396,163,0,0,John E. Smelcer,PERSON,0,15
mdp.39015038901396,163,0,1,Tern Creek,LOC,16,26
mdp.39015038901396,163,1,0,Tern Creek,LOC,10,20
mdp.39015038901396,163,3,0,that morning,TIME,185,197
mdp.39015038901396,163,4,0,early morning,TIME,126,139
mdp.39015038901396,163,5,0,143,CARDINAL,0,3
mdp.39015038901396,164,0,0,John E. Smelcer,PERSON,0,15
mdp.39015038901396,164,0,1,James E. Smelcer,PERSON,37,53
mdp.39015038901396,164,3,0,summer,DATE,9,15
mdp.39015038901396,164,3,1,mornings,TIME,16,24
mdp.39015038901396,164,5,0,many years,DATE,4,14
mdp.39015038901396,164,7,0,144,CARDINAL,0,3
mdp.39015038901396,165,0,0,Gail Tremblay,PERSON,0,13
mdp.39015038901396,165,2,0,hundred,CARDINAL,221,228
mdp.39015038901396,165,9,0,145,CARDINAL,0,3
mdp.39015038901396,166,0,0,Gail Tremblay,PERSON,0,13
mdp.39015038901396,166,0,1,Chichen Itza,LOC,37,49
mdp.39015038901396,166,1,0,Tula,GPE,187,191
mdp.39015038901396,166,1,1,Venus,LOC,193,198
mdp.39015038901396,166,1,2,thousands,CARDINAL,230,239
mdp.39015038901396,166,1,3,Kulkulcan,LOC,253,262
mdp.39015038901396,166,3,0,thousands,CARDINAL,66,75
mdp.39015038901396,166,9,0,146,CARDINAL,0,3
mdp.39015038901396,167,0,0,Gail Tremblay,PERSON,0,13
mdp.39015038901396,167,0,1,Virginia Wolf's,PERSON,106,121
mdp.39015038901396,167,0,2,England,GPE,136,143
mdp.39015038901396,167,0,3,the spring,DATE,147,157
mdp.39015038901396,167,0,4,thousands,CARDINAL,165,174
mdp.39015038901396,167,3,0,five,CARDINAL,7,11
mdp.39015038901396,167,3,1,Chinese,NORP,155,162
mdp.39015038901396,167,4,0,Tatanka Iyotanka,PERSON,62,78
mdp.39015038901396,167,4,1,Sitting Bull,PERSON,95,107
mdp.39015038901396,167,4,2,seven,CARDINAL,129,134
mdp.39015038901396,167,4,3,fifty-five years,DATE,163,179
mdp.39015038901396,167,4,4,the day,DATE,202,209
mdp.39015038901396,167,6,0,Earth,LOC,55,60
mdp.39015038901396,168,0,0,Gail Tremblay,PERSON,0,13
mdp.39015038901396,168,10,0,this century,DATE,59,71
mdp.39015038901396,168,11,0,148,CARDINAL,0,3
mdp.39015038901396,169,0,0,Judith Mountain-Leaf Volborth,PERSON,0,29
mdp.39015038901396,169,1,0,Harney Peak,LOC,5,16
mdp.39015038901396,169,1,1,Harney Peak,LOC,22,33
mdp.39015038901396,169,1,2,evening,TIME,76,83
mdp.39015038901396,169,3,0,Earth,LOC,25,30
mdp.39015038901396,170,0,0,Judith Mountain-Leaf Volborth,PERSON,0,29
mdp.39015038901396,170,0,1,one day,DATE,77,84
mdp.39015038901396,170,2,0,Lone-Hare,ORG,0,9
mdp.39015038901396,170,2,1,Coyote,PERSON,63,69
mdp.39015038901396,170,2,2,Lone-Hare,ORG,109,118
mdp.39015038901396,171,0,0,Judith Mountain-Leaf Volborth,PERSON,0,29
mdp.39015038901396,171,4,0,one,CARDINAL,70,73
mdp.39015038901396,171,5,0,light years,DATE,12,23
mdp.39015038901396,172,0,0,Judith Mountain-Leaf,PERSON,0,20
mdp.39015038901396,172,1,0,152,CARDINAL,0,3
mdp.39015038901396,173,0,0,Ron Welburn,PERSON,0,11
mdp.39015038901396,173,0,1,Deerfield,PERSON,12,21
mdp.39015038901396,173,0,2,Elliott,PERSON,35,42
mdp.39015038901396,173,1,0,Norwattuck,GPE,181,191
mdp.39015038901396,173,1,1,Hadley,GPE,198,204
mdp.39015038901396,173,6,0,153,CARDINAL,0,3
mdp.39015038901396,174,0,0,three,CARDINAL,167,172
mdp.39015038901396,174,7,0,154,CARDINAL,0,3
mdp.39015038901396,175,0,0,Ron Welburn,PERSON,0,11
mdp.39015038901396,175,6,0,155,CARDINAL,0,3
mdp.39015038901396,176,0,0,Ron Welburn,PERSON,0,11
mdp.39015038901396,176,0,1,Elliott,PERSON,35,42
mdp.39015038901396,176,5,0,Thruway,FAC,32,39
mdp.39015038901396,176,7,0,Ramapough,LOC,42,51
mdp.39015038901396,176,8,0,Ken Mynter,PERSON,0,10
mdp.39015038901396,176,8,1,White Cloud,PERSON,15,26
mdp.39015038901396,176,8,2,evening,TIME,54,61
mdp.39015038901396,176,10,0,156,CARDINAL,0,3
mdp.39015038901396,177,0,0,James Welch,PERSON,0,11
mdp.39015038901396,177,2,0,a year ago,DATE,17,27
mdp.39015038901396,177,3,0,One,CARDINAL,0,3
mdp.39015038901396,177,5,0,the winter,DATE,33,43
mdp.39015038901396,177,6,0,the day,DATE,74,81
mdp.39015038901396,177,8,0,157,CARDINAL,0,3
mdp.39015038901396,178,0,0,James Welch,PERSON,0,11
mdp.39015038901396,178,0,1,Washington,GPE,25,35
mdp.39015038901396,179,0,0,Elizabeth Woody,PERSON,0,15
mdp.39015038901396,179,12,0,159,CARDINAL,0,3
mdp.39015038901396,180,0,0,Elizabeth Woody,PERSON,0,15
mdp.39015038901396,180,0,1,Salmon Woman,PERSON,31,43
mdp.39015038901396,180,1,0,Salmon Woman,PERSON,32,44
mdp.39015038901396,180,3,0,Spring,DATE,0,6
mdp.39015038901396,180,5,0,one,CARDINAL,19,22
mdp.39015038901396,180,13,0,160,CARDINAL,0,3
mdp.39015038901396,181,0,0,Elizabeth Woody,PERSON,0,15
mdp.39015038901396,181,2,0,two,CARDINAL,62,65
mdp.39015038901396,181,5,0,Dream,WORK_OF_ART,17,22
mdp.39015038901396,181,12,0,161,CARDINAL,0,3
mdp.39015038901396,183,0,0,Sherman Alexie,PERSON,20,34
mdp.39015038901396,183,0,1,Spokane,GPE,36,43
mdp.39015038901396,183,0,2,Coeur d'Alene,GPE,48,61
mdp.39015038901396,183,0,3,Washington,GPE,72,82
mdp.39015038901396,183,1,0,The Business of Fancydancing,WORK_OF_ART,28,56
mdp.39015038901396,183,1,1,Songs From The Film,WORK_OF_ART,58,77
mdp.39015038901396,183,1,2,I Would Steal Horses,WORK_OF_ART,83,103
mdp.39015038901396,183,2,0,Tonto and the Lone Ranger Fist Fight in Heaven,WORK_OF_ART,20,66
mdp.39015038901396,183,3,0,Annette Arkeketa's,PERSON,0,18
mdp.39015038901396,183,3,1,Otoe,GPE,20,24
mdp.39015038901396,183,3,2,Muskogee Creek,GPE,39,53
mdp.39015038901396,183,3,3,That's What She Said,WORK_OF_ART,120,140
mdp.39015038901396,183,3,4,Plains Native American Literature,WORK_OF_ART,142,175
mdp.39015038901396,183,3,5,Captured Images: Native American Women Poetry,WORK_OF_ART,181,226
mdp.39015038901396,183,4,0,Jeannette Armstrong,PERSON,0,19
mdp.39015038901396,183,4,1,Okanagan,GPE,21,29
mdp.39015038901396,183,4,2,British Columbia,GPE,40,56
mdp.39015038901396,183,4,3,Canada,GPE,58,64
mdp.39015038901396,183,5,0,That's What She Said,WORK_OF_ART,62,82
mdp.39015038901396,183,5,1,Reinventing the Enemy's Language,WORK_OF_ART,87,119
mdp.39015038901396,183,6,0,Prairie,WORK_OF_ART,29,36
mdp.39015038901396,183,6,1,Blue Cloud Quarterly Press,ORG,55,81
mdp.39015038901396,183,7,0,Carroll Arnett,PERSON,0,14
mdp.39015038901396,183,7,1,Cherokee,GPE,16,24
mdp.39015038901396,183,7,2,more than three decades,DATE,54,77
mdp.39015038901396,183,8,0,Night Perimeter,WORK_OF_ART,28,43
mdp.39015038901396,183,8,1,South Line,WORK_OF_ART,61,71
mdp.39015038901396,183,8,2,Tsalagi,WORK_OF_ART,73,80
mdp.39015038901396,183,9,0,Marilou Awiakta,PERSON,0,15
mdp.39015038901396,183,9,1,Cherokee,GPE,17,25
mdp.39015038901396,183,9,2,Tennessee,GPE,36,45
mdp.39015038901396,183,10,0,"Selu, Abiding Appalachia",WORK_OF_ART,72,96
mdp.39015038901396,183,10,1,Rising Fawn and the Fire Mystery,WORK_OF_ART,102,134
mdp.39015038901396,183,11,0,Jim Barnes',PERSON,0,11
mdp.39015038901396,183,11,1,Choctaw,NORP,13,20
mdp.39015038901396,183,11,2,Welsh,NORP,25,30
mdp.39015038901396,183,11,3,The Chariton Review,ORG,125,144
mdp.39015038901396,183,12,0,Northeast Missouri State University,ORG,45,80
mdp.39015038901396,183,12,1,the University of Lausanne,ORG,153,179
mdp.39015038901396,183,12,2,Switzerland,GPE,181,192
mdp.39015038901396,183,13,0,Duane BigEagle,PERSON,0,14
mdp.39015038901396,183,13,1,Osage,PERSON,16,21
mdp.39015038901396,183,13,2,California,GPE,32,42
mdp.39015038901396,183,14,0,Bidato,WORK_OF_ART,20,26
mdp.39015038901396,183,14,1,Songs From This Earth On Turtle's Back,WORK_OF_ART,79,117
mdp.39015038901396,183,14,2,American Indian Poetry,WORK_OF_ART,122,144
mdp.39015038901396,183,15,0,163,CARDINAL,0,3
mdp.39015038901396,184,0,0,Fred Bigjim's,PERSON,0,13
mdp.39015038901396,184,0,1,Inupiat Eskimo,NORP,15,29
mdp.39015038901396,184,0,2,the Alaska Quarterly Review,ORG,54,81
mdp.39015038901396,184,0,3,Wicazo Sa Review,ORG,83,99
mdp.39015038901396,184,0,4,Raven Tells Stories,WORK_OF_ART,104,123
mdp.39015038901396,184,1,0,D. L. Birchfield,PERSON,0,16
mdp.39015038901396,184,1,1,Choctaw,NORP,18,25
mdp.39015038901396,184,1,2,Chickasaw,NORP,27,36
mdp.39015038901396,184,1,3,Irish,NORP,41,46
mdp.39015038901396,184,1,4,Oklahoma,GPE,57,65
mdp.39015038901396,184,2,0,OKC Camp Crier,ORG,22,36
mdp.39015038901396,184,2,1,The Raven Chronicles,ORG,62,82
mdp.39015038901396,184,2,2,Moccasin Telegraph,ORG,84,102
mdp.39015038901396,184,2,3,Turtle Quarterly,ORG,108,124
mdp.39015038901396,184,2,4,Callaloo,ORG,151,159
mdp.39015038901396,184,2,5,News From Indian Country,ORG,192,216
mdp.39015038901396,184,3,0,"Earth Song, Sky Spirit and Looking At The Words Of Our People",WORK_OF_ART,20,81
mdp.39015038901396,184,4,0,a Kimberly Blaeser,PERSON,0,18
mdp.39015038901396,184,4,1,Anishinabe,NORP,20,30
mdp.39015038901396,184,4,2,the White Earth Reservation,LOC,40,67
mdp.39015038901396,184,4,3,Minnesota,GPE,71,80
mdp.39015038901396,184,5,0,"the University of Wisconsin, Milwaukee",ORG,38,76
mdp.39015038901396,184,6,0,Loonfeather,ORG,25,36
mdp.39015038901396,184,6,1,Akwe:kon,WORK_OF_ART,38,46
mdp.39015038901396,184,6,2,"Earth Song, Sky Spirit",WORK_OF_ART,52,74
mdp.39015038901396,184,7,0,first,ORDINAL,4,9
mdp.39015038901396,184,7,1,Trailing You,WORK_OF_ART,26,38
mdp.39015038901396,184,7,2,the 1993 Diane,WORK_OF_ART,44,58
mdp.39015038901396,184,7,3,the Returning the Gift Foundation,ORG,94,127
mdp.39015038901396,184,7,4,the Native Writer's Circle of the Americas,ORG,132,174
mdp.39015038901396,184,8,0,Phoebe Bosché,PERSON,0,13
mdp.39015038901396,184,8,1,Navajo,NORP,15,21
mdp.39015038901396,184,8,2,The Raven Chronicles,ORG,64,84
mdp.39015038901396,184,8,3,Seattle,GPE,88,95
mdp.39015038901396,184,10,0,Joseph Bruchac,PERSON,0,14
mdp.39015038901396,184,10,1,Abenaki,NORP,16,23
mdp.39015038901396,184,10,2,the Abenaki Nation of Vermont,ORG,50,79
mdp.39015038901396,184,10,3,St. Francis Sokoki Band,ORG,81,104
mdp.39015038901396,184,11,0,Carol,PERSON,17,22
mdp.39015038901396,184,11,1,The Greenfield Review Press,ORG,32,59
mdp.39015038901396,184,12,0,more than 500,CARDINAL,49,62
mdp.39015038901396,184,12,1,Akwesasne Notes,ORG,82,97
mdp.39015038901396,184,12,2,American Poetry Review,ORG,102,124
mdp.39015038901396,184,12,3,National Geographic,ORG,128,147
mdp.39015038901396,184,12,4,Parabola,ORG,152,160
mdp.39015038901396,184,13,0,Barney Bush,PERSON,0,11
mdp.39015038901396,184,13,1,Shawnee-Cayuga,NORP,13,27
mdp.39015038901396,184,13,2,the Institute of American Indian Arts,ORG,57,94
mdp.39015038901396,184,14,0,Mid-America Review,ORG,34,52
mdp.39015038901396,184,14,1,Tamaqua,ORG,57,64
mdp.39015038901396,184,14,2,Harper's 20th,ORG,96,109
mdp.39015038901396,184,15,0,E. K. Caldwell's,PERSON,0,16
mdp.39015038901396,184,15,1,Shawnee,GPE,34,41
mdp.39015038901396,184,15,2,Returning the Gift,WORK_OF_ART,64,82
mdp.39015038901396,184,15,3,Healing Of Spirit,WORK_OF_ART,84,101
mdp.39015038901396,184,15,4,Ariel,WORK_OF_ART,103,108
mdp.39015038901396,184,15,5,The Raven Chronicles,WORK_OF_ART,110,130
mdp.39015038901396,184,15,6,The Colour Of Resistance,WORK_OF_ART,132,156
mdp.39015038901396,184,15,7,Granddaughters Speak Of Their Grandmothers,WORK_OF_ART,162,204
mdp.39015038901396,184,16,0,Inkfish,ORG,32,39
mdp.39015038901396,184,17,0,164,CARDINAL,0,3
mdp.39015038901396,185,0,0,Gladys Cardiff,PERSON,0,14
mdp.39015038901396,185,0,1,Cherokee,GPE,16,24
mdp.39015038901396,185,0,2,the Eastern Band of Cherokee,ORG,51,79
mdp.39015038901396,185,1,0,Harper's Anthology of 20th Century Native American Poetry,WORK_OF_ART,71,128
mdp.39015038901396,185,1,1,Songs From the Earth on Turtle's Back,WORK_OF_ART,130,167
mdp.39015038901396,185,1,2,Carriers of the Dream World,WORK_OF_ART,169,196
mdp.39015038901396,185,1,3,Dancing on the Rim of the World,WORK_OF_ART,198,229
mdp.39015038901396,185,1,4,The Remembered Earth,WORK_OF_ART,231,251
mdp.39015038901396,185,1,5,That's What She Said,WORK_OF_ART,257,277
mdp.39015038901396,185,2,0,Robert J. Conley,PERSON,0,16
mdp.39015038901396,185,2,1,Cherokee,GPE,18,26
mdp.39015038901396,185,2,2,Geronimo: An American Legend,WORK_OF_ART,81,109
mdp.39015038901396,185,3,0,The Rattlesnake Band and Other Poems,WORK_OF_ART,20,56
mdp.39015038901396,185,3,1,Nickajack,WORK_OF_ART,58,67
mdp.39015038901396,185,3,2,To Make a Killing,WORK_OF_ART,73,90
mdp.39015038901396,185,4,0,The Remembered Earth,WORK_OF_ART,47,67
mdp.39015038901396,185,4,1,Pembroke,ORG,93,101
mdp.39015038901396,185,4,2,The Blue Cloud Quarterly,ORG,103,127
mdp.39015038901396,185,4,3,The Beloit Poetry Journal,ORG,133,158
mdp.39015038901396,185,6,0,Charlotte DeClue,PERSON,0,16
mdp.39015038901396,185,6,1,Osage,PERSON,18,23
mdp.39015038901396,185,6,2,Oklahoma,GPE,33,41
mdp.39015038901396,185,7,0,Ten Good Horses,WORK_OF_ART,31,46
mdp.39015038901396,185,7,1,American Indian Literature,WORK_OF_ART,74,100
mdp.39015038901396,185,7,2,Songs From This Earth on Turtle's Back,WORK_OF_ART,102,140
mdp.39015038901396,185,7,3,That's What She Said,WORK_OF_ART,142,162
mdp.39015038901396,185,7,4,A Gathering of Spirit,WORK_OF_ART,164,185
mdp.39015038901396,185,7,5,The Clouds Threw This Light,WORK_OF_ART,191,218
mdp.39015038901396,185,8,0,Anita Endrezze's,PERSON,0,16
mdp.39015038901396,185,8,1,Yuqui,PERSON,18,23
mdp.39015038901396,185,8,2,Dancing on the Rim of the World,WORK_OF_ART,116,147
mdp.39015038901396,185,8,3,Harper's 20th Century Contemporary Native American Poetry,ORG,149,206
mdp.39015038901396,185,8,4,Carriers of the Dream Wheel,WORK_OF_ART,208,235
mdp.39015038901396,185,8,5,Yellow Silk,WORK_OF_ART,237,248
mdp.39015038901396,185,8,6,Deep Down Things,WORK_OF_ART,273,289
mdp.39015038901396,185,9,0,At the Helm of Twilight,WORK_OF_ART,9,32
mdp.39015038901396,185,9,1,two,CARDINAL,37,40
mdp.39015038901396,185,10,0,Anita,PERSON,27,32
mdp.39015038901396,185,11,0,Diane Glancy,PERSON,0,12
mdp.39015038901396,185,11,1,Cherokee,GPE,14,22
mdp.39015038901396,185,11,2,Native American,NORP,32,47
mdp.39015038901396,185,11,3,Macalester College,ORG,83,101
mdp.39015038901396,185,12,0,Lone Dog's Winter Count,WORK_OF_ART,28,51
mdp.39015038901396,185,12,1,Claiming Breath,WORK_OF_ART,53,68
mdp.39015038901396,185,13,0,the American Book Award,WORK_OF_ART,42,65
mdp.39015038901396,185,13,1,the Before Columbus Foundation,ORG,71,101
mdp.39015038901396,185,13,2,the North American Indian Prose Award,WORK_OF_ART,106,143
mdp.39015038901396,185,14,0,165,CARDINAL,0,3
mdp.39015038901396,186,0,0,Rayna Green,PERSON,0,11
mdp.39015038901396,186,0,1,Cherokee,GPE,13,21
mdp.39015038901396,186,0,2,the American Indian Program,ORG,38,65
mdp.39015038901396,186,0,3,Smithsonian Institution,ORG,67,90
mdp.39015038901396,186,1,0,That's What She Said: Contemporary Fiction and Poetry By Native American Women,WORK_OF_ART,18,96
mdp.39015038901396,186,1,1,American Indian Literature,WORK_OF_ART,166,192
mdp.39015038901396,186,2,0,Annie Hansen,PERSON,0,12
mdp.39015038901396,186,2,1,Lenape,GPE,14,20
mdp.39015038901396,186,2,2,The Raven Chronicles,ORG,45,65
mdp.39015038901396,186,2,3,Kenyon Review,ORG,98,111
mdp.39015038901396,186,2,4,Caliban,ORG,113,120
mdp.39015038901396,186,2,5,Akwe:,WORK_OF_ART,122,127
mdp.39015038901396,186,2,6,Carolina Quarterly,ORG,132,150
mdp.39015038901396,186,2,7,"Earth Song, Sky Spirit",WORK_OF_ART,156,178
mdp.39015038901396,186,3,0,Joy Harjo,PERSON,0,9
mdp.39015038901396,186,3,1,Creek,GPE,11,16
mdp.39015038901396,186,3,2,the University of New Mexico,ORG,46,74
mdp.39015038901396,186,4,0,The Woman Who Fell From The Sky,WORK_OF_ART,28,59
mdp.39015038901396,186,6,0,Linda Hogan,PERSON,0,11
mdp.39015038901396,186,6,1,Chickasaw,GPE,14,23
mdp.39015038901396,186,6,2,the University of Colorado,ORG,66,92
mdp.39015038901396,186,7,0,Mean Spirit,WORK_OF_ART,11,22
mdp.39015038901396,186,7,1,the Oklahoma Book Award,WORK_OF_ART,33,56
mdp.39015038901396,186,7,2,1990,DATE,60,64
mdp.39015038901396,186,7,3,Pulitzer,WORK_OF_ART,92,100
mdp.39015038901396,186,7,4,1991,DATE,104,108
mdp.39015038901396,186,8,0,Seeing Through The Sun,WORK_OF_ART,9,31
mdp.39015038901396,186,8,1,an American Book Award,WORK_OF_ART,41,63
mdp.39015038901396,186,8,2,the Before Columbus Foundation,ORG,69,99
mdp.39015038901396,186,9,0,The Book Of Medicines,WORK_OF_ART,0,21
mdp.39015038901396,186,9,1,the National Book Critics Circle Award,WORK_OF_ART,40,78
mdp.39015038901396,186,11,0,Maurice Kenny,PERSON,0,13
mdp.39015038901396,186,11,1,Mohawk,ORG,15,21
mdp.39015038901396,186,11,2,Strawberry Press,ORG,43,59
mdp.39015038901396,186,11,3,Contact II,ORG,76,86
mdp.39015038901396,186,12,0,Between Two Rivers,WORK_OF_ART,28,46
mdp.39015038901396,186,12,1,Blackrobe,WORK_OF_ART,48,57
mdp.39015038901396,186,12,2,Tekonwatonti,WORK_OF_ART,63,75
mdp.39015038901396,186,13,0,the American Book Award,WORK_OF_ART,19,42
mdp.39015038901396,186,13,1,the National Public Radio Broadcasting Award,WORK_OF_ART,47,91
mdp.39015038901396,186,14,0,Mary Lockwood,PERSON,0,13
mdp.39015038901396,186,14,1,Inupiaq Eskimo,NORP,15,29
mdp.39015038901396,186,14,2,Unalakleet,GPE,46,56
mdp.39015038901396,186,14,3,Alaska,GPE,58,64
mdp.39015038901396,186,15,0,Raven Tells Stories,WORK_OF_ART,38,57
mdp.39015038901396,186,16,0,Tiffany Midge,PERSON,0,13
mdp.39015038901396,186,16,1,the Standing Rock Indian Reservation,ORG,56,92
mdp.39015038901396,186,16,2,South Dakota,GPE,96,108
mdp.39015038901396,186,17,0,Sherman Alexie,PERSON,56,70
mdp.39015038901396,186,17,1,Cutbank,ORG,127,134
mdp.39015038901396,186,17,2,The Raven Chronicles,WORK_OF_ART,139,159
mdp.39015038901396,186,18,0,166,CARDINAL,0,3
mdp.39015038901396,187,0,0,Deborah Miranda Miller,PERSON,0,22
mdp.39015038901396,187,0,1,Chumash,GPE,24,31
mdp.39015038901396,187,0,2,Poets On,WORK_OF_ART,70,78
mdp.39015038901396,187,0,3,The Bellingham Review,ORG,83,104
mdp.39015038901396,187,1,0,Duane Niatum's,PERSON,0,14
mdp.39015038901396,187,1,1,S'Klallam,NORP,16,25
mdp.39015038901396,187,1,2,Prairie Schooner,ORG,75,91
mdp.39015038901396,187,1,3,The American Poetry Review,ORG,96,122
mdp.39015038901396,187,2,0,Harper's 20th Century Native American Poetry and Carriers of the Dream Wheel,WORK_OF_ART,33,109
mdp.39015038901396,187,3,0,Drawings of the Song Animals,WORK_OF_ART,28,56
mdp.39015038901396,187,3,1,The Crooked Beak of Love,WORK_OF_ART,58,82
mdp.39015038901396,187,3,2,After the Death of an Elder Klallam,WORK_OF_ART,84,119
mdp.39015038901396,187,3,3,Songs for the Harvester of Dreams,WORK_OF_ART,125,158
mdp.39015038901396,187,4,0,Nila Northsun,PERSON,0,13
mdp.39015038901396,187,4,1,Shoshone and Chippewa,WORK_OF_ART,15,36
mdp.39015038901396,187,4,2,Diet Pepsi,PRODUCT,89,99
mdp.39015038901396,187,5,0,Shanth,ORG,32,38
mdp.39015038901396,187,5,1,Yellow Brick Road,WORK_OF_ART,40,57
mdp.39015038901396,187,5,2,Poetry East,ORG,59,70
mdp.39015038901396,187,5,3,Kayak,ORG,76,81
mdp.39015038901396,187,6,0,Simon Ortiz,PERSON,0,11
mdp.39015038901396,187,6,1,Acoma Pueblo,GPE,13,25
mdp.39015038901396,187,6,2,Surviving Columbus,WORK_OF_ART,52,70
mdp.39015038901396,187,6,3,PBS,ORG,100,103
mdp.39015038901396,187,6,4,1992,DATE,107,111
mdp.39015038901396,187,7,0,After and Before the Lightning,WORK_OF_ART,24,54
mdp.39015038901396,187,7,1,the University of Arizona Press,ORG,72,103
mdp.39015038901396,187,8,0,Woven Stone,WORK_OF_ART,31,42
mdp.39015038901396,187,8,1,From Sand Creek,WORK_OF_ART,44,59
mdp.39015038901396,187,8,2,The People Shall Continue,WORK_OF_ART,61,86
mdp.39015038901396,187,8,3,Fightin':,WORK_OF_ART,92,101
mdp.39015038901396,187,9,0,James Petit,PERSON,0,11
mdp.39015038901396,187,9,1,Chinook and Quinault,ORG,13,33
mdp.39015038901396,187,9,2,the Tulalip Reservation,LOC,47,70
mdp.39015038901396,187,10,0,English,LANGUAGE,20,27
mdp.39015038901396,187,10,1,Alaska,GPE,39,45
mdp.39015038901396,187,11,0,Poetry Northwest,ORG,36,52
mdp.39015038901396,187,11,1,the Alaska Quarterly Review,ORG,57,84
mdp.39015038901396,187,12,0,Carter Revard's,PERSON,0,15
mdp.39015038901396,187,12,1,Osage,PERSON,17,22
mdp.39015038901396,187,12,2,Voices of the Rainbow,WORK_OF_ART,89,110
mdp.39015038901396,187,12,3,The Remembered Earth,WORK_OF_ART,112,132
mdp.39015038901396,187,12,4,The Point Riders Great Plains Poetry Anthology,WORK_OF_ART,134,180
mdp.39015038901396,187,12,5,American Indian Literature,WORK_OF_ART,182,208
mdp.39015038901396,187,12,6,Native American,NORP,210,225
mdp.39015038901396,187,12,7,Harper's 20th Century Native American Poetry,ORG,234,278
mdp.39015038901396,187,12,8,New Worlds of Literature,WORK_OF_ART,284,308
mdp.39015038901396,187,13,0,Wendy Rose,PERSON,0,10
mdp.39015038901396,187,13,1,Hopi,NORP,12,16
mdp.39015038901396,187,13,2,nearly a dozen,CARDINAL,45,59
mdp.39015038901396,187,13,3,two,CARDINAL,90,93
mdp.39015038901396,187,13,4,Going To War With All My Relations and Bone Dance: New and Selected Poems 19651992,WORK_OF_ART,118,200
mdp.39015038901396,187,14,0,the Kenyon Review,ORG,77,94
mdp.39015038901396,187,14,1,The Beloit Poetry Journal,ORG,96,121
mdp.39015038901396,187,14,2,The Wooster Review,ORG,127,145
mdp.39015038901396,187,15,0,167,CARDINAL,0,3
mdp.39015038901396,188,0,0,Ralph Salisbury's,PERSON,0,17
mdp.39015038901396,188,0,1,Cherokee,NORP,19,27
mdp.39015038901396,188,0,2,One,CARDINAL,43,46
mdp.39015038901396,188,0,3,Two,CARDINAL,58,61
mdp.39015038901396,188,0,4,A White Rainbow,WORK_OF_ART,70,85
mdp.39015038901396,188,0,5,Going to the Water,WORK_OF_ART,87,105
mdp.39015038901396,188,0,6,Spirit Beast Chant,WORK_OF_ART,107,125
mdp.39015038901396,188,0,7,Pointing at the Rainbow,WORK_OF_ART,127,150
mdp.39015038901396,188,0,8,Ghost Grapefruit and Other Poems,WORK_OF_ART,152,184
mdp.39015038901396,188,0,9,Trekways of the Wind,WORK_OF_ART,190,210
mdp.39015038901396,188,1,0,Songs From This Earth on Turtle's Back,WORK_OF_ART,56,94
mdp.39015038901396,188,1,1,The Clouds Threw This Light,WORK_OF_ART,96,123
mdp.39015038901396,188,1,2,Modern Poetry of Western America,WORK_OF_ART,125,157
mdp.39015038901396,188,1,3,Out of This World,WORK_OF_ART,163,180
mdp.39015038901396,188,2,0,Cheryl Savageau's,PERSON,0,17
mdp.39015038901396,188,2,1,Abenaki,NORP,19,26
mdp.39015038901396,188,2,2,An Ear to the Ground,WORK_OF_ART,85,105
mdp.39015038901396,188,2,3,Reinventing the Enemy's Language,WORK_OF_ART,107,139
mdp.39015038901396,188,2,4,Two Worlds Walking,WORK_OF_ART,141,159
mdp.39015038901396,188,2,5,Returning the Gift,WORK_OF_ART,161,179
mdp.39015038901396,188,2,6,Poetry Like Bread,WORK_OF_ART,185,202
mdp.39015038901396,188,3,0,The Indiana Review,ORG,36,54
mdp.39015038901396,188,3,1,Sojourner,ORG,56,65
mdp.39015038901396,188,3,2,The Boston Review,ORG,71,88
mdp.39015038901396,188,4,0,Glen Simpson,PERSON,0,12
mdp.39015038901396,188,4,1,Tahltan,GPE,14,21
mdp.39015038901396,188,4,2,the University of Alaska Fairbanks,ORG,41,75
mdp.39015038901396,188,4,3,more than twenty years,DATE,80,102
mdp.39015038901396,188,5,0,the Alaska Quarterly Review,ORG,27,54
mdp.39015038901396,188,5,1,Poetry East,WORK_OF_ART,56,67
mdp.39015038901396,188,5,2,Raven Tells Stories,WORK_OF_ART,103,122
mdp.39015038901396,188,5,3,Dancing on the Rim of the World,WORK_OF_ART,127,158
mdp.39015038901396,188,6,0,Michael W. Simpson,PERSON,0,18
mdp.39015038901396,188,6,1,Cherokee,GPE,20,28
mdp.39015038901396,188,6,2,Yakima,GPE,33,39
mdp.39015038901396,188,6,3,English,LANGUAGE,49,56
mdp.39015038901396,188,6,4,American Indian,NORP,61,76
mdp.39015038901396,188,6,5,Eastern Washington University,ORG,88,117
mdp.39015038901396,188,7,0,Returning the Gift,WORK_OF_ART,36,54
mdp.39015038901396,188,7,1,Hawai'i Review,ORG,56,70
mdp.39015038901396,188,7,2,Ramrod,WORK_OF_ART,72,78
mdp.39015038901396,188,7,3,the South Carolina Review,ORG,84,109
mdp.39015038901396,188,8,0,John E. Smelcer,PERSON,0,15
mdp.39015038901396,188,8,1,Ahtna,ORG,18,23
mdp.39015038901396,188,8,2,Ahtna Native Corporation,ORG,42,66
mdp.39015038901396,188,8,3,Tazlina Village Association,ORG,71,98
mdp.39015038901396,188,8,4,English,LANGUAGE,108,115
mdp.39015038901396,188,8,5,the University of Alaska Anchorage,ORG,119,153
mdp.39015038901396,188,9,0,The Raven Chronicles,ORG,23,43
mdp.39015038901396,188,9,1,Seattle,GPE,47,54
mdp.39015038901396,188,9,2,The Atlantic Monthly,ORG,134,154
mdp.39015038901396,188,9,3,The Literary Review,ORG,156,175
mdp.39015038901396,188,9,4,Artful Dodge,ORG,177,189
mdp.39015038901396,188,9,5,Poetry Australia,ORG,197,213
mdp.39015038901396,188,9,6,Faultline,ORG,215,224
mdp.39015038901396,188,9,7,Permafrost,ORG,226,236
mdp.39015038901396,188,9,8,The Beloit Poetry Journal,ORG,238,263
mdp.39015038901396,188,9,9,ZYZZYVA,ORG,269,276
mdp.39015038901396,188,10,0,The Caribou and the Stone Man,WORK_OF_ART,28,57
mdp.39015038901396,188,10,1,Kesugi Ridge,WORK_OF_ART,62,74
mdp.39015038901396,188,10,2,Aureole Press,ORG,114,127
mdp.39015038901396,188,11,0,Gail Tremblay's,PERSON,0,15
mdp.39015038901396,188,11,1,Onondaga,NORP,17,25
mdp.39015038901396,188,11,2,Micmac,NORP,39,45
mdp.39015038901396,188,11,3,Northwest Review,ORG,88,104
mdp.39015038901396,188,11,4,The Denver Quarterly,ORG,106,126
mdp.39015038901396,188,11,5,Calyx,ORG,128,133
mdp.39015038901396,188,11,6,A Nation Within,WORK_OF_ART,162,177
mdp.39015038901396,188,11,7,Harper's 20th Century Native American Poetry,ORG,182,226
mdp.39015038901396,188,12,0,Night Gives Woman the Word,WORK_OF_ART,28,54
mdp.39015038901396,188,12,1,Talking to the Grandfathers,WORK_OF_ART,59,86
mdp.39015038901396,188,13,0,168,CARDINAL,0,3
mdp.39015038901396,189,0,0,Judith Mountain Leaf Volborth,PERSON,0,29
mdp.39015038901396,189,0,1,Blackfoot and Comanche,ORG,31,53
mdp.39015038901396,189,0,2,California,GPE,64,74
mdp.39015038901396,189,1,0,That's What She Said,WORK_OF_ART,36,56
mdp.39015038901396,189,1,1,Reinventing the Enemy's Language,WORK_OF_ART,58,90
mdp.39015038901396,189,1,2,The Third Woman,WORK_OF_ART,96,111
mdp.39015038901396,189,2,0,Westwind,ORG,32,40
mdp.39015038901396,189,2,1,Callapooya Collage,ORG,42,60
mdp.39015038901396,189,2,2,Denver Quarterly,ORG,62,78
mdp.39015038901396,189,2,3,Gatherings,ORG,84,94
mdp.39015038901396,189,3,0,Ron Welbum,PERSON,0,10
mdp.39015038901396,189,3,1,Cherokee,ORG,12,20
mdp.39015038901396,189,3,2,English,LANGUAGE,30,37
mdp.39015038901396,189,3,3,the University of Massachusetts at Amherst,ORG,41,83
mdp.39015038901396,189,4,0,SAIL,ORG,36,40
mdp.39015038901396,189,4,1,Gatherings,ORG,42,52
mdp.39015038901396,189,4,2,American Poetry Review,ORG,54,76
mdp.39015038901396,189,4,3,North Country,ORG,78,91
mdp.39015038901396,189,4,4,Pigiron,ORG,97,104
mdp.39015038901396,189,5,0,Choice,ORG,27,33
mdp.39015038901396,189,5,1,MELUS,ORG,38,43
mdp.39015038901396,189,6,0,James Welch's,PERSON,0,13
mdp.39015038901396,189,6,1,Blackfeet,PERSON,15,24
mdp.39015038901396,189,6,2,Riding the Earthboy 40,WORK_OF_ART,42,64
mdp.39015038901396,189,6,3,some twenty years ago,DATE,86,107
mdp.39015038901396,189,7,0,Winter in the Blood,WORK_OF_ART,46,65
mdp.39015038901396,189,7,1,The Death of Jim Loney,WORK_OF_ART,67,89
mdp.39015038901396,189,8,0,Elizabeth Woody's,PERSON,0,17
mdp.39015038901396,189,8,1,Navajo and Warm Springs,WORK_OF_ART,19,42
mdp.39015038901396,189,8,2,Hand Into Stone,WORK_OF_ART,68,83
mdp.39015038901396,189,8,3,The Luminaries of the Humble,WORK_OF_ART,85,113
mdp.39015038901396,189,8,4,"Seven Hands, Seven Hearts: Prose and Poetry",WORK_OF_ART,119,162
mdp.39015038901396,189,9,0,Native America,WORK_OF_ART,78,92
mdp.39015038901396,189,9,1,Songs From This Earth on Turtle's Back,WORK_OF_ART,94,132
mdp.39015038901396,189,9,2,The Clouds Threw This Light,WORK_OF_ART,134,161
mdp.39015038901396,189,9,3,A Gathering of Spirit,WORK_OF_ART,167,188
mdp.39015038901396,189,10,0,the American Book Award,WORK_OF_ART,19,42
mdp.39015038901396,189,11,0,169,CARDINAL,0,3
mdp.39015038901396,191,0,0,1,CARDINAL,17,18
mdp.39015038901396,191,0,1,House Fires,WORK_OF_ART,39,50
mdp.39015038901396,191,0,2,Indian Boy Love Song (#1 and #2),WORK_OF_ART,77,109
mdp.39015038901396,191,0,3,The Business Of Fancydancing,WORK_OF_ART,123,151
mdp.39015038901396,191,0,4,Hanging Loose Press,ORG,153,172
mdp.39015038901396,191,1,0,Marilou Awiakta's,PERSON,0,17
mdp.39015038901396,191,1,1,"""When Earth Becomes An It""",WORK_OF_ART,18,44
mdp.39015038901396,191,1,2,Selu,ORG,63,67
mdp.39015038901396,191,1,3,Fulcrum Publishers,ORG,69,87
mdp.39015038901396,191,2,0,D. L. Birchfield's,PERSON,0,18
mdp.39015038901396,191,2,1,Roaring River,WORK_OF_ART,20,33
mdp.39015038901396,191,2,2,“Have You Heard About America,WORK_OF_ART,39,68
mdp.39015038901396,191,2,3,OKC Camp Crier,WORK_OF_ART,82,96
mdp.39015038901396,191,2,4,Gatherings IV,ORG,114,127
mdp.39015038901396,191,2,5,Theytus,ORG,129,136
mdp.39015038901396,191,3,0,Kimberly Blaeser's,PERSON,0,18
mdp.39015038901396,191,3,1,Living History,WORK_OF_ART,20,34
mdp.39015038901396,191,3,2,Loonfeather,ORG,48,59
mdp.39015038901396,191,3,3,Speaking Those Names,WORK_OF_ART,62,82
mdp.39015038901396,191,3,4,Gatherings IV,WORK_OF_ART,87,100
mdp.39015038901396,191,3,5,Theytus,ORG,102,109
mdp.39015038901396,191,4,0,E. K. Caldwell's,PERSON,0,16
mdp.39015038901396,191,4,1,Do You Know,WORK_OF_ART,18,29
mdp.39015038901396,191,5,0,The Raven Chronicles,WORK_OF_ART,12,32
mdp.39015038901396,191,6,0,Robert Conley's,PERSON,0,15
mdp.39015038901396,191,6,1,Wili Woyi,WORK_OF_ART,38,47
mdp.39015038901396,191,6,2,Ned Christie,WORK_OF_ART,55,67
mdp.39015038901396,191,6,3,The Rattlesnake Band And Other Poems,WORK_OF_ART,81,117
mdp.39015038901396,191,6,4,Indian University Press,ORG,119,142
mdp.39015038901396,191,7,0,Anita Endrezze's,PERSON,0,16
mdp.39015038901396,191,7,1,The Wedding Feast,WORK_OF_ART,18,35
mdp.39015038901396,191,7,2,At The Helm Of Twilight,WORK_OF_ART,49,72
mdp.39015038901396,191,7,3,Broken Moon Press,ORG,74,91
mdp.39015038901396,191,8,0,Rayna Green's,PERSON,0,13
mdp.39015038901396,191,8,1,"""When I Cut My Hair”",WORK_OF_ART,14,34
mdp.39015038901396,191,8,2,The Massachusetts Review,ORG,53,77
mdp.39015038901396,191,9,0,Joy Harjo's,PERSON,0,11
mdp.39015038901396,191,9,1,Mourning Song,WORK_OF_ART,13,26
mdp.39015038901396,191,9,2,The Place the Musician Became a Bear,WORK_OF_ART,33,69
mdp.39015038901396,191,9,3,the Kenyon Review,ORG,108,125
mdp.39015038901396,191,10,0,Linda Hogan's,PERSON,0,13
mdp.39015038901396,191,10,1,Great Measures,WORK_OF_ART,15,29
mdp.39015038901396,191,10,2,Bamboo,WORK_OF_ART,33,39
mdp.39015038901396,191,10,3,Carry,WORK_OF_ART,46,51
mdp.39015038901396,191,10,4,The Book Of Medicines,WORK_OF_ART,65,86
mdp.39015038901396,191,11,0,Duane Niatum's,PERSON,0,14
mdp.39015038901396,191,11,1,In the Labyrinth of Elements,WORK_OF_ART,16,44
mdp.39015038901396,191,11,2,The Amicus Journal,ORG,58,76
mdp.39015038901396,191,11,3,The Moves To Shrink The Distances,WORK_OF_ART,79,112
mdp.39015038901396,191,11,4,Left Bank,WORK_OF_ART,117,126
mdp.39015038901396,191,11,5,Snowy Owl Near Ocean Shores,WORK_OF_ART,129,156
mdp.39015038901396,191,11,6,Drawings of the Song Animals,WORK_OF_ART,170,198
mdp.39015038901396,191,11,7,Holy Cow! Press,ORG,200,215
mdp.39015038901396,191,12,0,Carter Revard's,PERSON,0,15
mdp.39015038901396,191,12,1,Birch Canoe,WORK_OF_ART,17,28
mdp.39015038901396,191,12,2,Eagle Nation,ORG,42,54
mdp.39015038901396,191,12,3,Arizona UP,ORG,56,66
mdp.39015038901396,191,13,0,Cheryl Savageau's,PERSON,0,17
mdp.39015038901396,191,13,1,French Girls Are Fast,WORK_OF_ART,19,40
mdp.39015038901396,191,13,2,The Boston Review,ORG,54,71
mdp.39015038901396,191,13,3,Trees,WORK_OF_ART,74,79
mdp.39015038901396,191,13,4,Studies in American Indian Literature,ORG,84,121
mdp.39015038901396,191,14,0,Glen Simpson's,PERSON,0,14
mdp.39015038901396,191,14,1,Fisheries,WORK_OF_ART,16,25
mdp.39015038901396,191,14,2,Raven Tells Stories,WORK_OF_ART,39,58
mdp.39015038901396,191,14,3,Greenfield Review Press,ORG,60,83
mdp.39015038901396,191,15,0,John E. Smelcer's,PERSON,0,17
mdp.39015038901396,191,15,1,Durable Breath,WORK_OF_ART,19,33
mdp.39015038901396,191,15,2,The Raven Chronicles,WORK_OF_ART,47,67
mdp.39015038901396,191,15,3,Kesugi Ridge,WORK_OF_ART,70,82
mdp.39015038901396,191,15,4,ZYZZYVA,ORG,87,94
mdp.39015038901396,191,15,5,Tern Creek,WORK_OF_ART,97,107
mdp.39015038901396,191,15,6,Poet,WORK_OF_ART,112,116
mdp.39015038901396,191,15,7,Weir Fisher,WORK_OF_ART,119,130
mdp.39015038901396,191,15,8,The Beloit Poetry Journal,ORG,135,160
mdp.39015038901396,191,15,9,Changing Seasons,WORK_OF_ART,163,179
mdp.39015038901396,191,15,10,The Atlantic Monthly,ORG,184,204
mdp.39015038901396,191,16,0,Judith Mountain-Leaf Volborth's,PERSON,0,31
mdp.39015038901396,191,16,1,From Harney Peak,WORK_OF_ART,33,49
mdp.39015038901396,191,16,2,The Denver Quarterly,ORG,63,83
mdp.39015038901396,191,16,3,James Welch's,PERSON,85,98
mdp.39015038901396,191,16,4,The Man from Washington,WORK_OF_ART,100,123
mdp.39015038901396,191,16,5,Snow Country Weavers,WORK_OF_ART,130,150
mdp.39015038901396,191,16,6,Riding the Earthboy 40,WORK_OF_ART,164,186
mdp.39015038901396,191,16,7,Confluence Press,ORG,201,217
mdp.39015038901396,191,16,8,171,CARDINAL,220,223
mdp.39015038901396,192,0,0,4,CARDINAL,0,1
mdp.39015038901396,194,0,0,MAY 1999 MAY 22,DATE,36,51
