vol_id,page,sentence_id,ent_id,entity,entity_type,start_char,end_char
mdp.39015032958236,4,0,0,MICHIGAN,GPE,27,35
mdp.39015032958236,7,0,0,Wendy Rose,PERSON,41,51
mdp.39015032958236,8,0,0,828 R7978,PERCENT,0,9
mdp.39015032958236,8,1,0,1985,DATE,12,16
mdp.39015032958236,8,1,1,Wendy Rose,PERSON,20,30
mdp.39015032958236,8,5,0,SPAWNING THE MEDICINE RIVER,WORK_OF_ART,101,128
mdp.39015032958236,8,5,1,AKWEGON,PERSON,183,190
mdp.39015032958236,8,5,2,New American Library,ORG,212,232
mdp.39015032958236,8,5,3,1984,DATE,234,238
mdp.39015032958236,8,5,4,THAT'S WHAT SHE SAID (,WORK_OF_ART,241,263
mdp.39015032958236,8,5,5,Indiana University Press,ORG,263,287
mdp.39015032958236,8,5,6,1984,DATE,289,293
mdp.39015032958236,8,5,7,A GATHERING OF SPIRIT,WORK_OF_ART,296,317
mdp.39015032958236,8,5,8,Sinister Wisdom Books,ORG,319,340
mdp.39015032958236,8,5,9,1984,DATE,342,346
mdp.39015032958236,8,5,10,SONGS FROM THIS EARTH ON TURTLE'S BACK,WORK_OF_ART,349,387
mdp.39015032958236,8,5,11,Greenfield Review Press,ORG,389,412
mdp.39015032958236,8,5,12,1983,DATE,414,418
mdp.39015032958236,8,5,13,TIME TO GREEZ,WORK_OF_ART,421,434
mdp.39015032958236,8,5,14,Glide Publications,ORG,436,454
mdp.39015032958236,8,5,15,1975,DATE,456,460
mdp.39015032958236,8,5,16,Alcatraz Editions,ORG,475,492
mdp.39015032958236,8,5,17,1982,DATE,494,498
mdp.39015032958236,8,5,18,THE CLOUDS THREW THIS LIGHT,WORK_OF_ART,501,528
mdp.39015032958236,8,5,19,Institute of American Indian Arts,ORG,530,563
mdp.39015032958236,8,5,20,1983,DATE,565,569
mdp.39015032958236,8,6,0,First,ORDINAL,111,116
mdp.39015032958236,8,6,1,"November, 1985",DATE,125,139
mdp.39015032958236,8,6,2,Second,ORDINAL,140,146
mdp.39015032958236,8,6,3,"September, 1992",DATE,158,173
mdp.39015032958236,8,6,4,0-931122-39-2,CARDINAL,179,192
mdp.39015032958236,8,6,5,Wendy Rose,PERSON,204,214
mdp.39015032958236,8,6,6,Jim Dochniak,PERSON,240,252
mdp.39015032958236,8,7,0,the National Endowment for the Arts,ORG,52,87
mdp.39015032958236,8,7,1,the California Arts Council,ORG,111,138
mdp.39015032958236,8,8,0,27334,CARDINAL,24,29
mdp.39015032958236,8,8,1,Albuquerque,GPE,30,41
mdp.39015032958236,8,8,2,NM,GPE,43,45
mdp.39015032958236,9,1,0,SIPAPU Sipapu,PERSON,10,23
mdp.39015032958236,9,1,1,To the Hopi in Richmond,WORK_OF_ART,28,51
mdp.39015032958236,9,5,0,Summer Rain About to Fall,WORK_OF_ART,0,25
mdp.39015032958236,9,5,1,12,CARDINAL,28,30
mdp.39015032958236,9,5,2,Coalinga,PERSON,31,39
mdp.39015032958236,9,7,0,Throat Song: The Whirling Earth,WORK_OF_ART,0,31
mdp.39015032958236,9,7,1,18,CARDINAL,34,36
mdp.39015032958236,9,7,2,What My Father Said,WORK_OF_ART,37,56
mdp.39015032958236,9,7,3,19,CARDINAL,59,61
mdp.39015032958236,9,9,0,TWO,CARDINAL,5,8
mdp.39015032958236,9,10,0,24,CARDINAL,12,14
mdp.39015032958236,9,10,1,1890-1973,DATE,47,56
mdp.39015032958236,9,10,2,Naayawva Taawi,PERSON,62,76
mdp.39015032958236,9,10,3,34,CARDINAL,79,81
mdp.39015032958236,9,10,4,Dancing for the Whiteman,WORK_OF_ART,82,106
mdp.39015032958236,9,10,5,36,CARDINAL,109,111
mdp.39015032958236,9,10,6,38,CARDINAL,123,125
mdp.39015032958236,9,10,7,THREE,CARDINAL,131,136
mdp.39015032958236,9,10,8,40,CARDINAL,195,197
mdp.39015032958236,9,10,9,41,CARDINAL,217,219
mdp.39015032958236,9,10,10,The Building of the Trophy,WORK_OF_ART,220,246
mdp.39015032958236,9,10,11,43,CARDINAL,249,251
mdp.39015032958236,9,10,12,47,CARDINAL,268,270
mdp.39015032958236,9,10,13,48,CARDINAL,300,302
mdp.39015032958236,9,10,14,49,CARDINAL,345,347
mdp.39015032958236,9,11,0,52,CARDINAL,41,43
mdp.39015032958236,10,0,0,FOUR,CARDINAL,5,9
mdp.39015032958236,10,0,1,Truganinny,PERSON,36,46
mdp.39015032958236,10,0,2,56,CARDINAL,49,51
mdp.39015032958236,10,0,3,Isamu,PERSON,52,57
mdp.39015032958236,10,0,4,58,CARDINAL,60,62
mdp.39015032958236,10,0,5,Hanabi,PERSON,63,69
mdp.39015032958236,10,0,6,ko,PERSON,70,72
mdp.39015032958236,10,0,7,Koko,PERSON,74,78
mdp.39015032958236,10,0,8,The Day They Cleaned Up the Border,WORK_OF_ART,85,119
mdp.39015032958236,10,0,9,61,CARDINAL,122,124
mdp.39015032958236,10,0,10,Robert,PERSON,125,131
mdp.39015032958236,10,0,11,63,CARDINAL,134,136
mdp.39015032958236,10,0,12,Yuriko,PERSON,137,143
mdp.39015032958236,10,0,13,64,CARDINAL,146,148
mdp.39015032958236,10,0,14,Kitty,PERSON,149,154
mdp.39015032958236,10,0,15,66,CARDINAL,157,159
mdp.39015032958236,10,0,16,Julia,PERSON,160,165
mdp.39015032958236,10,0,17,69,CARDINAL,168,170
mdp.39015032958236,11,0,0,ONE,CARDINAL,5,8
mdp.39015032958236,11,0,1,SIPAPU,GPE,10,16
mdp.39015032958236,12,0,0,Sipapu,PERSON,0,6
mdp.39015032958236,12,0,1,one,CARDINAL,345,348
mdp.39015032958236,12,0,2,8,CARDINAL,397,398
mdp.39015032958236,13,0,0,night,TIME,14,19
mdp.39015032958236,13,0,1,Anasazi,NORP,128,135
mdp.39015032958236,13,0,2,Anasazi,NORP,144,151
mdp.39015032958236,14,0,0,Hopi,NORP,7,11
mdp.39015032958236,14,0,1,Richmond,GPE,15,23
mdp.39015032958236,14,0,2,Santa Fe Village,GPE,25,41
mdp.39015032958236,14,0,3,San Francisco Bay,LOC,45,62
mdp.39015032958236,14,0,4,thousands of years,DATE,271,289
mdp.39015032958236,14,2,0,June,DATE,44,48
mdp.39015032958236,14,2,1,mornings,TIME,49,57
mdp.39015032958236,14,2,2,today,DATE,79,84
mdp.39015032958236,15,2,0,Sacramento,GPE,0,10
mdp.39015032958236,15,2,1,Mokelumne,GPE,12,21
mdp.39015032958236,15,2,2,San Joaquin,GPE,23,34
mdp.39015032958236,15,2,3,Bear Creek,GPE,36,46
mdp.39015032958236,15,2,4,Merced,GPE,48,54
mdp.39015032958236,15,2,5,Colorado,GPE,56,64
mdp.39015032958236,15,2,6,San Juan,GPE,66,74
mdp.39015032958236,15,2,7,Cumberland,GPE,76,86
mdp.39015032958236,15,2,8,Missouri,GPE,88,96
mdp.39015032958236,15,2,9,St. Lawrence,GPE,98,110
mdp.39015032958236,15,2,10,Genessee,GPE,112,120
mdp.39015032958236,15,2,11,Clyde,GPE,122,127
mdp.39015032958236,15,2,12,Tweed,GPE,129,134
mdp.39015032958236,15,2,13,Thames,GPE,136,142
mdp.39015032958236,15,2,14,Swansea,GPE,144,151
mdp.39015032958236,15,2,15,Main,GPE,153,157
mdp.39015032958236,15,2,16,Neckar,GPE,159,165
mdp.39015032958236,15,2,17,Lahn,GPE,167,171
mdp.39015032958236,15,2,18,Rhine,GPE,177,182
mdp.39015032958236,15,2,19,Shannon,GPE,184,191
mdp.39015032958236,15,2,20,Suir,GPE,193,197
mdp.39015032958236,15,2,21,Loch Linnhe,GPE,199,210
mdp.39015032958236,16,0,0,Summer,DATE,0,6
mdp.39015032958236,16,0,1,Fresno,GPE,26,32
mdp.39015032958236,16,0,2,July,DATE,34,38
mdp.39015032958236,16,1,0,12,CARDINAL,140,142
mdp.39015032958236,17,0,0,Coalinga,GPE,0,8
mdp.39015032958236,17,0,1,morning,TIME,102,109
mdp.39015032958236,17,2,0,Lost Hills,GPE,0,10
mdp.39015032958236,17,2,1,California,GPE,12,22
mdp.39015032958236,17,2,2,1983,DATE,23,27
mdp.39015032958236,17,2,3,Coalinga,GPE,44,52
mdp.39015032958236,17,2,4,S.P.,GPE,69,73
mdp.39015032958236,17,2,5,Southern Pacific Railroad 13,ORG,75,103
mdp.39015032958236,18,1,0,Indian,NORP,4,10
mdp.39015032958236,18,1,1,first,ORDINAL,173,178
mdp.39015032958236,19,0,0,one,CARDINAL,34,37
mdp.39015032958236,20,0,0,Loo-Wit,PERSON,0,7
mdp.39015032958236,20,2,0,winter,DATE,88,94
mdp.39015032958236,20,3,0,Centuries,DATE,0,9
mdp.39015032958236,21,2,0,one,CARDINAL,5,8
mdp.39015032958236,21,4,0,Cowlitz,GPE,36,43
mdp.39015032958236,21,4,1,Mt. St. Helens,LOC,56,70
mdp.39015032958236,22,0,0,The Whirling Earth,WORK_OF_ART,13,31
mdp.39015032958236,22,1,0,Eskimo,NORP,1,7
mdp.39015032958236,22,2,0,the old days,DATE,3,15
mdp.39015032958236,22,3,0,INUKTITUT MAGAZINE,PERSON,0,18
mdp.39015032958236,22,3,1,"December, 1980",DATE,20,34
mdp.39015032958236,23,0,0,summer,DATE,291,297
mdp.39015032958236,23,5,0,19,CARDINAL,0,2
mdp.39015032958236,25,0,0,1,CARDINAL,19,20
mdp.39015032958236,25,2,0,Hoonaw,LOC,89,95
mdp.39015032958236,25,5,0,tomorrow,DATE,27,35
mdp.39015032958236,25,6,0,2,CARDINAL,0,1
mdp.39015032958236,27,0,0,TWO,CARDINAL,5,8
mdp.39015032958236,27,0,1,Hopi,LANGUAGE,47,51
mdp.39015032958236,28,2,0,four,CARDINAL,31,35
mdp.39015032958236,28,9,0,24,CARDINAL,0,2
mdp.39015032958236,29,1,0,winter,DATE,317,323
mdp.39015032958236,29,2,0,albino,NORP,261,267
mdp.39015032958236,30,1,0,spring,DATE,4,10
mdp.39015032958236,30,2,0,Hopi,NORP,111,115
mdp.39015032958236,30,2,1,morning,TIME,116,123
mdp.39015032958236,30,3,0,26,CARDINAL,254,256
mdp.39015032958236,31,0,0,those first days,DATE,62,78
mdp.39015032958236,32,0,0,1890-1973,DATE,14,23
mdp.39015032958236,32,0,1,1,CARDINAL,24,25
mdp.39015032958236,32,4,0,Indian,NORP,79,85
mdp.39015032958236,32,5,0,Jeanette,PERSON,0,8
mdp.39015032958236,32,5,1,Jancita,PERSON,10,17
mdp.39015032958236,32,5,2,Yellow Thunder,PERSON,19,33
mdp.39015032958236,32,5,3,Anna Mae Jeanette,PERSON,35,52
mdp.39015032958236,32,5,4,Jancita,PERSON,54,61
mdp.39015032958236,32,5,5,Yellow Thunder,PERSON,63,77
mdp.39015032958236,32,5,6,Anna Mae,PERSON,79,87
mdp.39015032958236,32,5,7,28,DATE,88,90
mdp.39015032958236,33,0,0,2,CARDINAL,0,1
mdp.39015032958236,33,0,1,Dakota,LOC,90,96
mdp.39015032958236,34,0,0,3,CARDINAL,0,1
mdp.39015032958236,34,0,1,four,CARDINAL,289,293
mdp.39015032958236,34,0,2,30,CARDINAL,336,338
mdp.39015032958236,35,0,0,31,CARDINAL,280,282
mdp.39015032958236,36,0,0,4,CARDINAL,0,1
mdp.39015032958236,36,3,0,Hoop,LOC,110,114
mdp.39015032958236,36,6,0,32,CARDINAL,0,2
mdp.39015032958236,37,0,0,Paha Sapa,GPE,93,102
mdp.39015032958236,37,1,0,Sun Dance,WORK_OF_ART,52,61
mdp.39015032958236,38,0,0,Naayawva Taawi,PERSON,0,14
mdp.39015032958236,39,1,0,Pahana,PERSON,241,247
mdp.39015032958236,39,2,0,Hopi,LANGUAGE,29,33
mdp.39015032958236,39,3,0,Pahana,NORP,1,7
mdp.39015032958236,39,3,1,Whiteman,PERSON,9,17
mdp.39015032958236,39,3,2,Hopi,LANGUAGE,19,23
mdp.39015032958236,39,3,3,Whiteman,WORK_OF_ART,29,37
mdp.39015032958236,39,3,4,European,NORP,123,131
mdp.39015032958236,39,5,0,35,CARDINAL,0,2
mdp.39015032958236,40,0,0,Whiteman,PERSON,16,24
mdp.39015032958236,40,2,0,Yosemite National Park,FAC,15,37
mdp.39015032958236,40,2,1,1968,DATE,39,43
mdp.39015032958236,40,6,0,half,CARDINAL,58,62
mdp.39015032958236,40,6,1,half,CARDINAL,67,71
mdp.39015032958236,41,0,0,Phoenix,GPE,106,113
mdp.39015032958236,41,0,1,Santa Fe,ORG,115,123
mdp.39015032958236,41,0,2,Gallup,ORG,177,183
mdp.39015032958236,42,7,0,38,CARDINAL,0,2
mdp.39015032958236,43,0,0,THREE,CARDINAL,5,10
mdp.39015032958236,44,0,0,Mares,PERSON,10,15
mdp.39015032958236,44,4,0,Cerrito Creek,LOC,87,100
mdp.39015032958236,44,6,0,sixteen,CARDINAL,118,125
mdp.39015032958236,44,7,0,40,CARDINAL,0,2
mdp.39015032958236,45,0,0,the years,DATE,60,69
mdp.39015032958236,45,2,0,Pacific,LOC,315,322
mdp.39015032958236,45,2,1,41,CARDINAL,434,436
mdp.39015032958236,46,0,0,Chippewas,NORP,56,65
mdp.39015032958236,46,0,1,these thirty years,DATE,236,254
mdp.39015032958236,47,0,0,The Building of the Trophy,WORK_OF_ART,0,26
mdp.39015032958236,47,1,0,late evening,TIME,100,112
mdp.39015032958236,47,7,0,43,CARDINAL,0,2
mdp.39015032958236,48,0,0,Crow,PERSON,63,67
mdp.39015032958236,48,3,0,six,CARDINAL,11,14
mdp.39015032958236,48,3,1,one,CARDINAL,38,41
mdp.39015032958236,48,3,2,her years,DATE,158,167
mdp.39015032958236,48,4,0,twelve,CARDINAL,11,17
mdp.39015032958236,48,4,1,thirteen,CARDINAL,49,57
mdp.39015032958236,48,5,0,Sixteen,DATE,0,7
mdp.39015032958236,48,5,1,salvation army,ORG,55,69
mdp.39015032958236,49,0,0,Eighteen,DATE,0,8
mdp.39015032958236,49,1,0,nineteen,DATE,3,11
mdp.39015032958236,49,2,0,Twenty years,DATE,0,12
mdp.39015032958236,49,3,0,Twenty-one,DATE,0,10
mdp.39015032958236,49,3,1,Honda,PRODUCT,36,41
mdp.39015032958236,49,3,2,Nevada,GPE,68,74
mdp.39015032958236,49,3,3,Utah,GPE,76,80
mdp.39015032958236,49,3,4,Arizona,GPE,82,89
mdp.39015032958236,49,4,0,Twenty-five,DATE,0,11
mdp.39015032958236,49,4,1,years,DATE,109,114
mdp.39015032958236,49,5,0,45,CARDINAL,0,2
mdp.39015032958236,50,0,0,arctic,LOC,4,10
mdp.39015032958236,50,0,1,thirty,DATE,33,39
mdp.39015032958236,50,1,0,Thirty-four,DATE,0,11
mdp.39015032958236,50,1,1,46,CARDINAL,276,278
mdp.39015032958236,51,1,0,two,CARDINAL,135,138
mdp.39015032958236,51,2,0,one,CARDINAL,24,27
mdp.39015032958236,51,3,0,47,CARDINAL,0,2
mdp.39015032958236,52,2,0,48,CARDINAL,0,2
mdp.39015032958236,53,0,0,One,CARDINAL,20,23
mdp.39015032958236,53,2,0,tomorrow,DATE,177,185
mdp.39015032958236,53,3,0,49,CARDINAL,0,2
mdp.39015032958236,54,2,0,late summer,DATE,46,57
mdp.39015032958236,54,4,0,50,CARDINAL,0,2
mdp.39015032958236,55,0,0,afternoons,TIME,62,72
mdp.39015032958236,55,0,1,Eagle Hill,LOC,98,108
mdp.39015032958236,56,1,0,the morning,TIME,3,14
mdp.39015032958236,56,1,1,one,CARDINAL,57,60
mdp.39015032958236,57,0,0,winter,DATE,38,44
mdp.39015032958236,57,0,1,the last hour,TIME,223,236
mdp.39015032958236,59,0,0,FOUR,CARDINAL,5,9
mdp.39015032958236,60,0,0,Truganinny “Truganinny,PERSON,0,22
mdp.39015032958236,60,0,1,Tasmanians,NORP,40,50
mdp.39015032958236,60,1,0,over eighty years,DATE,79,96
mdp.39015032958236,60,2,0,-Paul Coe,PERSON,0,9
mdp.39015032958236,60,2,1,Australian Aborigine,NORP,11,31
mdp.39015032958236,60,2,2,1972,DATE,42,46
mdp.39015032958236,60,6,0,56,CARDINAL,0,2
mdp.39015032958236,61,5,0,Dreaming,PERSON,76,84
mdp.39015032958236,62,0,0,Isamu,PERSON,0,5
mdp.39015032958236,62,1,0,Isamu Gilmour Noguchi,PERSON,0,21
mdp.39015032958236,62,2,0,American,NORP,5,13
mdp.39015032958236,62,2,1,four,CARDINAL,151,155
mdp.39015032958236,62,3,0,Japanese,NORP,95,103
mdp.39015032958236,62,4,0,Isamu,PERSON,0,5
mdp.39015032958236,63,0,0,Isamu,PERSON,0,5
mdp.39015032958236,63,0,1,every day,DATE,74,83
mdp.39015032958236,63,1,0,tomorrow,DATE,76,84
mdp.39015032958236,64,0,0,Hanabi,NORP,0,6
mdp.39015032958236,64,0,1,Koko,PERSON,11,15
mdp.39015032958236,64,0,2,Koko,PERSON,55,59
mdp.39015032958236,64,2,0,Koko,PERSON,0,4
mdp.39015032958236,64,3,0,60,CARDINAL,336,338
mdp.39015032958236,65,0,0,The Day,DATE,0,7
mdp.39015032958236,65,4,0,the whole night,TIME,9,24
mdp.39015032958236,65,4,1,morning,TIME,97,104
mdp.39015032958236,65,4,2,morning,TIME,108,115
mdp.39015032958236,65,4,3,two,CARDINAL,123,126
mdp.39015032958236,65,6,0,61,CARDINAL,0,2
mdp.39015032958236,67,0,0,Robert,PERSON,0,6
mdp.39015032958236,67,1,0,-J. Robert Oppenheimer,PERSON,0,22
mdp.39015032958236,67,1,1,1945,DATE,24,28
mdp.39015032958236,67,3,0,los alamos,PERSON,0,10
mdp.39015032958236,67,3,1,frail robert,PERSON,31,43
mdp.39015032958236,67,3,2,jornada del muerto,PERSON,45,63
mdp.39015032958236,67,4,0,morning,TIME,29,36
mdp.39015032958236,67,4,1,63,CARDINAL,395,397
mdp.39015032958236,68,0,0,Yuriko Yuriko,PERSON,0,13
mdp.39015032958236,68,0,1,Hiroshima,GPE,42,51
mdp.39015032958236,68,0,2,Americans,NORP,61,70
mdp.39015032958236,68,0,3,1945,DATE,101,105
mdp.39015032958236,68,1,0,1978,DATE,34,38
mdp.39015032958236,68,1,1,Yuriko,PERSON,43,49
mdp.39015032958236,68,2,0,Yuriko,PERSON,25,31
mdp.39015032958236,68,3,0,Yuriko,PERSON,24,30
mdp.39015032958236,68,3,1,first,ORDINAL,33,38
mdp.39015032958236,68,3,2,over one year later,DATE,67,86
mdp.39015032958236,68,3,3,first,ORDINAL,92,97
mdp.39015032958236,68,7,0,morning,TIME,46,53
mdp.39015032958236,68,11,0,two,CARDINAL,10,13
mdp.39015032958236,68,11,1,64,CARDINAL,105,107
mdp.39015032958236,69,2,0,65,CARDINAL,39,41
mdp.39015032958236,70,0,0,Kitty,PERSON,0,5
mdp.39015032958236,70,0,1,first,ORDINAL,12,17
mdp.39015032958236,70,0,2,Gypsy,NORP,42,47
mdp.39015032958236,70,1,0,next morning,TIME,53,65
mdp.39015032958236,70,1,1,Kitty Felix Hart,PERSON,134,150
mdp.39015032958236,70,1,2,Canadian,NORP,179,187
mdp.39015032958236,70,1,3,Auschwitz,FAC,203,212
mdp.39015032958236,70,1,4,1978,DATE,216,220
mdp.39015032958236,70,2,0,England,GPE,52,59
mdp.39015032958236,70,4,0,Mengele,PERSON,127,134
mdp.39015032958236,71,2,0,just one,CARDINAL,15,23
mdp.39015032958236,71,2,1,two,CARDINAL,25,28
mdp.39015032958236,71,2,2,three,CARDINAL,30,35
mdp.39015032958236,71,8,0,67,CARDINAL,172,174
mdp.39015032958236,72,0,0,Nazi,NORP,52,56
mdp.39015032958236,72,1,0,Polish,NORP,16,22
mdp.39015032958236,72,2,0,English,LANGUAGE,67,74
mdp.39015032958236,72,2,1,Polish,LANGUAGE,90,96
mdp.39015032958236,73,0,0,Julia (Julia Pastrana,PERSON,0,21
mdp.39015032958236,73,0,1,mid-19th century,DATE,28,44
mdp.39015032958236,73,0,2,The Ugliest Woman in the World,WORK_OF_ART,96,126
mdp.39015032958236,73,0,3,The Lion Lady,WORK_OF_ART,144,157
mdp.39015032958236,73,1,0,a Mexican Indian,NORP,8,24
mdp.39015032958236,73,3,0,only six hours,TIME,33,47
mdp.39015032958236,73,4,0,three days later,DATE,9,25
mdp.39015032958236,73,5,0,Julia,PERSON,64,69
mdp.39015032958236,73,6,0,1975,DATE,15,19
mdp.39015032958236,73,6,1,Julia Pastrana,PERSON,21,35
mdp.39015032958236,73,6,2,Europe,LOC,74,80
mdp.39015032958236,73,6,3,the United States,GPE,88,105
mdp.39015032958236,73,10,0,these warm days,DATE,38,53
mdp.39015032958236,74,0,0,French,NORP,229,235
mdp.39015032958236,74,1,0,O'tomi,NORP,42,48
mdp.39015032958236,74,2,0,winter,DATE,47,53
mdp.39015032958236,74,5,0,yesterday,DATE,111,120
mdp.39015032958236,74,6,0,70,CARDINAL,0,2
mdp.39015032958236,75,1,0,today,DATE,70,75
mdp.39015032958236,75,1,1,today,DATE,85,90
mdp.39015032958236,75,1,2,one,CARDINAL,165,168
mdp.39015032958236,75,3,0,71,CARDINAL,0,2
mdp.39015032958236,78,0,0,8.95,MONEY,40,44
mdp.39015032958236,78,2,0,MAY O.  APRIA APR 1997,DATE,0,22
mdp.39015032958236,78,2,1,DEC 1 2 2002004,DATE,26,41
mdp.39015032958236,78,3,0,tomorrow,DATE,77,85
mdp.39015032958236,78,5,0,-Joseph Bruchác,PERSON,0,15
mdp.39015032958236,78,5,1,Greenfield Center,FAC,17,34
mdp.39015032958236,78,5,2,27334,CARDINAL,63,68
mdp.39015032958236,78,5,3,Albuquerque,GPE,69,80
mdp.39015032958236,78,5,4,NM,GPE,82,84
mdp.39015032958236,79,0,0,Barcode Inside,PERSON,1,15
