vol_id,page,sentence_id,ent_id,entity,entity_type,start_char,end_char
mdp.39015046883529,1,0,0,1974-96,DATE,42,49
mdp.39015046883529,1,0,1,nila northSun,PERSON,53,66
mdp.39015046883529,2,0,0,MICO,GPE,3,7
mdp.39015046883529,2,0,1,CHIGAN,GPE,19,25
mdp.39015046883529,3,0,0,1974-96,DATE,27,34
mdp.39015046883529,3,0,1,nila northSun,PERSON,35,48
mdp.39015046883529,4,0,0,828 N877gn,PERSON,0,10
mdp.39015046883529,4,1,0,nila northSun,PERSON,64,77
mdp.39015046883529,4,1,1,1977,DATE,108,112
mdp.39015046883529,4,1,2,"Small Bones, Little Eyes",WORK_OF_ART,113,137
mdp.39015046883529,4,1,3,1981,DATE,139,143
mdp.39015046883529,4,2,0,Barnet,PERSON,70,76
mdp.39015046883529,4,2,1,Berman,PERSON,81,87
mdp.39015046883529,4,2,2,"Literature: Thinking, Reading, Writing Critically",WORK_OF_ART,95,144
mdp.39015046883529,4,2,3,1997,DATE,164,168
mdp.39015046883529,4,2,4,Griffin,PERSON,169,176
mdp.39015046883529,4,2,5,"Desert Wood: Anthology of Nevada Poets, Nevada",WORK_OF_ART,183,229
mdp.39015046883529,4,2,6,1991,DATE,231,235
mdp.39015046883529,4,2,7,"Beatty and Hunter, eds",WORK_OF_ART,236,258
mdp.39015046883529,4,2,8,New Worlds of Literature,WORK_OF_ART,261,285
mdp.39015046883529,4,2,9,Norton,ORG,296,302
mdp.39015046883529,4,2,10,1994,DATE,304,308
mdp.39015046883529,4,2,11,Velie,PERSON,309,314
mdp.39015046883529,4,2,12,"American Indian Literature, Oklahoma, 1979 Harjo and Bird, eds.,",WORK_OF_ART,321,385
mdp.39015046883529,4,2,13,Reinventing the Enemy's Language,WORK_OF_ART,386,418
mdp.39015046883529,4,2,14,"Norton,",ORG,420,427
mdp.39015046883529,4,2,15,1997,DATE,428,432
mdp.39015046883529,4,3,0,the National Endowment for the Arts,ORG,50,85
mdp.39015046883529,4,4,0,1997,DATE,2,6
mdp.39015046883529,4,4,1,nila northSun,PERSON,10,23
mdp.39015046883529,4,6,0,the United States of America,GPE,11,39
mdp.39015046883529,4,9,0,First,ORDINAL,0,5
mdp.39015046883529,4,9,1,August 1997,DATE,15,26
mdp.39015046883529,4,9,2,0-931122-87,CARDINAL,32,43
mdp.39015046883529,4,9,3,Michael Reed,PERSON,61,73
mdp.39015046883529,4,9,4,Albuquerque,GPE,99,110
mdp.39015046883529,4,9,5,NM,GPE,112,114
mdp.39015046883529,4,9,6,the University of New Mexico Press,ORG,130,164
mdp.39015046883529,4,9,7,West End Press,ORG,165,179
mdp.39015046883529,4,9,8,27334,CARDINAL,191,196
mdp.39015046883529,4,9,9,Albuquerque,GPE,199,210
mdp.39015046883529,4,9,10,NM,GPE,212,214
mdp.39015046883529,5,0,0,31539269,CARDINAL,5,13
mdp.39015046883529,5,0,1,2/12199,CARDINAL,19,26
mdp.39015046883529,5,0,2,cody,PERSON,31,35
mdp.39015046883529,5,0,3,jesse,PERSON,37,42
mdp.39015046883529,5,0,4,mishon,PERSON,45,51
mdp.39015046883529,7,5,0,suzie,PERSON,0,5
mdp.39015046883529,7,6,0,euell gibbons,PERSON,91,104
mdp.39015046883529,7,8,0,2,CARDINAL,5,6
mdp.39015046883529,7,9,0,shadow,PERSON,0,6
mdp.39015046883529,7,9,1,indian,NORP,53,59
mdp.39015046883529,7,9,2,indian,NORP,88,94
mdp.39015046883529,7,10,0,babe,PERSON,0,4
mdp.39015046883529,7,10,1,babe,PERSON,22,26
mdp.39015046883529,7,10,2,haunted egg,PERSON,129,140
mdp.39015046883529,8,1,0,3,CARDINAL,5,6
mdp.39015046883529,8,1,1,canada,GPE,76,82
mdp.39015046883529,8,2,0,mexican,NORP,87,94
mdp.39015046883529,8,2,1,"dec. 25, 1984",DATE,251,264
mdp.39015046883529,8,2,2,11 years,DATE,282,290
mdp.39015046883529,8,2,3,4,CARDINAL,374,375
mdp.39015046883529,8,2,4,99,CARDINAL,377,379
mdp.39015046883529,8,4,0,99,QUANTITY,610,612
mdp.39015046883529,9,0,0,1,CARDINAL,5,6
mdp.39015046883529,11,0,0,75 mph,QUANTITY,126,132
mdp.39015046883529,11,0,1,eric,PERSON,391,395
mdp.39015046883529,12,0,0,two,CARDINAL,49,52
mdp.39015046883529,12,0,1,2,CARDINAL,432,433
mdp.39015046883529,13,0,0,indians,NORP,54,61
mdp.39015046883529,13,0,1,powwow,EVENT,139,145
mdp.39015046883529,13,0,2,noon,TIME,215,219
mdp.39015046883529,13,0,3,49,FAC,282,284
mdp.39015046883529,14,0,0,1st,ORDINAL,4,7
mdp.39015046883529,14,0,1,12,DATE,55,57
mdp.39015046883529,14,0,2,indian,NORP,80,86
mdp.39015046883529,15,0,0,black dog,PERSON,0,9
mdp.39015046883529,15,0,1,black dog,PERSON,172,181
mdp.39015046883529,15,0,2,3 years old,DATE,185,196
mdp.39015046883529,15,0,3,5,CARDINAL,214,215
mdp.39015046883529,15,0,4,2,CARDINAL,304,305
mdp.39015046883529,15,0,5,3,CARDINAL,309,310
mdp.39015046883529,15,0,6,one,CARDINAL,475,478
mdp.39015046883529,15,0,7,20 lbs,QUANTITY,533,539
mdp.39015046883529,17,2,0,mose,PERSON,4,8
mdp.39015046883529,17,5,0,mose,PERSON,121,125
mdp.39015046883529,17,5,1,last night,TIME,226,236
mdp.39015046883529,18,0,0,suzie,PERSON,0,5
mdp.39015046883529,18,0,1,today,DATE,29,34
mdp.39015046883529,19,0,0,barrel-racer,PERSON,0,12
mdp.39015046883529,19,0,1,nevada,GPE,59,65
mdp.39015046883529,19,0,2,glamour,WORK_OF_ART,73,80
mdp.39015046883529,19,0,3,14 years,DATE,545,553
mdp.39015046883529,19,0,4,3,CARDINAL,554,555
mdp.39015046883529,19,0,5,true confessions,WORK_OF_ART,582,598
mdp.39015046883529,19,0,6,19 years old,DATE,638,650
mdp.39015046883529,20,0,0,one,CARDINAL,45,48
mdp.39015046883529,22,0,0,euell gibbons,PERSON,0,13
mdp.39015046883529,22,0,1,a million,CARDINAL,153,162
mdp.39015046883529,22,0,2,4,CARDINAL,322,323
mdp.39015046883529,22,0,3,2,CARDINAL,357,358
mdp.39015046883529,22,0,4,1,CARDINAL,375,376
mdp.39015046883529,22,0,5,3,CARDINAL,389,390
mdp.39015046883529,22,0,6,1,CARDINAL,405,406
mdp.39015046883529,23,0,0,15,CARDINAL,126,128
mdp.39015046883529,24,0,0,many moons,DATE,37,47
mdp.39015046883529,24,0,1,travois,GPE,63,70
mdp.39015046883529,24,0,2,the tourist burger stand,FAC,340,364
mdp.39015046883529,24,0,3,indian,NORP,380,386
mdp.39015046883529,25,0,0,3,CARDINAL,23,24
mdp.39015046883529,25,0,1,2,CARDINAL,35,36
mdp.39015046883529,25,0,2,1,CARDINAL,48,49
mdp.39015046883529,26,0,0,ponema,GPE,14,20
mdp.39015046883529,27,0,0,sara ray,PERSON,8,16
mdp.39015046883529,27,0,1,midnight,TIME,102,110
mdp.39015046883529,27,0,2,sara ray's,PERSON,126,136
mdp.39015046883529,27,0,3,8 year old,DATE,154,164
mdp.39015046883529,27,0,4,sara ray's,PERSON,363,373
mdp.39015046883529,27,0,5,sara ray,PERSON,393,401
mdp.39015046883529,27,1,0,sara ray,PERSON,59,67
mdp.39015046883529,28,0,0,second,ORDINAL,263,269
mdp.39015046883529,28,0,1,jerusalem,GPE,530,539
mdp.39015046883529,28,0,2,about 3 inches,QUANTITY,578,592
mdp.39015046883529,28,0,3,20,CARDINAL,1095,1097
mdp.39015046883529,29,0,0,navajo,NORP,29,35
mdp.39015046883529,31,0,0,2,CARDINAL,5,6
mdp.39015046883529,33,0,0,W Wa,GPE,25,29
mdp.39015046883529,33,0,1,muscatel,PERSON,67,75
mdp.39015046883529,33,0,2,first,ORDINAL,280,285
mdp.39015046883529,33,0,3,indian,NORP,360,366
mdp.39015046883529,34,0,0,shadow,PERSON,0,6
mdp.39015046883529,34,0,1,shadow,PERSON,34,40
mdp.39015046883529,34,0,2,shadow,PERSON,54,60
mdp.39015046883529,34,0,3,indians,NORP,131,138
mdp.39015046883529,34,0,4,shadow apple,PERSON,156,168
mdp.39015046883529,34,0,5,indian,NORP,169,175
mdp.39015046883529,34,0,6,INDIAN,NORP,192,198
mdp.39015046883529,34,1,0,shadow,PERSON,13,19
mdp.39015046883529,34,1,1,26,CARDINAL,160,162
mdp.39015046883529,35,0,0,indian,NORP,15,21
mdp.39015046883529,35,0,1,5 year old,DATE,127,137
mdp.39015046883529,35,0,2,indian,NORP,176,182
mdp.39015046883529,35,0,3,a good 10 hours,TIME,263,278
mdp.39015046883529,35,0,4,3,CARDINAL,326,327
mdp.39015046883529,35,0,5,indian,NORP,359,365
mdp.39015046883529,35,0,6,only 2,CARDINAL,431,437
mdp.39015046883529,35,0,7,indians,NORP,521,528
mdp.39015046883529,35,0,8,hawaiian,NORP,684,692
mdp.39015046883529,36,0,0,tipis,NORP,38,43
mdp.39015046883529,36,0,1,the pre-dawn hours,TIME,155,173
mdp.39015046883529,36,0,2,2 that morn,TIME,353,364
mdp.39015046883529,36,1,0,grandpa,PERSON,0,7
mdp.39015046883529,36,1,1,grandpa,PERSON,145,152
mdp.39015046883529,36,1,2,grandpa,PERSON,250,257
mdp.39015046883529,36,1,3,grandpa,PERSON,385,392
mdp.39015046883529,37,1,0,grandpa,PERSON,0,7
mdp.39015046883529,37,1,1,20 miles,QUANTITY,142,150
mdp.39015046883529,37,1,2,2 or 200 miles,QUANTITY,195,209
mdp.39015046883529,37,1,3,grandpa,PERSON,228,235
mdp.39015046883529,37,1,4,8,CARDINAL,304,305
mdp.39015046883529,37,1,5,29,CARDINAL,320,322
mdp.39015046883529,38,0,0,indian,NORP,0,6
mdp.39015046883529,38,0,1,250,MONEY,131,134
mdp.39015046883529,38,0,2,Fort Totten,FAC,138,149
mdp.39015046883529,38,0,3,175,MONEY,151,154
mdp.39015046883529,38,0,4,Bismarck,GPE,158,166
mdp.39015046883529,38,0,5,750,MONEY,168,171
mdp.39015046883529,38,0,6,White Swan,FAC,175,185
mdp.39015046883529,38,0,7,200,MONEY,211,214
mdp.39015046883529,38,0,8,Tulsa,GPE,218,223
mdp.39015046883529,38,0,9,275,MONEY,225,228
mdp.39015046883529,38,0,10,Calgary,GPE,232,239
mdp.39015046883529,38,0,11,Crow Agency,ORG,281,292
mdp.39015046883529,38,0,12,Rapid City,GPE,316,326
mdp.39015046883529,38,0,13,boy ladd,PERSON,438,446
mdp.39015046883529,38,0,14,norman new rider,PERSON,450,466
mdp.39015046883529,38,0,15,a rootin tootin,NORP,721,736
mdp.39015046883529,38,0,16,indian,NORP,737,743
mdp.39015046883529,38,0,17,the summer 30,DATE,812,825
mdp.39015046883529,39,0,0,navajo,NORP,28,34
mdp.39015046883529,39,0,1,navajos,NORP,343,350
mdp.39015046883529,39,0,2,McDonalds,ORG,484,493
mdp.39015046883529,40,0,0,tamales,NORP,0,7
mdp.39015046883529,40,0,1,tamales,EVENT,54,61
mdp.39015046883529,41,0,0,one,CARDINAL,63,66
mdp.39015046883529,41,0,1,indian,NORP,898,904
mdp.39015046883529,43,1,0,first,ORDINAL,301,306
mdp.39015046883529,43,1,1,years,DATE,655,660
mdp.39015046883529,43,1,2,4 months old,DATE,730,742
mdp.39015046883529,43,1,3,2 year old,DATE,882,892
mdp.39015046883529,43,1,4,35,CARDINAL,905,907
mdp.39015046883529,44,2,0,6 year old,DATE,4,14
mdp.39015046883529,44,2,1,a dozen,CARDINAL,246,253
mdp.39015046883529,44,2,2,36,CARDINAL,275,277
mdp.39015046883529,45,0,0,ten year old,DATE,9,21
mdp.39015046883529,45,0,1,2.99,CARDINAL,65,69
mdp.39015046883529,45,0,2,7.99,CARDINAL,73,77
mdp.39015046883529,45,0,3,four,CARDINAL,297,301
mdp.39015046883529,45,0,4,.22,PRODUCT,558,561
mdp.39015046883529,45,0,5,early morning,TIME,825,838
mdp.39015046883529,46,0,0,babe,PERSON,0,4
mdp.39015046883529,46,0,1,10 years,DATE,8,16
mdp.39015046883529,46,1,0,3 year old,DATE,16,26
mdp.39015046883529,46,1,1,indians,NORP,89,96
mdp.39015046883529,47,0,0,babe,PERSON,0,4
mdp.39015046883529,47,0,1,gramma,PERSON,59,65
mdp.39015046883529,47,0,2,just 30 miles,QUANTITY,76,89
mdp.39015046883529,47,0,3,the mission district,LOC,264,284
mdp.39015046883529,47,0,4,babe,PERSON,285,289
mdp.39015046883529,47,1,0,a couple years,DATE,101,115
mdp.39015046883529,47,1,1,babe,PERSON,272,276
mdp.39015046883529,48,0,0,riding hood,PERSON,11,22
mdp.39015046883529,48,0,1,gramma,PERSON,66,72
mdp.39015046883529,48,0,2,eight,CARDINAL,95,100
mdp.39015046883529,48,0,3,babe,PERSON,158,162
mdp.39015046883529,48,0,4,age 34,DATE,163,169
mdp.39015046883529,48,0,5,gramma,PERSON,170,176
mdp.39015046883529,48,0,6,klamath falls,GPE,234,247
mdp.39015046883529,48,0,7,chicano,NORP,279,286
mdp.39015046883529,48,0,8,indian,NORP,290,296
mdp.39015046883529,48,0,9,LA,GPE,312,314
mdp.39015046883529,48,0,10,babe,PERSON,315,319
mdp.39015046883529,48,0,11,16,DATE,333,335
mdp.39015046883529,48,0,12,a year later,DATE,442,454
mdp.39015046883529,48,0,13,120 to 180 lbs,QUANTITY,525,539
mdp.39015046883529,48,0,14,40,DATE,932,934
mdp.39015046883529,49,0,0,babe,PERSON,57,61
mdp.39015046883529,49,0,1,10 years older,DATE,62,76
mdp.39015046883529,49,0,2,gramma,PERSON,126,132
mdp.39015046883529,49,0,3,gramma,PERSON,174,180
mdp.39015046883529,49,0,4,12 year old,DATE,232,243
mdp.39015046883529,49,0,5,babe,PERSON,336,340
mdp.39015046883529,49,0,6,gramma,PERSON,355,361
mdp.39015046883529,49,0,7,gramma,PERSON,398,404
mdp.39015046883529,49,0,8,babe,PERSON,428,432
mdp.39015046883529,49,0,9,babe,PERSON,543,547
mdp.39015046883529,49,0,10,gramma,PERSON,593,599
mdp.39015046883529,49,0,11,babe,PERSON,631,635
mdp.39015046883529,49,0,12,gramma,PERSON,643,649
mdp.39015046883529,49,0,13,babe,PERSON,803,807
mdp.39015046883529,49,0,14,last week,DATE,817,826
mdp.39015046883529,50,0,0,37,DATE,91,93
mdp.39015046883529,51,0,0,his early 70s,DATE,35,48
mdp.39015046883529,51,0,1,gramma,PERSON,148,154
mdp.39015046883529,51,0,2,those late crab,TIME,337,352
mdp.39015046883529,51,0,3,one night,TIME,413,422
mdp.39015046883529,51,0,4,gramma,PERSON,423,429
mdp.39015046883529,51,0,5,grandpa,PERSON,432,439
mdp.39015046883529,51,0,6,lawrence welk,PERSON,454,467
mdp.39015046883529,51,1,0,grandpa,PERSON,0,7
mdp.39015046883529,51,1,1,lawrence welk,PERSON,55,68
mdp.39015046883529,52,0,0,haunted egg grandpa,PERSON,0,19
mdp.39015046883529,52,0,1,late at night,TIME,20,33
mdp.39015046883529,52,0,2,the nevada hills,LOC,70,86
mdp.39015046883529,52,0,3,monday,DATE,163,169
mdp.39015046883529,52,0,4,friday,DATE,175,181
mdp.39015046883529,52,0,5,10,QUANTITY,248,250
mdp.39015046883529,52,0,6,late at night,TIME,738,751
mdp.39015046883529,53,0,0,gramma,PERSON,5,11
mdp.39015046883529,53,0,1,gramma,PERSON,64,70
mdp.39015046883529,54,0,0,gramma,PERSON,29,35
mdp.39015046883529,54,0,1,indian,LANGUAGE,116,122
mdp.39015046883529,54,0,2,gramma,PERSON,236,242
mdp.39015046883529,54,0,3,gramma,PERSON,371,377
mdp.39015046883529,54,0,4,indian,LANGUAGE,417,423
mdp.39015046883529,55,0,0,3,CARDINAL,5,6
mdp.39015046883529,57,1,0,one,CARDINAL,88,91
mdp.39015046883529,57,1,1,49,CARDINAL,247,249
mdp.39015046883529,59,0,0,portable,PRODUCT,90,98
mdp.39015046883529,59,0,1,mary,PERSON,195,199
mdp.39015046883529,59,0,2,jesus,PERSON,202,207
mdp.39015046883529,59,0,3,miss teen americans,NORP,236,255
mdp.39015046883529,59,1,0,miss san jose,PERSON,8,21
mdp.39015046883529,59,2,0,miss toledo ohio,PERSON,8,24
mdp.39015046883529,59,3,0,american,NORP,45,53
mdp.39015046883529,59,3,1,indian,NORP,243,249
mdp.39015046883529,59,3,2,miss toledo,PERSON,262,273
mdp.39015046883529,59,3,3,ohio,GPE,274,278
mdp.39015046883529,61,0,0,nimitz,ORG,50,56
mdp.39015046883529,61,0,1,the nimitz freeway,FAC,113,131
mdp.39015046883529,61,0,2,john wayne,PERSON,277,287
mdp.39015046883529,61,0,3,indians,NORP,295,302
mdp.39015046883529,61,1,0,two,CARDINAL,51,54
mdp.39015046883529,61,1,1,53,CARDINAL,180,182
mdp.39015046883529,62,0,0,canada,GPE,0,6
mdp.39015046883529,62,0,1,the hood canal,LOC,112,126
mdp.39015046883529,62,0,2,victoria,GPE,127,135
mdp.39015046883529,62,0,3,the provincial museum,FAC,178,199
mdp.39015046883529,62,0,4,haida,NORP,219,224
mdp.39015046883529,63,0,0,holda,PERSON,573,578
mdp.39015046883529,64,0,0,the boy magician,PERSON,39,55
mdp.39015046883529,64,0,1,johnny cash,PERSON,193,204
mdp.39015046883529,64,0,2,56,CARDINAL,285,287
mdp.39015046883529,65,0,0,57,CARDINAL,380,382
mdp.39015046883529,66,0,0,jesus christ,PERSON,61,73
mdp.39015046883529,66,0,1,28 years old,DATE,214,226
mdp.39015046883529,66,0,2,28 years old,DATE,254,266
mdp.39015046883529,66,0,3,16,DATE,333,335
mdp.39015046883529,66,0,4,enduro,PERSON,359,365
mdp.39015046883529,66,0,5,atlas jack lalanne,PERSON,370,388
mdp.39015046883529,66,0,6,only 11,DATE,411,418
mdp.39015046883529,66,0,7,58,DATE,463,465
mdp.39015046883529,67,0,0,mexican,NORP,0,7
mdp.39015046883529,67,0,1,mexico,GPE,95,101
mdp.39015046883529,67,0,2,mexican,NORP,264,271
mdp.39015046883529,69,0,0,20 year old,DATE,126,137
mdp.39015046883529,70,0,0,months,DATE,172,178
mdp.39015046883529,72,0,0,two,CARDINAL,436,439
mdp.39015046883529,72,1,0,3 o'clock,TIME,198,207
mdp.39015046883529,72,1,1,dawn 64,TIME,418,425
mdp.39015046883529,73,0,0,"dec. 25, 1984",DATE,8,21
mdp.39015046883529,73,0,1,11 years,DATE,39,47
mdp.39015046883529,73,0,2,yesterday,DATE,157,166
mdp.39015046883529,73,0,3,1.25,MONEY,216,220
mdp.39015046883529,73,0,4,a few bucks,MONEY,366,377
mdp.39015046883529,74,1,0,two,CARDINAL,5,8
mdp.39015046883529,77,0,0,4,CARDINAL,5,6
mdp.39015046883529,77,0,1,99,CARDINAL,8,10
mdp.39015046883529,79,0,0,30 days,DATE,247,254
mdp.39015046883529,79,0,1,3 months,DATE,516,524
mdp.39015046883529,79,0,2,housing authority,ORG,844,861
mdp.39015046883529,80,0,0,native americans,NORP,387,403
mdp.39015046883529,80,0,1,3,CARDINAL,407,408
mdp.39015046883529,80,1,0,christmas,DATE,452,461
mdp.39015046883529,80,1,1,santa,PERSON,473,478
mdp.39015046883529,80,1,2,indian,LANGUAGE,659,665
mdp.39015046883529,80,1,3,jesus christ,PERSON,715,727
mdp.39015046883529,80,1,4,bible,WORK_OF_ART,745,750
mdp.39015046883529,81,0,0,so and so's,PERSON,264,275
mdp.39015046883529,82,0,0,the keeper of the fire,PERSON,0,22
mdp.39015046883529,82,3,0,china syndrome,EVENT,14,28
mdp.39015046883529,82,4,0,74,CARDINAL,44,46
mdp.39015046883529,83,0,0,24 hours,TIME,39,47
mdp.39015046883529,83,0,1,four,CARDINAL,427,431
mdp.39015046883529,84,1,0,this afternoon,TIME,176,190
mdp.39015046883529,84,1,1,a year later,DATE,430,442
mdp.39015046883529,84,2,0,last night,TIME,163,173
mdp.39015046883529,84,2,1,76,CARDINAL,449,451
mdp.39015046883529,86,0,0,the “basket lady,PERSON,32,48
mdp.39015046883529,86,0,1,indian,NORP,59,65
mdp.39015046883529,86,0,2,the basket lady,PERSON,521,536
mdp.39015046883529,86,0,3,indian,NORP,589,595
mdp.39015046883529,86,0,4,the basket lady,PERSON,700,715
mdp.39015046883529,87,0,0,halloween,EVENT,48,57
mdp.39015046883529,87,0,1,last year,DATE,119,128
mdp.39015046883529,87,0,2,the year,DATE,133,141
mdp.39015046883529,87,0,3,hubby,PERSON,464,469
mdp.39015046883529,87,0,4,an american indian,NORP,549,567
mdp.39015046883529,88,0,0,anthros,NORP,9,16
mdp.39015046883529,88,0,1,sundance,EVENT,38,46
mdp.39015046883529,88,0,2,one,CARDINAL,484,487
mdp.39015046883529,89,0,0,the sundance lodge,FAC,159,177
mdp.39015046883529,89,0,1,four days,DATE,217,226
mdp.39015046883529,90,1,0,21,DATE,132,134
mdp.39015046883529,91,0,0,5,MONEY,454,455
mdp.39015046883529,91,0,1,3,MONEY,468,469
mdp.39015046883529,91,0,2,sunday,DATE,938,944
mdp.39015046883529,92,0,0,northwest coast,LOC,34,49
mdp.39015046883529,92,0,1,canadian,NORP,286,294
mdp.39015046883529,93,0,0,ron-day-voo,PERSON,11,22
mdp.39015046883529,93,0,1,chinese,NORP,559,566
mdp.39015046883529,93,0,2,first,ORDINAL,722,727
mdp.39015046883529,94,0,0,the fantasy rendezvous casino,FAC,15,44
mdp.39015046883529,94,0,1,two,CARDINAL,301,304
mdp.39015046883529,94,0,2,sunday,DATE,674,680
mdp.39015046883529,94,0,3,$100 million,MONEY,787,799
mdp.39015046883529,95,0,0,10,CARDINAL,131,133
mdp.39015046883529,95,0,1,second,ORDINAL,535,541
mdp.39015046883529,95,0,2,7,CARDINAL,810,811
mdp.39015046883529,95,0,3,10,CARDINAL,815,817
mdp.39015046883529,97,0,0,thousands,CARDINAL,138,147
mdp.39015046883529,97,1,0,indians,NORP,140,147
mdp.39015046883529,97,1,1,wovoka,PERSON,240,246
mdp.39015046883529,98,0,0,99,CARDINAL,0,2
mdp.39015046883529,98,0,1,cosmo mag,ORG,31,40
mdp.39015046883529,98,0,2,99,CARDINAL,65,67
mdp.39015046883529,98,0,3,47,CARDINAL,107,109
mdp.39015046883529,98,0,4,aegean,NORP,441,447
mdp.39015046883529,98,0,5,monaco,GPE,487,493
mdp.39015046883529,98,0,6,the grand prix,EVENT,498,512
mdp.39015046883529,98,0,7,rio,GPE,519,522
mdp.39015046883529,98,0,8,carnival,EVENT,530,538
mdp.39015046883529,98,0,9,maza-ska,NORP,565,573
mdp.39015046883529,98,0,10,indian,NORP,603,609
mdp.39015046883529,98,1,0,49ing,PERSON,75,80
mdp.39015046883529,98,1,1,crow fair,FAC,84,93
mdp.39015046883529,98,1,2,20,CARDINAL,103,105
mdp.39015046883529,98,1,3,white,NORP,164,169
mdp.39015046883529,98,1,4,indian,NORP,198,204
mdp.39015046883529,98,1,5,sioux,NORP,226,231
mdp.39015046883529,98,1,6,indian,NORP,279,285
mdp.39015046883529,98,1,7,hopi,NORP,407,411
mdp.39015046883529,98,1,8,kachina,NORP,412,419
mdp.39015046883529,98,1,9,yakima,NORP,443,449
mdp.39015046883529,98,1,10,indian,NORP,477,483
mdp.39015046883529,98,1,11,90,CARDINAL,490,492
mdp.39015046883529,99,0,0,indian,NORP,38,44
mdp.39015046883529,99,0,1,tipi,NORP,111,115
mdp.39015046883529,99,0,2,skinwalker,PERSON,246,256
mdp.39015046883529,99,0,3,christmas,DATE,417,426
mdp.39015046883529,99,0,4,paris,GPE,765,770
mdp.39015046883529,100,0,0,drano,PERSON,647,652
mdp.39015046883529,100,0,1,first,ORDINAL,769,774
mdp.39015046883529,101,0,0,14 yr old,DATE,111,120
mdp.39015046883529,101,0,1,tina,PERSON,121,125
mdp.39015046883529,101,0,2,the ya-ya,PERSON,139,148
mdp.39015046883529,101,0,3,fort peck,GPE,217,226
mdp.39015046883529,101,0,4,9 months later,DATE,227,241
mdp.39015046883529,101,0,5,tina,PERSON,277,281
mdp.39015046883529,101,0,6,lorena,PERSON,306,312
mdp.39015046883529,101,0,7,the ya-ya,PERSON,513,522
mdp.39015046883529,101,0,8,harold,PERSON,604,610
mdp.39015046883529,101,0,9,7 year old,DATE,692,702
mdp.39015046883529,101,0,10,the ya-ya's,PERSON,861,872
mdp.39015046883529,101,0,11,the ya-ya,PERSON,891,900
mdp.39015046883529,102,0,0,years ago,DATE,434,443
mdp.39015046883529,103,0,0,harold,PERSON,444,450
mdp.39015046883529,103,0,1,the ya-ya's,PERSON,1083,1094
mdp.39015046883529,103,0,2,95,CARDINAL,1144,1146
mdp.39015046883529,104,0,0,harold,PERSON,589,595
mdp.39015046883529,104,0,1,harold,PERSON,783,789
mdp.39015046883529,104,0,2,harold,PERSON,805,811
mdp.39015046883529,108,0,0,1974-96,DATE,28,35
mdp.39015046883529,108,0,1,nila northSun,PERSON,39,52
mdp.39015046883529,108,1,0,Nila Northsun,PERSON,0,13
mdp.39015046883529,108,1,1,Chippewa-Shoshone,NORP,26,43
mdp.39015046883529,108,1,2,Nevada,GPE,55,61
mdp.39015046883529,108,1,3,1951,DATE,65,69
mdp.39015046883529,108,2,0,the University of Montana,ORG,14,39
mdp.39015046883529,108,2,1,the Stillwater Indian Reservation,FAC,54,87
mdp.39015046883529,108,2,2,Fallon,GPE,91,97
mdp.39015046883529,108,2,3,Nevada,GPE,99,105
mdp.39015046883529,108,3,0,Native American,NORP,16,31
mdp.39015046883529,108,3,1,the 1970s,DATE,56,65
mdp.39015046883529,108,3,2,two,CARDINAL,81,84
mdp.39015046883529,108,3,3,Diet Pepsi,PRODUCT,116,126
mdp.39015046883529,108,3,4,1977,DATE,145,149
mdp.39015046883529,108,3,5,Paiute-Shoshone,NORP,193,208
mdp.39015046883529,108,4,0,New Worlds of Literature,WORK_OF_ART,36,60
mdp.39015046883529,108,4,1,Reinventing the Enemy's Language,WORK_OF_ART,74,106
mdp.39015046883529,108,4,2,European,NORP,136,144
mdp.39015046883529,108,5,0,more than 15 years,DATE,5,23
mdp.39015046883529,108,5,1,nila northSun,PERSON,25,38
mdp.39015046883529,108,5,2,American Indian,NORP,150,165
mdp.39015046883529,108,6,0,Native American,NORP,102,117
mdp.39015046883529,108,6,1,Sherman Alexie,PERSON,135,149
mdp.39015046883529,108,7,0,late night,TIME,47,57
mdp.39015046883529,108,8,0,Nevada,GPE,71,77
mdp.39015046883529,108,10,0,first,ORDINAL,43,48
mdp.39015046883529,108,10,1,nila northSun's,PERSON,65,80
mdp.39015046883529,108,11,0,-Joseph Bruchac,PERSON,0,15
mdp.39015046883529,108,11,1,the University of New Mexico Press,ORG,59,93
mdp.39015046883529,108,11,2,8.95,CARDINAL,148,152
mdp.39015046883529,108,11,3,27334,CARDINAL,177,182
mdp.39015046883529,108,11,4,Albuquerque,GPE,183,194
mdp.39015046883529,108,11,5,NM,GPE,196,198
