vol_id,page,sentence_id,ent_id,entity,entity_type,start_char,end_char
mdp.39015062522845,1,0,0,2005,DATE,24,28
mdp.39015062522845,1,0,1,The Mother's Tongue Heid E. Erdrich SALT LE,WORK_OF_ART,40,83
mdp.39015062522845,3,0,0,Indiana,GPE,13,20
mdp.39015062522845,5,0,0,HEID E. ERDRICH,PERSON,20,35
mdp.39015062522845,5,0,1,Fishing for Myth,WORK_OF_ART,47,63
mdp.39015062522845,5,0,2,New Rivers Press,ORG,75,91
mdp.39015062522845,5,0,3,Sister Nations,ORG,109,123
mdp.39015062522845,5,0,4,the Minnesota Historical Society Press,ORG,139,177
mdp.39015062522845,5,0,5,The Loft Literary Center,ORG,199,223
mdp.39015062522845,5,0,6,Minnesota State Arts Board,ORG,225,251
mdp.39015062522845,5,0,7,Wordcraft Circle of Native Writers,ORG,253,287
mdp.39015062522845,5,0,8,the Archibald Bush Foundation,ORG,293,322
mdp.39015062522845,5,1,0,Birchbark Books Press,ORG,12,33
mdp.39015062522845,5,1,1,Louise Erdrich,PERSON,58,72
mdp.39015062522845,5,2,0,Dartmouth College,ORG,21,38
mdp.39015062522845,5,2,1,Johns Hopkins University,ORG,43,67
mdp.39015062522845,5,3,0,the Turtle Mountain Band of Ojibway,ORG,12,47
mdp.39015062522845,5,3,1,Wahpeton,GPE,67,75
mdp.39015062522845,5,3,2,North Dakota,GPE,77,89
mdp.39015062522845,5,3,3,the Bureau of Indian Affairs,ORG,118,146
mdp.39015062522845,5,4,0,The University of St. Thomas,ORG,15,43
mdp.39015062522845,6,0,0,Janet McAdams,PERSON,33,46
mdp.39015062522845,6,0,1,HEID E. ERDRICH,PERSON,47,62
mdp.39015062522845,6,0,2,The Mother's Tongue,WORK_OF_ART,64,83
mdp.39015062522845,6,0,3,DIANE GLANCY,PERSON,84,96
mdp.39015062522845,6,1,0,LEANNE HOWE,PERSON,0,11
mdp.39015062522845,6,1,1,Evidence of Red,WORK_OF_ART,13,28
mdp.39015062522845,6,1,2,DEBORAH A. MIRANDA,PERSON,46,64
mdp.39015062522845,6,1,3,The Zen of La Llorona CARTER REVARD: How the Songs Come Down:,WORK_OF_ART,66,127
mdp.39015062522845,7,0,0,E. ERDRICH,PERSON,25,35
mdp.39015062522845,8,0,0,2005,DATE,23,27
mdp.39015062522845,8,0,1,937,CARDINAL,64,67
mdp.39015062522845,8,0,2,Great Wilbraham,GPE,69,84
mdp.39015062522845,8,0,3,United Kingdom,GPE,108,122
mdp.39015062522845,8,2,0,Heid E. Erdrich,PERSON,0,15
mdp.39015062522845,8,2,1,2005,DATE,17,21
mdp.39015062522845,8,3,0,Heid E. Erdrich,PERSON,13,28
mdp.39015062522845,8,3,1,Section 77 of,LAW,117,130
mdp.39015062522845,8,3,2,"the Copyright, Designs and Patents Act",LAW,131,169
mdp.39015062522845,8,3,3,1988,DATE,170,174
mdp.39015062522845,8,5,0,Salt Publishing,ORG,171,186
mdp.39015062522845,8,6,0,2005,DATE,16,20
mdp.39015062522845,8,6,1,the United Kingdom,GPE,42,60
mdp.39015062522845,8,6,2,Lightning Source Typeset,ORG,64,88
mdp.39015062522845,8,7,0,1 84471 060 2,CARDINAL,5,18
mdp.39015062522845,8,7,1,3 5 7 9 8 6 4 2,CARDINAL,34,49
mdp.39015062522845,9,0,0,2-16-06,DATE,26,33
mdp.39015062522845,9,1,0,John,PERSON,4,8
mdp.39015062522845,9,1,1,Jules Ezra,PERSON,10,20
mdp.39015062522845,9,1,2,Eliza Jonis,PERSON,26,37
mdp.39015062522845,11,0,0,1,CARDINAL,25,26
mdp.39015062522845,11,0,1,356,CARDINAL,98,101
mdp.39015062522845,11,0,2,78,CARDINAL,102,104
mdp.39015062522845,11,1,0,14 15,CARDINAL,134,139
mdp.39015062522845,11,1,1,19,CARDINAL,226,228
mdp.39015062522845,11,2,0,20,CARDINAL,45,47
mdp.39015062522845,11,2,1,2,CARDINAL,81,82
mdp.39015062522845,11,2,2,First Month,DATE,102,113
mdp.39015062522845,11,2,3,23,CARDINAL,193,195
mdp.39015062522845,12,0,0,34,CARDINAL,53,55
mdp.39015062522845,12,0,1,37,CARDINAL,114,116
mdp.39015062522845,12,0,2,40,CARDINAL,152,154
mdp.39015062522845,12,0,3,Seventh Month,DATE,195,208
mdp.39015062522845,12,0,4,42,CARDINAL,223,225
mdp.39015062522845,12,0,5,46,CARDINAL,232,234
mdp.39015062522845,12,0,6,49,CARDINAL,272,274
mdp.39015062522845,12,0,7,50,CARDINAL,291,293
mdp.39015062522845,12,2,0,63,CARDINAL,28,30
mdp.39015062522845,12,2,1,Twelve,CARDINAL,31,37
mdp.39015062522845,12,2,2,1999,DATE,53,57
mdp.39015062522845,12,2,3,73,CARDINAL,116,118
mdp.39015062522845,13,0,0,Ojibwe,NORP,98,104
mdp.39015062522845,13,1,0,1 A.M.,TIME,58,64
mdp.39015062522845,13,1,1,First,ORDINAL,220,225
mdp.39015062522845,13,1,2,74,CARDINAL,241,243
mdp.39015062522845,15,1,0,The Mother's Tongue,WORK_OF_ART,21,40
mdp.39015062522845,15,1,1,Idol Construction,WORK_OF_ART,130,147
mdp.39015062522845,15,1,2,The Talking of Hands anthology,WORK_OF_ART,150,180
mdp.39015062522845,15,1,3,New Rivers Press,ORG,182,198
mdp.39015062522845,15,1,4,1998,DATE,200,204
mdp.39015062522845,15,1,5,Stung,WORK_OF_ART,207,212
mdp.39015062522845,15,1,6,Flyway literary review,ORG,215,237
mdp.39015062522845,15,1,7,2000,DATE,239,243
mdp.39015062522845,15,1,8,Elemental Conception,WORK_OF_ART,246,266
mdp.39015062522845,15,1,9,Borealis Literary Review,ORG,269,293
mdp.39015062522845,15,1,10,2002,DATE,295,299
mdp.39015062522845,15,1,11,Minnesota Historical Society Press,ORG,366,400
mdp.39015062522845,15,1,12,April 2002,DATE,402,412
mdp.39015062522845,15,1,13,Offering: The Child,WORK_OF_ART,433,452
mdp.39015062522845,15,1,14,Cream City Review,ORG,455,472
mdp.39015062522845,15,1,15,2002,DATE,474,478
mdp.39015062522845,15,1,16,Remedy,WORK_OF_ART,481,487
mdp.39015062522845,15,1,17,Shenandoah,GPE,490,500
mdp.39015062522845,15,1,18,2004,DATE,502,506
mdp.39015062522845,15,1,19,Image and After Image,WORK_OF_ART,509,530
mdp.39015062522845,15,1,20,Great River Review,ORG,533,551
mdp.39015062522845,15,1,21,2005,DATE,553,557
mdp.39015062522845,15,2,0,The Minnesota State Arts Board,ORG,48,78
mdp.39015062522845,15,2,1,the Archibald Bush Foundation,ORG,80,109
mdp.39015062522845,15,2,2,The Loft Literary Center,ORG,111,135
mdp.39015062522845,15,2,3,The Anderson Center for Interdisciplinary Arts,ORG,137,183
mdp.39015062522845,15,2,4,The University of St. Thomas,ORG,188,216
mdp.39015062522845,15,3,0,Chris Hamilton-Emery and Salt Publishing,ORG,21,61
mdp.39015062522845,15,4,0,Cyber-Kookum,PERSON,34,46
mdp.39015062522845,15,5,0,Leslie Miller,PERSON,38,51
mdp.39015062522845,15,5,1,Janet McAdams,PERSON,53,66
mdp.39015062522845,15,5,2,Roni Natov,PERSON,68,78
mdp.39015062522845,15,5,3,Mark Turcotte,PERSON,80,93
mdp.39015062522845,15,5,4,Jim Cihlar,PERSON,110,120
mdp.39015062522845,15,6,0,Chi Miigwech,PERSON,0,12
mdp.39015062522845,15,6,1,Rick Gresczyk,PERSON,16,29
mdp.39015062522845,15,6,2,Gwayakogaabo,GPE,31,43
mdp.39015062522845,15,7,0,Nimiigwech-iwendam wiidookawiyan Awanigaabo,PERSON,0,43
mdp.39015062522845,15,8,0,Miigwech Nimise,PERSON,0,15
mdp.39015062522845,15,9,0,Miigwech Aanik,PERSON,0,14
mdp.39015062522845,15,10,0,Miigwech niiji gikino'amaaganidok.,PERSON,0,34
mdp.39015062522845,15,11,0,Bungi etago ninitaa Ojibewem,PERSON,0,28
mdp.39015062522845,15,12,0,Niminwendaan Ojibwemowin,PERSON,0,24
mdp.39015062522845,15,13,0,Ojibwe,LANGUAGE,18,24
mdp.39015062522845,15,15,0,Miigwech manidoog.,PERSON,0,18
mdp.39015062522845,17,0,0,Gichimookomaanimo,PERSON,16,33
mdp.39015062522845,17,0,1,American,NORP,42,50
mdp.39015062522845,17,0,2,the Long Knives',LOC,59,75
mdp.39015062522845,17,3,0,English,LANGUAGE,156,163
mdp.39015062522845,17,3,1,Ojibwe,LANGUAGE,167,173
mdp.39015062522845,17,3,2,English,LANGUAGE,312,319
mdp.39015062522845,17,3,3,Ojibwe,LANGUAGE,414,420
mdp.39015062522845,19,0,0,1,CARDINAL,0,1
mdp.39015062522845,21,1,0,African,NORP,8,15
mdp.39015062522845,21,3,0,African,NORP,106,113
mdp.39015062522845,22,1,0,one,CARDINAL,36,39
mdp.39015062522845,22,3,0,one,CARDINAL,4,7
mdp.39015062522845,22,13,0,days,DATE,59,63
mdp.39015062522845,23,5,0,nights,DATE,35,41
mdp.39015062522845,24,0,0,The Hive Improvisation,PERSON,0,22
mdp.39015062522845,25,10,0,166,CARDINAL,0,3
mdp.39015062522845,26,1,0,Late summer,DATE,0,11
mdp.39015062522845,26,1,1,late afternoon,TIME,13,27
mdp.39015062522845,26,2,0,all summer,DATE,40,50
mdp.39015062522845,26,3,0,second,ORDINAL,12,18
mdp.39015062522845,26,4,0,only so many days,DATE,72,89
mdp.39015062522845,26,6,0,the day,DATE,14,21
mdp.39015062522845,26,11,0,five,CARDINAL,7,11
mdp.39015062522845,26,13,0,Some hour,TIME,0,9
mdp.39015062522845,26,19,0,all winter,DATE,93,103
mdp.39015062522845,27,1,0,half,CARDINAL,77,81
mdp.39015062522845,27,3,0,one,CARDINAL,18,21
mdp.39015062522845,27,3,1,ten,CARDINAL,55,58
mdp.39015062522845,27,4,0,the morning,TIME,3,14
mdp.39015062522845,27,12,0,years ago,DATE,23,32
mdp.39015062522845,27,12,1,two,CARDINAL,84,87
mdp.39015062522845,27,12,2,one,CARDINAL,93,96
mdp.39015062522845,28,1,0,evening,TIME,32,39
mdp.39015062522845,28,3,0,just a few weeks,DATE,15,31
mdp.39015062522845,28,6,0,daily,DATE,59,64
mdp.39015062522845,29,5,0,just yesterday,DATE,52,66
mdp.39015062522845,29,5,1,two,CARDINAL,95,98
mdp.39015062522845,29,5,2,one,CARDINAL,143,146
mdp.39015062522845,29,5,3,one,CARDINAL,163,166
mdp.39015062522845,30,0,0,The River,WORK_OF_ART,11,20
mdp.39015062522845,30,0,1,Jim Denomie,PERSON,41,52
mdp.39015062522845,30,0,2,Asiginak Phthalo,PERSON,54,70
mdp.39015062522845,31,0,0,Neon Lovers,PERSON,0,11
mdp.39015062522845,33,0,0,The Red Toad,PERSON,0,12
mdp.39015062522845,33,1,0,One morning,TIME,0,11
mdp.39015062522845,34,0,0,Oyster Mother,PERSON,0,13
mdp.39015062522845,35,0,0,Amazon,ORG,0,6
mdp.39015062522845,35,0,1,Twin,CARDINAL,37,41
mdp.39015062522845,35,2,0,four,CARDINAL,33,37
mdp.39015062522845,35,9,0,two,CARDINAL,38,41
mdp.39015062522845,36,3,0,Bible,WORK_OF_ART,64,69
mdp.39015062522845,36,5,0,two,CARDINAL,69,72
mdp.39015062522845,36,5,1,days,DATE,121,125
mdp.39015062522845,36,6,0,Odes,WORK_OF_ART,99,103
mdp.39015062522845,36,6,1,Solomon,PERSON,109,116
mdp.39015062522845,36,8,0,three,CARDINAL,71,76
mdp.39015062522845,37,5,0,a few days,DATE,11,21
mdp.39015062522845,37,11,0,Six weeks,DATE,0,9
mdp.39015062522845,37,11,1,two weeks,DATE,40,49
mdp.39015062522845,37,12,0,21,CARDINAL,1,3
mdp.39015062522845,38,0,0,Pica,PERSON,0,4
mdp.39015062522845,38,2,0,TORTULA I,PERSON,0,9
mdp.39015062522845,38,3,0,her ninth month,DATE,47,62
mdp.39015062522845,38,6,0,the fifties,DATE,31,42
mdp.39015062522845,38,12,0,miles,CARDINAL,34,39
mdp.39015062522845,38,13,0,one,CARDINAL,144,147
mdp.39015062522845,39,0,0,The Deep Sparrows,PERSON,0,17
mdp.39015062522845,39,0,1,first thing,TIME,69,80
mdp.39015062522845,39,0,2,first,ORDINAL,82,87
mdp.39015062522845,39,0,3,April,DATE,106,111
mdp.39015062522845,39,3,0,first,ORDINAL,49,54
mdp.39015062522845,39,3,1,another dawn,TIME,91,103
mdp.39015062522845,39,9,0,23,CARDINAL,1,3
mdp.39015062522845,41,0,0,2,CARDINAL,0,1
mdp.39015062522845,43,0,0,First Month,DATE,9,20
mdp.39015062522845,43,4,0,Rapunzel,PERSON,8,16
mdp.39015062522845,43,4,1,hours,TIME,137,142
mdp.39015062522845,43,4,2,two,CARDINAL,171,174
mdp.39015062522845,43,9,0,winter,DATE,90,96
mdp.39015062522845,43,10,0,month one,DATE,30,39
mdp.39015062522845,44,0,0,The Child,PERSON,10,19
mdp.39015062522845,44,5,0,days,DATE,103,107
mdp.39015062522845,44,6,0,each year,DATE,101,110
mdp.39015062522845,44,7,0,Neapolitan,NORP,89,99
mdp.39015062522845,45,0,0,days,DATE,54,58
mdp.39015062522845,46,1,0,only one,CARDINAL,19,27
mdp.39015062522845,46,4,0,summer,DATE,62,68
mdp.39015062522845,47,0,0,Kookum,PERSON,0,6
mdp.39015062522845,47,0,1,morning,TIME,24,31
mdp.39015062522845,47,3,0,Ojibwe,LANGUAGE,150,156
mdp.39015062522845,47,3,1,daily,DATE,185,190
mdp.39015062522845,47,3,2,mornings,TIME,216,224
mdp.39015062522845,47,5,0,thirteen,CARDINAL,45,53
mdp.39015062522845,47,5,1,seventh,ORDINAL,58,65
mdp.39015062522845,47,5,2,Moses,PERSON,112,117
mdp.39015062522845,47,5,3,second,ORDINAL,125,131
mdp.39015062522845,47,7,0,Shyoosh,PERSON,12,19
mdp.39015062522845,47,7,1,hundreds,CARDINAL,100,108
mdp.39015062522845,47,7,2,many years,DATE,114,124
mdp.39015062522845,47,9,0,Canada,GPE,69,75
mdp.39015062522845,47,9,1,Indian,NORP,96,102
mdp.39015062522845,47,9,2,the Mashkiki Innni,PERSON,111,129
mdp.39015062522845,47,11,0,Two,CARDINAL,0,3
mdp.39015062522845,48,0,0,First,ORDINAL,0,5
mdp.39015062522845,48,0,1,Jim Northrup,PERSON,15,27
mdp.39015062522845,48,2,0,First,ORDINAL,0,5
mdp.39015062522845,49,5,0,33,CARDINAL,1,3
mdp.39015062522845,50,2,0,thirteen years ago,DATE,110,128
mdp.39015062522845,50,7,0,Lazy Lake,LOC,56,65
mdp.39015062522845,50,7,1,Lake of the Shy,LOC,67,82
mdp.39015062522845,51,10,0,one,CARDINAL,34,37
mdp.39015062522845,51,11,0,35,CARDINAL,1,3
mdp.39015062522845,52,9,0,a decade,DATE,31,39
mdp.39015062522845,52,10,0,3.2,CARDINAL,43,46
mdp.39015062522845,52,10,1,each summer,DATE,74,85
mdp.39015062522845,52,11,0,one,CARDINAL,23,26
mdp.39015062522845,53,0,0,Cat Woman,PERSON,0,9
mdp.39015062522845,53,6,0,37,CARDINAL,1,3
mdp.39015062522845,54,0,0,Parade of Old Loves,WORK_OF_ART,0,19
mdp.39015062522845,54,7,0,38,CARDINAL,1,3
mdp.39015062522845,55,4,0,all three,CARDINAL,102,111
mdp.39015062522845,56,1,0,Milocz,PERSON,71,77
mdp.39015062522845,56,3,0,two,CARDINAL,22,25
mdp.39015062522845,56,3,1,One,CARDINAL,54,57
mdp.39015062522845,56,4,0,daily,DATE,25,30
mdp.39015062522845,56,4,1,Milocz,PERSON,60,66
mdp.39015062522845,57,1,0,roman,NORP,41,46
mdp.39015062522845,57,2,0,Years later,DATE,0,11
mdp.39015062522845,57,8,0,41,CARDINAL,1,3
mdp.39015062522845,59,2,0,one,CARDINAL,111,114
mdp.39015062522845,59,2,1,two,CARDINAL,124,127
mdp.39015062522845,60,0,0,Nesting Dolls,PERSON,0,13
mdp.39015062522845,60,4,0,Ojibwe,NORP,43,49
mdp.39015062522845,60,4,1,Ojibwe,NORP,70,76
mdp.39015062522845,61,0,0,Seventh Month,DATE,9,22
mdp.39015062522845,61,3,0,tonight,TIME,132,139
mdp.39015062522845,62,0,0,Another Touch F,PERSON,0,15
mdp.39015062522845,62,1,0,Minnesota,GPE,19,28
mdp.39015062522845,62,1,1,midwinter,DATE,44,53
mdp.39015062522845,62,3,0,my last month,DATE,11,24
mdp.39015062522845,62,4,0,Elizabethans,NORP,48,60
mdp.39015062522845,62,9,0,three,CARDINAL,340,345
mdp.39015062522845,63,0,0,3,CARDINAL,0,1
mdp.39015062522845,65,1,0,The Womanly Art,WORK_OF_ART,19,34
mdp.39015062522845,65,2,0,two,CARDINAL,39,42
mdp.39015062522845,65,7,0,all night,TIME,85,94
mdp.39015062522845,66,1,0,Evening,TIME,0,7
mdp.39015062522845,66,2,0,a week,DATE,64,70
mdp.39015062522845,66,9,0,50,CARDINAL,1,3
mdp.39015062522845,69,2,0,one,CARDINAL,56,59
mdp.39015062522845,72,3,0,hourly,DATE,42,48
mdp.39015062522845,72,3,1,every hour,TIME,74,84
mdp.39015062522845,72,4,0,Forty-five minutes,TIME,0,18
mdp.39015062522845,73,5,0,every night,TIME,40,51
mdp.39015062522845,75,4,0,three,CARDINAL,3,8
mdp.39015062522845,76,0,0,New Born,PERSON,0,8
mdp.39015062522845,76,10,0,every hour,TIME,32,42
mdp.39015062522845,77,5,0,four,CARDINAL,73,77
mdp.39015062522845,78,1,0,night,TIME,152,157
mdp.39015062522845,79,3,0,Years later,DATE,0,11
mdp.39015062522845,79,3,1,Chesty,PERSON,79,85
mdp.39015062522845,79,7,0,Just twelve,DATE,65,76
mdp.39015062522845,79,7,1,eleven,DATE,80,86
mdp.39015062522845,79,10,0,years,DATE,135,140
mdp.39015062522845,80,0,0,Twelve,CARDINAL,0,6
mdp.39015062522845,80,0,1,1999,DATE,22,26
mdp.39015062522845,80,3,0,Eastern Europe,LOC,120,134
mdp.39015062522845,81,0,0,five,CARDINAL,22,26
mdp.39015062522845,81,2,0,SUSAN MAUSHART,PERSON,0,14
mdp.39015062522845,81,2,1,The Mask of Motherhood,WORK_OF_ART,16,38
mdp.39015062522845,81,2,2,3 A.M.,TIME,76,82
mdp.39015062522845,81,3,0,Ears,PERSON,17,21
mdp.39015062522845,81,4,0,What to Expect,WORK_OF_ART,49,63
mdp.39015062522845,81,6,0,Ears,PERSON,4,8
mdp.39015062522845,82,0,0,3 A.M.,TIME,39,45
mdp.39015062522845,82,7,0,Ears,PERSON,34,38
mdp.39015062522845,83,1,0,3 a.,TIME,25,29
mdp.39015062522845,83,2,0,Ears,PERSON,4,8
mdp.39015062522845,83,4,0,What to Expect,WORK_OF_ART,79,93
mdp.39015062522845,83,8,0,eight,CARDINAL,16,21
mdp.39015062522845,83,8,1,Earswhose,PERSON,36,45
mdp.39015062522845,84,0,0,3 A.M.,TIME,31,37
mdp.39015062522845,84,1,0,seventeen,DATE,78,87
mdp.39015062522845,84,2,0,51,CARDINAL,258,260
mdp.39015062522845,85,1,0,3 A.M.,TIME,27,33
mdp.39015062522845,85,8,0,Ears,PERSON,69,73
mdp.39015062522845,87,0,0,4,CARDINAL,0,1
mdp.39015062522845,89,0,0,Ojibwe,PERSON,10,16
mdp.39015062522845,89,2,0,Ojibwe,LANGUAGE,26,32
mdp.39015062522845,90,1,0,August,DATE,63,69
mdp.39015062522845,90,1,1,days,DATE,95,99
mdp.39015062522845,90,1,2,a million,CARDINAL,147,156
mdp.39015062522845,90,2,0,three,CARDINAL,58,63
mdp.39015062522845,90,4,0,Indian,NORP,111,117
mdp.39015062522845,91,0,0,Volkswagens,PRODUCT,51,62
mdp.39015062522845,91,2,0,two,CARDINAL,198,201
mdp.39015062522845,91,3,0,Two,CARDINAL,0,3
mdp.39015062522845,91,4,0,Mountain,LOC,127,135
mdp.39015062522845,91,5,0,Two,CARDINAL,0,3
mdp.39015062522845,91,5,1,Ojibwe,NORP,44,50
mdp.39015062522845,92,0,0,Vermillion Hands,PERSON,0,16
mdp.39015062522845,92,1,0,Centuries,DATE,0,9
mdp.39015062522845,92,3,0,years,DATE,21,26
mdp.39015062522845,92,3,1,years,DATE,31,36
mdp.39015062522845,93,7,0,the years,DATE,163,172
mdp.39015062522845,94,2,0,Gego zegizi kane.,PERSON,0,17
mdp.39015062522845,94,3,0,Gego zegizi kane,PERSON,0,16
mdp.39015062522845,94,4,0,Maaji'am Maaji nii'm Maaji gigidoon,PERSON,0,35
mdp.39015062522845,94,9,0,"Bakenatay, Bakenatay",WORK_OF_ART,45,65
mdp.39015062522845,94,10,0,Chi Wabeno,PERSON,63,73
mdp.39015062522845,94,11,0,Waban-ish,NORP,61,70
mdp.39015062522845,94,12,0,years,DATE,26,31
mdp.39015062522845,94,16,0,78,CARDINAL,1,3
mdp.39015062522845,98,1,0,one day,DATE,111,118
mdp.39015062522845,99,0,0,Mother of Sorrows,PERSON,0,17
mdp.39015062522845,99,1,0,the day before,DATE,40,54
mdp.39015062522845,99,4,0,Mary,PERSON,7,11
mdp.39015062522845,99,6,0,two,CARDINAL,91,94
mdp.39015062522845,99,7,0,Mary,PERSON,15,19
mdp.39015062522845,99,7,1,Magdalene,PERSON,21,30
mdp.39015062522845,99,10,0,Mary,PERSON,7,11
mdp.39015062522845,99,12,0,Mary,PERSON,98,102
mdp.39015062522845,100,0,0,Summer,DATE,0,6
mdp.39015062522845,100,1,0,the year,DATE,3,11
mdp.39015062522845,100,1,1,July Fourth,DATE,136,147
mdp.39015062522845,100,2,0,one,CARDINAL,24,27
mdp.39015062522845,100,6,0,the hot months,DATE,3,17
mdp.39015062522845,100,10,0,later that October,DATE,39,57
mdp.39015062522845,100,10,1,one,CARDINAL,104,107
mdp.39015062522845,101,0,0,days,DATE,96,100
mdp.39015062522845,101,1,0,first,ORDINAL,53,58
mdp.39015062522845,101,3,0,weeks,DATE,28,33
mdp.39015062522845,101,5,0,this season,DATE,44,55
mdp.39015062522845,104,15,0,one,CARDINAL,4,7
mdp.39015062522845,105,0,0,1 A.M.,TIME,0,6
mdp.39015062522845,105,0,1,June,DATE,29,33
mdp.39015062522845,105,7,0,Turto,PERSON,138,143
mdp.39015062522845,105,7,1,one,CARDINAL,180,183
mdp.39015062522845,105,9,0,noon,TIME,59,63
mdp.39015062522845,105,12,0,Last night,TIME,0,10
mdp.39015062522845,106,1,0,Ojibwe,GPE,49,55
mdp.39015062522845,106,1,1,Lydia Pinkham's,PERSON,98,113
mdp.39015062522845,106,10,0,Shyoosh,PERSON,5,12
mdp.39015062522845,106,12,0,Prairie Sage,PRODUCT,111,123
mdp.39015062522845,107,0,0,Wiisah kote,PERSON,0,11
mdp.39015062522845,107,2,0,winter,DATE,53,59
mdp.39015062522845,107,4,0,One hundred years ago,DATE,0,21
mdp.39015062522845,107,4,1,one hundred years from now,DATE,23,49
mdp.39015062522845,107,8,0,Wiisah kote,PERSON,0,11
mdp.39015062522845,107,8,1,Ojibwe,NORP,34,40
mdp.39015062522845,107,8,2,Metis,PRODUCT,50,55
mdp.39015062522845,108,0,0,Mindimoyeg,PERSON,0,10
mdp.39015062522845,108,0,1,Lincoln,PERSON,27,34
mdp.39015062522845,108,1,0,first,ORDINAL,35,40
mdp.39015062522845,108,4,0,American,NORP,33,41
mdp.39015062522845,108,5,0,year,DATE,39,43
mdp.39015062522845,108,5,1,year,DATE,47,51
mdp.39015062522845,108,5,2,Spring,DATE,67,73
mdp.39015062522845,108,8,0,Ojibwe,NORP,22,28
mdp.39015062522845,108,9,0,a day,DATE,16,21
mdp.39015062522845,109,3,0,next year,DATE,68,77
mdp.39015062522845,110,1,0,Little King of Everything,PERSON,68,93
mdp.39015062522845,110,4,0,another day,DATE,82,93
mdp.39015062522845,110,6,0,Dozens,CARDINAL,0,6
mdp.39015062522845,110,8,0,all day,DATE,56,63
mdp.39015062522845,110,9,0,the morning,TIME,3,14
mdp.39015062522845,111,0,0,Basswood,GPE,0,8
mdp.39015062522845,111,4,0,Basswood,LOC,26,34
mdp.39015062522845,111,5,0,Ojibwe,NORP,0,6
mdp.39015062522845,112,0,0,JEB,PERSON,14,17
mdp.39015062522845,112,2,0,Chattel,PERSON,0,7
mdp.39015062522845,113,0,0,The Good Woman,PERSON,0,14
mdp.39015062522845,113,0,1,Allison,PERSON,19,26
mdp.39015062522845,113,0,2,Lise,PERSON,31,35
mdp.39015062522845,113,7,0,each year,DATE,66,75
mdp.39015062522845,113,8,0,The Good Woman,PERSON,0,14
mdp.39015062522845,113,11,0,The Good Woman,PERSON,0,14
mdp.39015062522845,113,14,0,97,CARDINAL,1,3
mdp.39015062522845,114,0,0,The Good Woman,PERSON,0,14
mdp.39015062522845,115,0,0,The Only Child,PERSON,0,14
mdp.39015062522845,115,0,1,every night,TIME,32,43
mdp.39015062522845,115,1,0,two,CARDINAL,75,78
mdp.39015062522845,115,8,0,1666,CARDINAL,0,4
mdp.39015062522845,116,0,0,First,ORDINAL,14,19
mdp.39015062522845,116,4,0,our late 30,DATE,60,71
mdp.39015062522845,116,4,1,40's,DATE,83,87
mdp.39015062522845,116,8,0,those first months,DATE,46,64
mdp.39015062522845,116,11,0,the wee hours,TIME,31,44
mdp.39015062522845,116,11,1,all hours,TIME,84,93
mdp.39015062522845,117,10,0,Ojibwe,NORP,38,44
mdp.39015062522845,117,11,0,two,CARDINAL,41,44
mdp.39015062522845,117,15,0,Ojibwe,NORP,22,28
mdp.39015062522845,118,2,0,every day,DATE,149,158
mdp.39015062522845,118,3,0,first,ORDINAL,64,69
mdp.39015062522845,121,1,0,Rita Gourneau Erdrich,PERSON,31,52
mdp.39015062522845,121,2,0,1994,DATE,4,8
mdp.39015062522845,121,2,1,1912,DATE,39,43
mdp.39015062522845,121,2,2,Chippewa Mother and Child,WORK_OF_ART,61,86
mdp.39015062522845,121,2,3,Eliza McCloud Gourneau,PERSON,113,135
mdp.39015062522845,121,2,4,Kookum,PERSON,137,143
mdp.39015062522845,121,2,5,Flora,PERSON,163,168
mdp.39015062522845,121,4,0,thirteen,CARDINAL,131,139
mdp.39015062522845,121,5,0,Kookum,PERSON,49,55
mdp.39015062522845,121,6,0,1,CARDINAL,0,1
mdp.39015062522845,121,8,0,Latin,NORP,42,47
mdp.39015062522845,121,9,0,Tortula,PERSON,15,22
mdp.39015062522845,121,9,1,Medieval Women's Guides to Food in Pregnancy,WORK_OF_ART,72,116
mdp.39015062522845,121,9,2,Melitta Weiss Amer,PERSON,120,138
mdp.39015062522845,121,10,0,"This Body, The River",WORK_OF_ART,0,20
mdp.39015062522845,121,10,1,Ojibwe,NORP,58,64
mdp.39015062522845,121,10,2,Jim Denomie,PERSON,73,84
mdp.39015062522845,121,12,0,2,CARDINAL,0,1
mdp.39015062522845,121,13,0,Michif/Metis,NORP,20,32
mdp.39015062522845,121,13,1,Ojibwe,NORP,43,49
mdp.39015062522845,121,15,0,3,CARDINAL,0,1
mdp.39015062522845,121,15,1,Twelve,QUANTITY,12,18
mdp.39015062522845,121,15,2,1999,DATE,34,38
mdp.39015062522845,121,15,3,"April 12, 1999",DATE,66,80
mdp.39015062522845,121,15,4,Time Magazine,ORG,92,105
mdp.39015062522845,121,15,5,Kosovo,GPE,127,133
mdp.39015062522845,121,18,0,American,NORP,62,70
mdp.39015062522845,121,19,0,U.S.,GPE,75,79
mdp.39015062522845,121,19,1,Area 51,FAC,138,145
mdp.39015062522845,122,0,0,4,CARDINAL,0,1
mdp.39015062522845,122,0,1,Ojibwe,NORP,14,20
mdp.39015062522845,122,1,0,Ojibwe,LANGUAGE,130,136
mdp.39015062522845,122,2,0,Summer of Infanticides,EVENT,0,22
mdp.39015062522845,122,2,1,2002,DATE,67,71
mdp.39015062522845,122,2,2,Minnesota,GPE,75,84
mdp.39015062522845,122,3,0,Lydia Pinkham's,PERSON,16,31
mdp.39015062522845,122,3,1,American,NORP,43,51
mdp.39015062522845,122,5,0,one,CARDINAL,16,19
mdp.39015062522845,122,5,1,Ojibwe,NORP,27,33
mdp.39015062522845,122,7,0,Old Man's Tale,WORK_OF_ART,0,14
mdp.39015062522845,122,7,1,Wabeno Opiche,PERSON,42,55
mdp.39015062522845,122,8,0,106,CARDINAL,1,4
mdp.39015062522845,124,0,0,the United States,GPE,11,28
mdp.39015062522845,128,1,0,The University of St. Thomas,ORG,6,34
mdp.39015062522845,128,1,1,HEID E. ERDRICH,PERSON,35,50
mdp.39015062522845,128,1,2,Fishing for Myth,WORK_OF_ART,62,78
mdp.39015062522845,128,1,3,New Rivers Press,ORG,90,106
mdp.39015062522845,128,1,4,Sister Nations,ORG,124,138
mdp.39015062522845,128,1,5,the Minnesota Historical Society Press,ORG,154,192
mdp.39015062522845,128,1,6,The Loft Literary Center,ORG,214,238
mdp.39015062522845,128,1,7,Minnesota State Arts Board,ORG,240,266
mdp.39015062522845,128,1,8,Wordcraft Circle of Native Writers,ORG,268,302
mdp.39015062522845,128,1,9,the Archibald Bush Foundation,ORG,308,337
mdp.39015062522845,128,2,0,Birchbark Books Press,ORG,12,33
mdp.39015062522845,128,2,1,Louise Erdrich,PERSON,58,72
mdp.39015062522845,128,3,0,Dartmouth College,ORG,21,38
mdp.39015062522845,128,3,1,Johns Hopkins University,ORG,43,67
mdp.39015062522845,128,4,0,the Turtle Mountain Band of Ojibway,ORG,12,47
mdp.39015062522845,128,4,1,Wahpeton,GPE,67,75
mdp.39015062522845,128,4,2,North Dakota,GPE,77,89
mdp.39015062522845,128,4,3,the Bureau of Indian Affairs,ORG,118,146
mdp.39015062522845,128,5,0,The University of St. Thomas,ORG,15,43
mdp.39015062522845,128,9,0,Heid,PERSON,0,4
mdp.39015062522845,128,12,0,-SHERMAN ALEXIE,PERSON,0,15
mdp.39015062522845,128,12,1,With The Mother's Tongue,WORK_OF_ART,17,41
mdp.39015062522845,128,12,2,Heid Erdrich,PERSON,42,54
mdp.39015062522845,128,14,0,-JOY HARJO,PERSON,180,190
mdp.39015062522845,128,15,0,Heid,PERSON,1,5
mdp.39015062522845,128,17,0,-WANG PING,PERSON,0,10
mdp.39015062522845,128,17,1,1-844710-60-2,CARDINAL,16,29
