vol_id,page,sentence_id,ent_id,entity,entity_type,start_char,end_char
mdp.39015034867559,1,0,0,1995,DATE,14,18
mdp.39015034867559,1,0,1,THE GREAT CHANGE,WORK_OF_ART,19,35
mdp.39015034867559,1,1,0,White Deer of Autumn,WORK_OF_ART,4,24
mdp.39015034867559,1,1,1,Carol Grigg,PERSON,44,55
mdp.39015034867559,2,0,0,THE UNIVERSITY NI CARIES.,ORG,1,26
mdp.39015034867559,5,1,0,White Deer of Autumn,PERSON,9,29
mdp.39015034867559,5,1,1,Carol Grigg,PERSON,49,60
mdp.39015034867559,6,0,0,1995,DATE,18,22
mdp.39015034867559,6,0,1,"Beyond Words Publishing, Inc.",ORG,37,66
mdp.39015034867559,6,0,2,13950,CARDINAL,67,72
mdp.39015034867559,6,0,3,Pumpkin Ridge Road,FAC,76,94
mdp.39015034867559,6,0,4,Hillsboro,GPE,95,104
mdp.39015034867559,6,0,5,Oregon,GPE,106,112
mdp.39015034867559,6,0,6,503 647 5109,CARDINAL,126,138
mdp.39015034867559,6,1,0,1 800 284 9673,CARDINAL,11,25
mdp.39015034867559,6,2,0,1992,DATE,17,21
mdp.39015034867559,6,2,1,White Deer of Autumn,PERSON,25,45
mdp.39015034867559,6,2,2,1992,DATE,72,76
mdp.39015034867559,6,2,3,Carol Grigg,PERSON,80,91
mdp.39015034867559,6,5,0,Principia Graphica,ORG,8,26
mdp.39015034867559,6,5,1,Mexico,GPE,38,44
mdp.39015034867559,6,6,0,Publishers Group West,ORG,15,36
mdp.39015034867559,6,7,0,Library of Congress,ORG,0,19
mdp.39015034867559,6,7,1,White Deer of Autumn The great change,WORK_OF_ART,51,88
mdp.39015034867559,6,7,2,White Deer of Autumn,WORK_OF_ART,102,122
mdp.39015034867559,6,7,3,Carol Grigg,PERSON,140,151
mdp.39015034867559,6,10,0,Native American,NORP,2,17
mdp.39015034867559,6,10,1,13.95,MONEY,138,143
mdp.39015034867559,6,10,2,1,CARDINAL,145,146
mdp.39015034867559,6,11,0,2,CARDINAL,0,1
mdp.39015034867559,6,11,1,Indians of North America Fiction,WORK_OF_ART,3,35
mdp.39015034867559,6,12,0,Grigg,PERSON,3,8
mdp.39015034867559,6,12,1,Carol,PERSON,10,15
mdp.39015034867559,6,13,0,II,CARDINAL,0,2
mdp.39015034867559,7,0,0,Juv,DATE,0,3
mdp.39015034867559,7,0,1,Dora Davis,PERSON,29,39
mdp.39015034867559,7,1,0,White Deer of Autumn,WORK_OF_ART,0,20
mdp.39015034867559,7,2,0,Carol Grigg,PERSON,0,11
mdp.39015034867559,8,0,0,Indian,NORP,9,15
mdp.39015034867559,8,3,0,her nine years,DATE,3,17
mdp.39015034867559,8,3,1,Wanba,PERSON,67,72
mdp.39015034867559,11,0,0,Grandma,PERSON,8,15
mdp.39015034867559,11,4,0,Wanba,PERSON,71,76
mdp.39015034867559,11,6,0,Grandma,PERSON,7,14
mdp.39015034867559,12,4,0,Grandma,PERSON,1,8
mdp.39015034867559,12,5,0,Grandma,PERSON,0,7
mdp.39015034867559,12,6,0,Grandma,PERSON,57,64
mdp.39015034867559,15,2,0,Wanba,PERSON,0,5
mdp.39015034867559,16,1,0,Grandma,PERSON,0,7
mdp.39015034867559,16,4,0,Wanba,PERSON,20,25
mdp.39015034867559,16,6,0,Wanba,PERSON,98,103
mdp.39015034867559,17,0,0,Grandma,PERSON,61,68
mdp.39015034867559,20,0,0,Wanba,PERSON,3,8
mdp.39015034867559,20,0,1,Grandma,PERSON,73,80
mdp.39015034867559,20,2,0,Grandma,PERSON,16,23
mdp.39015034867559,20,5,0,Wanba,PERSON,0,5
mdp.39015034867559,20,7,0,Grandma,PERSON,18,25
mdp.39015034867559,22,0,0,Grandma,PERSON,6,13
mdp.39015034867559,22,5,0,Grandma,PERSON,0,7
mdp.39015034867559,22,10,0,Wanba,PERSON,21,26
mdp.39015034867559,22,13,0,two,CARDINAL,8,11
mdp.39015034867559,23,0,0,1,CARDINAL,0,1
mdp.39015034867559,25,3,0,the long summer,DATE,61,76
mdp.39015034867559,25,4,0,Wanba,PERSON,43,48
mdp.39015034867559,25,6,0,Wanba,PERSON,0,5
mdp.39015034867559,26,0,0,Grandpa,PERSON,35,42
mdp.39015034867559,26,2,0,that wintry day,DATE,68,83
mdp.39015034867559,26,2,1,Grandpa,PERSON,93,100
mdp.39015034867559,26,3,0,Grandchild,PERSON,15,25
mdp.39015034867559,26,5,0,Grandma,PERSON,0,7
mdp.39015034867559,26,6,0,Grandpa,PERSON,26,33
mdp.39015034867559,26,7,0,that summer afternoon,TIME,24,45
mdp.39015034867559,26,7,1,Grandpa,PERSON,57,64
mdp.39015034867559,26,9,0,two,CARDINAL,16,19
mdp.39015034867559,26,9,1,Wanba,PERSON,56,61
mdp.39015034867559,27,0,0,forty years,DATE,0,11
mdp.39015034867559,27,0,1,Wanba,PERSON,16,21
mdp.39015034867559,27,0,2,every summer,DATE,36,48
mdp.39015034867559,27,1,0,Grandma,PERSON,58,65
mdp.39015034867559,27,3,0,Grandma,PERSON,1,8
mdp.39015034867559,27,4,0,Grandpa,PERSON,33,40
mdp.39015034867559,27,6,0,Wanba,PERSON,25,30
mdp.39015034867559,29,0,0,Grandma,PERSON,28,35
mdp.39015034867559,29,5,0,Wanba,PERSON,0,5
mdp.39015034867559,30,3,0,Wanba,PERSON,0,5
mdp.39015034867559,30,3,1,a few moments,TIME,26,39
mdp.39015034867559,33,0,0,Wanba,PERSON,77,82
mdp.39015034867559,33,1,0,Grandma,PERSON,0,7
mdp.39015034867559,33,2,0,Wanba,PERSON,44,49
mdp.39015034867559,33,9,0,Wanba,PERSON,0,5
mdp.39015034867559,33,11,0,Wandering Beam,PERSON,27,41
mdp.39015034867559,33,13,0,the wonderful summer,DATE,9,29
mdp.39015034867559,33,15,0,Wanba,PERSON,0,5
mdp.39015034867559,35,1,0,two,CARDINAL,3,6
mdp.39015034867559,35,3,0,Grandpa,PERSON,36,43
mdp.39015034867559,35,4,0,Wanba,GPE,162,167
mdp.39015034867559,35,5,0,another generation,DATE,54,72
mdp.39015034867559,36,0,0,"BEYOND WORDS PUBLISHING, INC",ORG,44,72
mdp.39015034867559,36,1,0,THE NATIVE AMERICAN BOOK OF KNOWLEDGE,WORK_OF_ART,0,37
mdp.39015034867559,36,1,1,White Deer of Autumn,PERSON,46,66
mdp.39015034867559,36,2,0,Shonto Begay,PERSON,13,25
mdp.39015034867559,36,4,0,Americas,LOC,37,45
mdp.39015034867559,36,4,1,Deganawida,PERSON,57,67
mdp.39015034867559,36,4,2,Hyonwatha,PERSON,69,78
mdp.39015034867559,36,4,3,Native,NORP,143,149
mdp.39015034867559,36,5,0,96,CARDINAL,0,2
mdp.39015034867559,36,5,1,4.95,MONEY,11,15
mdp.39015034867559,36,5,2,ages 10 and up,DATE,27,41
mdp.39015034867559,36,6,0,THE NATIVE AMERICAN BOOK OF LIFE,WORK_OF_ART,0,32
mdp.39015034867559,36,6,1,White Deer of,PERSON,41,54
mdp.39015034867559,36,7,0,Shonto Begay,PERSON,13,25
mdp.39015034867559,36,8,0,Native,NORP,50,56
mdp.39015034867559,36,9,0,Native,NORP,53,59
mdp.39015034867559,36,10,0,96,CARDINAL,0,2
mdp.39015034867559,36,10,1,4.95,MONEY,11,15
mdp.39015034867559,36,10,2,ages 10 and up,DATE,27,41
mdp.39015034867559,36,11,0,THE NATIVE AMERICAN BOOK OF CHANGE,WORK_OF_ART,0,34
mdp.39015034867559,36,11,1,White Deer of Autumn,PERSON,43,63
mdp.39015034867559,36,12,0,Shonto Begay,PERSON,13,25
mdp.39015034867559,36,13,0,Native Americans,NORP,22,38
mdp.39015034867559,36,14,0,Toltec,NORP,106,112
mdp.39015034867559,36,14,1,Aztec,NORP,114,119
mdp.39015034867559,36,14,2,Mayan,NORP,121,126
mdp.39015034867559,36,14,3,North American,NORP,132,146
mdp.39015034867559,36,15,0,96,CARDINAL,0,2
mdp.39015034867559,36,15,1,4.95,MONEY,11,15
mdp.39015034867559,36,15,2,ages 10 and up,DATE,27,41
mdp.39015034867559,36,16,0,THE NATIVE AMERICAN BOOK OF WISDOM,WORK_OF_ART,0,34
mdp.39015034867559,36,16,1,White Deer of,PERSON,43,56
mdp.39015034867559,36,17,0,Shonto Begay,PERSON,13,25
mdp.39015034867559,36,20,0,96,CARDINAL,0,2
mdp.39015034867559,36,20,1,4.95,MONEY,11,15
mdp.39015034867559,36,20,2,ages 10 and up,DATE,27,41
mdp.39015034867559,36,21,0,CEREMONY IN THE CIRCLE OF LIFE,WORK_OF_ART,0,30
mdp.39015034867559,36,21,1,White Deer of Autumn,PERSON,39,59
mdp.39015034867559,36,22,0,Daniel San Souci,PERSON,13,29
mdp.39015034867559,36,22,1,nine-year-old,DATE,43,56
mdp.39015034867559,36,22,2,Native American,NORP,80,95
mdp.39015034867559,36,23,0,Star Spirit,PERSON,17,28
mdp.39015034867559,36,24,0,Turtle,PERSON,7,13
mdp.39015034867559,36,24,1,Earth,LOC,71,76
mdp.39015034867559,36,25,0,32,CARDINAL,0,2
mdp.39015034867559,36,25,1,6.95,MONEY,11,15
mdp.39015034867559,36,25,2,14.95,MONEY,28,33
mdp.39015034867559,36,25,3,ages 6-10,DATE,45,54
