vol_id,page,sentence_id,ent_id,entity,entity_type,start_char,end_char
mdp.39015034018245,3,0,0,SEVEN,CARDINAL,0,5
mdp.39015034018245,3,0,1,SEVEN,CARDINAL,14,19
mdp.39015034018245,5,0,0,SEVEN,CARDINAL,0,5
mdp.39015034018245,5,0,1,SEVEN,CARDINAL,12,17
mdp.39015034018245,5,0,2,Elizabeth Woody,PERSON,25,40
mdp.39015034018245,5,1,0,Jaune Quick-to-See Smith,PERSON,13,37
mdp.39015034018245,5,1,1,The Eighth Mountain Press,ORG,38,63
mdp.39015034018245,5,1,2,Portland,GPE,64,72
mdp.39015034018245,5,1,3,Oregon,GPE,75,81
mdp.39015034018245,5,1,4,1994,DATE,83,87
mdp.39015034018245,6,0,0,SEVEN,CARDINAL,13,18
mdp.39015034018245,6,0,1,Seven,CARDINAL,26,31
mdp.39015034018245,6,1,0,"1988, 1994",DATE,12,22
mdp.39015034018245,6,1,1,Elizabeth Woody,PERSON,26,41
mdp.39015034018245,6,4,0,Jaune Quick-to-See Smith,PERSON,12,36
mdp.39015034018245,6,5,0,Rick Bartow,PERSON,13,24
mdp.39015034018245,6,5,1,“Wajima Hawk”,WORK_OF_ART,26,39
mdp.39015034018245,6,5,2,1992,DATE,40,44
mdp.39015034018245,6,5,3,Ruth Gundle,PERSON,61,72
mdp.39015034018245,6,5,4,Ruth Gundle,PERSON,88,99
mdp.39015034018245,6,5,5,Roberta Lampert,PERSON,133,148
mdp.39015034018245,6,5,6,Thad Laughlin,PERSON,153,166
mdp.39015034018245,6,5,7,the United States of America,GPE,183,211
mdp.39015034018245,6,6,0,First,ORDINAL,0,5
mdp.39015034018245,6,6,1,1994,DATE,14,18
mdp.39015034018245,6,6,2,Woody,PERSON,91,96
mdp.39015034018245,6,6,3,Elizabeth,PERSON,98,107
mdp.39015034018245,6,6,4,1959Seven,CARDINAL,109,118
mdp.39015034018245,6,6,5,seven,CARDINAL,126,131
mdp.39015034018245,6,6,6,Elizabeth Woody,PERSON,141,156
mdp.39015034018245,6,6,7,Jaune Quick-to-See,PERSON,170,188
mdp.39015034018245,6,7,0,1st,ORDINAL,2,5
mdp.39015034018245,6,8,0,0-933377-31-2,CARDINAL,5,18
mdp.39015034018245,6,8,1,alk.,ORG,20,24
mdp.39015034018245,6,8,2,22.95,MONEY,35,40
mdp.39015034018245,6,9,0,0-933377-30-4,CARDINAL,7,20
mdp.39015034018245,6,9,1,alk.,ORG,29,33
mdp.39015034018245,6,9,2,13.95,MONEY,44,49
mdp.39015034018245,6,9,3,1,CARDINAL,50,51
mdp.39015034018245,6,10,0,2,CARDINAL,0,1
mdp.39015034018245,6,11,0,3,CARDINAL,0,1
mdp.39015034018245,6,12,0,Portland,GPE,115,123
mdp.39015034018245,6,12,1,Oregon,GPE,125,131
mdp.39015034018245,7,1,0,She Is a Stranger to Intimacy,WORK_OF_ART,1,30
mdp.39015034018245,7,1,1,Tyuonyi,GPE,55,62
mdp.39015034018245,7,1,2,Hand into Stone,WORK_OF_ART,65,80
mdp.39015034018245,7,1,3,Faces of a Reservation,WORK_OF_ART,105,127
mdp.39015034018245,7,1,4,Cynthia Stowell,PERSON,131,146
mdp.39015034018245,7,1,5,Oregon Historical Society Press,ORG,148,179
mdp.39015034018245,7,1,6,Siamese Ghosts (The Disturbed Spirits,WORK_OF_ART,182,219
mdp.39015034018245,7,1,7,The Sense,WORK_OF_ART,227,236
mdp.39015034018245,7,1,8,Spawning the Medicine River,WORK_OF_ART,262,289
mdp.39015034018245,7,1,9,Custer Must Have Learned,WORK_OF_ART,292,316
mdp.39015034018245,7,1,10,Black Fear,WORK_OF_ART,332,342
mdp.39015034018245,7,1,11,Songs from This Earth on Turtle's Back,WORK_OF_ART,368,406
mdp.39015034018245,7,1,12,Joseph Bruchac,PERSON,418,432
mdp.39015034018245,7,1,13,Greenfield Review Press,ORG,434,457
mdp.39015034018245,7,1,14,Originating Fire,WORK_OF_ART,460,476
mdp.39015034018245,7,1,15,Of Steps to Drowning,WORK_OF_ART,483,503
mdp.39015034018245,7,1,16,The Clouds Threw This Light,WORK_OF_ART,529,556
mdp.39015034018245,7,1,17,Phillip Foss,PERSON,568,580
mdp.39015034018245,7,1,18,Institute of American Indian Arts,ORG,582,615
mdp.39015034018245,7,1,19,Speaking Hands,WORK_OF_ART,624,638
mdp.39015034018245,7,1,20,Calyx,ORG,663,668
mdp.39015034018245,7,1,21,Water Combined With Throat Singing,WORK_OF_ART,671,705
mdp.39015034018245,7,1,22,Wilderness Magazine,ORG,730,749
mdp.39015034018245,7,2,0,"Our Reverence and Difficult Return""",WORK_OF_ART,1,36
mdp.39015034018245,7,2,1,Akwekon,GPE,60,67
mdp.39015034018245,7,2,2,A Warrior and the Glass Prisoners,WORK_OF_ART,70,103
mdp.39015034018245,7,2,3,Akwekon,GPE,128,135
mdp.39015034018245,7,2,4,Contact II,ORG,158,168
mdp.39015034018245,7,2,5,Spider Woman's Coyote Bones,WORK_OF_ART,171,198
mdp.39015034018245,7,2,6,The Wooster Review,ORG,223,241
mdp.39015034018245,7,2,7,Hand into Stone,WORK_OF_ART,244,259
mdp.39015034018245,7,2,8,In Memory of Crossing the Columbia,WORK_OF_ART,263,297
mdp.39015034018245,7,2,9,"“Of Steps to Drowning""",WORK_OF_ART,304,326
mdp.39015034018245,7,2,10,Dancing on the Rim of the World,WORK_OF_ART,345,376
mdp.39015034018245,7,2,11,Andrea Lerner,PERSON,451,464
mdp.39015034018245,7,2,12,University of Arizona Press,ORG,466,493
mdp.39015034018245,7,2,13,In Memory of Crossing the Columbia,WORK_OF_ART,496,530
mdp.39015034018245,7,2,14,Home Places,WORK_OF_ART,555,566
mdp.39015034018245,7,2,15,Ofelia Zepeda,PERSON,578,591
mdp.39015034018245,7,2,16,Larry Evers,PERSON,596,607
mdp.39015034018245,7,2,17,University of Arizona Press,ORG,609,636
mdp.39015034018245,8,0,0,Reminiscent of Salmon Woman,WORK_OF_ART,1,28
mdp.39015034018245,8,0,1,The Bridge,WORK_OF_ART,35,45
mdp.39015034018245,8,0,2,Durable Breath: Contemporary Native American Poetry,WORK_OF_ART,76,127
mdp.39015034018245,8,0,3,John Smelcer,PERSON,138,150
mdp.39015034018245,8,0,4,D.L. Birchfield,PERSON,155,170
mdp.39015034018245,8,0,5,Salmon Run Press/,ORG,172,189
mdp.39015034018245,8,0,6,Homecooking,WORK_OF_ART,214,225
mdp.39015034018245,8,0,7,Talking Leaves: Contemporary Native American Short Stories,WORK_OF_ART,250,308
mdp.39015034018245,8,0,8,Craig Lesley,PERSON,320,332
mdp.39015034018245,8,0,9,Dell/Laurel,ORG,334,345
mdp.39015034018245,8,0,10,Buckskin,WORK_OF_ART,348,356
mdp.39015034018245,8,0,11,Oregon Heritage,ORG,386,401
mdp.39015034018245,8,1,0,third,ORDINAL,17,22
mdp.39015034018245,8,1,1,Hand into Stone,WORK_OF_ART,33,48
mdp.39015034018245,8,1,2,Hand into Stone,WORK_OF_ART,93,108
mdp.39015034018245,8,1,3,Contact II Publications,ORG,113,136
mdp.39015034018245,8,1,4,1988,DATE,140,144
mdp.39015034018245,8,1,5,the American Book Award,WORK_OF_ART,153,176
mdp.39015034018245,8,1,6,the Before Columbus Foundation,ORG,182,212
mdp.39015034018245,8,1,7,1990,DATE,216,220
mdp.39015034018245,8,2,0,Ruth Gundle,PERSON,34,45
mdp.39015034018245,8,2,1,Hand,WORK_OF_ART,95,99
mdp.39015034018245,8,3,0,Seven,CARDINAL,16,21
mdp.39015034018245,8,3,1,Seven,CARDINAL,29,34
mdp.39015034018245,8,4,0,Lillian Pitt,PERSON,16,28
mdp.39015034018245,9,2,0,Seven,CARDINAL,0,5
mdp.39015034018245,9,2,1,SEVEN,CARDINAL,13,18
mdp.39015034018245,9,2,2,41,CARDINAL,54,56
mdp.39015034018245,9,2,3,46,CARDINAL,165,167
mdp.39015034018245,9,3,0,50,CARDINAL,0,2
mdp.39015034018245,9,4,0,Seattle,GPE,21,28
mdp.39015034018245,9,7,0,58,CARDINAL,23,25
mdp.39015034018245,10,4,0,Custer,PERSON,19,25
mdp.39015034018245,10,4,1,119,CARDINAL,217,220
mdp.39015034018245,11,0,0,Charlotte Pitt,PERSON,15,29
mdp.39015034018245,11,0,1,Guy Woody,PERSON,34,43
mdp.39015034018245,13,0,0,fourteen miles,QUANTITY,35,49
mdp.39015034018245,13,0,1,the Warm Springs Reservation,LOC,55,83
mdp.39015034018245,13,0,2,Madras,GPE,100,106
mdp.39015034018245,13,0,3,Oregon,GPE,108,114
mdp.39015034018245,13,1,0,over a hundred miles,QUANTITY,8,28
mdp.39015034018245,13,1,1,the Columbia River,LOC,34,52
mdp.39015034018245,13,1,2,over fourteen thousand years,DATE,190,218
mdp.39015034018245,13,2,0,Columbia River,LOC,60,74
mdp.39015034018245,13,2,1,Cascade,LOC,113,120
mdp.39015034018245,13,2,2,Plateau,LOC,240,247
mdp.39015034018245,13,2,3,Columbia River,LOC,248,262
mdp.39015034018245,13,4,0,first,ORDINAL,34,39
mdp.39015034018245,13,4,1,the Treaty of 1855,LAW,118,136
mdp.39015034018245,13,4,2,Bostons,PERSON,150,157
mdp.39015034018245,13,4,3,English,NORP,201,208
mdp.39015034018245,13,4,4,French,NORP,213,219
mdp.39015034018245,13,4,5,Plateau,LOC,225,232
mdp.39015034018245,13,4,6,the United States,GPE,251,268
mdp.39015034018245,13,4,7,Warm Springs,ORG,354,366
mdp.39015034018245,13,4,8,Yakama,NORP,368,374
mdp.39015034018245,13,4,9,Umatilla,GPE,376,384
mdp.39015034018245,13,4,10,Spokane,GPE,386,393
mdp.39015034018245,13,4,11,Nez Perce,GPE,399,408
mdp.39015034018245,13,5,0,Europe,LOC,92,98
mdp.39015034018245,13,8,0,"Lewis Pitt,",PERSON,16,27
mdp.39015034018245,13,8,1,Wasco/Wishram/,ORG,40,54
mdp.39015034018245,14,0,0,Watlala,NORP,0,7
mdp.39015034018245,14,3,0,Elizabeth Thompson Pitt,PERSON,16,39
mdp.39015034018245,14,3,1,Wyampum,ORG,61,68
mdp.39015034018245,14,3,2,Deschutes River,LOC,83,98
mdp.39015034018245,14,3,3,Tygh,PERSON,105,109
mdp.39015034018245,14,3,4,Kah-nee-ta Resort,FAC,163,180
mdp.39015034018245,14,7,0,Agency,ORG,23,29
mdp.39015034018245,14,7,1,Simnasho,NORP,54,62
mdp.39015034018245,14,9,0,Agency,ORG,0,6
mdp.39015034018245,14,9,1,Simnasho,GPE,11,19
mdp.39015034018245,14,9,2,two,CARDINAL,25,28
mdp.39015034018245,14,9,3,two,CARDINAL,79,82
mdp.39015034018245,14,11,0,two,CARDINAL,86,89
mdp.39015034018245,14,13,0,six,CARDINAL,21,24
mdp.39015034018245,14,13,1,Sahaptin,LANGUAGE,37,45
mdp.39015034018245,14,13,2,Chinookan Northwest,NORP,50,69
mdp.39015034018245,14,13,3,Chinook,LANGUAGE,134,141
mdp.39015034018245,14,13,4,Jargon,LANGUAGE,142,148
mdp.39015034018245,14,14,0,Warm Springs/ Sahaptin,NORP,21,43
mdp.39015034018245,14,16,0,Warm Springs,GPE,3,15
mdp.39015034018245,14,16,1,Hollywood,GPE,44,53
mdp.39015034018245,14,17,0,Lillian,PERSON,8,15
mdp.39015034018245,15,2,0,the 1950s,DATE,3,12
mdp.39015034018245,15,2,1,three,CARDINAL,77,82
mdp.39015034018245,15,2,2,English,LANGUAGE,118,125
mdp.39015034018245,15,3,0,Warm Springs,GPE,47,59
mdp.39015034018245,15,3,1,winter,DATE,150,156
mdp.39015034018245,15,4,0,"Lewis, Jr.",PERSON,9,19
mdp.39015034018245,15,5,0,Klickitat,ORG,69,78
mdp.39015034018245,15,8,0,first,ORDINAL,8,13
mdp.39015034018245,15,9,0,Lewis,PERSON,10,15
mdp.39015034018245,15,20,0,13,DATE,3,5
mdp.39015034018245,16,4,0,hours,TIME,34,39
mdp.39015034018245,16,14,0,English,LANGUAGE,34,41
mdp.39015034018245,16,14,1,daily,DATE,61,66
mdp.39015034018245,16,15,0,United States,GPE,7,20
mdp.39015034018245,16,15,1,just a few years ago,DATE,46,66
mdp.39015034018245,16,15,2,Indian,NORP,85,91
mdp.39015034018245,16,17,0,English,LANGUAGE,100,107
mdp.39015034018245,16,19,0,Indian,NORP,60,66
mdp.39015034018245,17,0,0,Sahaptin-Wasco,NORP,68,82
mdp.39015034018245,17,0,1,American,NORP,183,191
mdp.39015034018245,17,3,0,Salish,LANGUAGE,28,34
mdp.39015034018245,17,3,1,Sahaptin,LANGUAGE,36,44
mdp.39015034018245,17,3,2,Dine,LANGUAGE,49,53
mdp.39015034018245,17,4,0,Native,NORP,67,73
mdp.39015034018245,17,6,0,Native Americans,NORP,47,63
mdp.39015034018245,17,8,0,Wasco,NORP,70,75
mdp.39015034018245,17,10,0,Native,NORP,33,39
mdp.39015034018245,17,11,0,One,CARDINAL,0,3
mdp.39015034018245,17,11,1,Inupiaq,NORP,4,11
mdp.39015034018245,17,13,0,Native,NORP,15,21
mdp.39015034018245,17,16,0,Navajo,NORP,80,86
mdp.39015034018245,17,16,1,Annie Woody,PERSON,99,110
mdp.39015034018245,17,16,2,Warm Springs,GPE,125,137
mdp.39015034018245,17,16,3,Elizabeth Pitt,PERSON,150,164
mdp.39015034018245,18,0,0,Margaret Jim-Pennah,PERSON,9,28
mdp.39015034018245,18,4,0,first,ORDINAL,41,46
mdp.39015034018245,18,8,0,Margaret,PERSON,0,8
mdp.39015034018245,18,10,0,Margaret,PERSON,18,26
mdp.39015034018245,18,16,0,Earth,LOC,54,59
mdp.39015034018245,18,16,1,House of Livelihood and Rest,ORG,75,103
mdp.39015034018245,23,0,0,BUCKSKIN BUCKSKIN,PERSON,0,17
mdp.39015034018245,23,0,1,YELLOWISH,NORP,24,33
mdp.39015034018245,23,0,2,'76,DATE,50,53
mdp.39015034018245,23,0,3,Galaxy 500,PRODUCT,54,64
mdp.39015034018245,23,3,0,Lester,PERSON,83,89
mdp.39015034018245,23,5,0,Seattle,GPE,77,84
mdp.39015034018245,23,6,0,Leslie,PERSON,20,26
mdp.39015034018245,23,7,0,Buckskin,PERSON,9,17
mdp.39015034018245,23,7,1,Native American,NORP,47,62
mdp.39015034018245,23,7,2,Indian,NORP,143,149
mdp.39015034018245,23,9,0,Buckskin,PERSON,0,8
mdp.39015034018245,23,9,1,four,CARDINAL,85,89
mdp.39015034018245,23,9,2,thirty-gallon,QUANTITY,90,103
mdp.39015034018245,23,9,3,two,CARDINAL,134,137
mdp.39015034018245,23,9,4,three,CARDINAL,141,146
mdp.39015034018245,23,9,5,Palmers,PERSON,162,169
mdp.39015034018245,23,10,0,Palmers,PERSON,4,11
mdp.39015034018245,23,10,1,six foot four inches,QUANTITY,83,103
mdp.39015034018245,24,1,0,Buckskin,PRODUCT,0,8
mdp.39015034018245,24,2,0,one,CARDINAL,5,8
mdp.39015034018245,24,2,1,Leslie,PERSON,30,36
mdp.39015034018245,24,2,2,SugarMom,PERSON,41,49
mdp.39015034018245,24,2,3,Tone,PERSON,54,58
mdp.39015034018245,24,2,4,Gladys,PERSON,63,69
mdp.39015034018245,24,2,5,Happy Butt,PERSON,87,97
mdp.39015034018245,24,4,0,first,ORDINAL,17,22
mdp.39015034018245,24,4,1,Buckskin,ORG,32,40
mdp.39015034018245,24,4,2,years,DATE,66,71
mdp.39015034018245,24,5,0,Tone,PERSON,0,4
mdp.39015034018245,24,7,0,American,NORP,21,29
mdp.39015034018245,24,10,0,first,ORDINAL,22,27
mdp.39015034018245,24,12,0,Tone,PERSON,0,4
mdp.39015034018245,24,12,1,Burnside,FAC,64,72
mdp.39015034018245,24,12,2,Northwest,LOC,96,105
mdp.39015034018245,24,12,3,Buckskin,PERSON,118,126
mdp.39015034018245,24,13,0,Tone,PERSON,25,29
mdp.39015034018245,24,14,0,Tone,PERSON,12,16
mdp.39015034018245,24,16,0,Tone,PERSON,0,4
mdp.39015034018245,24,17,0,Buckskin,PERSON,34,42
mdp.39015034018245,24,18,0,Tone,PERSON,57,61
mdp.39015034018245,24,20,0,SugarMom,PERSON,32,40
mdp.39015034018245,24,20,1,Buckskin,PERSON,123,131
mdp.39015034018245,24,23,0,SugarMom,PERSON,0,8
mdp.39015034018245,24,23,1,Buckskin,PERSON,55,63
mdp.39015034018245,24,24,0,Buckskin,PERSON,3,11
mdp.39015034018245,24,28,0,22,CARDINAL,20,22
mdp.39015034018245,25,1,0,Celilo Village,GPE,43,57
mdp.39015034018245,25,1,1,eighty,CARDINAL,61,67
mdp.39015034018245,25,2,0,Ace Wrecking Yards,ORG,29,47
mdp.39015034018245,25,3,0,One,CARDINAL,0,3
mdp.39015034018245,25,3,1,Indian,NORP,16,22
mdp.39015034018245,25,3,2,Buckskin,PERSON,91,99
mdp.39015034018245,25,7,0,Buckskin,PERSON,0,8
mdp.39015034018245,25,10,0,Lewiston,GPE,19,27
mdp.39015034018245,25,10,1,Idaho,GPE,29,34
mdp.39015034018245,25,10,2,Leslie,PERSON,46,52
mdp.39015034018245,25,11,0,Leslie,PERSON,72,78
mdp.39015034018245,25,12,0,Leslie,PERSON,73,79
mdp.39015034018245,25,12,1,ten feet,QUANTITY,113,121
mdp.39015034018245,25,13,0,Leslie,PERSON,11,17
mdp.39015034018245,25,13,1,Buckskin,GPE,112,120
mdp.39015034018245,25,13,2,Leslie,PERSON,141,147
mdp.39015034018245,25,13,3,Leslie Lee,PERSON,162,172
mdp.39015034018245,25,13,4,Bruce Lee,PERSON,180,189
mdp.39015034018245,25,14,0,Buckskin,PERSON,0,8
mdp.39015034018245,25,17,0,Chevy Town,FAC,27,37
mdp.39015034018245,25,18,0,SugarMom,PERSON,0,8
mdp.39015034018245,25,19,0,Months later,DATE,0,12
mdp.39015034018245,25,19,1,Leslie,PERSON,14,20
mdp.39015034018245,25,19,2,Buckskin,PERSON,44,52
mdp.39015034018245,25,21,0,years,DATE,12,17
mdp.39015034018245,25,22,0,Toyota,ORG,10,16
mdp.39015034018245,25,22,1,White Buckskin '89,PRODUCT,22,40
mdp.39015034018245,25,23,0,23,CARDINAL,159,161
mdp.39015034018245,26,4,0,SugarMom,PERSON,5,13
mdp.39015034018245,26,4,1,Tone,PERSON,32,36
mdp.39015034018245,26,6,0,Happy Butt,PERSON,0,10
mdp.39015034018245,26,6,1,SugarMom,PERSON,28,36
mdp.39015034018245,26,7,0,White Buckskin,PRODUCT,0,14
mdp.39015034018245,26,7,1,Indian,NORP,21,27
mdp.39015034018245,26,8,0,A few more years,DATE,0,16
mdp.39015034018245,26,9,0,24,CARDINAL,0,2
mdp.39015034018245,27,0,0,morning,TIME,34,41
mdp.39015034018245,27,2,0,morning,TIME,86,93
mdp.39015034018245,27,7,0,Granma,PERSON,49,55
mdp.39015034018245,27,7,1,twenty-some,CARDINAL,91,102
mdp.39015034018245,27,10,0,Warm Springs,LOC,82,94
mdp.39015034018245,27,10,1,English,LANGUAGE,95,102
mdp.39015034018245,27,10,2,Indian,NORP,115,121
mdp.39015034018245,27,11,0,five feet,QUANTITY,22,31
mdp.39015034018245,27,11,1,ninety-eight pounds,QUANTITY,49,68
mdp.39015034018245,27,12,0,Granpa,PERSON,55,61
mdp.39015034018245,27,12,1,Granma,PERSON,121,127
mdp.39015034018245,27,13,0,some years ago,DATE,9,23
mdp.39015034018245,28,0,0,one,CARDINAL,47,50
mdp.39015034018245,28,3,0,night,TIME,38,43
mdp.39015034018245,28,5,0,Nivea,PRODUCT,4,9
mdp.39015034018245,28,6,0,two,CARDINAL,9,12
mdp.39015034018245,28,9,0,One,CARDINAL,0,3
mdp.39015034018245,28,13,0,Granma,PERSON,5,11
mdp.39015034018245,28,19,0,Granma,PERSON,45,51
mdp.39015034018245,28,19,1,Tenino Valley,LOC,110,123
mdp.39015034018245,28,21,0,one,CARDINAL,9,12
mdp.39015034018245,28,28,0,Those days,DATE,0,10
mdp.39015034018245,29,2,0,two,CARDINAL,96,99
mdp.39015034018245,29,4,0,Granma,PERSON,65,71
mdp.39015034018245,29,5,0,Granpa,PERSON,60,66
mdp.39015034018245,29,6,0,Granma,PERSON,0,6
mdp.39015034018245,29,11,0,last night,TIME,29,39
mdp.39015034018245,29,12,0,Baby,PERSON,18,22
mdp.39015034018245,29,13,0,Baby,PERSON,0,4
mdp.39015034018245,29,14,0,Granpa,PERSON,0,6
mdp.39015034018245,29,16,0,Granma,PERSON,10,16
mdp.39015034018245,29,22,0,Granpa,PERSON,20,26
mdp.39015034018245,29,24,0,Granma,PERSON,0,6
mdp.39015034018245,30,1,0,Granma,PERSON,0,6
mdp.39015034018245,30,2,0,the day,DATE,64,71
mdp.39015034018245,30,3,0,old days,DATE,17,25
mdp.39015034018245,30,9,0,Wy-East,LOC,71,78
mdp.39015034018245,30,9,1,Dreamer,PERSON,184,191
mdp.39015034018245,30,19,0,the Great Transformer,PRODUCT,130,151
mdp.39015034018245,30,20,0,The Beautiful Woman in Earth,WORK_OF_ART,0,28
mdp.39015034018245,30,23,0,one,CARDINAL,13,16
mdp.39015034018245,30,28,0,The first days,DATE,0,14
mdp.39015034018245,31,0,0,Dreamer,PERSON,12,19
mdp.39015034018245,31,5,0,Indian,LANGUAGE,14,20
mdp.39015034018245,31,15,0,Indian,LANGUAGE,62,68
mdp.39015034018245,31,21,0,years,DATE,103,108
mdp.39015034018245,31,25,0,one,CARDINAL,12,15
mdp.39015034018245,32,2,0,Mount St. Helens,LOC,21,37
mdp.39015034018245,32,8,0,Granma,PERSON,6,12
mdp.39015034018245,32,10,0,Granpa,PERSON,23,29
mdp.39015034018245,32,14,0,Granma,PERSON,0,6
mdp.39015034018245,32,14,1,half,CARDINAL,30,34
mdp.39015034018245,32,22,0,two,CARDINAL,28,31
mdp.39015034018245,32,23,0,Charleston,WORK_OF_ART,109,119
mdp.39015034018245,32,24,0,two,CARDINAL,25,28
mdp.39015034018245,32,25,0,Granma,PERSON,30,36
mdp.39015034018245,32,26,0,Granma,PERSON,133,139
mdp.39015034018245,32,27,0,Granpa,PERSON,0,6
mdp.39015034018245,32,27,1,Granma,PERSON,99,105
mdp.39015034018245,32,30,0,30,CARDINAL,20,22
mdp.39015034018245,33,0,0,Appalachian,NORP,5,16
mdp.39015034018245,33,0,1,half,CARDINAL,28,32
mdp.39015034018245,33,0,2,Granpa,PERSON,62,68
mdp.39015034018245,33,5,0,Granma,PERSON,0,6
mdp.39015034018245,33,6,0,31,CARDINAL,33,35
mdp.39015034018245,35,0,0,CHRISTIAN,NORP,22,31
mdp.39015034018245,35,1,0,Christian,NORP,34,43
mdp.39015034018245,35,1,1,Bible,WORK_OF_ART,108,113
mdp.39015034018245,35,5,0,the night,TIME,121,130
mdp.39015034018245,35,15,0,Christmas 33,DATE,39,51
mdp.39015034018245,36,2,0,Henry,PERSON,15,20
mdp.39015034018245,36,3,0,Pendleton,ORG,36,45
mdp.39015034018245,36,4,0,Bulova,PERSON,50,56
mdp.39015034018245,36,15,0,every day,DATE,60,69
mdp.39015034018245,36,15,1,Catholics,NORP,95,104
mdp.39015034018245,36,17,0,Buddhist,NORP,43,51
mdp.39015034018245,36,17,1,Shaker,NORP,110,116
mdp.39015034018245,36,23,0,five,CARDINAL,36,40
mdp.39015034018245,36,26,0,one,CARDINAL,17,20
mdp.39015034018245,37,3,0,the summer,DATE,3,13
mdp.39015034018245,37,3,1,summer,DATE,47,53
mdp.39015034018245,37,3,2,Bald Peter,LOC,65,75
mdp.39015034018245,37,5,0,Chinook,LANGUAGE,85,92
mdp.39015034018245,37,6,0,French,LANGUAGE,53,59
mdp.39015034018245,37,6,1,English,LANGUAGE,64,71
mdp.39015034018245,37,6,2,Indian,NORP,89,95
mdp.39015034018245,37,10,0,the Stick Indians,NORP,53,70
mdp.39015034018245,37,10,1,Bigfoot,ORG,79,86
mdp.39015034018245,37,11,0,night,TIME,23,28
mdp.39015034018245,37,12,0,Stick Indians,NORP,89,102
mdp.39015034018245,37,13,0,a Stick Indian,NORP,31,45
mdp.39015034018245,37,16,0,morning,TIME,3,10
mdp.39015034018245,37,24,0,one,CARDINAL,62,65
mdp.39015034018245,37,24,1,35,CARDINAL,66,68
mdp.39015034018245,38,17,0,Indian,NORP,11,17
mdp.39015034018245,38,23,0,CCC Camp,ORG,17,25
mdp.39015034018245,38,38,0,36,CARDINAL,71,73
mdp.39015034018245,39,9,0,all night,TIME,39,48
mdp.39015034018245,39,13,0,Sonny,PERSON,18,23
mdp.39015034018245,39,18,0,37,CARDINAL,40,42
mdp.39015034018245,41,0,0,SEVEN,CARDINAL,0,5
mdp.39015034018245,41,0,1,SEVEN,CARDINAL,13,18
mdp.39015034018245,43,0,0,SALMON WOMAN,PERSON,15,27
mdp.39015034018245,43,0,1,Salmon Woman,PERSON,60,72
mdp.39015034018245,43,2,0,Spring,DATE,0,6
mdp.39015034018245,43,4,0,one,CARDINAL,3,6
mdp.39015034018245,44,13,0,several summers,DATE,57,72
mdp.39015034018245,44,14,0,Summers,DATE,0,7
mdp.39015034018245,44,18,0,night,TIME,4,9
mdp.39015034018245,44,20,0,42,CARDINAL,0,2
mdp.39015034018245,45,12,0,43,CARDINAL,0,2
mdp.39015034018245,46,0,0,HORSE,PERSON,0,5
mdp.39015034018245,46,5,0,eighteen years,DATE,53,67
mdp.39015034018245,46,14,0,44,CARDINAL,0,2
mdp.39015034018245,47,9,0,45,CARDINAL,0,2
mdp.39015034018245,48,0,0,Margaret Jim-Pennah,PERSON,12,31
mdp.39015034018245,48,0,1,Gladys McDonald,PERSON,36,51
mdp.39015034018245,48,0,2,four,CARDINAL,95,99
mdp.39015034018245,48,1,0,another four,CARDINAL,6,18
mdp.39015034018245,48,2,0,four,CARDINAL,4,8
mdp.39015034018245,48,4,0,one,CARDINAL,6,9
mdp.39015034018245,48,7,0,Khoush,PERSON,20,26
mdp.39015034018245,48,7,1,Sowitk,PERSON,28,34
mdp.39015034018245,48,7,2,Piaxi,PERSON,36,41
mdp.39015034018245,48,7,3,Wakamu,PERSON,43,49
mdp.39015034018245,48,10,0,46,CARDINAL,0,2
mdp.39015034018245,49,8,0,the season,DATE,14,24
mdp.39015034018245,49,9,0,spring,DATE,13,19
mdp.39015034018245,49,16,0,47,CARDINAL,0,2
mdp.39015034018245,50,0,0,LONGHOUSE I,PERSON,0,11
mdp.39015034018245,50,4,0,Seven,CARDINAL,0,5
mdp.39015034018245,50,5,0,Seven,CARDINAL,0,5
mdp.39015034018245,50,6,0,Seven,CARDINAL,0,5
mdp.39015034018245,50,11,0,one,CARDINAL,10,13
mdp.39015034018245,50,13,0,one,CARDINAL,5,8
mdp.39015034018245,50,18,0,one,CARDINAL,40,43
mdp.39015034018245,50,19,0,48,CARDINAL,0,2
mdp.39015034018245,51,0,0,LONGHOUSE II,PERSON,0,12
mdp.39015034018245,51,15,0,Seven,CARDINAL,0,5
mdp.39015034018245,51,16,0,seven,CARDINAL,8,13
mdp.39015034018245,51,17,0,49,CARDINAL,0,2
mdp.39015034018245,52,1,0,Sister-girl's,PERSON,0,13
mdp.39015034018245,52,3,0,every year,DATE,17,27
mdp.39015034018245,52,7,0,the Disco-a-Go-Go,EVENT,18,35
mdp.39015034018245,52,16,0,the seventies,DATE,19,32
mdp.39015034018245,52,20,0,Years later,DATE,0,11
mdp.39015034018245,52,22,0,50,CARDINAL,0,2
mdp.39015034018245,53,1,0,sixteen,DATE,9,16
mdp.39015034018245,53,1,1,twelve,DATE,31,37
mdp.39015034018245,53,3,0,five feet,QUANTITY,11,20
mdp.39015034018245,53,6,0,the Women's Park,FAC,47,63
mdp.39015034018245,53,6,1,Portland,GPE,67,75
mdp.39015034018245,53,12,0,Shitike Creek,LOC,32,45
mdp.39015034018245,54,0,0,SPEELYAY,ORG,0,8
mdp.39015034018245,54,0,1,SEATTLE,GPE,21,28
mdp.39015034018245,54,4,0,One,CARDINAL,0,3
mdp.39015034018245,54,4,1,the Huckleberry Sisters,ORG,33,56
mdp.39015034018245,54,5,0,Coyote,PERSON,7,13
mdp.39015034018245,54,8,0,Speelyay,FAC,35,43
mdp.39015034018245,54,9,0,Speelyay,ORG,25,33
mdp.39015034018245,54,11,0,Speelyay,PERSON,15,23
mdp.39015034018245,54,15,0,Coyote,PERSON,11,17
mdp.39015034018245,55,3,0,eighth,ORDINAL,7,13
mdp.39015034018245,55,5,0,sixteenth,ORDINAL,47,56
mdp.39015034018245,55,6,0,eighth,ORDINAL,40,46
mdp.39015034018245,55,16,0,53,CARDINAL,0,2
mdp.39015034018245,56,0,0,COYOTE FOLKLORE,PERSON,0,15
mdp.39015034018245,56,1,0,the Institute of American Indian Arts,ORG,3,40
mdp.39015034018245,56,1,1,Coyote,PERSON,86,92
mdp.39015034018245,56,1,2,two,CARDINAL,99,102
mdp.39015034018245,56,2,0,one,CARDINAL,14,17
mdp.39015034018245,56,2,1,one,CARDINAL,27,30
mdp.39015034018245,56,4,0,Coyote,PERSON,15,21
mdp.39015034018245,56,7,0,Coyote,PERSON,23,29
mdp.39015034018245,56,7,1,Coyote,PERSON,65,71
mdp.39015034018245,56,9,0,Two,CARDINAL,0,3
mdp.39015034018245,56,9,1,Coyote,PERSON,22,28
mdp.39015034018245,56,11,0,Coyote,PERSON,0,6
mdp.39015034018245,56,14,0,One,CARDINAL,0,3
mdp.39015034018245,56,15,0,winter,DATE,40,46
mdp.39015034018245,56,16,0,Coyote,PERSON,5,11
mdp.39015034018245,56,17,0,Northwest,LOC,31,40
mdp.39015034018245,56,17,1,Coyote,PERSON,120,126
mdp.39015034018245,56,18,0,Coyote,PERSON,62,68
mdp.39015034018245,56,19,0,Coyote,PRODUCT,42,48
mdp.39015034018245,56,20,0,54,CARDINAL,36,38
mdp.39015034018245,57,7,0,a Nez Perce,NORP,6,17
mdp.39015034018245,57,15,0,Granma,PERSON,27,33
mdp.39015034018245,57,16,0,Granma,PERSON,1,7
mdp.39015034018245,58,1,0,Deer Aunty,PERSON,39,49
mdp.39015034018245,58,1,1,Deer Uncle,PERSON,51,61
mdp.39015034018245,58,2,0,Deer Uncle,PERSON,0,10
mdp.39015034018245,58,2,1,night,TIME,60,65
mdp.39015034018245,58,5,0,Deer Grandmother,PERSON,5,21
mdp.39015034018245,58,11,0,three,CARDINAL,36,41
mdp.39015034018245,58,11,1,Deschutes,LOC,50,59
mdp.39015034018245,58,11,2,Metolius,LOC,61,69
mdp.39015034018245,58,11,3,the Crooked River,LOC,74,91
mdp.39015034018245,58,16,0,Blossom,PERSON,33,40
mdp.39015034018245,58,17,0,Fourth of July,DATE,19,33
mdp.39015034018245,59,0,0,CHINLE SUMMER,DATE,0,13
mdp.39015034018245,59,0,1,two,CARDINAL,55,58
mdp.39015034018245,59,7,0,twenty years,DATE,6,18
mdp.39015034018245,59,9,0,Diné,NORP,24,28
mdp.39015034018245,59,11,0,miles,TIME,11,16
mdp.39015034018245,59,11,1,Canyon de Chelly,LOC,74,90
mdp.39015034018245,59,13,0,The Recumbent Woman,PERSON,0,19
mdp.39015034018245,59,19,0,Lizzy,PERSON,30,35
mdp.39015034018245,59,20,0,57,CARDINAL,29,31
mdp.39015034018245,60,0,0,UNITY,ORG,0,5
mdp.39015034018245,60,0,1,Night,TIME,13,18
mdp.39015034018245,60,5,0,Fall,DATE,0,4
mdp.39015034018245,60,11,0,Winter,DATE,0,6
mdp.39015034018245,60,15,0,58,CARDINAL,62,64
mdp.39015034018245,61,12,0,the morning,TIME,47,58
mdp.39015034018245,61,13,0,Summer,DATE,0,6
mdp.39015034018245,62,2,0,one,CARDINAL,60,63
mdp.39015034018245,62,2,1,one,CARDINAL,68,71
mdp.39015034018245,62,4,0,many summers ago,DATE,18,34
mdp.39015034018245,62,5,0,60,CARDINAL,0,2
mdp.39015034018245,63,0,0,III,CARDINAL,0,3
mdp.39015034018245,65,0,0,WYAM,GPE,0,4
mdp.39015034018245,65,0,1,MORE THAN twelve thousand years,DATE,32,63
mdp.39015034018245,65,0,2,Wyam,GPE,65,69
mdp.39015034018245,65,0,3,Celilo Falls,GPE,71,83
mdp.39015034018245,65,0,4,the Chewana (Columbia River)—part,LOC,118,151
mdp.39015034018245,65,0,5,California,GPE,184,194
mdp.39015034018245,65,0,6,Alaska,GPE,198,204
mdp.39015034018245,65,0,7,Missouri,GPE,221,229
mdp.39015034018245,65,0,8,Hawaii,GPE,254,260
mdp.39015034018245,65,1,0,Northwest,LOC,25,34
mdp.39015034018245,65,1,1,Euro-Americans,NORP,67,81
mdp.39015034018245,65,1,2,Polynesian-Americans,NORP,99,119
mdp.39015034018245,65,1,3,African-Americans,NORP,125,142
mdp.39015034018245,65,2,0,Warm Springs,GPE,40,52
mdp.39015034018245,65,6,0,Wyam,GPE,0,4
mdp.39015034018245,65,6,1,Sahaptin,NORP,41,49
mdp.39015034018245,65,6,2,Yakama,NORP,67,73
mdp.39015034018245,65,6,3,Umatilla,NORP,75,83
mdp.39015034018245,65,6,4,Walla Walla,GPE,85,96
mdp.39015034018245,65,6,5,Warm Springs,NORP,98,110
mdp.39015034018245,65,6,6,Wanapums,NORP,112,120
mdp.39015034018245,65,6,7,Wyampums,NORP,122,130
mdp.39015034018245,65,6,8,Wasco,NORP,152,157
mdp.39015034018245,65,7,0,Wyam,GPE,34,38
mdp.39015034018245,66,1,0,Lewis,PERSON,118,123
mdp.39015034018245,66,1,1,Northwest,LOC,151,160
mdp.39015034018245,66,2,0,Wyampums,NORP,8,16
mdp.39015034018245,66,2,1,Warm Springs,GPE,21,33
mdp.39015034018245,66,2,2,Wyam,LOC,42,46
mdp.39015034018245,66,3,0,the Middle Columbia River,LOC,47,72
mdp.39015034018245,66,11,0,the winter,DATE,43,53
mdp.39015034018245,66,13,0,Wyam,GPE,0,4
mdp.39015034018245,66,13,1,Northwest,LOC,72,81
mdp.39015034018245,66,13,2,U.S.—was,GPE,99,107
mdp.39015034018245,66,14,0,the U.S. Army Corps of Engineers,ORG,13,45
mdp.39015034018245,66,14,1,"March 10, 1957",DATE,49,63
mdp.39015034018245,66,14,2,The Dalles Dam,FAC,110,124
mdp.39015034018245,66,14,3,the Columbia River,LOC,167,185
mdp.39015034018245,66,15,0,Six hours later,TIME,0,15
mdp.39015034018245,66,15,1,eight miles,QUANTITY,20,31
mdp.39015034018245,66,15,2,Wyam,GPE,42,46
mdp.39015034018245,66,16,0,The Dalles Dam,FAC,15,29
mdp.39015034018245,66,16,1,the U.S. Army Corps of Engineers,ORG,42,74
mdp.39015034018245,66,16,2,Yakama,GPE,97,103
mdp.39015034018245,66,16,3,Warm Springs,GPE,105,117
mdp.39015034018245,66,16,4,Umatilla,GPE,119,127
mdp.39015034018245,66,16,5,Nez Perce,GPE,133,142
mdp.39015034018245,66,17,0,Wyampum,LOC,0,7
mdp.39015034018245,66,17,1,Tommy Thompson,PERSON,17,31
mdp.39015034018245,66,17,2,64,DATE,57,59
mdp.39015034018245,67,0,0,Celilo Village,GPE,0,14
mdp.39015034018245,67,0,1,Congress,ORG,109,117
mdp.39015034018245,67,1,0,Thompson,PERSON,6,14
mdp.39015034018245,67,4,0,Plateau,LOC,54,61
mdp.39015034018245,67,4,1,the Middle Columbia River,LOC,72,97
mdp.39015034018245,67,4,2,the Treaty of 1855,LAW,101,119
mdp.39015034018245,67,5,0,Celilo Falls,LOC,70,82
mdp.39015034018245,67,5,1,the United States,GPE,84,101
mdp.39015034018245,67,5,2,Native,NORP,233,239
mdp.39015034018245,67,7,0,David Sohappy,PERSON,0,13
mdp.39015034018245,67,7,1,one,CARDINAL,18,21
mdp.39015034018245,67,8,0,one,CARDINAL,7,10
mdp.39015034018245,67,8,1,Yakama,NORP,19,25
mdp.39015034018245,67,8,2,Indian,NORP,167,173
mdp.39015034018245,67,9,0,many long years,DATE,6,21
mdp.39015034018245,67,9,1,Belloni,PERSON,43,50
mdp.39015034018245,67,9,2,Sohappy,PERSON,81,88
mdp.39015034018245,67,9,3,Smith,PERSON,93,98
mdp.39015034018245,67,9,4,Oregon,GPE,108,114
mdp.39015034018245,67,10,0,seven,CARDINAL,24,29
mdp.39015034018245,67,10,1,U.S. Supreme Court,ORG,30,48
mdp.39015034018245,67,10,2,1855,DATE,73,77
mdp.39015034018245,67,10,3,Columbia River,LOC,105,119
mdp.39015034018245,67,12,0,seventies,DATE,38,47
mdp.39015034018245,67,12,1,eighties,DATE,52,60
mdp.39015034018245,67,12,2,Native Americans,NORP,77,93
mdp.39015034018245,68,0,0,Native American,NORP,137,152
mdp.39015034018245,68,0,1,Native American,NORP,191,206
mdp.39015034018245,68,1,0,1982,DATE,3,7
mdp.39015034018245,68,1,1,David Sohappy,PERSON,38,51
mdp.39015034018245,68,1,2,five years,DATE,152,162
mdp.39015034018245,68,1,3,317,CARDINAL,185,188
mdp.39015034018245,68,2,0,dozens,CARDINAL,20,26
mdp.39015034018245,68,2,1,non-Native American,NORP,30,49
mdp.39015034018245,68,3,0,David Sohappy,PERSON,0,13
mdp.39015034018245,68,4,0,twenty-two months,DATE,10,27
mdp.39015034018245,68,5,0,May of 1988,DATE,19,30
mdp.39015034018245,68,5,1,seven and a half years,DATE,47,69
mdp.39015034018245,68,6,0,David Sohappy,PERSON,19,32
mdp.39015034018245,68,6,1,sixty-six years of age,DATE,41,63
mdp.39015034018245,68,6,2,"May 7, 1991",DATE,67,78
mdp.39015034018245,68,7,0,1988,DATE,35,39
mdp.39015034018245,68,7,1,the U.S. Senate Select Committee on Indian Affairs,ORG,53,103
mdp.39015034018245,68,7,2,Wanapum,NORP,133,140
mdp.39015034018245,68,7,3,Chewana,LOC,191,198
mdp.39015034018245,68,8,0,one-thousand,CARDINAL,91,103
mdp.39015034018245,68,9,0,non-Indian,NORP,4,14
mdp.39015034018245,68,12,0,today,DATE,31,36
mdp.39015034018245,68,13,0,non-Native Americans,NORP,15,35
mdp.39015034018245,68,13,1,U.S.,GPE,112,116
mdp.39015034018245,68,14,0,Warm Springs,GPE,105,117
mdp.39015034018245,68,15,0,1855,DATE,4,8
mdp.39015034018245,69,0,0,Columbia Plateau,LOC,6,22
mdp.39015034018245,69,0,1,United States,GPE,38,51
mdp.39015034018245,69,0,2,first,ORDINAL,252,257
mdp.39015034018245,69,2,0,two,CARDINAL,18,21
mdp.39015034018245,69,2,1,U.S.,GPE,65,69
mdp.39015034018245,69,3,0,U.S.,GPE,90,94
mdp.39015034018245,69,3,1,1924,DATE,113,117
mdp.39015034018245,69,4,0,The Pacific Northwest,LOC,0,21
mdp.39015034018245,69,8,0,one,CARDINAL,35,38
mdp.39015034018245,69,9,0,Wyam,LOC,31,35
mdp.39015034018245,69,9,1,Celilo Falls,LOC,36,48
mdp.39015034018245,69,11,0,nearly four decades,DATE,6,25
mdp.39015034018245,69,11,1,Celilo Falls,LOC,27,39
mdp.39015034018245,69,12,0,1,CARDINAL,82,83
mdp.39015034018245,69,12,1,The Dalles Dam,FAC,85,99
mdp.39015034018245,69,12,2,one,CARDINAL,103,106
mdp.39015034018245,69,12,3,twenty,CARDINAL,110,116
mdp.39015034018245,69,12,4,Columbia River,LOC,166,180
mdp.39015034018245,69,12,5,1910,DATE,187,191
mdp.39015034018245,69,13,0,the decades to come,DATE,99,118
mdp.39015034018245,69,14,0,1855,DATE,7,11
mdp.39015034018245,69,14,1,approximately fourteen million,CARDINAL,13,43
mdp.39015034018245,69,14,2,the Columbia River,LOC,73,91
mdp.39015034018245,69,15,0,A hundred and forty years later,DATE,0,31
mdp.39015034018245,69,15,1,two and a half million,CARDINAL,45,67
mdp.39015034018245,69,15,2,two,CARDINAL,85,88
mdp.39015034018245,69,15,3,1994,DATE,131,135
mdp.39015034018245,69,16,0,67,CARDINAL,0,2
mdp.39015034018245,70,0,0,2,CARDINAL,0,1
mdp.39015034018245,70,1,0,David Sohappy,PERSON,60,73
mdp.39015034018245,70,1,1,Cook's Landing 3,FAC,138,154
mdp.39015034018245,70,2,0,Chewana,LOC,4,11
mdp.39015034018245,70,3,0,the Department of Energy,ORG,39,63
mdp.39015034018245,70,4,0,68,CARDINAL,0,2
mdp.39015034018245,72,0,0,COLUMBIA,GPE,26,34
mdp.39015034018245,72,0,1,Charlotte Edwards Pitt,PERSON,39,61
mdp.39015034018245,72,0,2,Charlotte Agnes Pitt,PERSON,66,86
mdp.39015034018245,72,1,0,Navajo,NORP,26,32
mdp.39015034018245,72,5,0,Pahtu,LOC,1,6
mdp.39015034018245,72,8,0,omen Red,PERSON,0,8
mdp.39015034018245,72,8,1,Chinook,NORP,60,67
mdp.39015034018245,73,2,0,Klickitat,LOC,3,12
mdp.39015034018245,73,2,1,half,CARDINAL,60,64
mdp.39015034018245,73,4,0,Seven,CARDINAL,59,64
mdp.39015034018245,74,1,0,Wasco,NORP,70,75
mdp.39015034018245,75,2,0,Elizabeth Pitt,PERSON,17,31
mdp.39015034018245,75,2,1,seventy-five,DATE,36,48
mdp.39015034018245,75,5,0,night,TIME,15,20
mdp.39015034018245,76,9,0,74,CARDINAL,0,2
mdp.39015034018245,77,2,0,nights,TIME,18,24
mdp.39015034018245,78,0,0,David Sohappy,PERSON,42,55
mdp.39015034018245,78,0,1,"April 25, 1925 –",DATE,57,73
mdp.39015034018245,78,0,2,"May 7, 1991",DATE,74,85
mdp.39015034018245,78,1,0,September,DATE,67,76
mdp.39015034018245,78,3,0,Celilo,GPE,9,15
mdp.39015034018245,78,6,0,Columbia,LOC,45,53
mdp.39015034018245,78,9,0,The Dalles,LOC,23,33
mdp.39015034018245,78,10,0,the Nez Perce,NORP,51,64
mdp.39015034018245,78,10,1,Navajo,NORP,70,76
mdp.39015034018245,78,10,2,Cheyenne,NORP,82,90
mdp.39015034018245,78,10,3,the Long Walks,LOC,112,126
mdp.39015034018245,78,13,0,76,CARDINAL,0,2
mdp.39015034018245,79,0,0,Nee Mee Poo,PERSON,0,11
mdp.39015034018245,79,0,1,Diné,PERSON,13,17
mdp.39015034018245,79,0,2,Tsistsistas,NORP,19,30
mdp.39015034018245,79,8,0,the Indian Wars,EVENT,36,51
mdp.39015034018245,79,8,1,Celilo Falls,LOC,53,65
mdp.39015034018245,79,9,0,77,CARDINAL,0,2
mdp.39015034018245,80,4,0,millennia,DATE,65,74
mdp.39015034018245,80,4,1,millennia,DATE,80,89
mdp.39015034018245,81,0,0,the Hanford Nuclear Reservation,FAC,42,73
mdp.39015034018245,81,8,0,79,CARDINAL,0,2
mdp.39015034018245,82,0,0,BLACK FEAR,PERSON,0,10
mdp.39015034018245,82,11,0,Indian,NORP,16,22
mdp.39015034018245,83,0,0,Indian,NORP,36,42
mdp.39015034018245,83,1,0,81,CARDINAL,0,2
mdp.39015034018245,84,0,0,SHAKER CHURCH,PERSON,0,13
mdp.39015034018245,84,8,0,Jesus,PERSON,35,40
mdp.39015034018245,84,14,0,82,CARDINAL,0,2
mdp.39015034018245,85,8,0,83,CARDINAL,0,2
mdp.39015034018245,86,0,0,Lillian Pitt,PERSON,24,36
mdp.39015034018245,86,10,0,84,CARDINAL,0,2
mdp.39015034018245,87,5,0,two,CARDINAL,10,13
mdp.39015034018245,87,6,0,two,CARDINAL,42,45
mdp.39015034018245,87,16,0,85,CARDINAL,0,2
mdp.39015034018245,88,1,0,The Gentle Bird,PERSON,0,15
mdp.39015034018245,88,4,0,Pi-Ume-Sha,EVENT,3,13
mdp.39015034018245,88,4,1,Bird,PERSON,46,50
mdp.39015034018245,88,5,0,Bird,PERSON,0,4
mdp.39015034018245,88,7,0,Bird,PERSON,0,4
mdp.39015034018245,88,8,0,all day,DATE,16,23
mdp.39015034018245,88,8,1,June,DATE,46,50
mdp.39015034018245,88,12,0,Tenino Valley,LOC,53,66
mdp.39015034018245,88,12,1,each year,DATE,105,114
mdp.39015034018245,88,16,0,86,DATE,45,47
mdp.39015034018245,89,0,0,one,CARDINAL,0,3
mdp.39015034018245,89,13,0,Wapnitia,GPE,34,42
mdp.39015034018245,89,13,1,Simnasho,GPE,46,54
mdp.39015034018245,89,15,0,wy.,PERSON,0,3
mdp.39015034018245,90,0,0,Whisper of Wings Yellowhawk,PERSON,0,27
mdp.39015034018245,90,8,0,Winter,DATE,0,6
mdp.39015034018245,90,9,0,88,CARDINAL,0,2
mdp.39015034018245,91,2,0,Elizabeth Pitt,PERSON,17,31
mdp.39015034018245,91,2,1,seventy-nine,DATE,36,48
mdp.39015034018245,91,16,0,89,CARDINAL,0,2
mdp.39015034018245,92,4,0,Dreamer,PRODUCT,13,20
mdp.39015034018245,92,4,1,Indian,NORP,48,54
mdp.39015034018245,96,11,0,94,CARDINAL,0,2
mdp.39015034018245,97,2,0,night,TIME,10,15
mdp.39015034018245,97,2,1,winter,DATE,85,91
mdp.39015034018245,97,5,0,95,CARDINAL,0,2
mdp.39015034018245,98,2,0,96,CARDINAL,191,193
mdp.39015034018245,100,1,0,Japanese,NORP,333,341
mdp.39015034018245,101,2,0,two,CARDINAL,84,87
mdp.39015034018245,102,2,0,months,DATE,101,107
mdp.39015034018245,102,2,1,100,CARDINAL,268,271
mdp.39015034018245,103,0,0,Punch and Judy,WORK_OF_ART,21,35
mdp.39015034018245,103,0,1,101,CARDINAL,634,637
mdp.39015034018245,104,0,0,Richter,PERSON,292,299
mdp.39015034018245,104,0,1,102,CARDINAL,558,561
mdp.39015034018245,105,0,0,103,CARDINAL,137,140
mdp.39015034018245,106,7,0,104,CARDINAL,77,80
mdp.39015034018245,107,8,0,105,CARDINAL,0,3
mdp.39015034018245,108,1,0,Indian,NORP,54,60
mdp.39015034018245,108,4,0,Greek,NORP,41,46
mdp.39015034018245,108,7,0,106,CARDINAL,0,3
mdp.39015034018245,109,1,0,Fannie Sprinkle,PERSON,60,75
mdp.39015034018245,109,3,0,8 x 10,CARDINAL,58,64
mdp.39015034018245,109,7,0,Waterfront,FAC,154,164
mdp.39015034018245,109,8,0,Grand Avenue's,FAC,56,70
mdp.39015034018245,109,9,0,107,CARDINAL,0,3
mdp.39015034018245,110,2,0,one,CARDINAL,7,10
mdp.39015034018245,110,5,0,Full Moon,PRODUCT,22,31
mdp.39015034018245,110,9,0,24-hour,TIME,13,20
mdp.39015034018245,110,12,0,French,NORP,4,10
mdp.39015034018245,110,15,0,French,NORP,56,62
mdp.39015034018245,110,16,0,108,CARDINAL,39,42
mdp.39015034018245,111,0,0,Thea,PERSON,1,5
mdp.39015034018245,111,1,0,Thea,PERSON,0,4
mdp.39015034018245,111,3,0,Diva,PERSON,9,13
mdp.39015034018245,111,4,0,a thousand,CARDINAL,5,15
mdp.39015034018245,111,4,1,John,PERSON,32,36
mdp.39015034018245,111,11,0,the morning,TIME,3,14
mdp.39015034018245,112,4,0,one,CARDINAL,27,30
mdp.39015034018245,112,5,0,110,CARDINAL,0,3
mdp.39015034018245,113,1,0,The Glass Girl,PERSON,0,14
mdp.39015034018245,113,7,0,Mona Glass,PERSON,12,22
mdp.39015034018245,113,7,1,Mona Glass,PERSON,25,35
mdp.39015034018245,113,25,0,111,CARDINAL,0,3
mdp.39015034018245,114,3,0,II,CARDINAL,0,2
mdp.39015034018245,114,4,0,Cheyenne,GPE,52,60
mdp.39015034018245,114,5,0,Vietnamese,NORP,8,18
mdp.39015034018245,114,8,0,John Hawk,PERSON,11,20
mdp.39015034018245,114,17,0,Hawk,PERSON,31,35
mdp.39015034018245,114,27,0,Indian,NORP,18,24
mdp.39015034018245,114,30,0,112,CARDINAL,0,3
mdp.39015034018245,115,3,0,Vietnamese,LANGUAGE,7,17
mdp.39015034018245,115,5,0,the Veteran's Powwow,EVENT,44,64
mdp.39015034018245,115,8,0,III,CARDINAL,0,3
mdp.39015034018245,115,13,0,late at night,TIME,8,21
mdp.39015034018245,115,16,0,two-hundred-mile,QUANTITY,11,27
mdp.39015034018245,115,18,0,113,CARDINAL,0,3
mdp.39015034018245,116,13,0,Dreamer,PRODUCT,22,29
mdp.39015034018245,116,18,0,114,CARDINAL,0,3
mdp.39015034018245,117,2,0,night,TIME,26,31
mdp.39015034018245,117,3,0,Celilo,PERSON,20,26
mdp.39015034018245,117,7,0,115,CARDINAL,1,4
mdp.39015034018245,118,0,0,COLD BLOOD,PERSON,0,10
mdp.39015034018245,118,1,0,the City of Roses,GPE,3,20
mdp.39015034018245,118,8,0,the Snake River,LOC,32,47
mdp.39015034018245,118,16,0,116,CARDINAL,54,57
mdp.39015034018245,119,2,0,a short spring,DATE,30,44
mdp.39015034018245,119,9,0,117,CARDINAL,0,3
mdp.39015034018245,120,2,0,fifteen,CARDINAL,36,43
mdp.39015034018245,120,15,0,the miles,QUANTITY,28,37
mdp.39015034018245,120,16,0,118,CARDINAL,0,3
mdp.39015034018245,121,0,0,Plymouth Rock,GPE,80,93
mdp.39015034018245,121,3,0,Oklahoma,GPE,77,85
mdp.39015034018245,121,3,1,Hopi-Tewa,NORP,92,101
mdp.39015034018245,121,3,2,Texas,GPE,112,117
mdp.39015034018245,121,4,0,Posse Comitatus,ORG,42,57
mdp.39015034018245,121,6,0,Namoki,NORP,0,6
mdp.39015034018245,121,6,1,Hopi,NORP,8,12
mdp.39015034018245,121,6,2,Tewa,NORP,17,21
mdp.39015034018245,121,6,3,300 years,DATE,33,42
mdp.39015034018245,121,6,4,Pueblo,GPE,46,52
mdp.39015034018245,121,7,0,Mimbres,PERSON,72,79
mdp.39015034018245,121,8,0,Namoki,PERSON,0,6
mdp.39015034018245,121,8,1,the New Mexico State Penitentiary,ORG,41,74
mdp.39015034018245,121,9,0,Oklahoma,GPE,13,21
mdp.39015034018245,121,11,0,119,CARDINAL,0,3
mdp.39015034018245,122,7,0,Bandelier,LOC,24,33
mdp.39015034018245,122,8,0,kiva,LOC,4,8
mdp.39015034018245,122,8,1,several hundred feet,QUANTITY,12,32
mdp.39015034018245,122,10,0,tonight,TIME,31,38
mdp.39015034018245,122,17,0,the old days,DATE,129,141
mdp.39015034018245,122,18,0,120,CARDINAL,0,3
mdp.39015034018245,123,1,0,thousand,CARDINAL,51,59
mdp.39015034018245,123,10,0,One,CARDINAL,0,3
mdp.39015034018245,124,2,0,122,CARDINAL,0,3
mdp.39015034018245,125,0,0,SEATTLE,GPE,40,47
mdp.39015034018245,125,1,0,Speelyay,PERSON,0,8
mdp.39015034018245,125,1,1,Coyote,PERSON,12,18
mdp.39015034018245,125,2,0,"COYOTE FOLKLORE, IN IMAGE AND PRACTICE Coyote Stories by Crystal Quintasket was",WORK_OF_ART,0,79
mdp.39015034018245,125,2,1,1933,DATE,104,108
mdp.39015034018245,125,3,0,Okanogan,NORP,3,11
mdp.39015034018245,125,3,1,one,CARDINAL,28,31
mdp.39015034018245,125,3,2,first,ORDINAL,39,44
mdp.39015034018245,125,3,3,Native American,NORP,45,60
mdp.39015034018245,125,4,0,Coyote,NORP,40,46
mdp.39015034018245,125,4,1,Habu,WORK_OF_ART,58,62
mdp.39015034018245,125,4,2,Vi Hilbert,PERSON,66,76
mdp.39015034018245,125,4,3,Upper Skagit,NORP,81,93
mdp.39015034018245,125,4,4,Lushootseed Research and Press,ORG,134,164
mdp.39015034018245,125,5,0,Coyote,NORP,5,11
mdp.39015034018245,125,5,1,non-Native American,NORP,37,56
mdp.39015034018245,125,5,2,Shaking the Pumpkin,WORK_OF_ART,71,90
mdp.39015034018245,125,5,3,Jerome Rothenberg,PERSON,94,111
mdp.39015034018245,125,5,4,Coyote Was Going,WORK_OF_ART,113,129
mdp.39015034018245,125,5,5,Jarold Ramsey,PERSON,139,152
mdp.39015034018245,125,5,6,North America,LOC,221,234
mdp.39015034018245,125,5,7,Barry Lopez,PERSON,238,249
mdp.39015034018245,125,6,0,the Columbia River,LOC,73,91
mdp.39015034018245,125,7,0,Coyote,PERSON,51,57
mdp.39015034018245,125,8,0,Celilo Falls,LOC,0,12
mdp.39015034018245,125,8,1,Indian,NORP,52,58
mdp.39015034018245,125,8,2,Northwest,LOC,73,82
mdp.39015034018245,125,8,3,an estimated fourteen thousand years,DATE,84,120
mdp.39015034018245,125,9,0,1957,DATE,3,7
mdp.39015034018245,125,9,1,The Dalles Dam,FAC,35,49
mdp.39015034018245,125,9,2,the Columbia River,LOC,53,71
mdp.39015034018245,125,10,0,123,CARDINAL,0,3
mdp.39015034018245,126,0,0,124,CARDINAL,0,3
mdp.39015034018245,127,0,0,ELIZABETH WOODY,PERSON,17,32
mdp.39015034018245,127,0,1,Ganado,GPE,45,51
mdp.39015034018245,127,0,2,Arizona,GPE,53,60
mdp.39015034018245,127,0,3,1959,DATE,65,69
mdp.39015034018245,127,1,0,Yakama,NORP,10,16
mdp.39015034018245,127,1,1,Warm Springs,GPE,18,30
mdp.39015034018245,127,1,2,Wasco,NORP,32,37
mdp.39015034018245,127,1,3,Navajo,NORP,43,49
mdp.39015034018245,127,1,4,the Confederated Tribes of Warm Springs,ORG,87,126
mdp.39015034018245,127,1,5,Oregon,GPE,128,134
mdp.39015034018245,127,2,0,the Institute of American Indian Arts,ORG,32,69
mdp.39015034018245,127,2,1,Santa Fe,GPE,73,81
mdp.39015034018245,127,2,2,Portland State University,ORG,86,111
mdp.39015034018245,127,2,3,Evergreen State College,ORG,143,166
mdp.39015034018245,127,3,0,the Northwest Native American Writers Association,ORG,22,71
mdp.39015034018245,127,4,0,the Institute of American Indian Arts,ORG,33,70
mdp.39015034018245,127,5,0,Northwest,LOC,151,160
mdp.39015034018245,127,6,0,1994,DATE,55,59
mdp.39015034018245,127,6,1,Reflex Portfolio,WORK_OF_ART,60,76
mdp.39015034018245,127,6,2,Native American,NORP,103,118
mdp.39015034018245,127,6,3,Elizabeth Tapper,PERSON,162,178
mdp.39015034018245,127,6,4,Seattle,GPE,183,190
mdp.39015034018245,127,6,5,Washington,GPE,192,202
mdp.39015034018245,127,7,0,1990,DATE,3,7
mdp.39015034018245,127,7,1,first,ORDINAL,13,18
mdp.39015034018245,127,7,2,Hand into Stone,WORK_OF_ART,25,40
mdp.39015034018245,127,7,3,the American Book Award,WORK_OF_ART,51,74
mdp.39015034018245,127,7,4,the Before Columbus Foundation,ORG,80,110
mdp.39015034018245,127,8,0,second,ORDINAL,4,10
mdp.39015034018245,127,8,1,Luminaries of the Humble,WORK_OF_ART,17,41
mdp.39015034018245,127,8,2,the University of Arizona Press,ORG,84,115
mdp.39015034018245,127,8,3,1994,DATE,119,123
mdp.39015034018245,127,9,0,"Seven Hands, Seven Hearts",WORK_OF_ART,0,25
mdp.39015034018245,127,9,1,third,ORDINAL,33,38
mdp.39015034018245,127,10,0,Santa Fe,GPE,27,35
mdp.39015034018245,127,10,1,New Mexico,GPE,37,47
mdp.39015034018245,127,10,2,Portland,GPE,52,60
mdp.39015034018245,127,10,3,Oregon,GPE,62,68
mdp.39015034018245,127,11,0,125,CARDINAL,0,3
mdp.39015034018245,128,0,0,RICK BARTOW,PERSON,44,55
mdp.39015034018245,128,0,1,Yurok,NORP,72,77
mdp.39015034018245,128,3,0,Hawk,PERSON,69,73
mdp.39015034018245,128,4,0,Bartow,PERSON,0,6
mdp.39015034018245,128,4,1,Yurok,NORP,71,76
mdp.39015034018245,128,6,0,U.S.,GPE,70,74
mdp.39015034018245,128,7,0,Oregon,GPE,28,34
mdp.39015034018245,128,7,1,Newport,GPE,38,45
mdp.39015034018245,128,7,2,California,GPE,92,102
mdp.39015034018245,128,8,0,today,DATE,9,14
mdp.39015034018245,128,9,0,Rick Bartow,PERSON,0,11
mdp.39015034018245,128,9,1,Elizabeth Woody,PERSON,16,31
mdp.39015034018245,128,9,2,1985,DATE,39,43
mdp.39015034018245,128,10,0,Elizabeth,PERSON,49,58
mdp.39015034018245,128,11,0,Wajima Hawk,WORK_OF_ART,16,27
mdp.39015034018245,128,11,1,"42"" x 50""",QUANTITY,63,72
mdp.39015034018245,128,11,2,1992,DATE,74,78
mdp.39015034018245,128,12,0,Rick Bartow,PERSON,0,11
mdp.39015034018245,128,12,1,the Jamison/Thomas Gallery,ORG,30,56
mdp.39015034018245,128,12,2,Portland,GPE,60,68
mdp.39015034018245,128,12,3,Oregon,GPE,70,76
mdp.39015034018245,128,13,0,126,CARDINAL,4,7
mdp.39015034018245,129,0,0,JAUNE QUICK-TO-SEE,WORK_OF_ART,48,66
mdp.39015034018245,129,0,1,SMITH,PERSON,67,72
mdp.39015034018245,129,0,2,Flathead,NORP,92,100
mdp.39015034018245,129,0,3,Montana,GPE,108,115
mdp.39015034018245,129,1,0,Native American,NORP,49,64
mdp.39015034018245,129,2,0,Myth and Magic in the Americas,WORK_OF_ART,42,72
mdp.39015034018245,129,2,1,the Museo de Arte Contemporanea de Monterrey,ORG,78,122
mdp.39015034018245,129,2,2,Mexico,GPE,124,130
mdp.39015034018245,129,2,3,the Western Hemisphere,LOC,162,184
mdp.39015034018245,129,3,0,one,CARDINAL,13,16
mdp.39015034018245,129,3,1,six,CARDINAL,20,23
mdp.39015034018245,129,3,2,52nd,ORDINAL,49,53
mdp.39015034018245,129,4,0,the Yerba Buena Gardens,FAC,41,64
mdp.39015034018245,129,4,1,Moscone Center,FAC,66,80
mdp.39015034018245,129,4,2,San Francisco,GPE,83,96
mdp.39015034018245,129,4,3,Denver,GPE,146,152
mdp.39015034018245,129,5,0,a Cultural Museum on the Flathead Reservation,ORG,55,100
mdp.39015034018245,129,5,1,the National Museum of the American Indian,ORG,148,190
mdp.39015034018245,129,7,0,Smith,PERSON,0,5
mdp.39015034018245,129,7,1,Mixed Blessings and Partial Recall,WORK_OF_ART,67,101
mdp.39015034018245,129,7,2,Lucy Lippard,PERSON,105,117
mdp.39015034018245,129,8,0,three,CARDINAL,33,38
mdp.39015034018245,129,8,1,PBS,ORG,39,42
mdp.39015034018245,129,8,2,German,NORP,61,67
mdp.39015034018245,129,8,3,Finnish,NORP,72,79
mdp.39015034018245,129,9,0,Corrales,GPE,25,33
mdp.39015034018245,129,9,1,New Mexico,GPE,35,45
mdp.39015034018245,129,10,0,127,CARDINAL,0,3
