vol_id,page,sentence_id,ent_id,entity,entity_type,start_char,end_char
mdp.39015022250305,4,0,0,UNIVERSITY UNIVERSITY,ORG,0,21
mdp.39015022250305,4,0,1,MICHIGAN MICHIGAN,PERSON,42,59
mdp.39015022250305,9,0,0,the Yaqui Bow Leaders' Society,ORG,30,60
mdp.39015022250305,9,0,1,Larry Evers,PERSON,100,111
mdp.39015022250305,9,0,2,Felipe S. Molina,PERSON,114,130
mdp.39015022250305,9,0,3,Tucson,GPE,142,148
mdp.39015022250305,9,0,4,Arizona,GPE,150,157
mdp.39015022250305,9,0,5,1990,DATE,158,162
mdp.39015022250305,10,0,0,1990,DATE,33,37
mdp.39015022250305,10,0,1,Larry Evers,PERSON,41,52
mdp.39015022250305,10,0,2,Felipe S. Molina,PERSON,57,73
mdp.39015022250305,10,1,0,1990,DATE,24,28
mdp.39015022250305,10,1,1,Cynthia Miller,PERSON,32,46
mdp.39015022250305,10,2,0,Felipe,PERSON,0,6
mdp.39015022250305,10,2,1,the Bow Leaders' Society,ORG,46,70
mdp.39015022250305,10,2,2,Yoem Pueblo,GPE,74,85
mdp.39015022250305,10,2,3,Victor Lucero,PERSON,98,111
mdp.39015022250305,10,3,0,Raul Cancio,PERSON,15,26
mdp.39015022250305,10,3,1,Jenny Cancio,PERSON,65,77
mdp.39015022250305,10,5,0,Laura Coltelli,PERSON,41,55
mdp.39015022250305,10,5,1,Native American Literatures,WORK_OF_ART,62,89
mdp.39015022250305,10,5,2,Pisa,GPE,91,95
mdp.39015022250305,10,5,3,Italy,GPE,97,102
mdp.39015022250305,10,5,4,1988,DATE,124,128
mdp.39015022250305,10,5,5,Karl Kroeber,PERSON,159,171
mdp.39015022250305,10,5,6,Dispatch,ORG,176,184
mdp.39015022250305,10,5,7,1988,DATE,192,196
mdp.39015022250305,10,5,8,the Columbia University Center for American Culture Studies,ORG,216,275
mdp.39015022250305,10,6,0,Chax Press,ORG,0,10
mdp.39015022250305,10,6,1,"the DeGrazia Arts and Cultural Foundation, Inc.",ORG,27,74
mdp.39015022250305,10,6,2,the Foundation Cariñoso,ORG,80,103
mdp.39015022250305,10,7,0,the Arizona Commission on the Arts,ORG,57,91
mdp.39015022250305,10,7,1,the National Endowment for the Arts,ORG,96,131
mdp.39015022250305,10,8,0,100,CARDINAL,47,50
mdp.39015022250305,10,9,0,Cynthia Miller,PERSON,21,35
mdp.39015022250305,10,10,0,the United States,GPE,34,51
mdp.39015022250305,10,11,0,Library of Congress Cataloging-in-Publication,ORG,0,45
mdp.39015022250305,10,11,1,the Yaqui Bow Leaders' Society/,ORG,91,122
mdp.39015022250305,10,11,2,Larry Evers,PERSON,161,172
mdp.39015022250305,10,11,3,Felipe S. Molina,PERSON,177,193
mdp.39015022250305,10,13,0,English,LANGUAGE,0,7
mdp.39015022250305,10,13,1,Yaqui,LANGUAGE,12,17
mdp.39015022250305,10,14,0,200.00,MONEY,18,24
mdp.39015022250305,10,15,0,8.00,MONEY,3,7
mdp.39015022250305,10,15,1,1,CARDINAL,8,9
mdp.39015022250305,10,15,2,Yaqui,NORP,11,16
mdp.39015022250305,10,16,0,2,CARDINAL,0,1
mdp.39015022250305,10,16,1,Yaqui Indians,NORP,3,16
mdp.39015022250305,10,17,0,3,CARDINAL,0,1
mdp.39015022250305,10,17,1,Indians,NORP,3,10
mdp.39015022250305,10,17,2,North America,LOC,14,27
mdp.39015022250305,10,17,3,Arizona,GPE,28,35
mdp.39015022250305,10,18,0,4,CARDINAL,0,1
mdp.39015022250305,10,18,1,Indians,NORP,3,10
mdp.39015022250305,10,18,2,Mexico,GPE,14,20
mdp.39015022250305,10,18,3,Mexico,GPE,21,27
mdp.39015022250305,10,18,4,Sonora,GPE,28,34
mdp.39015022250305,10,19,0,5,CARDINAL,0,1
mdp.39015022250305,10,19,1,Yaqui,NORP,3,8
mdp.39015022250305,10,19,2,English,LANGUAGE,34,41
mdp.39015022250305,10,20,0,6,CARDINAL,0,1
mdp.39015022250305,10,20,1,America,GPE,3,10
mdp.39015022250305,10,20,2,Yaqui,NORP,36,41
mdp.39015022250305,10,21,0,Evers,PERSON,3,8
mdp.39015022250305,10,21,1,Larry,PERSON,10,15
mdp.39015022250305,10,22,0,Molina,PERSON,4,10
mdp.39015022250305,10,22,1,Felipe S. III.,PERSON,12,26
mdp.39015022250305,10,23,0,Yaqui Bow Leaders' Society,ORG,0,26
mdp.39015022250305,10,25,0,Chax Press,ORG,128,138
mdp.39015022250305,10,25,1,4,CARDINAL,180,181
mdp.39015022250305,10,25,2,Tucson,GPE,183,189
mdp.39015022250305,10,25,3,Arizona,GPE,191,198
mdp.39015022250305,11,0,0,1,CARDINAL,28,29
mdp.39015022250305,11,0,1,Pascua,NORP,63,69
mdp.39015022250305,13,0,0,"April 11, 1987",DATE,0,14
mdp.39015022250305,13,0,1,the eve of,DATE,19,29
mdp.39015022250305,13,0,2,Palm Sunday,DATE,30,41
mdp.39015022250305,13,0,3,Easter,DATE,51,57
mdp.39015022250305,13,0,4,Coyotes,ORG,80,87
mdp.39015022250305,13,0,5,Old Pascua,LOC,101,111
mdp.39015022250305,13,1,0,Yaqui Indian,NORP,96,108
mdp.39015022250305,13,1,1,1941,DATE,125,129
mdp.39015022250305,13,2,0,nine,CARDINAL,104,108
mdp.39015022250305,13,2,1,Coyotes,ORG,128,135
mdp.39015022250305,13,3,0,Victor Lucero,PERSON,0,13
mdp.39015022250305,13,3,1,Timothy Cruz,PERSON,15,27
mdp.39015022250305,13,3,2,Steven Garcia,PERSON,29,42
mdp.39015022250305,13,3,3,Felipe Garcia,PERSON,44,57
mdp.39015022250305,13,3,4,Joaquin Garcia,PERSON,63,77
mdp.39015022250305,13,3,5,Coyotes,NORP,87,94
mdp.39015022250305,13,3,6,that night,TIME,106,116
mdp.39015022250305,13,4,0,Felipe S. Molina,PERSON,0,16
mdp.39015022250305,13,6,0,Felipe Molina,PERSON,0,13
mdp.39015022250305,13,6,1,About 1982,DATE,74,84
mdp.39015022250305,13,6,2,Larry Evers,PERSON,85,96
mdp.39015022250305,13,6,3,Coyote,NORP,120,126
mdp.39015022250305,13,6,4,Amos Taub,PERSON,138,147
mdp.39015022250305,13,6,5,Yaqui,NORP,167,172
mdp.39015022250305,13,6,6,Ignacio Alvarez,PERSON,189,204
mdp.39015022250305,13,6,7,Refugio Savala,PERSON,209,223
mdp.39015022250305,13,6,8,Tucson,GPE,232,238
mdp.39015022250305,13,6,9,the early 1950s,DATE,247,262
mdp.39015022250305,13,9,0,six to about eighteen,DATE,82,103
mdp.39015022250305,13,9,1,Yaqui,NORP,146,151
mdp.39015022250305,13,13,0,Yaqui,NORP,72,77
mdp.39015022250305,13,13,1,Tucson,GPE,97,103
mdp.39015022250305,13,14,0,Raul Cancio,PERSON,12,23
mdp.39015022250305,13,15,0,many months,DATE,4,15
mdp.39015022250305,13,15,1,Raul Cancio,PERSON,16,27
mdp.39015022250305,13,15,2,the Bow Leaders,ORG,72,87
mdp.39015022250305,13,17,0,Victor Lucero,PERSON,0,13
mdp.39015022250305,13,18,0,Victor,PERSON,0,6
mdp.39015022250305,13,19,0,Raul Cancio,PERSON,44,55
mdp.39015022250305,13,19,1,Bow Leaders,ORG,93,104
mdp.39015022250305,13,21,0,the fall of 1985,DATE,14,30
mdp.39015022250305,13,21,1,Raul Cancio,PERSON,37,48
mdp.39015022250305,13,21,2,first,ORDINAL,57,62
mdp.39015022250305,13,24,0,Raul,PERSON,100,104
mdp.39015022250305,13,25,0,Yoem Pueblo,GPE,44,55
mdp.39015022250305,13,26,0,Yoem Pueblo,GPE,86,97
mdp.39015022250305,13,27,0,Old Pascua,LOC,26,36
mdp.39015022250305,13,27,1,Holy Week,EVENT,55,64
mdp.39015022250305,13,27,2,1987,DATE,80,84
mdp.39015022250305,13,28,0,Potam,GPE,24,29
mdp.39015022250305,13,28,1,Rio Yaqui,LOC,37,46
mdp.39015022250305,13,28,2,Looria,NORP,77,83
mdp.39015022250305,13,29,0,Holy Saturday,EVENT,43,56
mdp.39015022250305,13,29,1,Old Pascua,GPE,60,70
mdp.39015022250305,13,30,0,Holy Saturday,EVENT,46,59
mdp.39015022250305,13,31,0,Palm Sunday,DATE,81,92
mdp.39015022250305,14,0,0,Lent,DATE,7,11
mdp.39015022250305,14,0,1,Victor Lucero,PERSON,13,26
mdp.39015022250305,14,0,2,Bow Leaders,ORG,53,64
mdp.39015022250305,14,0,3,Easter,DATE,96,102
mdp.39015022250305,14,1,0,Potam,GPE,60,65
mdp.39015022250305,14,2,0,Lent,DATE,44,48
mdp.39015022250305,14,3,0,Palm Saturday,DATE,11,24
mdp.39015022250305,14,3,1,Victor,PERSON,44,50
mdp.39015022250305,14,5,0,the Bow Leaders,ORG,34,49
mdp.39015022250305,14,6,0,Fariseo,NORP,77,84
mdp.39015022250305,14,9,0,Victor,PERSON,39,45
mdp.39015022250305,14,11,0,two,CARDINAL,25,28
mdp.39015022250305,14,11,1,first,ORDINAL,52,57
mdp.39015022250305,14,11,2,the Deer Songs,WORK_OF_ART,66,80
mdp.39015022250305,14,11,3,Coyote Songs,WORK_OF_ART,156,168
mdp.39015022250305,14,12,0,Yaqui,NORP,0,5
mdp.39015022250305,14,12,1,two,CARDINAL,49,52
mdp.39015022250305,14,13,0,non-Yaquis,NORP,8,18
mdp.39015022250305,14,14,0,the Bow Leaders,ORG,18,33
mdp.39015022250305,14,15,0,Victor,PERSON,17,23
mdp.39015022250305,14,17,0,Coyotes,NORP,7,14
mdp.39015022250305,14,17,1,Yaquis,NORP,29,35
mdp.39015022250305,14,18,0,Yaqui,NORP,19,24
mdp.39015022250305,14,18,1,Wiko'i Yau'ura,NORP,62,76
mdp.39015022250305,14,19,0,The Bow Leaders,ORG,0,15
mdp.39015022250305,14,19,1,Yaqui,NORP,28,33
mdp.39015022250305,14,19,2,centuries,DATE,50,59
mdp.39015022250305,14,20,0,Jesuit,NORP,39,45
mdp.39015022250305,14,20,1,Yaquis,NORP,78,84
mdp.39015022250305,14,20,2,the 1730s,DATE,88,97
mdp.39015022250305,14,21,0,Two and one-half centuries,DATE,0,26
mdp.39015022250305,14,21,1,the Bow Leaders,ORG,34,49
mdp.39015022250305,14,21,2,the Rio Yaqui,LOC,91,104
mdp.39015022250305,14,21,3,Guaymas,GPE,140,147
mdp.39015022250305,14,21,4,Sonora,GPE,149,155
mdp.39015022250305,14,21,5,Torim,GPE,157,162
mdp.39015022250305,14,21,6,Vikam,GPE,164,169
mdp.39015022250305,14,21,7,Potam,GPE,171,176
mdp.39015022250305,14,21,8,Rahum,GPE,178,183
mdp.39015022250305,14,21,9,Pitahaya,GPE,185,193
mdp.39015022250305,14,21,10,Loma Vahkom,GPE,195,206
mdp.39015022250305,14,22,0,1927,DATE,15,19
mdp.39015022250305,14,22,1,Coyotes,ORG,25,32
mdp.39015022250305,14,22,2,Mexicans,NORP,88,96
mdp.39015022250305,14,22,3,Yaqui,NORP,142,147
mdp.39015022250305,14,23,0,Today,DATE,0,5
mdp.39015022250305,14,23,1,Yaquis,NORP,77,83
mdp.39015022250305,14,24,0,Coyotes,ORG,23,30
mdp.39015022250305,14,26,0,Hiakim,GPE,138,144
mdp.39015022250305,14,26,1,Yaqui,NORP,150,155
mdp.39015022250305,14,29,0,the year,DATE,95,103
mdp.39015022250305,14,31,0,many hours,TIME,77,87
mdp.39015022250305,15,1,0,the Bow Leaders,ORG,69,84
mdp.39015022250305,15,5,0,the Bow Leaders,ORG,39,54
mdp.39015022250305,15,7,0,mid-,TIME,60,64
mdp.39015022250305,15,7,1,morning,TIME,64,71
mdp.39015022250305,15,10,0,three,CARDINAL,44,49
mdp.39015022250305,15,12,0,third,ORDINAL,10,15
mdp.39015022250305,15,14,0,three,CARDINAL,56,61
mdp.39015022250305,15,16,0,the Bow Leaders Headquarters,FAC,8,36
mdp.39015022250305,15,18,0,Bow Leaders,ORG,9,20
mdp.39015022250305,15,19,0,first,ORDINAL,13,18
mdp.39015022250305,15,19,1,three,CARDINAL,19,24
mdp.39015022250305,15,19,2,two,CARDINAL,80,83
mdp.39015022250305,15,21,0,the early evening,TIME,36,53
mdp.39015022250305,15,22,0,Bow Leaders,ORG,4,15
mdp.39015022250305,15,22,1,Yoem Pueblo,GPE,25,36
mdp.39015022250305,15,22,2,only a few years old,DATE,46,66
mdp.39015022250305,15,22,3,Arizona,GPE,99,106
mdp.39015022250305,15,24,0,the Bow Leaders Society,ORG,16,39
mdp.39015022250305,15,24,1,Arizona,GPE,43,50
mdp.39015022250305,15,25,0,Arizona,GPE,52,59
mdp.39015022250305,15,25,1,Yaqui,NORP,71,76
mdp.39015022250305,15,25,2,Sonora,GPE,136,142
mdp.39015022250305,15,25,3,1890s,DATE,150,155
mdp.39015022250305,15,25,4,early 1900s,DATE,160,171
mdp.39015022250305,15,26,0,those years,DATE,7,18
mdp.39015022250305,15,26,1,the turn of the century,DATE,26,49
mdp.39015022250305,15,26,2,Yaquis,NORP,50,56
mdp.39015022250305,15,26,3,Mexican,NORP,91,98
mdp.39015022250305,15,26,4,Yaquis,NORP,212,218
mdp.39015022250305,15,27,0,Thousands,CARDINAL,0,9
mdp.39015022250305,15,27,1,Yaquis,NORP,13,19
mdp.39015022250305,15,27,2,Yucatan,GPE,64,71
mdp.39015022250305,15,28,0,Yaquis,NORP,6,12
mdp.39015022250305,15,28,1,Arizona,GPE,67,74
mdp.39015022250305,15,29,0,Yaquis,NORP,6,12
mdp.39015022250305,15,29,1,Yaquis,NORP,95,101
mdp.39015022250305,15,29,2,Ringo Bwia,GPE,114,124
mdp.39015022250305,15,29,3,Gringo Land,GPE,127,138
mdp.39015022250305,15,30,0,the 1920s,DATE,7,16
mdp.39015022250305,15,30,1,Bow Leaders,ORG,19,30
mdp.39015022250305,15,30,2,Old Pascua,GPE,71,81
mdp.39015022250305,15,30,3,Tucson,GPE,85,91
mdp.39015022250305,15,30,4,the 1930s,DATE,131,140
mdp.39015022250305,15,31,0,1941,DATE,39,43
mdp.39015022250305,15,32,0,Edward H. Spicer,PERSON,0,16
mdp.39015022250305,15,32,1,the Bow Leader Society,ORG,39,61
mdp.39015022250305,15,32,2,Hiakim,GPE,77,83
mdp.39015022250305,15,32,3,Yaqui,NORP,89,94
mdp.39015022250305,15,32,4,Yaquis,NORP,143,149
mdp.39015022250305,16,0,0,Coyote,NORP,54,60
mdp.39015022250305,16,0,1,Arizona,GPE,81,88
mdp.39015022250305,16,1,0,the 1960s,DATE,3,12
mdp.39015022250305,16,1,1,Yaquis,NORP,24,30
mdp.39015022250305,16,1,2,some 202 acres,QUANTITY,49,63
mdp.39015022250305,16,1,3,New Pascua,GPE,144,154
mdp.39015022250305,16,2,0,about a thousand acres,QUANTITY,32,54
mdp.39015022250305,16,3,0,1980,DATE,3,7
mdp.39015022250305,16,3,1,Yaquis,NORP,8,14
mdp.39015022250305,16,3,2,Yoem Pueblo,GPE,25,36
mdp.39015022250305,16,4,0,Ringo Bwia,GPE,21,31
mdp.39015022250305,16,4,1,Hiakim,NORP,83,89
mdp.39015022250305,16,4,2,Yaquis,NORP,93,99
mdp.39015022250305,16,5,0,the more than eighty years,DATE,9,35
mdp.39015022250305,16,5,1,Arizona,GPE,64,71
mdp.39015022250305,16,5,2,Yaquis,NORP,72,78
mdp.39015022250305,16,6,0,Coyote,NORP,19,25
mdp.39015022250305,16,7,0,Coyotes,NORP,33,40
mdp.39015022250305,16,8,0,the Bow Leaders,ORG,105,120
mdp.39015022250305,16,9,0,first,ORDINAL,5,10
mdp.39015022250305,16,9,1,the Bow Leaders,ORG,31,46
mdp.39015022250305,16,9,2,1971,DATE,63,67
mdp.39015022250305,16,9,3,New Pascua,FAC,105,115
mdp.39015022250305,16,10,0,Bow Leaders,ORG,35,46
mdp.39015022250305,16,10,1,Yaqui,NORP,73,78
mdp.39015022250305,16,10,2,Sonora,GPE,90,96
mdp.39015022250305,16,10,3,the Christo Rey pahko,EVENT,115,136
mdp.39015022250305,16,11,0,the Bow Leaders,ORG,53,68
mdp.39015022250305,16,11,1,New Pascua,FAC,106,116
mdp.39015022250305,16,12,0,the Bow Leaders,ORG,36,51
mdp.39015022250305,16,14,0,about 1:00 or 2:00 AM,TIME,8,29
mdp.39015022250305,16,17,0,Coyotes,ORG,57,64
mdp.39015022250305,16,20,0,the early morning hours,TIME,21,44
mdp.39015022250305,16,20,1,Marana,GPE,74,80
mdp.39015022250305,16,23,0,Yaquis,NORP,0,6
mdp.39015022250305,16,23,1,the Sonoran Desert,LOC,37,55
mdp.39015022250305,16,25,0,the huya ania,LOC,47,60
mdp.39015022250305,16,27,0,the huya ania,LOC,63,76
mdp.39015022250305,16,28,0,sewa yoleme,PERSON,48,59
mdp.39015022250305,16,28,1,yo yoleme,PERSON,77,86
mdp.39015022250305,16,28,2,machiwa yoleme,PERSON,111,125
mdp.39015022250305,16,29,0,Yaqui,NORP,13,18
mdp.39015022250305,16,30,0,Yaquis,NORP,24,30
mdp.39015022250305,16,33,0,Christian,NORP,44,53
mdp.39015022250305,16,33,1,Saint Francis,PERSON,70,83
mdp.39015022250305,16,33,2,Saint Peter,PERSON,85,96
mdp.39015022250305,16,33,3,Saint Paul,PERSON,98,108
mdp.39015022250305,16,33,4,Saint John,PERSON,110,120
mdp.39015022250305,16,34,0,Felipe,PERSON,0,6
mdp.39015022250305,17,0,0,the Bow Leaders,WORK_OF_ART,30,45
mdp.39015022250305,17,0,1,two,CARDINAL,51,54
mdp.39015022250305,17,0,2,first,ORDINAL,79,84
mdp.39015022250305,17,0,3,three,CARDINAL,109,114
mdp.39015022250305,17,0,4,four,CARDINAL,118,122
mdp.39015022250305,17,1,0,only one,CARDINAL,8,16
mdp.39015022250305,17,1,1,first,ORDINAL,35,40
mdp.39015022250305,17,2,0,two,CARDINAL,42,45
mdp.39015022250305,17,2,1,first,ORDINAL,69,74
mdp.39015022250305,17,3,0,two,CARDINAL,56,59
mdp.39015022250305,17,7,0,Sontao Ya'uchim,WORK_OF_ART,23,38
mdp.39015022250305,17,7,1,first,ORDINAL,72,77
mdp.39015022250305,17,7,2,evening,TIME,156,163
mdp.39015022250305,17,7,3,midnight,TIME,171,179
mdp.39015022250305,17,7,4,morning,TIME,190,197
mdp.39015022250305,17,8,0,the night,TIME,95,104
mdp.39015022250305,17,9,0,Felipe,PERSON,65,71
mdp.39015022250305,17,9,1,Old Pascua,FAC,85,95
mdp.39015022250305,19,0,0,Yaqui Deer Songs/Maso Bwikam: A Native American Poetry,WORK_OF_ART,21,75
mdp.39015022250305,19,0,1,Tucson,GPE,77,83
mdp.39015022250305,19,0,2,Sun Tracks and,ORG,85,99
mdp.39015022250305,19,0,3,the University of Arizona Press,ORG,100,131
mdp.39015022250305,19,0,4,1987,DATE,133,137
mdp.39015022250305,19,0,5,Yaqui,NORP,209,214
mdp.39015022250305,19,0,6,non-Yaqui,NORP,231,240
mdp.39015022250305,19,1,0,Yaqui,NORP,65,70
mdp.39015022250305,19,1,1,America,GPE,196,203
mdp.39015022250305,19,2,0,Edward H. Spicer's,PERSON,0,18
mdp.39015022250305,19,2,1,The Yaquis: A Cultural History,WORK_OF_ART,19,49
mdp.39015022250305,19,2,2,Tucson,GPE,51,57
mdp.39015022250305,19,2,3,University of Arizona Press,ORG,59,86
mdp.39015022250305,19,2,4,1980,DATE,88,92
mdp.39015022250305,19,2,5,Yaqui,NORP,133,138
mdp.39015022250305,19,3,0,164,CARDINAL,21,24
mdp.39015022250305,19,3,1,176,CARDINAL,25,28
mdp.39015022250305,19,3,2,the Coyote Society,ORG,51,69
mdp.39015022250305,19,3,3,Yaqui,NORP,87,92
mdp.39015022250305,19,4,0,Muriel Thayer Painter,PERSON,0,21
mdp.39015022250305,19,4,1,With Good Heart: Yaqui Beliefs and Ceremonies in Pascua Village,WORK_OF_ART,23,86
mdp.39015022250305,19,4,2,Tucson,GPE,88,94
mdp.39015022250305,19,4,3,University of Arizona Press,ORG,96,123
mdp.39015022250305,19,4,4,1986,DATE,125,129
mdp.39015022250305,19,4,5,dozens,CARDINAL,190,196
mdp.39015022250305,19,4,6,Yaqui,NORP,210,215
mdp.39015022250305,19,5,0,Refugio Savala,PERSON,15,29
mdp.39015022250305,19,5,1,55,DATE,49,51
mdp.39015022250305,19,6,0,Felipe S. Molina,PERSON,4,20
mdp.39015022250305,19,6,1,Larry Evers,PERSON,25,36
mdp.39015022250305,19,6,2,Muriel Thayer Painter's With Good Heart: Two Views,WORK_OF_ART,39,89
mdp.39015022250305,19,6,3,Journal of the Southwest,ORG,92,116
mdp.39015022250305,19,6,4,29,CARDINAL,118,120
mdp.39015022250305,19,6,5,1,CARDINAL,126,127
mdp.39015022250305,19,6,6,Spring 1987,DATE,129,140
mdp.39015022250305,19,6,7,96,CARDINAL,147,149
mdp.39015022250305,19,7,0,Ruth Warner Giddings,PERSON,0,20
mdp.39015022250305,19,7,1,Yaqui,NORP,65,70
mdp.39015022250305,19,7,2,Edward Spicer,PERSON,116,129
mdp.39015022250305,19,7,3,1945,DATE,145,149
mdp.39015022250305,19,8,0,Folk Literature of the Yaqui Indians,WORK_OF_ART,26,62
mdp.39015022250305,19,8,1,Yaqui Myths and Legends,WORK_OF_ART,117,140
mdp.39015022250305,19,8,2,Tucson,GPE,142,148
mdp.39015022250305,19,8,3,University of Arizona Press,ORG,150,177
mdp.39015022250305,19,8,4,1959,DATE,179,183
mdp.39015022250305,19,9,0,Leticia Varela,PERSON,0,14
mdp.39015022250305,19,9,1,the University of Hermosillo,ORG,40,68
mdp.39015022250305,19,9,2,the Coyote Society,ORG,93,111
mdp.39015022250305,19,9,3,La Musica en La Vida de Los Yaquis,WORK_OF_ART,125,159
mdp.39015022250305,19,9,4,Hermosillo,GPE,161,171
mdp.39015022250305,19,9,5,Sonora,GPE,173,179
mdp.39015022250305,19,9,6,Secretaria de Fomento Educativo y Cultura,ORG,181,222
mdp.39015022250305,19,9,7,1986,DATE,224,228
mdp.39015022250305,19,10,0,the Bow Leader Society,ORG,85,107
mdp.39015022250305,19,11,0,50,CARDINAL,10,12
mdp.39015022250305,19,11,1,55,CARDINAL,13,15
mdp.39015022250305,19,12,0,Amos Taub,PERSON,0,9
mdp.39015022250305,19,12,1,Traditional Poetry of the Yaqui Indians,WORK_OF_ART,20,59
mdp.39015022250305,19,12,2,M.A.,WORK_OF_ART,65,69
mdp.39015022250305,19,12,3,University of Arizona,ORG,78,99
mdp.39015022250305,19,12,4,1950,DATE,101,105
mdp.39015022250305,19,12,5,Edward Spicer,PERSON,131,144
mdp.39015022250305,19,12,6,Frances Gillmor,PERSON,149,164
mdp.39015022250305,21,0,0,2,CARDINAL,5,6
mdp.39015022250305,21,0,1,What They Sang songs,WORK_OF_ART,7,27
mdp.39015022250305,22,0,0,Sontao Ya'uchim eme sontao ya uchim vanseka tu'ulisi chomoka hisaka yewi yewima katema yewi yewima katema katema katema vanseka katema katema tu'ulisi tavelo masata sialapti chomoka hisaka yewi yewima katema yewi yewima katema katema katema katema katema katema,PERSON,0,261
mdp.39015022250305,23,1,0,four,CARDINAL,69,73
mdp.39015022250305,23,1,1,first,ORDINAL,86,91
mdp.39015022250305,23,3,0,Hiakim,LOC,74,80
mdp.39015022250305,23,3,1,Yaquis,NORP,106,112
mdp.39015022250305,24,0,0,Yoyo Vaka,PERSON,0,9
mdp.39015022250305,24,0,1,seyewailo saniloapo,PERSON,189,208
mdp.39015022250305,24,0,2,Spanish,LANGUAGE,455,462
mdp.39015022250305,24,1,0,Yaqui,GPE,38,43
mdp.39015022250305,25,8,0,Refugio Savala,PERSON,88,102
mdp.39015022250305,25,8,1,Yaqui,NORP,128,133
mdp.39015022250305,25,8,2,Ana Maria,PERSON,141,150
mdp.39015022250305,25,8,3,Yaqui,NORP,169,174
mdp.39015022250305,25,8,4,Takalaim,LOC,189,197
mdp.39015022250305,25,8,5,San Carlos Bay,LOC,251,265
mdp.39015022250305,25,8,6,Guaymas,GPE,276,283
mdp.39015022250305,25,8,7,Sonora,GPE,285,291
mdp.39015022250305,25,9,0,Takalaim,LOC,5,13
mdp.39015022250305,25,9,1,four,CARDINAL,38,42
mdp.39015022250305,25,9,2,Yaqui,NORP,79,84
mdp.39015022250305,25,10,0,Yaqui,NORP,31,36
mdp.39015022250305,25,10,1,Spain,GPE,79,84
mdp.39015022250305,25,10,2,Conquest,EVENT,108,116
mdp.39015022250305,25,11,0,four,CARDINAL,24,28
mdp.39015022250305,25,11,1,Yaqui,NORP,59,64
mdp.39015022250305,25,12,0,Yaqui,NORP,12,17
mdp.39015022250305,25,12,1,the King of Spain,PERSON,43,60
mdp.39015022250305,25,12,2,Yaquis,NORP,66,72
mdp.39015022250305,26,0,0,Yoyo Vaikumarewi yoyo vaikumarewi yo,PERSON,0,36
mdp.39015022250305,26,0,1,va'ata vepasu cha'aka masata yowa,PERSON,37,70
mdp.39015022250305,26,0,2,vaikumarewi yo,PERSON,76,90
mdp.39015022250305,26,0,3,va'ata vepasu cha'aka haivusu masata yowa masata yowa yowa yowa yowa ayamansu seyewailo yo,PERSON,91,181
mdp.39015022250305,26,0,4,va'ata maneka vepa cha'aka haivusu masata yowa,PERSON,182,228
mdp.39015022250305,26,0,5,yoyo vaikumarewi yo,PERSON,229,248
mdp.39015022250305,26,0,6,va'ata vepasu cha'aka haivusu masata yowa,PERSON,249,290
mdp.39015022250305,26,0,7,masata yowa yowa yowa yowa yowa,PERSON,291,322
mdp.39015022250305,28,0,0,Kooni,GPE,0,5
mdp.39015022250305,28,0,1,Mahai kooni,GPE,6,17
mdp.39015022250305,28,0,2,hitasa,GPE,18,24
mdp.39015022250305,28,0,3,mahaika saiyula,PERSON,25,40
mdp.39015022250305,28,1,0,vo'oka saiyula vooka,PERSON,0,20
mdp.39015022250305,28,1,1,kooni kooni,GPE,21,32
mdp.39015022250305,28,1,2,hitasa,GPE,33,39
mdp.39015022250305,28,1,3,mahaika saiyula vo'oka saiyula,PERSON,40,70
mdp.39015022250305,28,1,4,vo'oka vooka,GPE,71,83
mdp.39015022250305,28,1,5,katikun vaka,GPE,102,114
mdp.39015022250305,28,1,6,hiuwata,GPE,115,122
mdp.39015022250305,28,2,0,mahaika wamsu saiyula vo'oka saiyula vooka,PERSON,0,42
mdp.39015022250305,28,2,1,kooni kooni,PERSON,43,54
mdp.39015022250305,28,2,2,hitasa,GPE,55,61
mdp.39015022250305,28,2,3,mahaika saiyula,PERSON,62,77
mdp.39015022250305,28,2,4,vo'oka saiyula,GPE,78,92
mdp.39015022250305,28,2,5,vooka vooka,GPE,111,122
mdp.39015022250305,29,0,0,Crow,PERSON,0,4
mdp.39015022250305,29,0,1,Crow,PERSON,15,19
mdp.39015022250305,29,1,0,Crow,PERSON,28,32
mdp.39015022250305,29,1,1,crow,PERSON,33,37
mdp.39015022250305,29,3,0,Crow,PERSON,28,32
mdp.39015022250305,29,3,1,crow,PERSON,33,37
mdp.39015022250305,30,0,0,San Juan San Pasihkota,GPE,0,22
mdp.39015022250305,30,0,1,Wiko'i Kottak,GPE,23,36
mdp.39015022250305,30,0,2,San Juan San Pasihkota,GPE,37,59
mdp.39015022250305,30,0,3,wikoi su kottak,GPE,60,75
mdp.39015022250305,30,0,4,San Juan San Pasihkota,GPE,76,98
mdp.39015022250305,30,0,5,wiko'i su,GPE,99,108
mdp.39015022250305,30,0,6,kottak kottak,GPE,116,129
mdp.39015022250305,30,0,7,kottak kottak,GPE,130,143
mdp.39015022250305,30,0,8,machiauvicha su,GPE,144,159
mdp.39015022250305,30,0,9,machiauvicha su,GPE,195,210
mdp.39015022250305,30,0,10,kottak kottak,GPE,246,259
mdp.39015022250305,30,0,11,kottak kottak,GPE,260,273
mdp.39015022250305,30,1,0,the early 1940s,DATE,3,18
mdp.39015022250305,30,1,1,Lucas Chavez,PERSON,20,32
mdp.39015022250305,30,1,2,Old Pascua,GPE,48,58
mdp.39015022250305,30,1,3,Ruth Warner Giddings,PERSON,76,96
mdp.39015022250305,30,1,4,San Francis,PERSON,153,164
mdp.39015022250305,30,1,5,Magdelena,GPE,168,177
mdp.39015022250305,30,1,6,Sonora,GPE,179,185
mdp.39015022250305,30,2,0,Saint Francis,PERSON,58,71
mdp.39015022250305,30,2,1,Yaqui,NORP,83,88
mdp.39015022250305,31,0,0,Saint John,PERSON,0,10
mdp.39015022250305,31,0,1,St. Francis,PERSON,28,39
mdp.39015022250305,31,0,2,Saint John,PERSON,40,50
mdp.39015022250305,31,0,3,Saint Francis,PERSON,62,75
mdp.39015022250305,31,0,4,Saint John,PERSON,86,96
mdp.39015022250305,31,0,5,Saint Francis,PERSON,108,121
mdp.39015022250305,31,4,0,Refugio Savala,PERSON,20,34
mdp.39015022250305,31,4,1,Muriel Thayer Painter,PERSON,40,61
mdp.39015022250305,31,4,2,San Francisco Xavier,PERSON,90,110
mdp.39015022250305,31,5,0,San Pedro,PERSON,0,9
mdp.39015022250305,31,5,1,San Francisco Xavier,ORG,60,80
mdp.39015022250305,32,0,0,San Peo Tu'uwata Noka San Peo,PERSON,0,29
mdp.39015022250305,32,0,1,teeka pwetapo kateka tu'uwata noka,PERSON,30,64
mdp.39015022250305,32,0,2,San Peo,PERSON,65,72
mdp.39015022250305,32,0,3,teeka pwetapo kateka tu'uwata,PERSON,73,102
mdp.39015022250305,32,0,4,seyewailo santo teweka looria,PERSON,137,166
mdp.39015022250305,32,0,5,pwetapo katek tu'uwata noka,PERSON,167,194
mdp.39015022250305,32,0,6,San Peo,PERSON,195,202
mdp.39015022250305,32,0,7,teeka pwetapo kateka tu'uwata noka,PERSON,203,237
mdp.39015022250305,32,0,8,Refugio Savala,PERSON,258,272
mdp.39015022250305,32,0,9,Muriel Thayer Painter,PERSON,283,304
mdp.39015022250305,32,0,10,the 1940s,DATE,308,317
mdp.39015022250305,32,1,0,Saint Peter,PERSON,1,12
mdp.39015022250305,32,2,0,San Pedro,GPE,64,73
mdp.39015022250305,33,0,0,Saint Peter,PERSON,0,11
mdp.39015022250305,33,1,0,Saint Peter,PERSON,0,11
mdp.39015022250305,33,1,1,Saint Peter,PERSON,52,63
mdp.39015022250305,33,2,0,Saint Peter,PERSON,60,71
mdp.39015022250305,34,0,0,Hepela eme sontao ya uchim tulisi,PERSON,0,33
mdp.39015022250305,34,0,1,hepela kateka nausu yewe nausu yewe eme sontao,PERSON,34,80
mdp.39015022250305,34,0,2,uchim tulisi,GPE,84,96
mdp.39015022250305,34,0,3,hepela kateka nausu yewe yewe nausu yewe yewe yewe yewe imsu sewa votsu,PERSON,97,168
mdp.39015022250305,34,0,4,hepela kateka nausu yewe eme sontao ya uchim tulisi,PERSON,169,220
mdp.39015022250305,34,0,5,hepela kateka nausu yewe nausu yewe yewe yewe yewe yewe,PERSON,221,276
mdp.39015022250305,34,1,0,The Bow Leaders,PERSON,0,15
mdp.39015022250305,34,1,1,three,CARDINAL,22,27
mdp.39015022250305,35,3,0,one,CARDINAL,3,6
mdp.39015022250305,35,5,0,one,CARDINAL,80,83
mdp.39015022250305,36,0,0,Yoyo Aakame yoyo a'akame sevipo vooka siirisiiriti hia siirisiiriti hia siirisiiriti hia hia hia,PERSON,0,96
mdp.39015022250305,36,0,1,katikun taewalita,GPE,105,122
mdp.39015022250305,36,0,2,sumeiyaka haivusu sevipo vooka,PERSON,123,153
mdp.39015022250305,36,0,3,siirisiiriti hia,GPE,154,170
mdp.39015022250305,36,0,4,siirisiiriti hia,GPE,171,187
mdp.39015022250305,36,0,5,siirisiiriti hia,GPE,188,204
mdp.39015022250305,36,0,6,hia hia,GPE,213,220
mdp.39015022250305,36,1,0,ayam.,PERSON,24,29
mdp.39015022250305,37,4,0,the day,DATE,29,36
mdp.39015022250305,37,4,1,Siirisiiri sounding,NORP,65,84
mdp.39015022250305,37,6,0,Felipe,PERSON,5,11
mdp.39015022250305,37,6,1,first,ORDINAL,86,91
mdp.39015022250305,38,0,0,Hupa hupa hu'upa kutapo,GPE,0,23
mdp.39015022250305,38,0,1,kateka toe,PERSON,24,34
mdp.39015022250305,38,0,2,hia hia,GPE,69,76
mdp.39015022250305,38,0,3,katikun yo,GPE,89,99
mdp.39015022250305,38,0,4,hu'upapo kateka toe,GPE,100,119
mdp.39015022250305,38,0,5,kutapo kateka toe,PERSON,156,173
mdp.39015022250305,38,2,0,Yaquis,NORP,11,17
mdp.39015022250305,38,3,0,hupa hu'upapo skunk,GPE,35,54
mdp.39015022250305,38,3,1,mesquite,GPE,58,66
mdp.39015022250305,38,3,2,kateka huvam huhak,GPE,74,92
mdp.39015022250305,39,0,0,mesquite,LOC,19,27
mdp.39015022250305,39,0,1,mesquite,NORP,157,165
mdp.39015022250305,39,0,2,mesquite,GPE,202,210
mdp.39015022250305,40,0,0,APR 09/2002,DATE,68,79
mdp.39015022250305,40,0,1,APR 242002 APR 30 2002,DATE,89,111
mdp.39015022250305,42,0,0,8.00,MONEY,2,6
mdp.39015022250305,42,0,1,the Yaqui Bow Leaders' Society,ORG,62,92
mdp.39015022250305,42,0,2,Larry Evers,PERSON,133,144
mdp.39015022250305,42,0,3,Felipe S. Molina,PERSON,149,165
mdp.39015022250305,42,1,0,Larry Evers,PERSON,0,11
mdp.39015022250305,42,1,1,the University of Arizona,ORG,39,64
mdp.39015022250305,42,1,2,American Indian,NORP,83,98
mdp.39015022250305,42,1,3,Sun Tracks,WORK_OF_ART,115,125
mdp.39015022250305,42,2,0,Felipe S. Molina,PERSON,0,16
mdp.39015022250305,42,2,1,Yaqui,NORP,22,27
mdp.39015022250305,42,2,2,Yoem Pueblo,GPE,65,76
mdp.39015022250305,42,2,3,the Pascua Tribal Council,ORG,96,121
mdp.39015022250305,42,3,0,Evers,PERSON,0,5
mdp.39015022250305,42,3,1,Molina,PERSON,10,16
mdp.39015022250305,42,3,2,Yaqui Deer Songs/Maso Bwikam,WORK_OF_ART,58,86
mdp.39015022250305,42,3,3,Tucson,GPE,88,94
mdp.39015022250305,42,3,4,University of Arizona Press,ORG,96,123
mdp.39015022250305,42,3,5,1987,DATE,125,129
mdp.39015022250305,42,4,0,CHAX PRESS,ORG,0,10
mdp.39015022250305,42,4,1,4,CARDINAL,38,39
mdp.39015022250305,42,4,2,Tucson,GPE,40,46
mdp.39015022250305,42,4,3,Arizona,GPE,48,55
mdp.39015022250305,42,4,4,USA,GPE,64,67
