vol_id,page,sentence_id,ent_id,entity,entity_type,start_char,end_char
mdp.39015022000114,3,0,0,1988,DATE,38,42
mdp.39015022000114,3,0,1,Richard Red Hawk,PERSON,56,72
mdp.39015022000114,3,0,2,Anne C. Brook,PERSON,90,103
mdp.39015022000114,5,1,0,Richard Red Hawk,PERSON,9,25
mdp.39015022000114,5,1,1,Anne C. Brook,PERSON,43,56
mdp.39015022000114,6,0,0,Nik,PERSON,45,48
mdp.39015022000114,7,0,0,67 6,CARDINAL,24,28
mdp.39015022000114,7,0,1,Richard Red Hawk,PERSON,32,48
mdp.39015022000114,7,0,2,Anne C. Brook,PERSON,66,79
mdp.39015022000114,7,1,0,Sierra Oaks Publishing Company,ORG,1,31
mdp.39015022000114,7,1,1,1988,DATE,32,36
mdp.39015022000114,8,0,0,Sierra Oaks Publishing Company,ORG,61,91
mdp.39015022000114,8,0,1,"Grandmother's Christmas Story: A True Quechan Indian Story A, B, C's the American Indian Way Grandmother Stories of the Northwest Grandfather's Story of Navajo Monsters Grandfather's Origin Story: The Navajo Indian Beginning Copyright © 1988",WORK_OF_ART,93,334
mdp.39015022000114,8,0,2,Sierra Oaks Publishing Company,ORG,335,365
mdp.39015022000114,8,0,3,255354,CARDINAL,375,381
mdp.39015022000114,8,0,4,Sacramento,GPE,382,392
mdp.39015022000114,8,0,5,California,GPE,394,404
mdp.39015022000114,8,2,0,the United States of America,GPE,11,39
mdp.39015022000114,9,0,0,Juv 6528582,PERSON,0,11
mdp.39015022000114,9,0,1,American,NORP,68,76
mdp.39015022000114,14,0,0,Tess,PERSON,0,4
mdp.39015022000114,14,2,0,Friday,DATE,7,13
mdp.39015022000114,14,4,0,2,CARDINAL,0,1
mdp.39015022000114,16,0,0,one,CARDINAL,7,10
mdp.39015022000114,16,2,0,Tom,PERSON,0,3
mdp.39015022000114,16,3,0,Emma,PERSON,0,4
mdp.39015022000114,16,4,0,Sally,PERSON,0,5
mdp.39015022000114,16,5,0,4,CARDINAL,0,1
mdp.39015022000114,17,0,0,5,CARDINAL,7,8
mdp.39015022000114,18,0,0,Tess,PERSON,0,4
mdp.39015022000114,18,2,0,Tess,PERSON,23,27
mdp.39015022000114,18,2,1,Sherrill,PERSON,34,42
mdp.39015022000114,18,2,2,6,CARDINAL,49,50
mdp.39015022000114,19,0,0,7,CARDINAL,1,2
mdp.39015022000114,20,0,0,Tess,PERSON,0,4
mdp.39015022000114,20,2,0,8,CARDINAL,0,1
mdp.39015022000114,21,0,0,9,CARDINAL,0,1
mdp.39015022000114,22,0,0,American Indian,NORP,21,36
mdp.39015022000114,22,0,1,Tess,PERSON,45,49
mdp.39015022000114,22,1,0,Indian Pow Wows,EVENT,27,42
mdp.39015022000114,22,1,1,today,DATE,43,48
mdp.39015022000114,22,2,0,Tess,PERSON,0,4
mdp.39015022000114,22,4,0,American Indian,NORP,37,52
mdp.39015022000114,22,8,0,10,CARDINAL,0,2
mdp.39015022000114,24,0,0,Indians,NORP,1,8
mdp.39015022000114,24,0,1,the Great Plains,LOC,12,28
mdp.39015022000114,24,0,2,the Pow Wow,EVENT,37,48
mdp.39015022000114,24,0,3,Tess,PERSON,51,55
mdp.39015022000114,24,2,0,Indian,NORP,12,18
mdp.39015022000114,24,2,1,Kiowas,NORP,56,62
mdp.39015022000114,24,2,2,Cheyennes,NORP,68,77
mdp.39015022000114,24,2,3,Comanches,NORP,83,92
mdp.39015022000114,24,2,4,Poncas,NORP,98,104
mdp.39015022000114,24,2,5,Sioux,NORP,114,119
mdp.39015022000114,24,3,0,Tess,PERSON,0,4
mdp.39015022000114,24,3,1,the American Indians,NORP,46,66
mdp.39015022000114,24,4,0,Indians,NORP,40,47
mdp.39015022000114,24,5,0,Indians,NORP,4,11
mdp.39015022000114,24,6,0,12,CARDINAL,0,2
mdp.39015022000114,26,0,0,Tess,PERSON,0,4
mdp.39015022000114,26,3,0,Tess,PERSON,0,4
mdp.39015022000114,26,3,1,two,CARDINAL,18,21
mdp.39015022000114,26,5,0,the Pow Wow,EVENT,4,15
mdp.39015022000114,26,5,1,Indians,NORP,31,38
mdp.39015022000114,26,5,2,the old days,DATE,46,58
mdp.39015022000114,26,7,0,Tess,PERSON,4,8
mdp.39015022000114,26,8,0,Indian,NORP,10,16
mdp.39015022000114,26,10,0,Today,DATE,1,6
mdp.39015022000114,26,10,1,Indians,NORP,7,14
mdp.39015022000114,26,10,2,the United States,GPE,29,46
mdp.39015022000114,26,10,3,Canada,GPE,51,57
mdp.39015022000114,26,10,4,Tess,PERSON,74,78
mdp.39015022000114,26,11,0,Indians,NORP,41,48
mdp.39015022000114,26,11,1,14,CARDINAL,51,53
mdp.39015022000114,27,0,0,15,CARDINAL,42,44
mdp.39015022000114,28,0,0,Tess,PERSON,36,40
mdp.39015022000114,28,2,0,the Round Dance,WORK_OF_ART,31,46
mdp.39015022000114,28,2,1,Tess,PERSON,49,53
mdp.39015022000114,28,4,0,Sherrill,PERSON,4,12
mdp.39015022000114,28,5,0,Indian,NORP,39,45
mdp.39015022000114,28,6,0,Tess,PERSON,57,61
mdp.39015022000114,28,8,0,the Round Dance,EVENT,59,74
mdp.39015022000114,28,9,0,Tess,PERSON,0,4
mdp.39015022000114,28,12,0,16,CARDINAL,0,2
mdp.39015022000114,29,0,0,17,CARDINAL,1,3
mdp.39015022000114,30,0,0,Tess,PERSON,22,26
mdp.39015022000114,30,1,0,Saturday,DATE,1,9
mdp.39015022000114,30,1,1,night,TIME,10,15
mdp.39015022000114,30,3,0,Sherrill,PERSON,4,12
mdp.39015022000114,30,4,0,Sherrill,PERSON,16,24
mdp.39015022000114,30,4,1,Tess,PERSON,32,36
mdp.39015022000114,30,4,2,a Pow Wow,EVENT,63,72
mdp.39015022000114,30,5,0,18,CARDINAL,66,68
mdp.39015022000114,31,0,0,19,CARDINAL,12,14
mdp.39015022000114,32,0,0,Sherrill,PERSON,4,12
mdp.39015022000114,32,0,1,Tess,PERSON,19,23
mdp.39015022000114,32,1,0,the Pow Wow,EVENT,43,54
mdp.39015022000114,32,1,1,Tess,PERSON,57,61
mdp.39015022000114,32,2,0,the Round Dance,EVENT,14,29
mdp.39015022000114,32,4,0,the Pow Wow,EVENT,15,26
mdp.39015022000114,32,4,1,American,NORP,49,57
mdp.39015022000114,32,4,2,20,CARDINAL,71,73
mdp.39015022000114,34,0,0,22,CARDINAL,0,2
mdp.39015022000114,35,0,0,the Pow Wow,EVENT,3,14
mdp.39015022000114,36,0,0,Tess,PERSON,0,4
mdp.39015022000114,36,0,1,Santana School,ORG,28,42
mdp.39015022000114,36,1,0,the United States,GPE,33,50
mdp.39015022000114,36,2,0,California,GPE,31,41
mdp.39015022000114,36,2,1,24,CARDINAL,44,46
mdp.39015022000114,37,0,0,Santana Gymnasium,FAC,1,18
mdp.39015022000114,37,0,1,25,CARDINAL,19,21
mdp.39015022000114,38,1,0,the Grand Entry,WORK_OF_ART,22,37
mdp.39015022000114,38,6,0,Indians,NORP,26,33
mdp.39015022000114,38,7,0,Tess,PERSON,0,4
mdp.39015022000114,38,10,0,26,CARDINAL,0,2
mdp.39015022000114,39,0,0,Peo 27,PERSON,6,12
mdp.39015022000114,40,2,0,a Flag Song,WORK_OF_ART,16,27
mdp.39015022000114,40,2,1,Tess,PERSON,30,34
mdp.39015022000114,40,4,0,The Flag Song,WORK_OF_ART,0,13
mdp.39015022000114,40,4,1,American,NORP,25,33
mdp.39015022000114,40,7,0,Indian,NORP,4,10
mdp.39015022000114,40,7,1,the Flag Song,WORK_OF_ART,44,57
mdp.39015022000114,40,8,0,28,CARDINAL,0,2
mdp.39015022000114,41,0,0,29,CARDINAL,3,5
mdp.39015022000114,42,0,0,Indian,NORP,25,31
mdp.39015022000114,42,1,0,the Pow Wow,EVENT,58,69
mdp.39015022000114,42,2,0,the Luiseño Indians,NORP,42,61
mdp.39015022000114,42,2,1,California,GPE,76,86
mdp.39015022000114,42,3,0,English,LANGUAGE,17,24
mdp.39015022000114,42,5,0,30,CARDINAL,0,2
mdp.39015022000114,43,0,0,31,CARDINAL,1,3
mdp.39015022000114,44,0,0,Indian,NORP,0,6
mdp.39015022000114,44,2,0,the Sioux Indians,NORP,44,61
mdp.39015022000114,44,4,0,Tess,PERSON,60,64
mdp.39015022000114,44,5,0,32,CARDINAL,60,62
mdp.39015022000114,46,4,0,One,CARDINAL,0,3
mdp.39015022000114,46,4,1,Tess,PERSON,26,30
mdp.39015022000114,46,6,0,Indian,NORP,14,20
mdp.39015022000114,46,7,0,34,CARDINAL,0,2
mdp.39015022000114,48,0,0,Tess,PERSON,0,4
mdp.39015022000114,48,0,1,Indians,NORP,65,72
mdp.39015022000114,48,0,2,the old days,DATE,76,88
mdp.39015022000114,48,3,0,Tess,PERSON,38,42
mdp.39015022000114,48,5,0,Indian,NORP,28,34
mdp.39015022000114,48,7,0,36,CARDINAL,44,46
mdp.39015022000114,50,2,0,Tess,PERSON,58,62
mdp.39015022000114,50,7,0,38,CARDINAL,0,2
mdp.39015022000114,51,0,0,1,CARDINAL,7,8
mdp.39015022000114,52,0,0,the Master of Ceremonies,PERSON,8,32
mdp.39015022000114,52,0,1,a Round Dance,WORK_OF_ART,43,56
mdp.39015022000114,52,2,0,Tess,PERSON,0,4
mdp.39015022000114,52,3,0,Tess,PERSON,0,4
mdp.39015022000114,52,4,0,40,CARDINAL,0,2
mdp.39015022000114,53,0,0,41,CARDINAL,1,3
mdp.39015022000114,54,0,0,Indian,NORP,35,41
mdp.39015022000114,54,2,0,Tess,PERSON,32,36
mdp.39015022000114,54,3,0,Indian,NORP,63,69
mdp.39015022000114,54,4,0,42,CARDINAL,0,2
mdp.39015022000114,56,0,0,Tess,PERSON,22,26
mdp.39015022000114,56,1,0,Sherrill,PERSON,26,34
mdp.39015022000114,56,2,0,Tess,PERSON,19,23
mdp.39015022000114,56,2,1,the Pow Wow,EVENT,38,49
mdp.39015022000114,56,3,0,Tess,PERSON,0,4
mdp.39015022000114,56,4,0,Indian,NORP,37,43
mdp.39015022000114,56,5,0,that night,TIME,49,59
mdp.39015022000114,56,7,0,the Round Dance,EVENT,20,35
mdp.39015022000114,56,8,0,the Pow Wow,EVENT,33,44
mdp.39015022000114,56,9,0,44,CARDINAL,0,2
mdp.39015022000114,57,0,0,45,CARDINAL,1,3
mdp.39015022000114,59,0,0,JAN HET JAN 1 1994,DATE,36,54
mdp.39015022000114,59,0,1,7%,PERCENT,55,57
mdp.39015022000114,59,0,2,DEC 08 1994,DATE,78,89
mdp.39015022000114,59,0,3,COWNOV 1 3 1995,DATE,90,105
mdp.39015022000114,60,0,0,ages 6-9,DATE,25,33
mdp.39015022000114,60,0,1,The American Indian Pow Wow,EVENT,34,61
mdp.39015022000114,60,0,2,Indian,NORP,89,95
mdp.39015022000114,60,0,3,today,DATE,101,106
mdp.39015022000114,60,1,0,California,GPE,5,15
mdp.39015022000114,60,1,1,New Hampshire,GPE,19,32
mdp.39015022000114,60,1,2,American Indians,NORP,34,50
mdp.39015022000114,60,2,0,Indian,NORP,21,27
mdp.39015022000114,60,2,1,Tess,PERSON,39,43
mdp.39015022000114,60,2,2,the Pow Wow,EVENT,68,79
mdp.39015022000114,60,3,0,a Pow Wow,EVENT,23,32
mdp.39015022000114,60,3,1,Santana Elementary School,ORG,41,66
mdp.39015022000114,60,5,0,Indian,NORP,20,26
mdp.39015022000114,60,5,1,American Indian,NORP,94,109
mdp.39015022000114,60,6,0,Richard Red Hawk,PERSON,0,16
mdp.39015022000114,60,6,1,American Indian,NORP,54,69
mdp.39015022000114,60,7,0,Anne C. Brook,PERSON,0,13
mdp.39015022000114,60,7,1,American Indian,NORP,68,83
mdp.39015022000114,60,8,0,the Media Technology Services,ORG,38,67
mdp.39015022000114,60,8,1,San Diego State University,ORG,71,97
mdp.39015022000114,60,9,0,Sierra Oaks Publishing Company,ORG,20,50
mdp.39015022000114,60,9,1,1988,DATE,51,55
