vol_id,page,sentence_id,ent_id,entity,entity_type,start_char,end_char
mdp.39015025185334,1,0,0,Dan George,PERSON,36,46
mdp.39015025185334,1,0,1,Dan George,PERSON,62,72
mdp.39015025185334,1,0,2,Helmut Hirnschall,PERSON,85,102
mdp.39015025185334,2,0,0,MICH,PERSON,10,14
mdp.39015025185334,2,0,1,MICHA TIAVERIS,GPE,18,32
mdp.39015025185334,5,1,0,Dan George I,PERSON,23,35
mdp.39015025185334,5,1,1,Helmut Hirnschall,PERSON,40,57
mdp.39015025185334,6,0,0,828 63465,CARDINAL,0,9
mdp.39015025185334,6,0,1,88839-231-1,CARDINAL,20,31
mdp.39015025185334,6,1,0,1974,DATE,12,16
mdp.39015025185334,6,1,1,1989,DATE,18,22
mdp.39015025185334,6,1,2,Dan George,PERSON,29,39
mdp.39015025185334,6,1,3,Helmut Hirnschall,PERSON,44,61
mdp.39015025185334,6,1,4,First,ORDINAL,62,67
mdp.39015025185334,6,1,5,1989,DATE,86,90
mdp.39015025185334,6,2,0,1990,DATE,16,20
mdp.39015025185334,6,2,1,1990,DATE,36,40
mdp.39015025185334,6,4,0,Hancock House Publishers,ORG,223,247
mdp.39015025185334,6,5,0,Schiffer,PERSON,15,23
mdp.39015025185334,6,5,1,Hong Kong,GPE,35,44
mdp.39015025185334,6,5,2,Canada,GPE,73,79
mdp.39015025185334,6,5,3,the United States,GPE,84,101
mdp.39015025185334,6,5,4,HANCOCK HOUSE PUBLISHERS LTD,ORG,105,133
mdp.39015025185334,6,7,0,Surrey,GPE,20,26
mdp.39015025185334,6,7,1,B.C.,GPE,28,32
mdp.39015025185334,6,8,0,HANCOCK HOUSE PUBLISHERS,ORG,7,31
mdp.39015025185334,6,8,1,Blaine,GPE,69,75
mdp.39015025185334,6,8,2,WA,GPE,77,79
mdp.39015025185334,7,0,0,Dan George,PERSON,87,97
mdp.39015025185334,9,0,0,NAMWONA VANA,PERSON,38,50
mdp.39015025185334,10,0,0,8 8,CARDINAL,15,18
mdp.39015025185334,12,3,0,w ww. bencana,PERSON,0,13
mdp.39015025185334,12,3,1,WWE,ORG,14,17
mdp.39015025185334,14,0,0,ramamus SATHI,PERSON,1,14
mdp.39015025185334,15,8,0,13,CARDINAL,0,2
mdp.39015025185334,16,8,0,the days,DATE,5,13
mdp.39015025185334,18,3,0,an hour,TIME,16,23
mdp.39015025185334,18,6,0,days,DATE,56,60
mdp.39015025185334,18,6,1,nights,DATE,73,79
mdp.39015025185334,19,0,0,AM ASS 33 17,PERSON,1,13
mdp.39015025185334,20,3,0,18,CARDINAL,0,2
mdp.39015025185334,22,4,0,the years,DATE,20,29
mdp.39015025185334,22,6,0,20,CARDINAL,4,6
mdp.39015025185334,25,4,0,13 35,DATE,0,5
mdp.39015025185334,28,0,0,26,CARDINAL,37,39
mdp.39015025185334,29,3,0,27,CARDINAL,0,2
mdp.39015025185334,32,1,0,30,CARDINAL,2,4
mdp.39015025185334,34,0,0,32,CARDINAL,1,3
mdp.39015025185334,36,0,0,34,CARDINAL,1,3
mdp.39015025185334,37,0,0,Thee,PERSON,45,49
mdp.39015025185334,37,1,0,Thee,PERSON,41,45
mdp.39015025185334,37,2,0,Thee,PERSON,40,44
mdp.39015025185334,37,3,0,Thee,PERSON,42,46
mdp.39015025185334,37,4,0,35,CARDINAL,0,2
mdp.39015025185334,38,0,0,North America,LOC,17,30
mdp.39015025185334,38,1,0,two,CARDINAL,45,48
mdp.39015025185334,38,3,0,eighty feet,QUANTITY,27,38
mdp.39015025185334,38,6,0,one,CARDINAL,82,85
mdp.39015025185334,39,6,0,second,ORDINAL,18,24
mdp.39015025185334,39,7,0,See-see-am,PERSON,54,64
mdp.39015025185334,39,8,0,Indian River,LOC,49,61
mdp.39015025185334,39,8,1,the early morning,TIME,128,145
mdp.39015025185334,39,15,0,37,CARDINAL,48,50
mdp.39015025185334,40,2,0,PHINE SANA,PERSON,0,10
mdp.39015025185334,40,2,1,hundreds,CARDINAL,47,55
mdp.39015025185334,40,3,0,one,CARDINAL,18,21
mdp.39015025185334,40,5,0,millions,CARDINAL,65,73
mdp.39015025185334,41,9,0,39,CARDINAL,9,11
mdp.39015025185334,42,21,0,Indian,NORP,4,10
mdp.39015025185334,42,21,1,40,CARDINAL,25,27
mdp.39015025185334,43,9,0,Indian,NORP,35,41
mdp.39015025185334,44,4,0,42,CARDINAL,0,2
mdp.39015025185334,45,0,0,43,CARDINAL,1,3
mdp.39015025185334,48,1,0,46,CARDINAL,0,2
mdp.39015025185334,50,0,0,48,CARDINAL,11,13
mdp.39015025185334,51,2,0,49,CARDINAL,0,2
mdp.39015025185334,52,2,0,50,CARDINAL,0,2
mdp.39015025185334,54,9,0,52,CARDINAL,0,2
mdp.39015025185334,55,0,0,53,CARDINAL,15,17
mdp.39015025185334,56,11,0,54,CARDINAL,30,32
mdp.39015025185334,57,11,0,55,CARDINAL,0,2
mdp.39015025185334,58,0,0,56,CARDINAL,14,16
mdp.39015025185334,59,2,0,every minute,TIME,10,22
mdp.39015025185334,59,3,0,57,CARDINAL,0,2
mdp.39015025185334,63,2,0,61,CARDINAL,0,2
mdp.39015025185334,65,4,0,6.3,CARDINAL,0,3
mdp.39015025185334,66,0,0,thousands of years,DATE,4,22
mdp.39015025185334,67,2,0,the day,DATE,11,18
mdp.39015025185334,67,3,0,the year,DATE,15,23
mdp.39015025185334,67,4,0,first,ORDINAL,12,17
mdp.39015025185334,67,4,1,each day,DATE,43,51
mdp.39015025185334,67,5,0,65,CARDINAL,0,2
mdp.39015025185334,68,2,0,yesterday,DATE,25,34
mdp.39015025185334,68,3,0,Today,DATE,0,5
mdp.39015025185334,68,4,0,66,CARDINAL,145,147
mdp.39015025185334,69,1,0,today,DATE,148,153
mdp.39015025185334,70,0,0,68,CARDINAL,2,4
mdp.39015025185334,72,0,0,70,CARDINAL,1,3
mdp.39015025185334,73,1,0,71,CARDINAL,0,2
mdp.39015025185334,74,2,0,78,CARDINAL,1,3
mdp.39015025185334,76,0,0,74,CARDINAL,2,4
mdp.39015025185334,77,0,0,75,CARDINAL,3,5
mdp.39015025185334,78,0,0,3,CARDINAL,0,1
mdp.39015025185334,78,0,1,76,CARDINAL,3,5
mdp.39015025185334,81,1,0,winter,DATE,10,16
mdp.39015025185334,81,2,0,Mother Earth,LOC,4,16
mdp.39015025185334,81,4,0,77,CARDINAL,0,2
mdp.39015025185334,82,0,0,winter,DATE,68,74
mdp.39015025185334,82,2,0,78,CARDINAL,0,2
mdp.39015025185334,84,0,0,80,CARDINAL,1,3
mdp.39015025185334,87,5,0,8.3,CARDINAL,0,3
mdp.39015025185334,89,2,0,85,CARDINAL,0,2
mdp.39015025185334,90,0,0,first,ORDINAL,72,77
mdp.39015025185334,91,0,0,SAYAR,PERSON,1,6
mdp.39015025185334,92,0,0,88,CARDINAL,12,14
mdp.39015025185334,96,1,0,Chiefs,NORP,38,44
mdp.39015025185334,99,0,0,95,CARDINAL,25,27
mdp.39015025185334,100,0,0,HANCOCK HOUSE,GPE,0,13
mdp.39015025185334,100,0,1,INDIAN,NORP,14,20
mdp.39015025185334,100,0,2,Drew,PERSON,38,42
mdp.39015025185334,100,0,3,Wilson,PERSON,45,51
mdp.39015025185334,100,0,4,40.00,CARDINAL,74,79
mdp.39015025185334,100,0,5,R. Stephen Irwin,PERSON,99,115
mdp.39015025185334,100,0,6,J. B. Clemens,PERSON,137,150
mdp.39015025185334,100,0,7,3.95,CARDINAL,173,177
mdp.39015025185334,100,0,8,My Spirit Soars,PERSON,178,193
mdp.39015025185334,100,0,9,Dan George,PERSON,200,210
mdp.39015025185334,100,0,10,Helmut Hirnschall,PERSON,211,228
mdp.39015025185334,100,0,11,7.95,CARDINAL,251,255
mdp.39015025185334,100,0,12,American,NORP,256,264
mdp.39015025185334,100,0,13,Sharon Wirt,PERSON,280,291
mdp.39015025185334,100,0,14,3.95,CARDINAL,314,318
mdp.39015025185334,100,0,15,Indian,NORP,319,325
mdp.39015025185334,100,0,16,Della Kew,PERSON,340,349
mdp.39015025185334,100,0,17,P. E. Goddard,PERSON,352,365
mdp.39015025185334,100,0,18,Mike Roberts,PERSON,402,414
mdp.39015025185334,100,0,19,Joan Megan Jones,PERSON,486,502
mdp.39015025185334,100,0,20,7.95,CARDINAL,530,534
mdp.39015025185334,100,0,21,Indian,NORP,535,541
mdp.39015025185334,100,0,22,Roger W. Moeller,PERSON,562,578
mdp.39015025185334,100,0,23,The Providers,WORK_OF_ART,601,614
mdp.39015025185334,100,1,0,R. Stephen Irwin,PERSON,0,16
mdp.39015025185334,100,1,1,MD,GPE,18,20
mdp.39015025185334,100,1,2,3.95 12.95,CARDINAL,43,53
mdp.39015025185334,100,1,3,Marius Barbeau,PERSON,71,85
mdp.39015025185334,100,1,4,Wolfgang G. Jilek,PERSON,123,140
mdp.39015025185334,100,1,5,MD,GPE,142,144
mdp.39015025185334,100,1,6,Carol Batdorf,PERSON,180,193
mdp.39015025185334,100,1,7,6.95,CARDINAL,216,220
mdp.39015025185334,100,1,8,17.95,CARDINAL,227,232
mdp.39015025185334,100,1,9,Hilary Stewart,PERSON,267,281
mdp.39015025185334,100,1,10,12.95,CARDINAL,304,309
mdp.39015025185334,100,1,11,D. Allen,PERSON,334,342
mdp.39015025185334,100,1,12,Koona,GPE,379,384
mdp.39015025185334,100,1,13,Carolyn Smyly,PERSON,392,405
mdp.39015025185334,100,1,14,3.50,CARDINAL,428,432
mdp.39015025185334,100,1,15,9.95,CARDINAL,433,437
mdp.39015025185334,100,1,16,John C. Ewers,PERSON,448,461
mdp.39015025185334,100,1,17,Christy Ann Hensler,PERSON,501,520
mdp.39015025185334,100,1,18,7.95,CARDINAL,543,547
mdp.39015025185334,100,2,0,Dan &,PERSON,29,34
mdp.39015025185334,100,2,1,Nan Kaiper,PERSON,35,45
mdp.39015025185334,100,2,2,7.95,CARDINAL,71,75
mdp.39015025185334,100,2,3,4.95,CARDINAL,76,80
mdp.39015025185334,100,2,4,Beth Hill,PERSON,126,135
mdp.39015025185334,100,3,0,4.95,CARDINAL,0,4
mdp.39015025185334,100,4,0,D. Allen,PERSON,22,30
mdp.39015025185334,100,4,1,6.95,CARDINAL,53,57
mdp.39015025185334,100,4,2,3.50,CARDINAL,58,62
mdp.39015025185334,100,4,3,Salish,NORP,69,75
mdp.39015025185334,100,4,4,Reg Ashwell,PERSON,76,87
mdp.39015025185334,100,5,0,Leslie Drew,PERSON,20,31
mdp.39015025185334,100,5,1,Reg Ashwell,PERSON,78,89
mdp.39015025185334,100,5,2,Elizabeth Hawkins,PERSON,232,249
mdp.39015025185334,100,5,3,3.50,CARDINAL,272,276
mdp.39015025185334,100,5,4,Eskimo,NORP,291,297
mdp.39015025185334,100,5,5,Hancock House,ORG,313,326
mdp.39015025185334,100,5,6,3.95,CARDINAL,349,353
mdp.39015025185334,100,5,7,Carrie A. Lyford,PERSON,383,399
mdp.39015025185334,100,5,8,9.95,CARDINAL,422,426
mdp.39015025185334,100,6,0,Hancock House,ORG,0,13
mdp.39015025185334,100,6,1,2.95,CARDINAL,36,40
mdp.39015025185334,100,6,2,Kwakiuti,NORP,41,49
mdp.39015025185334,100,6,3,Reg Ashwell,PERSON,58,69
mdp.39015025185334,100,6,4,9.95,CARDINAL,92,96
mdp.39015025185334,100,6,5,The Incredible Eskimo,PERSON,97,118
mdp.39015025185334,100,6,6,Paul King,PERSON,138,147
mdp.39015025185334,100,6,7,Helmut Hirnschall,PERSON,202,219
mdp.39015025185334,100,6,8,7.95,CARDINAL,242,246
mdp.39015025185334,100,7,0,R. Stephen Irwin,PERSON,0,16
mdp.39015025185334,100,7,1,MD,GPE,18,20
mdp.39015025185334,100,7,2,J. B. Clemens,PERSON,38,51
mdp.39015025185334,100,7,3,3.95,CARDINAL,74,78
mdp.39015025185334,100,7,4,R. Stephen Irwin,PERSON,109,125
mdp.39015025185334,100,7,5,J. B. Clemens,PERSON,147,160
mdp.39015025185334,100,7,6,3.95,CARDINAL,185,189
mdp.39015025185334,100,7,7,R. Stephen Irwin,PERSON,209,225
mdp.39015025185334,100,8,0,J. B. Clemens,PERSON,17,30
mdp.39015025185334,100,8,1,5.95,CARDINAL,53,57
mdp.39015025185334,100,8,2,R. Stephen Irwin,PERSON,89,105
mdp.39015025185334,100,8,3,J. B. Clemens,PERSON,127,140
mdp.39015025185334,100,8,4,3.95,CARDINAL,163,167
mdp.39015025185334,100,8,5,7.95,CARDINAL,174,178
mdp.39015025185334,101,0,0,APR 15-1993 2 3 1992,DATE,36,56
mdp.39015025185334,102,0,0,My Heart by Che pan Georyeo Soars by,WORK_OF_ART,1,37
mdp.39015025185334,102,0,1,Dan George,PERSON,44,54
mdp.39015025185334,102,0,2,Helmut Hirnschall,PERSON,67,84
mdp.39015025185334,102,0,3,hancock house,ORG,85,98
mdp.39015025185334,102,0,4,7.95,MONEY,100,104
