vol_id,page,sentence_id,ent_id,entity,entity_type,start_char,end_char
mdp.39015032204946,1,0,0,Pool A Is Gone,WORK_OF_ART,21,35
mdp.39015032204946,1,0,1,Wendy rose,PERSON,50,60
mdp.39015032204946,5,0,0,Peal,PERSON,4,8
mdp.39015032204946,6,0,0,"Bone Dance: New and Selected Poems, 1967-1992 Going to War with All My Relations The Halfbreed Chronicles and Other Poems What Happened When the Hopi Hit New York Lost Copper Builder Kachina: A Home-Going Cycle Poetry of the American Indian Multi-Media Series: Wendy Rose Academic Squaw: Reports to the World from the Ivory Tower Long Division: A Tribal History Hopi Roadrunner Dancing",WORK_OF_ART,27,412
mdp.39015032204946,7,0,0,Von Pool Is Gone,WORK_OF_ART,0,16
mdp.39015032204946,7,0,1,Wendy rose,PERSON,32,42
mdp.39015032204946,7,0,2,Firebrand Books,ORG,43,58
mdp.39015032204946,7,0,3,Ithaca,GPE,59,65
mdp.39015032204946,7,0,4,New York,GPE,67,75
mdp.39015032204946,8,1,0,Beloit Poetry Journal,WORK_OF_ART,118,139
mdp.39015032204946,8,1,1,The Clouds Threw This Light,WORK_OF_ART,141,168
mdp.39015032204946,8,1,2,Institute of American Indian Arts,ORG,170,203
mdp.39015032204946,8,1,3,Coyote's Journal,WORK_OF_ART,206,222
mdp.39015032204946,8,1,4,Wingbow Press,ORG,224,237
mdp.39015032204946,8,1,5,"Dodeca, Early Ripening",WORK_OF_ART,240,262
mdp.39015032204946,8,1,6,Pandora Press,ORG,264,277
mdp.39015032204946,8,1,7,The Greenfield Review,WORK_OF_ART,280,301
mdp.39015032204946,8,1,8,The Kenyon Review,WORK_OF_ART,303,320
mdp.39015032204946,8,1,9,A Nation Within,WORK_OF_ART,322,337
mdp.39015032204946,8,1,10,Outrigger Publications,ORG,339,361
mdp.39015032204946,8,1,11,New Zealand,GPE,363,374
mdp.39015032204946,8,1,12,"Shantih, Spawning in the Medicine River",WORK_OF_ART,377,416
mdp.39015032204946,8,1,13,That's What She Said,WORK_OF_ART,418,438
mdp.39015032204946,8,1,14,Indiana University Press,ORG,440,464
mdp.39015032204946,8,1,15,"The Wooster Review, Words in the Blood",WORK_OF_ART,467,505
mdp.39015032204946,8,1,16,New American Library,ORG,507,527
mdp.39015032204946,8,1,17,Wounds Beneath the Flesh,WORK_OF_ART,534,558
mdp.39015032204946,8,1,18,Blue Cloud Press,ORG,560,576
mdp.39015032204946,8,1,19,White Pine Press,ORG,577,593
mdp.39015032204946,8,2,0,1994,DATE,12,16
mdp.39015032204946,8,2,1,Wendy Rose,PERSON,20,30
mdp.39015032204946,8,4,0,Firebrand Books,ORG,108,123
mdp.39015032204946,8,4,1,The Commons,ORG,129,140
mdp.39015032204946,8,4,2,Ithaca,GPE,142,148
mdp.39015032204946,8,4,3,New York,GPE,150,158
mdp.39015032204946,8,4,4,14850,CARDINAL,159,164
mdp.39015032204946,8,5,0,Nightwood,PERSON,15,24
mdp.39015032204946,8,5,1,Debra Engstrom,PERSON,48,62
mdp.39015032204946,8,6,0,Wendy Rose,PERSON,13,23
mdp.39015032204946,8,7,0,the United States,GPE,11,28
mdp.39015032204946,8,7,1,McNaughton & Gunn,ORG,51,68
mdp.39015032204946,8,7,2,10 9 8 7 6 5 4 3 2 1,CARDINAL,69,89
mdp.39015032204946,8,7,3,Library of Congress,ORG,90,109
mdp.39015032204946,8,7,4,Rose,PERSON,145,149
mdp.39015032204946,8,7,5,Wendy,PERSON,151,156
mdp.39015032204946,8,8,0,Wendy Rose,PERSON,35,45
mdp.39015032204946,8,10,0,1,CARDINAL,28,29
mdp.39015032204946,8,12,0,Hopi Indians,NORP,3,15
mdp.39015032204946,9,0,0,GL 889Coul,PERSON,0,10
mdp.39015032204946,10,0,0,1,CARDINAL,0,1
mdp.39015032204946,10,0,1,1,CARDINAL,8,9
mdp.39015032204946,10,0,2,1,CARDINAL,10,11
mdp.39015032204946,11,2,0,today,DATE,13,18
mdp.39015032204946,11,2,1,fortysix,CARDINAL,23,31
mdp.39015032204946,11,8,0,the summer of 1992,DATE,7,25
mdp.39015032204946,11,8,1,post-Roman European,NORP,189,208
mdp.39015032204946,11,13,0,the past twenty-five years,DATE,36,62
mdp.39015032204946,11,14,0,Coarsegold,GPE,0,10
mdp.39015032204946,12,0,0,1,CARDINAL,0,1
mdp.39015032204946,13,0,0,Ayata,PERSON,9,14
mdp.39015032204946,13,2,0,Ayata,PERSON,3,8
mdp.39015032204946,13,2,1,19,DATE,30,32
mdp.39015032204946,13,2,2,San Francisco,GPE,38,51
mdp.39015032204946,13,4,0,22,CARDINAL,27,29
mdp.39015032204946,13,5,0,23,CARDINAL,2,4
mdp.39015032204946,13,5,1,27,CARDINAL,57,59
mdp.39015032204946,13,5,2,28,CARDINAL,91,93
mdp.39015032204946,13,5,3,Hotevilla,PERSON,121,130
mdp.39015032204946,13,5,4,31,CARDINAL,133,135
mdp.39015032204946,13,5,5,Thirty,DATE,144,150
mdp.39015032204946,13,5,6,33,CARDINAL,153,155
mdp.39015032204946,13,5,7,34,CARDINAL,171,173
mdp.39015032204946,13,5,8,Indian,NORP,200,206
mdp.39015032204946,13,5,9,38,CARDINAL,249,251
mdp.39015032204946,13,6,0,Fresno Summer,EVENT,38,51
mdp.39015032204946,13,6,1,52,CARDINAL,190,192
mdp.39015032204946,14,1,0,Thirty Years Too Late,WORK_OF_ART,19,40
mdp.39015032204946,14,1,1,Murder of the Girl,WORK_OF_ART,73,91
mdp.39015032204946,14,3,0,The Brenda Poems,WORK_OF_ART,40,56
mdp.39015032204946,14,4,0,The Jane Poems,WORK_OF_ART,0,14
mdp.39015032204946,14,4,1,Just like I Have No Family,WORK_OF_ART,20,46
mdp.39015032204946,14,4,2,In Solitary,WORK_OF_ART,52,63
mdp.39015032204946,14,4,3,Thanksgiving Day,DATE,90,106
mdp.39015032204946,14,4,4,the San Joaquin Daily,WORK_OF_ART,110,131
mdp.39015032204946,14,4,5,"At the Mirror, Sunday Night",WORK_OF_ART,137,164
mdp.39015032204946,14,4,6,Coarsegold Morning,WORK_OF_ART,184,202
mdp.39015032204946,14,7,0,100,CARDINAL,49,52
mdp.39015032204946,17,0,0,ayata,PERSON,0,5
mdp.39015032204946,19,6,0,one,CARDINAL,3,6
mdp.39015032204946,19,7,0,San Francisco/1967 15,GPE,0,21
mdp.39015032204946,20,0,0,Psycho Ward,PERSON,0,11
mdp.39015032204946,21,0,0,Ayata Sixty watts,PERSON,0,17
mdp.39015032204946,21,0,1,nineteen,DATE,138,146
mdp.39015032204946,21,1,0,Kathy,PERSON,47,52
mdp.39015032204946,21,1,1,Nancy,PERSON,56,61
mdp.39015032204946,21,2,0,one,CARDINAL,78,81
mdp.39015032204946,21,2,1,Comanche,NORP,119,127
mdp.39015032204946,22,0,0,Comstock,PERSON,0,8
mdp.39015032204946,22,1,0,yesterday,DATE,51,60
mdp.39015032204946,22,2,0,Hopi,LANGUAGE,38,42
mdp.39015032204946,22,3,0,18,CARDINAL,0,2
mdp.39015032204946,23,11,0,Martinez/1967 19,DATE,0,16
mdp.39015032204946,24,0,0,San Francisco,GPE,5,18
mdp.39015032204946,24,2,0,The Colorado River,LOC,0,18
mdp.39015032204946,24,2,1,Rainbow Bridge,FAC,68,82
mdp.39015032204946,24,2,2,Yei,LOC,91,94
mdp.39015032204946,24,3,0,Yosemite,LOC,93,101
mdp.39015032204946,24,3,1,only half,CARDINAL,108,117
mdp.39015032204946,24,4,0,San Francisco's,GPE,0,15
mdp.39015032204946,24,5,0,Imperial Valley,LOC,0,15
mdp.39015032204946,24,5,1,midnight,TIME,44,52
mdp.39015032204946,25,1,0,1967,DATE,0,4
mdp.39015032204946,25,1,1,Navajo,NORP,34,40
mdp.39015032204946,25,2,0,yerba buena,PERSON,0,11
mdp.39015032204946,25,2,1,Spanish,NORP,33,40
mdp.39015032204946,25,2,2,21,CARDINAL,62,64
mdp.39015032204946,26,2,0,Harley,PRODUCT,53,59
mdp.39015032204946,26,5,0,San Luis Obispo/1967,GPE,2,22
mdp.39015032204946,26,5,1,22,CARDINAL,27,29
mdp.39015032204946,27,3,0,Mount Sutro,LOC,46,57
mdp.39015032204946,27,8,0,Irving Street,FAC,0,13
mdp.39015032204946,27,8,1,summer,DATE,53,59
mdp.39015032204946,27,13,0,San Francisco/1967 23,GPE,0,21
mdp.39015032204946,31,3,0,"a El Cerrito/1962,",PERSON,0,18
mdp.39015032204946,31,3,1,1980,DATE,19,23
mdp.39015032204946,32,0,0,Urban Breed,PERSON,0,11
mdp.39015032204946,32,2,0,one,CARDINAL,8,11
mdp.39015032204946,33,4,0,night,TIME,44,49
mdp.39015032204946,34,6,0,Oakland/1971 30,DATE,0,15
mdp.39015032204946,35,0,0,Receiving a Letter from Hotevilla,WORK_OF_ART,3,36
mdp.39015032204946,36,1,0,San Pablo/1971 32,PERSON,0,17
mdp.39015032204946,38,5,0,the past thirty years,DATE,50,71
mdp.39015032204946,38,6,0,34,CARDINAL,59,61
mdp.39015032204946,39,0,0,two,CARDINAL,177,180
mdp.39015032204946,40,1,0,a dozen,CARDINAL,24,31
mdp.39015032204946,40,2,0,thirty-year-old,DATE,2,17
mdp.39015032204946,40,3,0,Oraibi Wash/1977,PERSON,0,16
mdp.39015032204946,41,0,0,Indian,NORP,26,32
mdp.39015032204946,41,4,0,noon,TIME,109,113
mdp.39015032204946,41,6,0,37,CARDINAL,0,2
mdp.39015032204946,42,0,0,Prayer at a Fork in the Road,WORK_OF_ART,0,28
mdp.39015032204946,42,0,1,these past thirty years,DATE,67,90
mdp.39015032204946,42,0,2,Anasazi,NORP,160,167
mdp.39015032204946,42,4,0,38,CARDINAL,0,2
mdp.39015032204946,43,1,0,Belgian,NORP,100,107
mdp.39015032204946,43,6,0,Richmond,PERSON,0,8
mdp.39015032204946,43,6,1,Mimbres,NORP,75,82
mdp.39015032204946,43,6,2,Southwest,LOC,110,119
mdp.39015032204946,43,7,0,39,CARDINAL,0,2
mdp.39015032204946,44,4,0,Richmond Annex/1977,ORG,0,19
mdp.39015032204946,44,5,0,40,CARDINAL,0,2
mdp.39015032204946,45,1,0,every night,TIME,23,34
mdp.39015032204946,45,6,0,each night,TIME,19,29
mdp.39015032204946,45,6,1,Indian,NORP,33,39
mdp.39015032204946,45,6,2,last night,TIME,87,97
mdp.39015032204946,45,8,0,41,CARDINAL,0,2
mdp.39015032204946,46,0,0,Fresno Summer Summer,EVENT,0,20
mdp.39015032204946,46,1,0,winter,DATE,19,25
mdp.39015032204946,46,6,0,early morning,TIME,33,46
mdp.39015032204946,47,0,0,Conestoga,PRODUCT,17,26
mdp.39015032204946,47,0,1,Antiguan,NORP,37,45
mdp.39015032204946,47,3,0,1985,DATE,0,4
mdp.39015032204946,47,3,1,Pueblo,NORP,59,65
mdp.39015032204946,47,3,2,Spanish,NORP,78,85
mdp.39015032204946,47,4,0,43,CARDINAL,0,2
mdp.39015032204946,48,1,0,Berkeley,GPE,72,80
mdp.39015032204946,48,1,1,two-inch,QUANTITY,109,117
mdp.39015032204946,48,2,0,half the morning,TIME,10,26
mdp.39015032204946,48,5,0,fifteen,CARDINAL,43,50
mdp.39015032204946,48,6,0,New York,GPE,64,72
mdp.39015032204946,48,6,1,King Kong's,PERSON,81,92
mdp.39015032204946,48,8,0,44,CARDINAL,0,2
mdp.39015032204946,49,4,0,five inches,QUANTITY,73,84
mdp.39015032204946,49,8,0,one,CARDINAL,38,41
mdp.39015032204946,49,9,0,Richmond Annex/1977,ORG,0,19
mdp.39015032204946,51,0,0,giri,PERSON,14,18
mdp.39015032204946,53,5,0,San Francisco/1967 49,GPE,0,21
mdp.39015032204946,54,9,0,50,CARDINAL,0,2
mdp.39015032204946,55,3,0,Richmond Annex/1980,ORG,0,19
mdp.39015032204946,56,0,0,Days,DATE,9,13
mdp.39015032204946,56,3,0,52,CARDINAL,0,2
mdp.39015032204946,57,4,0,Richmond Annex/1980 53,FAC,0,22
mdp.39015032204946,58,0,0,Pocahontas,LOC,337,347
mdp.39015032204946,58,1,0,Pocahontas,LOC,79,89
mdp.39015032204946,59,4,0,"San Pablo/1970,",PERSON,0,15
mdp.39015032204946,59,4,1,1992,DATE,16,20
mdp.39015032204946,60,2,0,so many seasons,DATE,26,41
mdp.39015032204946,60,3,0,almost seven years,DATE,16,34
mdp.39015032204946,60,4,0,56,CARDINAL,0,2
mdp.39015032204946,61,1,0,Richmond Annex/1977 57,FAC,0,22
mdp.39015032204946,62,0,0,Hopi,NORP,169,173
mdp.39015032204946,62,1,0,San Francisco,GPE,126,139
mdp.39015032204946,62,1,1,one,CARDINAL,305,308
mdp.39015032204946,62,1,2,58,CARDINAL,323,325
mdp.39015032204946,63,0,0,Berkeley/1975 59,DATE,53,69
mdp.39015032204946,64,0,0,Thirty Years Too Late,DATE,0,21
mdp.39015032204946,64,4,0,one,CARDINAL,16,19
mdp.39015032204946,64,4,1,thirty years,DATE,39,51
mdp.39015032204946,64,5,0,One,CARDINAL,0,3
mdp.39015032204946,64,6,0,Every morning,TIME,0,13
mdp.39015032204946,64,7,0,Richmond Annex/1978 60,FAC,0,22
mdp.39015032204946,65,0,0,November,DATE,0,8
mdp.39015032204946,65,1,0,spring,DATE,54,60
mdp.39015032204946,65,1,1,winter,DATE,71,77
mdp.39015032204946,65,3,0,zero,CARDINAL,9,13
mdp.39015032204946,65,3,1,zero,CARDINAL,35,39
mdp.39015032204946,65,4,0,61,CARDINAL,0,2
mdp.39015032204946,66,0,0,Murder of the Girl,WORK_OF_ART,0,18
mdp.39015032204946,66,0,1,today,DATE,28,33
mdp.39015032204946,66,5,0,the year,DATE,127,135
mdp.39015032204946,66,7,0,Richmond Annex/1978 62,FAC,0,22
mdp.39015032204946,68,2,0,the long night,TIME,3,17
mdp.39015032204946,68,3,0,El Sobrante/1983 64,PERSON,0,19
mdp.39015032204946,69,0,0,The Brenda Poems 1. Hindsight for Apache Sister,WORK_OF_ART,0,47
mdp.39015032204946,69,2,0,Twin,CARDINAL,0,4
mdp.39015032204946,69,6,0,seven,CARDINAL,36,41
mdp.39015032204946,69,7,0,2,CARDINAL,0,1
mdp.39015032204946,69,8,0,Brenda Joyce,PERSON,4,16
mdp.39015032204946,69,8,1,65,DATE,106,108
mdp.39015032204946,70,0,0,Caucasian,NORP,15,24
mdp.39015032204946,70,1,0,Apache,NORP,39,45
mdp.39015032204946,70,1,1,Apache,NORP,112,118
mdp.39015032204946,70,4,0,your days,DATE,141,150
mdp.39015032204946,71,0,0,3,CARDINAL,0,1
mdp.39015032204946,71,4,0,4,CARDINAL,0,1
mdp.39015032204946,72,2,0,5,CARDINAL,0,1
mdp.39015032204946,72,4,0,jesus,PERSON,53,58
mdp.39015032204946,72,5,0,the third day,DATE,53,66
mdp.39015032204946,72,6,0,Brenda,PERSON,42,48
mdp.39015032204946,73,0,0,6,CARDINAL,0,1
mdp.39015032204946,73,1,0,midnight,TIME,60,68
mdp.39015032204946,73,2,0,thirty,CARDINAL,47,53
mdp.39015032204946,73,6,0,Brenda,PERSON,15,21
mdp.39015032204946,73,6,1,69,CARDINAL,28,30
mdp.39015032204946,74,0,0,7,CARDINAL,0,1
mdp.39015032204946,74,2,0,Apache,NORP,38,44
mdp.39015032204946,74,3,0,8,CARDINAL,0,1
mdp.39015032204946,74,4,0,winter,DATE,226,232
mdp.39015032204946,74,6,0,70,CARDINAL,0,2
mdp.39015032204946,75,0,0,9,CARDINAL,0,1
mdp.39015032204946,75,3,0,late afternoons,TIME,64,79
mdp.39015032204946,75,4,0,these days,DATE,3,13
mdp.39015032204946,75,5,0,71,CARDINAL,0,2
mdp.39015032204946,76,0,0,Ten Years Later,DATE,27,42
mdp.39015032204946,76,0,1,a half hour later,TIME,315,332
mdp.39015032204946,76,1,0,"San Pablo/1972,",PERSON,0,15
mdp.39015032204946,76,1,1,1981,DATE,16,20
mdp.39015032204946,77,0,0,The Jane Poems 1.,WORK_OF_ART,0,17
mdp.39015032204946,77,1,0,three thousand miles,QUANTITY,32,52
mdp.39015032204946,77,3,0,spring,DATE,81,87
mdp.39015032204946,77,3,1,Arizona,GPE,98,105
mdp.39015032204946,77,3,2,Vermont,GPE,111,118
mdp.39015032204946,77,3,3,Mount Tam,LOC,176,185
mdp.39015032204946,78,0,0,2,CARDINAL,0,1
mdp.39015032204946,78,4,0,One,CARDINAL,0,3
mdp.39015032204946,78,7,0,74,CARDINAL,50,52
mdp.39015032204946,79,6,0,3,CARDINAL,0,1
mdp.39015032204946,79,11,0,75,DATE,28,30
mdp.39015032204946,80,1,0,Richmond Annex/1978,ORG,0,19
mdp.39015032204946,82,0,0,two,CARDINAL,69,72
mdp.39015032204946,82,0,1,two,CARDINAL,80,83
mdp.39015032204946,82,1,0,Berkeley/1983 78,DATE,0,16
mdp.39015032204946,83,0,0,Indians,NORP,27,34
mdp.39015032204946,83,1,0,The Native Perspective,ORG,0,22
mdp.39015032204946,83,1,1,Canada,GPE,24,30
mdp.39015032204946,83,1,2,1982,DATE,32,36
mdp.39015032204946,83,2,0,Coyote,PERSON,10,16
mdp.39015032204946,83,3,0,Bigfoot,PERSON,50,57
mdp.39015032204946,83,3,1,Wounded Knee,WORK_OF_ART,91,103
mdp.39015032204946,83,4,0,Autumn,DATE,0,6
mdp.39015032204946,83,6,0,half,CARDINAL,62,66
mdp.39015032204946,83,8,0,winter,DATE,98,104
mdp.39015032204946,83,11,0,79,CARDINAL,122,124
mdp.39015032204946,84,2,0,Coyote,PERSON,0,6
mdp.39015032204946,84,10,0,Coyote,PERSON,0,6
mdp.39015032204946,84,11,0,El Sobrante/1983 80,PERSON,0,19
mdp.39015032204946,87,0,0,Thanksgiving Day,DATE,0,16
mdp.39015032204946,87,0,1,the San Joaquin Daily,WORK_OF_ART,20,41
mdp.39015032204946,87,0,2,summer,DATE,52,58
mdp.39015032204946,87,0,3,sunset,TIME,60,66
mdp.39015032204946,87,0,4,Italian,NORP,165,172
mdp.39015032204946,87,1,0,one,CARDINAL,74,77
mdp.39015032204946,87,2,0,midnight,TIME,24,32
mdp.39015032204946,87,2,1,half,CARDINAL,119,123
mdp.39015032204946,87,3,0,Imperialists,NORP,0,12
mdp.39015032204946,88,6,0,Fresno,GPE,8,14
mdp.39015032204946,89,0,0,Sunday Night,WORK_OF_ART,15,27
mdp.39015032204946,90,0,0,Fresno/1986 86,DATE,67,81
mdp.39015032204946,91,0,0,summer,DATE,101,107
mdp.39015032204946,91,2,0,Fresno/1987 87,DATE,171,185
mdp.39015032204946,92,0,0,Coarsegold Morning,PERSON,0,18
mdp.39015032204946,92,0,1,the Old Woman,PERSON,26,39
mdp.39015032204946,92,3,0,first,ORDINAL,57,62
mdp.39015032204946,92,4,0,1989 88,DATE,0,7
mdp.39015032204946,93,0,0,summer,DATE,80,86
mdp.39015032204946,93,2,0,July,DATE,62,66
mdp.39015032204946,93,6,0,Coarsegold/1989 89,DATE,0,18
mdp.39015032204946,95,0,0,one,CARDINAL,6,9
mdp.39015032204946,96,0,0,Dry Lightning,PERSON,0,13
mdp.39015032204946,96,1,0,a thousand,CARDINAL,21,31
mdp.39015032204946,96,4,0,Two hundred acres,QUANTITY,0,17
mdp.39015032204946,96,5,0,manzanita,GPE,89,98
mdp.39015032204946,96,7,0,Sierras,LOC,53,60
mdp.39015032204946,96,7,1,winter,DATE,120,126
mdp.39015032204946,96,7,2,Coarsegold/1990 92,DATE,132,150
mdp.39015032204946,97,2,0,morning,TIME,70,77
mdp.39015032204946,97,6,0,a thousand,CARDINAL,89,99
mdp.39015032204946,97,10,0,93,CARDINAL,0,2
mdp.39015032204946,99,1,0,winter,DATE,16,22
mdp.39015032204946,99,2,0,one,CARDINAL,13,16
mdp.39015032204946,99,3,0,Bible,WORK_OF_ART,40,45
mdp.39015032204946,99,5,0,Mojave,LOC,99,105
mdp.39015032204946,99,5,1,summer,DATE,122,128
mdp.39015032204946,101,6,0,Coarsegold/1991,PERSON,0,15
mdp.39015032204946,102,0,0,Orphansong,PERSON,0,10
mdp.39015032204946,102,2,0,1,CARDINAL,0,1
mdp.39015032204946,102,17,0,a thousand,CARDINAL,10,20
mdp.39015032204946,102,17,1,a thousand,CARDINAL,42,52
mdp.39015032204946,102,18,0,98,CARDINAL,0,2
mdp.39015032204946,103,2,0,Coarsegold/1992,PERSON,0,15
mdp.39015032204946,104,0,0,April,DATE,0,5
mdp.39015032204946,104,3,0,one,CARDINAL,11,14
mdp.39015032204946,105,0,0,Forty,DATE,0,5
mdp.39015032204946,106,0,0,Firebrand Books,ORG,18,33
mdp.39015032204946,106,0,1,"Artemis In Echo Park,",WORK_OF_ART,43,64
mdp.39015032204946,106,0,2,Eloise Klein Healy/$8.95 Before Our Eyes,PERSON,75,115
mdp.39015032204946,106,0,3,Joan Alden/$8.95,PERSON,128,144
mdp.39015032204946,106,0,4,Beneath My Heart,WORK_OF_ART,145,161
mdp.39015032204946,106,0,5,Janice Gould/$8.95,PERSON,173,191
mdp.39015032204946,106,0,6,"The Big Mama Stories by Shay Youngblood/$8.95 The Black Back-Ups, Poetry by Kate Rushin/$8.95 A Burst Of Light",WORK_OF_ART,192,302
mdp.39015032204946,106,0,7,Audre Lorde/$8.95,PERSON,314,331
mdp.39015032204946,106,0,8,Ruthann Robson/$8.95,PERSON,351,371
mdp.39015032204946,106,0,9,"Crime Against Nature, Poetry",WORK_OF_ART,372,400
mdp.39015032204946,106,0,10,Minnie Bruce Pratt/$8.95 Diamonds Are,PERSON,404,441
mdp.39015032204946,106,0,11,Yvonne Zipter/$9.95,PERSON,466,485
mdp.39015032204946,106,0,12,Dykes To Watch Out For,WORK_OF_ART,486,508
mdp.39015032204946,106,0,13,Alison Bechdel/$7.95,PERSON,522,542
mdp.39015032204946,106,0,14,Alison Bechdel/$9.95,PERSON,591,611
mdp.39015032204946,106,0,15,"Exile In The Promised Land,",WORK_OF_ART,612,639
mdp.39015032204946,106,0,16,Marcia Freedman/$8.95,PERSON,652,673
mdp.39015032204946,106,0,17,"Experimental Love, Poetry",WORK_OF_ART,674,699
mdp.39015032204946,106,0,18,Cheryl Clarke/$8.95 Eye,PERSON,703,726
mdp.39015032204946,106,0,19,Ruthann Robson/$8.95,PERSON,754,774
mdp.39015032204946,106,0,20,"The Fires Of Bride, A Novel by Ellen Galford/$8.95 Food & Spirits, Stories",WORK_OF_ART,775,849
mdp.39015032204946,106,0,21,Beth Brant,PERSON,853,863
mdp.39015032204946,106,0,22,"Forty-Three Septembers, Essays",WORK_OF_ART,885,915
mdp.39015032204946,106,0,23,Jewelle Gomez/$10.95,PERSON,919,939
mdp.39015032204946,106,0,24,"Free Ride, A Novel",WORK_OF_ART,940,958
mdp.39015032204946,106,0,25,Marilyn Gayle/$9.95,PERSON,962,981
mdp.39015032204946,106,0,26,"A Gathering Of Spirit, A Collection by North American Indian Women",WORK_OF_ART,982,1048
mdp.39015032204946,106,0,27,Beth Brant,PERSON,1059,1069
mdp.39015032204946,106,0,28,Getting Home Alive by Aurora,WORK_OF_ART,1092,1120
mdp.39015032204946,106,0,29,Levins Morales,PERSON,1121,1135
mdp.39015032204946,106,0,30,Rosario Morales/$9.95,PERSON,1140,1161
mdp.39015032204946,106,0,31,"The Gilda Stories, A Novel by Jewelle Gomez/$9.95 Good Enough To Eat",WORK_OF_ART,1162,1230
mdp.39015032204946,106,0,32,Lesléa Newman/$8.95,PERSON,1243,1262
mdp.39015032204946,106,0,33,"Humid Pitch, Narrative Poetry",WORK_OF_ART,1263,1292
mdp.39015032204946,106,0,34,Cheryl Clarke/$8.95,PERSON,1296,1315
mdp.39015032204946,106,0,35,Jewish Women's Call For Peace,WORK_OF_ART,1316,1345
mdp.39015032204946,106,0,36,Rita Falbel,PERSON,1356,1367
mdp.39015032204946,106,0,37,Irena Klepfisz,PERSON,1369,1383
mdp.39015032204946,106,0,38,Donna Nevel/$4.95,PERSON,1389,1406
mdp.39015032204946,106,0,39,"Jonestown & Other Madness, Poetry",WORK_OF_ART,1407,1440
mdp.39015032204946,106,0,40,Pat Parker/$7.95,PERSON,1444,1460
mdp.39015032204946,106,0,41,"Just Say Yes, A Novel by Judith McDaniel/$9.95 The Land Of Look Behind",WORK_OF_ART,1461,1531
mdp.39015032204946,106,0,42,Michelle Cliff/$8.95,PERSON,1553,1573
mdp.39015032204946,106,0,43,"Legal Tender, A Mystery by Marion Foster/$9.95 Lesbian (Out)law, Survival Under the Rule of Law",WORK_OF_ART,1574,1669
mdp.39015032204946,106,0,44,Ruthann Robson/,PERSON,1673,1688
mdp.39015032204946,106,0,45,9.95,MONEY,1690,1694
mdp.39015032204946,106,0,46,A Letter To Harvey Milk,WORK_OF_ART,1695,1718
mdp.39015032204946,106,0,47,Lesléa Newman/$9.95,PERSON,1737,1756
mdp.39015032204946,106,0,48,"Letting In The Night,",WORK_OF_ART,1757,1778
mdp.39015032204946,106,0,49,Joan Lindau/$8.95,PERSON,1790,1807
mdp.39015032204946,106,0,50,Living As A Lesbian,WORK_OF_ART,1808,1827
mdp.39015032204946,106,0,51,Cheryl Clarke/$7.95,PERSON,1839,1858
mdp.39015032204946,106,0,52,"Metamorphosis, Reflections on Recovery",WORK_OF_ART,1859,1897
mdp.39015032204946,106,0,53,Judith McDaniel/$7.95,PERSON,1901,1922
mdp.39015032204946,106,0,54,Mohawk Trail,WORK_OF_ART,1923,1935
mdp.39015032204946,106,0,55,Beth Brant,PERSON,1939,1949
mdp.39015032204946,106,0,56,"Moll Cutpurse, A Novel",WORK_OF_ART,1971,1993
mdp.39015032204946,106,0,57,Ellen Galford/$7.95,PERSON,1997,2016
mdp.39015032204946,106,0,58,The Monarchs Are Flying,WORK_OF_ART,2017,2040
mdp.39015032204946,106,0,59,Marion Foster/$8.95,PERSON,2053,2072
mdp.39015032204946,106,1,0,Alison Bechdel/$7.95,PERSON,41,61
mdp.39015032204946,106,1,1,"Movement In Black, Poetry",WORK_OF_ART,62,87
mdp.39015032204946,106,1,2,Pat Parker/$8.95,PERSON,91,107
mdp.39015032204946,106,1,3,"My Mama's Dead Squirrel, Lesbian Essays on Southern Culture",WORK_OF_ART,108,167
mdp.39015032204946,106,1,4,Mab Segrest/$9.95,PERSON,171,188
mdp.39015032204946,106,1,5,Alison Bechdel/,PERSON,240,255
mdp.39015032204946,106,1,6,8.95,MONEY,257,261
mdp.39015032204946,107,0,0,"Normal Sex by Linda Smukler/$8.95 The Other Sappho, A Novel",WORK_OF_ART,2,61
mdp.39015032204946,107,0,1,Ellen Frye/$8.95,PERSON,65,81
mdp.39015032204946,107,0,2,"Out In The World, International Lesbian Organizing by Shelley Anderson/",WORK_OF_ART,82,153
mdp.39015032204946,107,0,3,4.95,MONEY,155,159
mdp.39015032204946,107,0,4,Politics Of The Heart,WORK_OF_ART,160,181
mdp.39015032204946,107,0,5,Sandra Pollack,PERSON,223,237
mdp.39015032204946,107,0,6,Jeanne Vaughn/$12.95,PERSON,242,262
mdp.39015032204946,107,2,0,Hattie Gossett/$8.95,PERSON,19,39
mdp.39015032204946,107,2,1,"Rebellion, Essays 1980–1991 by",WORK_OF_ART,40,70
mdp.39015032204946,107,2,2,Minnie Bruce Pratt/$10.95 Restoring The,PERSON,71,110
mdp.39015032204946,107,2,3,Barrie Jean Borich/$9.95,PERSON,129,153
mdp.39015032204946,107,2,4,A Restricted Country,WORK_OF_ART,154,174
mdp.39015032204946,107,2,5,Joan Nestle/$9.95,PERSON,178,195
mdp.39015032204946,107,2,6,"Running Fiercely Toward A High Thin Sound, A Novel",WORK_OF_ART,196,246
mdp.39015032204946,107,2,7,Judith Katz/,PERSON,250,262
mdp.39015032204946,107,2,8,9.95,MONEY,264,268
mdp.39015032204946,107,2,9,Sacred Space by Geraldine Hatch Hanon/$9.95,WORK_OF_ART,269,312
mdp.39015032204946,107,2,10,"Sanctuary, A Journey by Judith McDaniel/$7.95 Sans Souci, And Other Stories by Dionne Brand/$8.95 Scuttlebutt, A Novel by Jana Williams/$8.95 Shoulders, A Novel by Georgia Cotrell/$9.95 Simple Songs, Stories",WORK_OF_ART,313,520
mdp.39015032204946,107,2,11,Vickie Sears/$8.95,PERSON,524,542
mdp.39015032204946,107,2,12,"Sister Safety Pin, A Novel by Lorrie Sprecher/$9.95 Skin: Talking About Sex, Class & Literature",WORK_OF_ART,543,638
mdp.39015032204946,107,2,13,Dorothy Allison/$13.95,PERSON,642,664
mdp.39015032204946,107,2,14,"Spawn Of Dykes To Watch Out For,",WORK_OF_ART,665,697
mdp.39015032204946,107,2,15,Alison Bechdel/$9.95,PERSON,710,730
mdp.39015032204946,107,2,16,"Speaking Dreams, Science Fiction",WORK_OF_ART,731,763
mdp.39015032204946,107,2,17,Severna Park/$9.95,PERSON,767,785
mdp.39015032204946,107,2,18,"Stardust Bound, A Novel by Karen Cadora/$8.95 Staying The Distance, A Novel by Franci McMahon/$9.95 Stone Butch Blues, A Novel",WORK_OF_ART,786,912
mdp.39015032204946,107,2,19,Leslie Feinberg/$10.95,PERSON,916,938
mdp.39015032204946,107,2,20,The Sun Is Not Merciful,WORK_OF_ART,939,962
mdp.39015032204946,107,2,21,Anna Lee Walters/$8.95 Talking Indian,PERSON,981,1018
mdp.39015032204946,107,2,22,Anna Lee Walters/,PERSON,1059,1076
mdp.39015032204946,107,2,23,10.95,MONEY,1078,1083
mdp.39015032204946,107,2,24,"Tender Warriors, A Novel",WORK_OF_ART,1084,1108
mdp.39015032204946,107,2,25,Rachel Guido de Vries/$8.95 This Is,PERSON,1112,1147
mdp.39015032204946,107,2,26,Margaret Randall/$8.95,PERSON,1164,1186
mdp.39015032204946,107,2,27,The Threshing Floor,WORK_OF_ART,1187,1206
mdp.39015032204946,107,2,28,Barbara Burford/$7.95,PERSON,1225,1246
mdp.39015032204946,107,2,29,"Trash, Stories",WORK_OF_ART,1247,1261
mdp.39015032204946,107,2,30,Dorothy Allison/$9.95,PERSON,1265,1286
mdp.39015032204946,107,2,31,We Say We Love Each Other,WORK_OF_ART,1287,1312
mdp.39015032204946,107,2,32,Minnie Bruce Pratt/$8.95 The Women,PERSON,1324,1358
mdp.39015032204946,107,2,33,Dorothy Allison/$8.95 Words,PERSON,1382,1409
mdp.39015032204946,107,2,34,Andrea Fleck Clardy/$5.95 The Worry Girl,PERSON,1492,1532
mdp.39015032204946,107,2,35,Andrea Freud Loewenstein/,PERSON,1562,1587
mdp.39015032204946,107,2,36,8.95,MONEY,1589,1593
mdp.39015032204946,107,2,37,Yours In Struggle,WORK_OF_ART,1594,1611
mdp.39015032204946,107,2,38,Three Feminist,WORK_OF_ART,1613,1627
mdp.39015032204946,107,2,39,Elly Bulkin,PERSON,1672,1683
mdp.39015032204946,107,2,40,Minnie Bruce Pratt,PERSON,1685,1703
mdp.39015032204946,107,2,41,Barbara Smith/$9.95,PERSON,1709,1728
mdp.39015032204946,107,2,42,Firebrand,ORG,1741,1750
mdp.39015032204946,107,2,43,The Commons,ORG,1824,1835
mdp.39015032204946,107,2,44,Ithaca,GPE,1837,1843
mdp.39015032204946,107,2,45,New York,GPE,1845,1853
mdp.39015032204946,107,2,46,14850,CARDINAL,1854,1859
mdp.39015032204946,107,2,47,607-272-0000,CARDINAL,1861,1873
mdp.39015032204946,107,3,0,2.00,MONEY,16,20
mdp.39015032204946,107,3,1,first,ORDINAL,38,43
mdp.39015032204946,107,3,2,.50,MONEY,54,57
mdp.39015032204946,110,0,0,1997 1996,DATE,47,56
mdp.39015032204946,110,0,1,5,CARDINAL,68,69
mdp.39015032204946,110,0,2,1996,DATE,70,74
mdp.39015032204946,110,0,3,1997 DEC 1,DATE,88,98
mdp.39015032204946,110,0,4,2003,DATE,99,103
mdp.39015032204946,110,0,5,5002,CARDINAL,104,108
mdp.39015032204946,110,0,6,2,CARDINAL,109,110
mdp.39015032204946,112,1,0,1-56341-048-6,CARDINAL,5,18
mdp.39015032204946,112,1,1,MICHAEL ELDERMAN,PERSON,50,66
mdp.39015032204946,112,1,2,Wendy Rose,PERSON,86,96
mdp.39015032204946,112,1,3,American Indian,NORP,129,144
mdp.39015032204946,112,1,4,ten,CARDINAL,187,190
mdp.39015032204946,112,2,0,Now Poof She is Gone,WORK_OF_ART,3,23
mdp.39015032204946,112,6,0,1-56341-049--4 90000,CARDINAL,9,29
mdp.39015032204946,112,6,1,Firebrand Books,ORG,30,45
mdp.39015032204946,112,6,2,9781563 410499,CARDINAL,46,60
mdp.39015032204946,112,6,3,Ithaca,GPE,61,67
mdp.39015032204946,112,6,4,New York,GPE,69,77
