vol_id,page,sentence_id,ent_id,entity,entity_type,start_char,end_char
mdp.39015047495075,1,0,0,32,CARDINAL,88,90
mdp.39015047495075,5,0,0,Lance Henson,PERSON,15,27
mdp.39015047495075,5,0,1,Kahionhes,PERSON,50,59
mdp.39015047495075,5,0,2,Joseph Bruchac,PERSON,72,86
mdp.39015047495075,5,0,3,32,CARDINAL,118,120
mdp.39015047495075,5,0,4,Stanley H. Barkan,PERSON,136,153
mdp.39015047495075,5,0,5,New York,GPE,193,201
mdp.39015047495075,5,0,6,1992,DATE,202,206
mdp.39015047495075,6,0,0,1982,DATE,27,31
mdp.39015047495075,6,0,1,1992,DATE,33,37
mdp.39015047495075,6,0,2,1992,DATE,90,94
mdp.39015047495075,6,0,3,Lance Hanson,PERSON,99,111
mdp.39015047495075,6,1,0,1982,DATE,31,35
mdp.39015047495075,6,1,1,1992,DATE,37,41
mdp.39015047495075,6,1,2,Kahionhes,PERSON,45,54
mdp.39015047495075,6,2,0,International Copyright Conventions,LAW,26,61
mdp.39015047495075,6,4,0,first,ORDINAL,5,10
mdp.39015047495075,6,4,1,Cheyenne,NORP,26,34
mdp.39015047495075,6,4,2,the Seventh Annual Suffolk/Long Island Writers Conference,EVENT,115,172
mdp.39015047495075,6,4,3,Native American,NORP,183,198
mdp.39015047495075,6,4,4,Suffolk County Community College,ORG,213,245
mdp.39015047495075,6,4,5,"April, 1982",DATE,247,258
mdp.39015047495075,6,5,0,Writers Unlimited Agency,ORG,19,43
mdp.39015047495075,6,5,1,the Huntington Arts Council,ORG,45,72
mdp.39015047495075,6,5,2,NYSCADecentralization,ORG,74,95
mdp.39015047495075,6,5,3,the National Endowment for the Arts,ORG,101,136
mdp.39015047495075,6,7,0,the CROSS-CULTURAL REVIEW,WORK_OF_ART,6,31
mdp.39015047495075,6,12,0,Cross-Cultural Communications,ORG,89,118
mdp.39015047495075,6,13,0,Cross-Cultural Communications,ORG,68,97
mdp.39015047495075,6,13,1,Merrick,GPE,118,125
mdp.39015047495075,6,13,2,N.Y.,GPE,127,131
mdp.39015047495075,6,13,3,11566-4725/U.S.A.,CARDINAL,132,149
mdp.39015047495075,6,14,0,(516) 868-5635,CARDINAL,11,25
mdp.39015047495075,6,15,0,(516) 379-1901,CARDINAL,5,19
mdp.39015047495075,6,16,0,Stanley H. Barkan,PERSON,15,32
mdp.39015047495075,6,17,0,Bebe Barkan,PERSON,12,23
mdp.39015047495075,6,17,1,Karen AlkalayGut,PERSON,42,58
mdp.39015047495075,6,17,2,Josephine Bacon,PERSON,60,75
mdp.39015047495075,6,17,3,Enzo Bonventre,PERSON,77,91
mdp.39015047495075,6,17,4,Jozo T. Boškovski,PERSON,93,110
mdp.39015047495075,6,17,5,Laura Boss,PERSON,112,122
mdp.39015047495075,6,17,6,Joseph Bruchac,PERSON,124,138
mdp.39015047495075,6,17,7,Siv Cedering,PERSON,140,152
mdp.39015047495075,6,17,8,Diana Chang,PERSON,154,165
mdp.39015047495075,6,17,9,Flavia Cosma,PERSON,167,179
mdp.39015047495075,6,17,10,Roy Cravzow,PERSON,181,192
mdp.39015047495075,6,17,11,David Curzon,PERSON,194,206
mdp.39015047495075,6,17,12,Nicolò D'Alessandro,PERSON,208,227
mdp.39015047495075,6,17,13,Enid Dame,PERSON,229,238
mdp.39015047495075,6,17,14,Arthur Dobrin,PERSON,240,253
mdp.39015047495075,6,17,15,Nancy Festinger,PERSON,255,270
mdp.39015047495075,6,17,16,David Gershator,PERSON,272,287
mdp.39015047495075,6,17,17,Phillis Gershator,PERSON,289,306
mdp.39015047495075,6,17,18,Maria Mazziotti Gillan,PERSON,308,330
mdp.39015047495075,6,17,19,Talât S. Halman,PERSON,332,347
mdp.39015047495075,6,17,20,José Kozer,PERSON,349,359
mdp.39015047495075,6,17,21,Leo Hamalian,PERSON,361,373
mdp.39015047495075,6,17,22,J. C. Hand,PERSON,375,385
mdp.39015047495075,6,17,23,Gunnar Harding,PERSON,387,401
mdp.39015047495075,6,17,24,Steven Hartman,PERSON,403,417
mdp.39015047495075,6,17,25,Rose Graubart Ignatow,PERSON,419,440
mdp.39015047495075,6,17,26,Kahionhes,PERSON,442,451
mdp.39015047495075,6,17,27,Ko Won,PERSON,453,459
mdp.39015047495075,6,17,28,Aaron Kramer,PERSON,461,473
mdp.39015047495075,6,17,29,Barbara Lekatsas,PERSON,475,491
mdp.39015047495075,6,17,30,Donald Lev,PERSON,493,503
mdp.39015047495075,6,17,31,Manuel van Loggem,PERSON,505,522
mdp.39015047495075,6,17,32,Branko Mikasinovich,PERSON,524,543
mdp.39015047495075,6,17,33,Marilyn Mohr,PERSON,545,557
mdp.39015047495075,6,17,34,Janet Morgan,PERSON,559,571
mdp.39015047495075,6,17,35,Raymond R. Patterson,PERSON,573,593
mdp.39015047495075,6,17,36,Ritva Poom,PERSON,595,605
mdp.39015047495075,6,17,37,Gregory Rabassa,PERSON,607,622
mdp.39015047495075,6,17,38,Mindy Rinkewich,PERSON,624,639
mdp.39015047495075,6,17,39,Charlz Rizzuto,PERSON,641,655
mdp.39015047495075,6,17,40,Georgine Sanders,PERSON,657,673
mdp.39015047495075,6,17,41,Nat Scammacca,PERSON,675,688
mdp.39015047495075,6,17,42,Nina Scammacca,PERSON,690,704
mdp.39015047495075,6,17,43,Saverio A. Scammacca,PERSON,706,726
mdp.39015047495075,6,17,44,Linda Scheer,PERSON,728,740
mdp.39015047495075,6,17,45,Sheryl St. Germain,PERSON,742,760
mdp.39015047495075,6,17,46,Lou Stevens,PERSON,762,773
mdp.39015047495075,6,17,47,Brian Swann,PERSON,775,786
mdp.39015047495075,6,17,48,Adam Szyper,PERSON,788,799
mdp.39015047495075,6,17,49,Alfred Van Loen,PERSON,801,816
mdp.39015047495075,6,17,50,Vantzeti Vassilev,PERSON,818,835
mdp.39015047495075,6,17,51,Boris Vishinski,PERSON,837,852
mdp.39015047495075,6,17,52,Nikola Vizner,PERSON,854,867
mdp.39015047495075,6,17,53,Zoran Vragolov,PERSON,869,883
mdp.39015047495075,6,17,54,Leo Vroman,PERSON,885,895
mdp.39015047495075,6,17,55,Hans van de Waarsenburg,PERSON,897,920
mdp.39015047495075,6,17,56,Claire Nicolas White,PERSON,922,942
mdp.39015047495075,6,17,57,Joost de Wit,PERSON,944,956
mdp.39015047495075,6,18,0,1982,DATE,15,19
mdp.39015047495075,6,18,1,32,CARDINAL,72,74
mdp.39015047495075,6,18,2,0-89304-199-8,CARDINAL,223,236
mdp.39015047495075,6,20,0,Bebe Barkan,PERSON,88,99
mdp.39015047495075,6,20,1,the United States of America,GPE,111,139
mdp.39015047495075,7,0,0,31503342,CARDINAL,5,13
mdp.39015047495075,7,0,1,12,CARDINAL,19,21
mdp.39015047495075,7,0,2,2898,CARDINAL,22,26
mdp.39015047495075,7,0,3,Cheyenne,FAC,35,43
mdp.39015047495075,9,0,0,5,CARDINAL,113,114
mdp.39015047495075,10,0,0,miah doo,PERSON,31,39
mdp.39015047495075,10,0,1,sahi hoo,PERSON,40,48
mdp.39015047495075,10,0,2,yowah ish shi wah nu,PERSON,86,106
mdp.39015047495075,11,0,0,7,CARDINAL,184,185
mdp.39015047495075,12,0,0,MAHEO maheo ishi,PERSON,0,16
mdp.39015047495075,13,0,0,evening,TIME,30,37
mdp.39015047495075,13,0,1,many braves,PERSON,68,79
mdp.39015047495075,13,0,2,ma ha yo nah,PERSON,102,114
mdp.39015047495075,13,0,3,hos to nah hon,PERSON,136,150
mdp.39015047495075,13,0,4,Cheyenne,NORP,173,181
mdp.39015047495075,13,0,5,Lance Henson's,PERSON,206,220
mdp.39015047495075,15,0,0,late evening,TIME,37,49
mdp.39015047495075,15,0,1,11,CARDINAL,128,130
mdp.39015047495075,16,0,0,sezi nono,PERSON,27,36
mdp.39015047495075,16,0,1,niah,PERSON,119,123
mdp.39015047495075,17,0,0,13,CARDINAL,136,138
mdp.39015047495075,18,0,0,mah maheo,PERSON,58,67
mdp.39015047495075,19,0,0,BADGER badger,PERSON,0,13
mdp.39015047495075,19,0,1,badger,PERSON,30,36
mdp.39015047495075,19,0,2,15,CARDINAL,114,116
mdp.39015047495075,20,0,0,fingernail họ,PERSON,21,34
mdp.39015047495075,21,1,0,Fingernail,PERSON,7,17
mdp.39015047495075,21,1,1,Cheyenne,NORP,71,79
mdp.39015047495075,21,2,0,Buffalowallow,GPE,17,30
mdp.39015047495075,21,2,1,Fort Robinson,FAC,41,54
mdp.39015047495075,21,3,0,17,CARDINAL,0,2
mdp.39015047495075,22,0,0,charles,NORP,36,43
mdp.39015047495075,22,0,1,utz,GPE,175,178
mdp.39015047495075,23,0,0,charles white antelope,PERSON,31,53
mdp.39015047495075,23,1,0,Charles White Antelope,PERSON,0,22
mdp.39015047495075,23,1,1,Native American,NORP,28,43
mdp.39015047495075,23,1,2,#1,CARDINAL,68,70
mdp.39015047495075,23,1,3,Calumet,GPE,72,79
mdp.39015047495075,23,1,4,Oklahoma,GPE,81,89
mdp.39015047495075,23,2,0,19,CARDINAL,0,2
mdp.39015047495075,24,0,0,Lance Henson,PERSON,17,29
mdp.39015047495075,24,0,1,Cheyenne,NORP,33,41
mdp.39015047495075,24,0,2,Sioux,NORP,43,48
mdp.39015047495075,24,0,3,French,NORP,54,60
mdp.39015047495075,24,1,0,the Cheyenne Dog Soldier Society,ORG,12,44
mdp.39015047495075,24,1,1,Calumet,GPE,85,92
mdp.39015047495075,24,1,2,Oklahoma,GPE,94,102
mdp.39015047495075,24,1,3,Sherry,PERSON,134,140
mdp.39015047495075,24,1,4,two,CARDINAL,146,149
mdp.39015047495075,24,1,5,Christian,PERSON,160,169
mdp.39015047495075,24,1,6,Jon David,PERSON,174,183
mdp.39015047495075,24,1,7,the Native American Church,ORG,226,252
mdp.39015047495075,24,2,0,Oklahoma College of Liberal Arts,ORG,33,65
mdp.39015047495075,24,2,1,a Master's Degree,WORK_OF_ART,76,93
mdp.39015047495075,24,2,2,the University of Tulsa,ORG,119,142
mdp.39015047495075,24,3,0,American Indian,NORP,66,81
mdp.39015047495075,24,3,1,Keeper of Arrows,WORK_OF_ART,133,149
mdp.39015047495075,24,3,2,Renaissance Press,ORG,151,168
mdp.39015047495075,24,3,3,1972,DATE,170,174
mdp.39015047495075,24,3,4,Naming the Dark,WORK_OF_ART,177,192
mdp.39015047495075,24,3,5,Pointriders Press,ORG,194,211
mdp.39015047495075,24,3,6,1976,DATE,213,217
mdp.39015047495075,24,3,7,Mistah,WORK_OF_ART,220,226
mdp.39015047495075,24,3,8,Strawberry Press,ORG,228,244
mdp.39015047495075,24,3,9,1978,DATE,246,250
mdp.39015047495075,24,3,10,Buffalo Marrow on Black,WORK_OF_ART,257,280
mdp.39015047495075,24,3,11,Full Count Press,ORG,282,298
mdp.39015047495075,24,3,12,1980,DATE,300,304
mdp.39015047495075,24,5,0,Joseph Bruchac,PERSON,19,33
mdp.39015047495075,24,5,1,Native American,NORP,51,66
mdp.39015047495075,24,5,2,CrossCultural Communications,ORG,80,108
mdp.39015047495075,24,5,3,The Greenfield Review,ORG,146,167
mdp.39015047495075,24,5,4,Greenfield Review Editions,ORG,172,198
mdp.39015047495075,24,6,0,over 300,CARDINAL,54,62
mdp.39015047495075,24,6,1,dozen,CARDINAL,88,93
mdp.39015047495075,24,6,2,Translator's Son,WORK_OF_ART,111,127
mdp.39015047495075,24,6,3,10,CARDINAL,142,144
mdp.39015047495075,24,7,0,Carol,PERSON,27,32
mdp.39015047495075,24,7,1,two,CARDINAL,38,41
mdp.39015047495075,24,7,2,James,PERSON,48,53
mdp.39015047495075,24,7,3,Jesse,PERSON,58,63
mdp.39015047495075,24,7,4,Abenaki,NORP,96,103
mdp.39015047495075,24,7,5,Greenfield Center,GPE,128,145
mdp.39015047495075,24,7,6,New York,GPE,147,155
mdp.39015047495075,24,7,7,Adirondack,LOC,167,177
mdp.39015047495075,24,8,0,John Fadden/Kahionhes,PERSON,17,38
mdp.39015047495075,24,8,1,Native American,NORP,63,78
mdp.39015047495075,24,8,2,Cross-Cultural Communications,ORG,92,121
mdp.39015047495075,24,8,3,a Mohawk Indian,NORP,126,141
mdp.39015047495075,24,8,4,Akwesasne,NORP,147,156
mdp.39015047495075,24,9,0,Akwesasne Notes,ORG,31,46
mdp.39015047495075,24,9,1,the Six Nations Indian Museum,ORG,82,111
mdp.39015047495075,24,9,2,"CollierMacMillan, Ltd.",ORG,113,135
mdp.39015047495075,24,9,3,the National Film Board of Canada,ORG,141,174
mdp.39015047495075,24,10,0,Eva,PERSON,17,20
mdp.39015047495075,24,10,1,three,CARDINAL,26,31
mdp.39015047495075,24,10,2,Donald,PERSON,37,43
mdp.39015047495075,24,10,3,David,PERSON,45,50
mdp.39015047495075,24,10,4,Dan,PERSON,56,59
mdp.39015047495075,24,10,5,Adirondacks,LOC,73,84
mdp.39015047495075,24,10,6,the Mohawk Nation,NORP,110,127
mdp.39015047495075,24,11,0,E & M Graphics,ORG,11,25
mdp.39015047495075,24,11,1,Wantagh,GPE,27,34
mdp.39015047495075,24,11,2,NY,GPE,36,38
mdp.39015047495075,24,12,0,Mill River Press,ORG,11,27
mdp.39015047495075,24,12,1,Brooklyn,GPE,29,37
mdp.39015047495075,24,12,2,NY,GPE,39,41
mdp.39015047495075,24,13,0,Raymond De Costa,PERSON,25,41
mdp.39015047495075,24,14,0,the Baker & Taylor Company,ORG,15,41
mdp.39015047495075,24,14,1,Bookpeople,ORG,43,53
mdp.39015047495075,24,14,2,Bookslinger,ORG,55,66
mdp.39015047495075,24,14,3,Inland,ORG,68,74
mdp.39015047495075,24,14,4,Small Press Distributors,ORG,80,104
mdp.39015047495075,24,15,0,20,CARDINAL,0,2
mdp.39015047495075,26,0,0,03 2003,DATE,54,61
mdp.39015047495075,28,0,0,Native American,NORP,1,16
mdp.39015047495075,28,0,1,Cheyenne,NORP,18,26
mdp.39015047495075,28,0,2,Cheyenne-English,NORP,51,67
mdp.39015047495075,28,0,3,Lynda Parman Morrell,PERSON,89,109
mdp.39015047495075,28,0,4,Kahionbes,PERSON,132,141
mdp.39015047495075,28,0,5,15.00,MONEY,184,189
mdp.39015047495075,28,0,6,USA,GPE,220,223
mdp.39015047495075,28,0,7,15.00,MONEY,269,274
