vol_id,page,sentence_id,ent_id,entity,entity_type,start_char,end_char
mdp.39015046879733,1,0,0,100%,PERCENT,87,91
mdp.39015046879733,1,0,1,1962-1995,DATE,131,140
mdp.39015046879733,1,0,2,PAULA GUNN ALLEN,PERSON,141,157
mdp.39015046879733,5,0,0,Collected Poems,WORK_OF_ART,24,39
mdp.39015046879733,5,0,1,1962-1995,DATE,40,49
mdp.39015046879733,5,0,2,Paula Gunn,PERSON,53,63
mdp.39015046879733,5,0,3,West End Press,ORG,70,84
mdp.39015046879733,6,0,0,The Blind Lion,WORK_OF_ART,49,63
mdp.39015046879733,6,0,1,Berkeley,GPE,65,73
mdp.39015046879733,6,0,2,Thorp Springs Press,ORG,75,94
mdp.39015046879733,6,0,3,1975,DATE,96,100
mdp.39015046879733,6,0,4,Coyote's Daylight Trip,WORK_OF_ART,103,125
mdp.39015046879733,6,0,5,Albuquerque,GPE,127,138
mdp.39015046879733,6,0,6,La Confluencia,ORG,140,154
mdp.39015046879733,6,0,7,1978,DATE,156,160
mdp.39015046879733,6,0,8,A Cannon Between My Knees,WORK_OF_ART,163,188
mdp.39015046879733,6,0,9,New York,GPE,190,198
mdp.39015046879733,6,0,10,Strawberry Press,ORG,200,216
mdp.39015046879733,6,0,11,1981,DATE,218,222
mdp.39015046879733,6,0,12,Star Child,WORK_OF_ART,225,235
mdp.39015046879733,6,0,13,Marvin,GPE,237,243
mdp.39015046879733,6,0,14,South Dakota,GPE,245,257
mdp.39015046879733,6,0,15,Blue Cloud Press,ORG,259,275
mdp.39015046879733,6,0,16,1981,DATE,277,281
mdp.39015046879733,6,0,17,Shadow Country,WORK_OF_ART,284,298
mdp.39015046879733,6,0,18,Los Angeles,GPE,300,311
mdp.39015046879733,6,0,19,UCLA-American Indian Center Press,ORG,313,346
mdp.39015046879733,6,0,20,1982,DATE,348,352
mdp.39015046879733,6,0,21,Wyrds,WORK_OF_ART,355,360
mdp.39015046879733,6,0,22,Santa Fe,GPE,362,370
mdp.39015046879733,6,0,23,Taurean Horn,ORG,372,384
mdp.39015046879733,6,0,24,1987,DATE,386,390
mdp.39015046879733,6,0,25,Albuquerque,GPE,410,421
mdp.39015046879733,6,0,26,West End Press,ORG,423,437
mdp.39015046879733,6,0,27,1988,DATE,439,443
mdp.39015046879733,6,1,0,"The American Voice, Yefief, Studies in American Indian Literature",WORK_OF_ART,13,78
mdp.39015046879733,6,2,0,1997,DATE,27,31
mdp.39015046879733,6,2,1,Paula Gunn Allen,PERSON,35,51
mdp.39015046879733,6,4,0,the United States of America,GPE,11,39
mdp.39015046879733,6,7,0,First,ORDINAL,0,5
mdp.39015046879733,6,7,1,February 1997,DATE,15,28
mdp.39015046879733,6,8,0,Paula Gunn Allen,PERSON,15,31
mdp.39015046879733,6,8,1,Tama Rothschild,PERSON,71,86
mdp.39015046879733,6,8,2,Albuquerque,GPE,124,135
mdp.39015046879733,6,8,3,NM,GPE,137,139
mdp.39015046879733,6,8,4,the National Endowment for the Arts,ORG,190,225
mdp.39015046879733,6,9,0,the University of New Mexico Press,ORG,15,49
mdp.39015046879733,6,10,0,West End Press,ORG,4,18
mdp.39015046879733,6,10,1,27334,CARDINAL,30,35
mdp.39015046879733,6,10,2,Albuquerque,GPE,38,49
mdp.39015046879733,6,10,3,New Mexico,GPE,51,61
mdp.39015046879733,7,0,0,31463289,CARDINAL,5,13
mdp.39015046879733,7,0,1,1/11/99,CARDINAL,19,26
mdp.39015046879733,7,2,0,Corrales,PERSON,0,8
mdp.39015046879733,7,2,1,1965,DATE,10,14
mdp.39015046879733,9,0,0,Malinalli,PERSON,29,38
mdp.39015046879733,9,0,1,La Malinche,GPE,40,51
mdp.39015046879733,9,0,2,Cortés,PERSON,56,62
mdp.39015046879733,9,1,0,Carol,PERSON,4,9
mdp.39015046879733,9,1,1,Pocahontas,PERSON,15,25
mdp.39015046879733,9,1,2,English,NORP,33,40
mdp.39015046879733,9,1,3,John Rolfe,PERSON,50,60
mdp.39015046879733,9,1,4,3,CARDINAL,104,105
mdp.39015046879733,9,3,0,1973,DATE,37,41
mdp.39015046879733,9,4,0,Seboyetano Heyoka,PERSON,14,31
mdp.39015046879733,9,5,0,8,CARDINAL,0,1
mdp.39015046879733,9,5,1,36,CARDINAL,78,80
mdp.39015046879733,9,6,0,Indian,NORP,0,6
mdp.39015046879733,9,6,1,37,CARDINAL,13,15
mdp.39015046879733,9,6,2,40,CARDINAL,32,34
mdp.39015046879733,9,7,0,42 43,CARDINAL,27,32
mdp.39015046879733,9,8,0,49,CARDINAL,0,2
mdp.39015046879733,9,8,1,100%,PERCENT,21,25
mdp.39015046879733,9,9,0,Molly Brant,PERSON,0,11
mdp.39015046879733,9,9,1,Iroquois,NORP,13,21
mdp.39015046879733,9,10,0,70,CARDINAL,0,2
mdp.39015046879733,9,10,1,Indian,NORP,37,43
mdp.39015046879733,9,11,0,Sunday,DATE,9,15
mdp.39015046879733,9,11,1,Watertown,GPE,17,26
mdp.39015046879733,9,11,2,1982,DATE,28,32
mdp.39015046879733,9,11,3,Votech High,FAC,52,63
mdp.39015046879733,9,11,4,Santa Fe,GPE,65,73
mdp.39015046879733,9,11,5,John Lennon,PERSON,84,95
mdp.39015046879733,9,11,6,79,CARDINAL,124,126
mdp.39015046879733,9,11,7,Durango,GPE,128,135
mdp.39015046879733,9,12,0,Friday,DATE,57,63
mdp.39015046879733,9,13,0,98,CARDINAL,0,2
mdp.39015046879733,9,13,1,Midnight,TIME,11,19
mdp.39015046879733,9,18,0,Beyond Me 104,WORK_OF_ART,8,21
mdp.39015046879733,10,0,0,Morning,TIME,0,7
mdp.39015046879733,10,0,1,Peet,PERSON,18,22
mdp.39015046879733,10,1,0,108,CARDINAL,7,10
mdp.39015046879733,10,1,1,Pat,PERSON,28,31
mdp.39015046879733,10,5,0,Hanging Out in America,WORK_OF_ART,53,75
mdp.39015046879733,10,6,0,"July 23, 1973",DATE,64,77
mdp.39015046879733,10,8,0,Another Long Walk 136,WORK_OF_ART,0,21
mdp.39015046879733,10,13,0,Lakota,PERSON,30,36
mdp.39015046879733,10,16,0,Los Angeles,GPE,25,36
mdp.39015046879733,10,16,1,1980,DATE,38,42
mdp.39015046879733,10,17,0,Taku Skanskan,PERSON,0,13
mdp.39015046879733,10,18,0,1969,DATE,10,14
mdp.39015046879733,10,18,1,San Francisco,GPE,33,46
mdp.39015046879733,10,18,2,141,CARDINAL,47,50
mdp.39015046879733,10,18,3,142,CARDINAL,51,54
mdp.39015046879733,10,18,4,143,CARDINAL,55,58
mdp.39015046879733,10,18,5,144,CARDINAL,59,62
mdp.39015046879733,10,18,6,146,CARDINAL,63,66
mdp.39015046879733,10,18,7,147,CARDINAL,67,70
mdp.39015046879733,10,18,8,151,CARDINAL,71,74
mdp.39015046879733,10,18,9,153,CARDINAL,75,78
mdp.39015046879733,10,18,10,161,CARDINAL,83,86
mdp.39015046879733,10,20,0,165,CARDINAL,0,3
mdp.39015046879733,10,20,1,Six,CARDINAL,4,7
mdp.39015046879733,10,20,2,166,CARDINAL,16,19
mdp.39015046879733,10,20,3,168,CARDINAL,31,34
mdp.39015046879733,10,22,0,173,CARDINAL,0,3
mdp.39015046879733,10,24,0,174,CARDINAL,0,3
mdp.39015046879733,10,25,0,176,CARDINAL,0,3
mdp.39015046879733,10,29,0,179,CARDINAL,0,3
mdp.39015046879733,10,36,0,50 Years,DATE,9,17
mdp.39015046879733,10,36,1,183,CARDINAL,30,33
mdp.39015046879733,10,36,2,189,CARDINAL,34,37
mdp.39015046879733,10,36,3,192,CARDINAL,38,41
mdp.39015046879733,10,36,4,193,CARDINAL,42,45
mdp.39015046879733,10,36,5,194,CARDINAL,46,49
mdp.39015046879733,12,0,0,1,CARDINAL,0,1
mdp.39015046879733,13,0,0,Malinalli,PERSON,0,9
mdp.39015046879733,13,0,1,La Malinche,GPE,11,22
mdp.39015046879733,13,0,2,Cortés,PERSON,27,33
mdp.39015046879733,13,1,0,Maya,NORP,63,67
mdp.39015046879733,13,1,1,Cortés,PERSON,82,88
mdp.39015046879733,13,1,2,Malinal,PERSON,142,149
mdp.39015046879733,13,2,0,March 1519,DATE,10,20
mdp.39015046879733,13,2,1,Tabasco,GPE,40,47
mdp.39015046879733,13,2,2,Marina,PERSON,62,68
mdp.39015046879733,13,2,3,Bernal Diaz,PERSON,73,84
mdp.39015046879733,13,2,4,Aztec,NORP,191,196
mdp.39015046879733,13,3,0,Mexico,GPE,30,36
mdp.39015046879733,13,3,1,Malinal,PERSON,64,71
mdp.39015046879733,13,3,2,Spanish,NORP,77,84
mdp.39015046879733,13,3,3,only one,CARDINAL,109,117
mdp.39015046879733,13,4,0,first,ORDINAL,28,33
mdp.39015046879733,13,6,0,-William Brandon,PERSON,115,131
mdp.39015046879733,13,8,0,Malinche,PERSON,72,80
mdp.39015046879733,13,9,0,Spaniard,NORP,4,12
mdp.39015046879733,13,9,1,Moctezuma,PERSON,250,259
mdp.39015046879733,13,12,0,3,CARDINAL,63,64
mdp.39015046879733,14,0,0,Aztlan,GPE,66,72
mdp.39015046879733,14,4,0,La Malinche,PERSON,12,23
mdp.39015046879733,14,7,0,Cortés,PERSON,18,24
mdp.39015046879733,14,8,0,Moctezuma,PERSON,48,57
mdp.39015046879733,14,8,1,Cihuacoatl,LANGUAGE,237,247
mdp.39015046879733,15,0,0,Carol,PERSON,4,9
mdp.39015046879733,15,1,0,evening,TIME,45,52
mdp.39015046879733,16,0,0,Pocahontas,PERSON,0,10
mdp.39015046879733,16,0,1,English,NORP,18,25
mdp.39015046879733,16,0,2,John Rolfe,PERSON,35,45
mdp.39015046879733,16,1,0,Pocahontas,PERSON,16,26
mdp.39015046879733,16,3,0,Pocahontas,PERSON,55,65
mdp.39015046879733,16,6,0,Pocahontas,PERSON,0,10
mdp.39015046879733,16,7,0,-Charles Larson,PERSON,0,15
mdp.39015046879733,16,9,0,American Indian,NORP,0,15
mdp.39015046879733,16,16,0,6,CARDINAL,114,115
mdp.39015046879733,17,4,0,Christian,NORP,110,119
mdp.39015046879733,18,1,0,Earth,LOC,64,69
mdp.39015046879733,18,1,1,one,CARDINAL,129,132
mdp.39015046879733,18,2,0,Oshrats,NORP,4,11
mdp.39015046879733,18,3,0,--Laguna Pueblo,PERSON,0,15
mdp.39015046879733,18,5,0,night,TIME,153,158
mdp.39015046879733,19,2,0,Katsina,PERSON,189,196
mdp.39015046879733,19,3,0,Kawaik,NORP,206,212
mdp.39015046879733,20,0,0,Lines,PERSON,4,9
mdp.39015046879733,20,1,0,Albuquerque,GPE,0,11
mdp.39015046879733,20,1,1,1971,DATE,13,17
mdp.39015046879733,20,1,2,10,CARDINAL,20,22
mdp.39015046879733,21,0,0,1,CARDINAL,26,27
mdp.39015046879733,22,0,0,2,CARDINAL,0,1
mdp.39015046879733,22,12,0,12,CARDINAL,0,2
mdp.39015046879733,23,1,0,San Pablo,GPE,539,548
mdp.39015046879733,23,1,1,"May 24, 1986",DATE,550,562
mdp.39015046879733,24,0,0,Garden,LOC,4,10
mdp.39015046879733,24,5,0,last night,TIME,13,23
mdp.39015046879733,24,5,1,two,CARDINAL,24,27
mdp.39015046879733,24,19,0,14,CARDINAL,0,2
mdp.39015046879733,25,2,0,summer,DATE,83,89
mdp.39015046879733,25,4,0,Pentecost,DATE,14,23
mdp.39015046879733,25,10,0,Pentecost,DATE,0,9
mdp.39015046879733,25,11,0,two days,DATE,50,58
mdp.39015046879733,25,11,1,nights,DATE,63,69
mdp.39015046879733,25,12,0,15,CARDINAL,16,18
mdp.39015046879733,26,2,0,Brazilian,NORP,113,122
mdp.39015046879733,26,2,1,Indian,NORP,123,129
mdp.39015046879733,27,1,0,Fuad,PERSON,11,15
mdp.39015046879733,27,1,1,Cambridge,GPE,75,84
mdp.39015046879733,27,1,2,Marx,PERSON,93,97
mdp.39015046879733,27,2,0,Fuad,PERSON,82,86
mdp.39015046879733,27,5,0,Marx,PERSON,47,51
mdp.39015046879733,27,9,0,17,CARDINAL,0,2
mdp.39015046879733,28,1,0,Cubero,GPE,3,9
mdp.39015046879733,28,1,1,days,DATE,10,14
mdp.39015046879733,28,1,2,arroyo,GPE,24,30
mdp.39015046879733,28,1,3,next month,DATE,102,112
mdp.39015046879733,28,2,0,Cubero,GPE,108,114
mdp.39015046879733,28,4,0,Diego,PERSON,4,9
mdp.39015046879733,28,4,1,a couple of years ago,DATE,43,64
mdp.39015046879733,28,6,0,the morning,TIME,18,29
mdp.39015046879733,28,7,0,summer,DATE,71,77
mdp.39015046879733,28,12,0,season,DATE,37,43
mdp.39015046879733,28,12,1,season,DATE,50,56
mdp.39015046879733,28,19,0,18,CARDINAL,0,2
mdp.39015046879733,29,2,0,last evening,TIME,19,31
mdp.39015046879733,29,2,1,twenty years ago,DATE,36,52
mdp.39015046879733,29,3,0,Sam,PERSON,48,51
mdp.39015046879733,29,5,0,Yesterday,DATE,0,9
mdp.39015046879733,29,8,0,today,DATE,33,38
mdp.39015046879733,30,11,0,20,CARDINAL,42,44
mdp.39015046879733,31,0,0,The other day,DATE,59,72
mdp.39015046879733,31,0,1,California,GPE,76,86
mdp.39015046879733,31,2,0,Indians,NORP,0,7
mdp.39015046879733,31,2,1,Watergate,EVENT,12,21
mdp.39015046879733,31,2,2,Indian,NORP,44,50
mdp.39015046879733,31,3,0,Days,DATE,0,4
mdp.39015046879733,31,4,0,Dick,PERSON,29,33
mdp.39015046879733,31,7,0,noon,TIME,13,17
mdp.39015046879733,31,8,0,this morning,TIME,22,34
mdp.39015046879733,31,9,0,every day,DATE,184,193
mdp.39015046879733,31,10,0,Albuquerque,GPE,0,11
mdp.39015046879733,31,10,1,1973 21 21,DATE,13,23
mdp.39015046879733,32,2,0,a hundred,CARDINAL,102,111
mdp.39015046879733,32,12,0,mesas,LOC,38,43
mdp.39015046879733,33,6,0,two thousand miles,QUANTITY,17,35
mdp.39015046879733,33,14,0,every night,TIME,8,19
mdp.39015046879733,33,16,0,my last night,DATE,43,56
mdp.39015046879733,34,2,0,Cazenovia,PERSON,0,9
mdp.39015046879733,34,2,1,June 1982/,DATE,11,21
mdp.39015046879733,34,2,2,Los Angeles,GPE,22,33
mdp.39015046879733,34,2,3,January 1983,DATE,35,47
mdp.39015046879733,35,0,0,Cubero,GPE,67,73
mdp.39015046879733,35,1,0,summer,DATE,33,39
mdp.39015046879733,35,3,0,summer,DATE,117,123
mdp.39015046879733,35,3,1,years,DATE,131,136
mdp.39015046879733,35,3,2,phoenician,NORP,244,254
mdp.39015046879733,35,4,0,half,CARDINAL,59,63
mdp.39015046879733,35,4,1,india de Cubero,PERSON,726,741
mdp.39015046879733,35,4,2,arabe de Seboyeta,PERSON,752,769
mdp.39015046879733,35,4,3,25,CARDINAL,779,781
mdp.39015046879733,36,0,0,sandstone hills,LOC,201,216
mdp.39015046879733,36,1,0,half,CARDINAL,5,9
mdp.39015046879733,36,1,1,half,CARDINAL,242,246
mdp.39015046879733,36,1,2,winter,DATE,566,572
mdp.39015046879733,36,1,3,Albuquerque,GPE,587,598
mdp.39015046879733,36,1,4,1980 26 26,DATE,600,610
mdp.39015046879733,37,0,0,Heyoka,GPE,0,6
mdp.39015046879733,37,0,1,Alfonso,PERSON,20,27
mdp.39015046879733,37,4,0,Alfonso,PERSON,9,16
mdp.39015046879733,37,6,0,seven,DATE,11,16
mdp.39015046879733,37,12,0,Pinky,PERSON,15,20
mdp.39015046879733,37,12,1,French,NORP,29,35
mdp.39015046879733,37,12,2,Cubero,GPE,57,63
mdp.39015046879733,37,13,0,Anglo,NORP,72,77
mdp.39015046879733,37,13,1,Pinky,PERSON,78,83
mdp.39015046879733,37,14,0,one day,DATE,36,43
mdp.39015046879733,37,14,1,Pinky,PERSON,44,49
mdp.39015046879733,37,14,2,Anglo,NORP,55,60
mdp.39015046879733,37,18,0,Cubero,GPE,24,30
mdp.39015046879733,37,18,1,the Laguna Reservation,LOC,52,74
mdp.39015046879733,37,20,0,El Cerrito,GPE,0,10
mdp.39015046879733,37,20,1,1984 27,DATE,12,19
mdp.39015046879733,38,1,0,Ook,PERSON,5,8
mdp.39015046879733,38,2,0,indian,NORP,124,130
mdp.39015046879733,38,2,1,indian,NORP,157,163
mdp.39015046879733,38,4,0,indian,NORP,109,115
mdp.39015046879733,38,12,0,pueblo indian,NORP,46,59
mdp.39015046879733,38,24,0,Spanish,LANGUAGE,14,21
mdp.39015046879733,38,25,0,28,CARDINAL,11,13
mdp.39015046879733,39,2,0,Lucky Strikes,ORG,34,47
mdp.39015046879733,39,8,0,indian,NORP,19,25
mdp.39015046879733,39,10,0,San Pablo,GPE,0,9
mdp.39015046879733,39,10,1,1984 29,DATE,11,18
mdp.39015046879733,40,0,0,Laguna Ladies Luncheon,ORG,0,22
mdp.39015046879733,40,0,1,fortieth,ORDINAL,30,38
mdp.39015046879733,40,0,2,Indian,NORP,88,94
mdp.39015046879733,40,3,0,Three,CARDINAL,0,5
mdp.39015046879733,40,3,1,Indians,NORP,13,20
mdp.39015046879733,40,6,0,Nazi,NORP,32,36
mdp.39015046879733,40,6,1,Germany,GPE,37,44
mdp.39015046879733,40,9,0,Albuquerque,GPE,0,11
mdp.39015046879733,40,9,1,1979 30,DATE,13,20
mdp.39015046879733,41,0,0,Aggie,PERSON,26,31
mdp.39015046879733,41,7,0,Virginny Reel,PERSON,178,191
mdp.39015046879733,41,7,1,Corn Dance,PERSON,193,203
mdp.39015046879733,41,7,2,Seboyeta Waltz,PERSON,208,222
mdp.39015046879733,41,10,0,18-year-old,DATE,15,26
mdp.39015046879733,41,10,1,83-year-old,DATE,64,75
mdp.39015046879733,41,10,2,turn-of-the-century,DATE,168,187
mdp.39015046879733,42,1,0,Indian,NORP,72,78
mdp.39015046879733,42,7,0,seven years,DATE,65,76
mdp.39015046879733,42,9,0,those obscure hours,TIME,80,99
mdp.39015046879733,43,0,0,those so many years ago,DATE,97,120
mdp.39015046879733,43,2,0,miles,QUANTITY,43,48
mdp.39015046879733,43,7,0,years,DATE,297,302
mdp.39015046879733,44,6,0,Oakland,GPE,0,7
mdp.39015046879733,44,6,1,1987,DATE,9,13
mdp.39015046879733,45,1,0,early morning,TIME,7,20
mdp.39015046879733,45,2,0,Perils of Pauline,WORK_OF_ART,44,61
mdp.39015046879733,45,3,0,morning,TIME,41,48
mdp.39015046879733,45,4,0,midday,TIME,3,9
mdp.39015046879733,45,6,0,late afternoon,TIME,4,18
mdp.39015046879733,45,9,0,all night,TIME,18,27
mdp.39015046879733,45,9,1,Carolee,PERSON,34,41
mdp.39015046879733,45,12,0,other days,DATE,70,80
mdp.39015046879733,45,12,1,ritualless years,DATE,167,183
mdp.39015046879733,45,13,0,those seconds,TIME,18,31
mdp.39015046879733,45,13,1,newday,DATE,39,45
mdp.39015046879733,45,15,0,May 1966,DATE,0,8
mdp.39015046879733,46,0,0,Joe Bruchac,PERSON,39,50
mdp.39015046879733,46,2,0,New Mexico,GPE,87,97
mdp.39015046879733,46,3,0,morning,TIME,21,28
mdp.39015046879733,46,3,1,Indian,NORP,98,104
mdp.39015046879733,46,7,0,Sandias,LOC,97,104
mdp.39015046879733,46,9,0,five,CARDINAL,86,90
mdp.39015046879733,46,10,0,Joe,PERSON,0,3
mdp.39015046879733,46,10,1,Indian,NORP,85,91
mdp.39015046879733,46,11,0,Francis,PERSON,16,23
mdp.39015046879733,46,11,1,Gottlieb,PERSON,50,58
mdp.39015046879733,46,12,0,two,CARDINAL,64,67
mdp.39015046879733,46,14,0,Indian,NORP,43,49
mdp.39015046879733,46,14,1,New Mexico,GPE,70,80
mdp.39015046879733,46,14,2,two,CARDINAL,86,89
mdp.39015046879733,46,15,0,36,CARDINAL,0,2
mdp.39015046879733,47,0,0,Indian,NORP,0,6
mdp.39015046879733,47,1,0,today,DATE,22,27
mdp.39015046879733,47,3,0,this year,DATE,27,36
mdp.39015046879733,47,3,1,the years,DATE,315,324
mdp.39015046879733,47,10,0,tonight,TIME,4,11
mdp.39015046879733,47,11,0,37,DATE,90,92
mdp.39015046879733,48,1,0,autumn,DATE,43,49
mdp.39015046879733,48,3,0,Laguna,GPE,84,90
mdp.39015046879733,48,3,1,six,DATE,103,106
mdp.39015046879733,48,3,2,Laguna,GPE,117,123
mdp.39015046879733,48,3,3,four generations,DATE,125,141
mdp.39015046879733,48,5,0,four generations,DATE,40,56
mdp.39015046879733,48,7,0,Sully,PERSON,83,88
mdp.39015046879733,48,7,1,Laguna,GPE,96,102
mdp.39015046879733,48,8,0,New Laguna,LOC,147,157
mdp.39015046879733,48,8,1,Old Laguna,LOC,161,171
mdp.39015046879733,48,11,0,Los Angeles,GPE,17,28
mdp.39015046879733,48,11,1,evening,TIME,45,52
mdp.39015046879733,48,15,0,38,CARDINAL,0,2
mdp.39015046879733,49,3,0,Indian,NORP,238,244
mdp.39015046879733,49,5,0,Laguna,GPE,33,39
mdp.39015046879733,49,6,0,Los Angeles,GPE,0,11
mdp.39015046879733,49,6,1,October 1981,DATE,13,25
mdp.39015046879733,50,3,0,her day,DATE,20,27
mdp.39015046879733,50,11,0,the day,DATE,19,26
mdp.39015046879733,50,20,0,El Cerrito,GPE,0,10
mdp.39015046879733,50,20,1,1983,DATE,12,16
mdp.39015046879733,51,0,0,World Mother,PERSON,5,17
mdp.39015046879733,51,7,0,Indian,NORP,34,40
mdp.39015046879733,51,19,0,El Cerrito,GPE,0,10
mdp.39015046879733,51,19,1,1983,DATE,12,16
mdp.39015046879733,52,6,0,those many years,DATE,89,105
mdp.39015046879733,52,6,1,Seal Beach,GPE,113,123
mdp.39015046879733,52,6,2,1991,DATE,125,129
mdp.39015046879733,53,0,0,sulicaman,PERSON,24,33
mdp.39015046879733,53,0,1,aliman,PERSON,38,44
mdp.39015046879733,53,0,2,sulieman,PERSON,72,80
mdp.39015046879733,53,0,3,allemagne,PERSON,85,94
mdp.39015046879733,53,0,4,Cubero,GPE,142,148
mdp.39015046879733,53,0,5,tante Anna,PERSON,168,178
mdp.39015046879733,53,0,6,tante Eda,PERSON,179,188
mdp.39015046879733,53,0,7,tante,PERSON,245,250
mdp.39015046879733,53,0,8,German,NORP,266,272
mdp.39015046879733,53,0,9,Anna,PERSON,297,301
mdp.39015046879733,53,0,10,Sulieman Ali,PERSON,339,351
mdp.39015046879733,53,1,0,Cubero,GPE,26,32
mdp.39015046879733,53,1,1,Sully,PERSON,130,135
mdp.39015046879733,53,1,2,Allemagne,PERSON,165,174
mdp.39015046879733,53,1,3,Rhine,LOC,194,199
mdp.39015046879733,53,1,4,Gaelic,LANGUAGE,321,327
mdp.39015046879733,53,1,5,gallic,NORP,329,335
mdp.39015046879733,53,1,6,Anna,PERSON,422,426
mdp.39015046879733,53,1,7,Olivia,PERSON,443,449
mdp.39015046879733,53,1,8,Teresa,PERSON,454,460
mdp.39015046879733,53,2,0,night,TIME,3,8
mdp.39015046879733,53,2,1,America,GPE,105,112
mdp.39015046879733,53,2,2,Cubero,GPE,129,135
mdp.39015046879733,53,2,3,Grimm,PERSON,241,246
mdp.39015046879733,53,2,4,Julius,PERSON,369,375
mdp.39015046879733,53,2,5,Jew,NORP,393,396
mdp.39015046879733,53,3,0,Anna,PERSON,0,4
mdp.39015046879733,53,3,1,four,CARDINAL,15,19
mdp.39015046879733,53,3,2,one,CARDINAL,26,29
mdp.39015046879733,53,3,3,this year,DATE,46,55
mdp.39015046879733,53,3,4,K-Mart,ORG,112,118
mdp.39015046879733,53,5,0,Star Trek the Next Generation,WORK_OF_ART,101,130
mdp.39015046879733,53,5,1,Jesus,PERSON,164,169
mdp.39015046879733,53,5,2,Gurdjieff,PERSON,192,201
mdp.39015046879733,53,5,3,tante Anna,PERSON,260,270
mdp.39015046879733,53,5,4,these several years,DATE,277,296
mdp.39015046879733,53,5,5,easter,DATE,320,326
mdp.39015046879733,53,5,6,German,NORP,351,357
mdp.39015046879733,53,6,0,Bobby,PERSON,9,14
mdp.39015046879733,53,7,0,last night,TIME,89,99
mdp.39015046879733,53,8,0,Robert Bruce,PERSON,13,25
mdp.39015046879733,53,8,1,Robert the Bruce,PERSON,27,43
mdp.39015046879733,53,9,0,highland,GPE,28,36
mdp.39015046879733,53,9,1,el rancho gallito,GPE,54,71
mdp.39015046879733,54,0,0,Bobby the Bruce,PERSON,17,32
mdp.39015046879733,54,0,1,Izzy,PERSON,64,68
mdp.39015046879733,54,0,2,Lebanese,NORP,78,86
mdp.39015046879733,54,0,3,Anna,PERSON,117,121
mdp.39015046879733,54,0,4,Izzy,PERSON,147,151
mdp.39015046879733,54,0,5,Ada,PERSON,221,224
mdp.39015046879733,54,0,6,the Gettysburg Address,WORK_OF_ART,278,300
mdp.39015046879733,54,0,7,two,DATE,340,343
mdp.39015046879733,54,1,0,Gettysburg,GPE,13,23
mdp.39015046879733,54,2,0,Hans,PERSON,0,4
mdp.39015046879733,54,2,1,Anna,PERSON,6,10
mdp.39015046879733,54,2,2,new year's 1944,EVENT,43,58
mdp.39015046879733,54,3,0,Anna,PERSON,11,15
mdp.39015046879733,54,3,1,Izzy,PERSON,26,30
mdp.39015046879733,54,3,2,Bobby,PERSON,40,45
mdp.39015046879733,54,3,3,Kaiserslautern,GPE,92,106
mdp.39015046879733,54,3,4,years,DATE,133,138
mdp.39015046879733,54,3,5,Bobby,PERSON,161,166
mdp.39015046879733,54,3,6,Kurt,PERSON,168,172
mdp.39015046879733,54,3,7,Mama,PERSON,174,178
mdp.39015046879733,54,3,8,Ookie the Sid,PERSON,180,193
mdp.39015046879733,54,3,9,Jewish,NORP,202,208
mdp.39015046879733,54,3,10,Indian,NORP,209,215
mdp.39015046879733,54,4,0,Japan,GPE,54,59
mdp.39015046879733,54,4,1,Bomb,WORK_OF_ART,70,74
mdp.39015046879733,54,4,2,twenty years old,DATE,75,91
mdp.39015046879733,54,5,0,Jido,PERSON,48,52
mdp.39015046879733,54,5,1,Dave Armijo,PERSON,67,78
mdp.39015046879733,54,5,2,mesa,LOC,91,95
mdp.39015046879733,54,5,3,Anglos,NORP,123,129
mdp.39015046879733,54,6,0,Dave,PERSON,0,4
mdp.39015046879733,54,6,1,years,DATE,10,15
mdp.39015046879733,54,6,2,Jido,PERSON,23,27
mdp.39015046879733,54,6,3,Sulieman,PERSON,51,59
mdp.39015046879733,54,6,4,Sully,PERSON,119,124
mdp.39015046879733,54,6,5,Fuad,PERSON,135,139
mdp.39015046879733,54,6,6,Jido,PERSON,158,162
mdp.39015046879733,54,7,0,Bob,PERSON,0,3
mdp.39015046879733,54,7,1,Laguna,NORP,55,61
mdp.39015046879733,54,7,2,Scottish,NORP,62,70
mdp.39015046879733,54,7,3,Cubero,GPE,363,369
mdp.39015046879733,54,7,4,Jewish,NORP,378,384
mdp.39015046879733,54,7,5,Indian,NORP,385,391
mdp.39015046879733,54,7,6,Armijo,PERSON,423,429
mdp.39015046879733,54,7,7,New Mexican,NORP,450,461
mdp.39015046879733,54,8,0,Cubero,GPE,3,9
mdp.39015046879733,54,9,0,oiga,PERSON,57,61
mdp.39015046879733,54,11,0,Sully,PERSON,48,53
mdp.39015046879733,54,11,1,Solomon,PERSON,77,84
mdp.39015046879733,54,12,0,Bobby,PERSON,7,12
mdp.39015046879733,54,12,1,Cibola County,GPE,115,128
mdp.39015046879733,55,0,0,Izzy,PERSON,0,4
mdp.39015046879733,55,0,1,the Big Q,FAC,41,50
mdp.39015046879733,55,0,2,Cubero,GPE,147,153
mdp.39015046879733,55,0,3,two,DATE,165,168
mdp.39015046879733,55,0,4,three,DATE,173,178
mdp.39015046879733,55,0,5,Lebanese,NORP,254,262
mdp.39015046879733,55,0,6,Italian,NORP,284,291
mdp.39015046879733,55,0,7,these years,DATE,415,426
mdp.39015046879733,55,1,0,Isabel,PERSON,16,22
mdp.39015046879733,55,1,1,the day,DATE,27,34
mdp.39015046879733,55,1,2,Wendy,PERSON,35,40
mdp.39015046879733,55,1,3,Lebanese,NORP,48,56
mdp.39015046879733,55,1,4,German American,NORP,84,99
mdp.39015046879733,55,2,0,today,DATE,0,5
mdp.39015046879733,55,3,0,tante Anna's,PERSON,0,12
mdp.39015046879733,55,3,1,Kurt,PERSON,17,21
mdp.39015046879733,55,3,2,a year or so ago,DATE,27,43
mdp.39015046879733,55,3,3,the year before,DATE,52,67
mdp.39015046879733,55,3,4,German,NORP,94,100
mdp.39015046879733,55,3,5,years ago,DATE,112,121
mdp.39015046879733,55,3,6,Lebanese,NORP,167,175
mdp.39015046879733,55,3,7,the Big Q,LOC,225,234
mdp.39015046879733,55,3,8,Grants,GPE,262,268
mdp.39015046879733,55,3,9,Cibola County,GPE,270,283
mdp.39015046879733,55,3,10,Mary,PERSON,537,541
mdp.39015046879733,55,3,11,the fifties,DATE,551,562
mdp.39015046879733,55,3,12,only one,CARDINAL,584,592
mdp.39015046879733,55,3,13,two,CARDINAL,596,599
mdp.39015046879733,55,4,0,ash wednesday's,DATE,0,15
mdp.39015046879733,55,4,1,Anna,PERSON,68,72
mdp.39015046879733,55,5,0,the Big Q,LOC,18,27
mdp.39015046879733,55,5,1,Lutheran,NORP,66,74
mdp.39015046879733,55,5,2,Anna,PERSON,98,102
mdp.39015046879733,55,6,0,thousands of miles,QUANTITY,63,81
mdp.39015046879733,55,6,1,Rhineland,GPE,91,100
mdp.39015046879733,55,6,2,Christian,NORP,110,119
mdp.39015046879733,55,6,3,Jew,NORP,131,134
mdp.39015046879733,55,6,4,Cubero,GPE,224,230
mdp.39015046879733,55,6,5,English,LANGUAGE,257,264
mdp.39015046879733,55,6,6,Spanish,LANGUAGE,268,275
mdp.39015046879733,55,7,0,tante Anna,PERSON,8,18
mdp.39015046879733,55,7,1,Easter day,DATE,158,168
mdp.39015046879733,55,7,2,sulieman,PERSON,169,177
mdp.39015046879733,55,7,3,allemand,PERSON,182,190
mdp.39015046879733,55,7,4,sulieman ali,PERSON,192,204
mdp.39015046879733,55,7,5,Grossgott,PERSON,271,280
mdp.39015046879733,55,7,6,45,DATE,423,425
mdp.39015046879733,56,0,0,all these years,DATE,22,37
mdp.39015046879733,56,0,1,Bobby Shaftoe,PERSON,98,111
mdp.39015046879733,56,0,2,last night,TIME,154,164
mdp.39015046879733,56,0,3,Bobby,PERSON,205,210
mdp.39015046879733,56,1,0,Anna,PERSON,12,16
mdp.39015046879733,56,3,0,Lurt,PERSON,0,4
mdp.39015046879733,56,3,1,Gene Lebanese,PERSON,6,19
mdp.39015046879733,56,3,2,Mora,GPE,42,46
mdp.39015046879733,56,3,3,English,LANGUAGE,66,73
mdp.39015046879733,56,5,0,Ookie the Sid.,PERSON,0,14
mdp.39015046879733,56,6,0,Johnny Canzoneri,PERSON,0,16
mdp.39015046879733,56,8,0,German,NORP,12,18
mdp.39015046879733,56,8,1,Kaiser,PERSON,44,50
mdp.39015046879733,56,8,2,the first world war,EVENT,74,93
mdp.39015046879733,56,9,0,Lee Hanosh,PERSON,6,16
mdp.39015046879733,56,9,1,Lebanese,NORP,22,30
mdp.39015046879733,56,9,2,Arabic,LANGUAGE,45,51
mdp.39015046879733,56,9,3,Joe,PERSON,110,113
mdp.39015046879733,56,9,4,Amo,PERSON,156,159
mdp.39015046879733,56,9,5,Wendy,PERSON,175,180
mdp.39015046879733,56,9,6,Jido,PERSON,191,195
mdp.39015046879733,56,9,7,Sitte,PERSON,197,202
mdp.39015046879733,56,9,8,Haula,PERSON,204,209
mdp.39015046879733,56,9,9,Zahia,PERSON,211,216
mdp.39015046879733,56,9,10,Josephine,PERSON,218,227
mdp.39015046879733,56,9,11,Pauline,PERSON,229,236
mdp.39015046879733,56,9,12,Naphie,PERSON,254,260
mdp.39015046879733,56,9,13,Lebanese,NORP,288,296
mdp.39015046879733,56,9,14,Izzy,PERSON,303,307
mdp.39015046879733,56,9,15,Ada,PERSON,309,312
mdp.39015046879733,56,9,16,Liás,PERSON,314,318
mdp.39015046879733,56,9,17,Cecil Rose Fidel,PERSON,393,409
mdp.39015046879733,56,9,18,Hanna,PERSON,431,436
mdp.39015046879733,56,10,0,Mina,PERSON,123,127
mdp.39015046879733,56,10,1,Sitte,PERSON,142,147
mdp.39015046879733,56,10,2,Gunn,PERSON,157,161
mdp.39015046879733,56,10,3,Laguna,GPE,169,175
mdp.39015046879733,56,11,0,Cubero,GPE,66,72
mdp.39015046879733,56,12,0,grossgott,PERSON,0,9
mdp.39015046879733,56,14,0,synce,PERSON,4,9
mdp.39015046879733,56,15,0,tante Anna,PERSON,0,10
mdp.39015046879733,56,15,1,Bob the Bruce,PERSON,15,28
mdp.39015046879733,56,15,2,Gottlieb god dear,PERSON,49,66
mdp.39015046879733,56,16,0,saalem u khalem,PERSON,0,15
mdp.39015046879733,56,16,1,du-wih shatz,PERSON,17,29
mdp.39015046879733,56,16,2,mine schatz,PERSON,31,42
mdp.39015046879733,56,16,3,Albuquerque,GPE,43,54
mdp.39015046879733,56,16,4,1994 46,DATE,56,63
mdp.39015046879733,57,0,0,1,CARDINAL,27,28
mdp.39015046879733,57,3,0,2,CARDINAL,0,1
mdp.39015046879733,57,4,0,3,CARDINAL,0,1
mdp.39015046879733,57,6,0,4,CARDINAL,0,1
mdp.39015046879733,57,6,1,north,LOC,20,25
mdp.39015046879733,57,7,0,the united states,GPE,10,27
mdp.39015046879733,57,8,0,5,CARDINAL,0,1
mdp.39015046879733,57,10,0,the united states,GPE,7,24
mdp.39015046879733,57,12,0,indians,NORP,19,26
mdp.39015046879733,57,15,0,indians,NORP,4,11
mdp.39015046879733,57,16,0,6,CARDINAL,0,1
mdp.39015046879733,57,17,0,indian,NORP,21,27
mdp.39015046879733,57,20,0,47,CARDINAL,0,2
mdp.39015046879733,58,1,0,the hours,TIME,0,9
mdp.39015046879733,58,3,0,today,DATE,36,41
mdp.39015046879733,58,5,0,mesa,LOC,14,18
mdp.39015046879733,58,8,0,8,CARDINAL,0,1
mdp.39015046879733,58,9,0,indian,NORP,4,10
mdp.39015046879733,58,12,0,9,CARDINAL,0,1
mdp.39015046879733,58,13,0,yosemite,GPE,22,30
mdp.39015046879733,58,17,0,10,CARDINAL,0,2
mdp.39015046879733,58,18,0,oregon,GPE,21,27
mdp.39015046879733,58,18,1,washington,GPE,29,39
mdp.39015046879733,58,19,0,mt. st. helen's,ORG,0,15
mdp.39015046879733,58,21,0,11,CARDINAL,0,2
mdp.39015046879733,58,23,0,lunch,TIME,6,11
mdp.39015046879733,58,26,0,12,CARDINAL,0,2
mdp.39015046879733,58,32,0,13,CARDINAL,0,2
mdp.39015046879733,58,37,0,spring,DATE,3,9
mdp.39015046879733,58,38,0,summer,DATE,1,7
mdp.39015046879733,58,41,0,48,CARDINAL,0,2
mdp.39015046879733,59,0,0,Runes 1,DATE,0,7
mdp.39015046879733,59,1,0,today,DATE,4,9
mdp.39015046879733,59,1,1,winter,DATE,50,56
mdp.39015046879733,59,4,0,2,CARDINAL,67,68
mdp.39015046879733,59,5,0,chocolate soldier,PERSON,0,17
mdp.39015046879733,59,5,1,days,DATE,52,56
mdp.39015046879733,60,0,0,3,CARDINAL,0,1
mdp.39015046879733,60,4,0,4,CARDINAL,0,1
mdp.39015046879733,60,9,0,50,CARDINAL,100,102
mdp.39015046879733,61,1,0,knife,PERSON,0,5
mdp.39015046879733,61,1,1,two,CARDINAL,39,42
mdp.39015046879733,61,1,2,today,DATE,97,102
mdp.39015046879733,62,0,0,7,CARDINAL,0,1
mdp.39015046879733,62,2,0,8,CARDINAL,167,168
mdp.39015046879733,63,0,0,9,CARDINAL,0,1
mdp.39015046879733,63,1,0,10,CARDINAL,0,2
mdp.39015046879733,63,1,1,years,DATE,29,34
mdp.39015046879733,64,4,0,centuries,DATE,0,9
mdp.39015046879733,64,7,0,13,CARDINAL,0,2
mdp.39015046879733,64,8,0,last night's,TIME,56,68
mdp.39015046879733,65,0,0,15,CARDINAL,336,338
mdp.39015046879733,68,0,0,19,CARDINAL,0,2
mdp.39015046879733,68,2,0,west,LOC,406,410
mdp.39015046879733,69,0,0,20,CARDINAL,0,2
mdp.39015046879733,69,0,1,the centuries,DATE,171,184
mdp.39015046879733,69,1,0,half,CARDINAL,80,84
mdp.39015046879733,69,1,1,21,CARDINAL,162,164
mdp.39015046879733,70,0,0,22,CARDINAL,0,2
mdp.39015046879733,71,0,0,23,CARDINAL,0,2
mdp.39015046879733,71,1,0,61,CARDINAL,174,176
mdp.39015046879733,72,0,0,24,CARDINAL,0,2
mdp.39015046879733,72,1,0,first,ORDINAL,322,327
mdp.39015046879733,72,4,0,one,CARDINAL,119,122
mdp.39015046879733,73,0,0,a hundred years,DATE,340,355
mdp.39015046879733,74,0,0,29,CARDINAL,450,452
mdp.39015046879733,75,0,0,30,CARDINAL,0,2
mdp.39015046879733,75,1,0,two,CARDINAL,33,36
mdp.39015046879733,75,1,1,half,CARDINAL,209,213
mdp.39015046879733,75,2,0,ordinary days,DATE,19,32
mdp.39015046879733,75,7,0,San Francisco,GPE,0,13
mdp.39015046879733,75,7,1,March 1981,DATE,15,25
mdp.39015046879733,77,0,0,100%,PERCENT,17,21
mdp.39015046879733,77,0,1,1,CARDINAL,45,46
mdp.39015046879733,77,0,2,Plato,PERSON,66,71
mdp.39015046879733,77,0,3,one,CARDINAL,100,103
mdp.39015046879733,79,6,0,69,CARDINAL,0,2
mdp.39015046879733,80,0,0,Molly Brant,PERSON,0,11
mdp.39015046879733,80,0,1,Iroquois,NORP,13,21
mdp.39015046879733,80,0,2,Indian,NORP,57,63
mdp.39015046879733,80,2,0,Joseph,PERSON,59,65
mdp.39015046879733,80,4,0,Iroquois,NORP,50,58
mdp.39015046879733,81,1,0,Matrons,NORP,131,138
mdp.39015046879733,81,2,0,British,NORP,156,163
mdp.39015046879733,81,3,0,a century before,DATE,35,51
mdp.39015046879733,81,5,0,League,ORG,61,67
mdp.39015046879733,81,5,1,winter,DATE,97,103
mdp.39015046879733,81,6,0,Algonquin,NORP,102,111
mdp.39015046879733,81,7,0,Immortals,NORP,18,27
mdp.39015046879733,81,8,0,centuries,DATE,15,24
mdp.39015046879733,81,9,0,71,CARDINAL,0,2
mdp.39015046879733,82,6,0,last year's,DATE,113,124
mdp.39015046879733,82,8,0,Earth,LOC,92,97
mdp.39015046879733,82,14,0,decades,DATE,131,138
mdp.39015046879733,82,14,1,centuries ago,DATE,148,161
mdp.39015046879733,82,14,2,four,CARDINAL,163,167
mdp.39015046879733,82,17,0,Matron of the,PERSON,3,16
mdp.39015046879733,82,17,1,Longhouse,FAC,17,26
mdp.39015046879733,82,18,0,72,CARDINAL,0,2
mdp.39015046879733,84,0,0,Elegy for My Son,WORK_OF_ART,0,16
mdp.39015046879733,84,0,1,1968,DATE,35,39
mdp.39015046879733,84,0,2,today,DATE,44,49
mdp.39015046879733,85,0,0,Iroquois,GPE,0,8
mdp.39015046879733,85,0,1,Sunday,DATE,9,15
mdp.39015046879733,85,0,2,Watertown,GPE,17,26
mdp.39015046879733,85,0,3,1982,DATE,28,32
mdp.39015046879733,85,1,0,Indian,NORP,67,73
mdp.39015046879733,85,1,1,Ottowa,GPE,79,85
mdp.39015046879733,85,5,0,Freud,PERSON,14,19
mdp.39015046879733,85,8,0,the Dairy Queen,ORG,54,69
mdp.39015046879733,85,10,0,One,CARDINAL,0,3
mdp.39015046879733,85,10,1,two,CARDINAL,19,22
mdp.39015046879733,85,11,0,two,CARDINAL,89,92
mdp.39015046879733,85,13,0,Indian,NORP,14,20
mdp.39015046879733,85,15,0,Indian,NORP,7,13
mdp.39015046879733,85,17,0,all afternoon,TIME,28,41
mdp.39015046879733,85,25,0,Tarot,WORK_OF_ART,27,32
mdp.39015046879733,85,26,0,Pyrex,PRODUCT,70,75
mdp.39015046879733,86,8,0,76,CARDINAL,0,2
mdp.39015046879733,87,0,0,Indian,NORP,14,20
mdp.39015046879733,87,0,1,Koyukan,PERSON,27,34
mdp.39015046879733,87,0,2,Koyukan,NORP,98,105
mdp.39015046879733,87,0,3,Wolverine,PERSON,197,206
mdp.39015046879733,87,2,0,Laguna,GPE,19,25
mdp.39015046879733,87,2,1,Iyetiku,PERSON,35,42
mdp.39015046879733,87,5,0,Iyetiku,PERSON,3,10
mdp.39015046879733,87,7,0,Iarrikuthe,PERSON,80,90
mdp.39015046879733,88,1,0,Laguna,GPE,0,6
mdp.39015046879733,88,1,1,Laguna,GPE,82,88
mdp.39015046879733,88,6,0,Navajo,NORP,0,6
mdp.39015046879733,88,6,1,Navajo,NORP,124,130
mdp.39015046879733,88,6,2,78,DATE,261,263
mdp.39015046879733,89,3,0,Shipap Beautiful Corn,PERSON,0,21
mdp.39015046879733,89,4,0,first,ORDINAL,30,35
mdp.39015046879733,89,6,0,79,CARDINAL,0,2
mdp.39015046879733,90,0,0,Votech High,ORG,19,30
mdp.39015046879733,90,0,1,Santa Fe,GPE,32,40
mdp.39015046879733,90,0,2,John Lennon Was,PERSON,51,66
mdp.39015046879733,90,0,3,Christmas,DATE,86,95
mdp.39015046879733,90,7,0,mornings,TIME,11,19
mdp.39015046879733,90,7,1,my days,DATE,48,55
mdp.39015046879733,90,7,2,the Rio Grande,LOC,87,101
mdp.39015046879733,90,8,0,Albuquerque,GPE,40,51
mdp.39015046879733,91,0,0,Bernalillo,GPE,11,21
mdp.39015046879733,91,2,0,December,DATE,61,69
mdp.39015046879733,91,3,0,Winter,DATE,0,6
mdp.39015046879733,91,4,0,winter,DATE,10,16
mdp.39015046879733,91,5,0,Last night,TIME,0,10
mdp.39015046879733,91,5,1,John Lennon's,PERSON,43,56
mdp.39015046879733,91,6,0,the twenty years,DATE,54,70
mdp.39015046879733,91,10,0,eighteen years ago,DATE,61,79
mdp.39015046879733,91,14,0,Ever Clear,WORK_OF_ART,18,28
mdp.39015046879733,91,14,1,180,CARDINAL,60,63
mdp.39015046879733,91,16,0,81,CARDINAL,17,19
mdp.39015046879733,92,2,0,their days,DATE,56,66
mdp.39015046879733,92,3,0,their days,DATE,25,35
mdp.39015046879733,92,6,0,III,CARDINAL,0,3
mdp.39015046879733,92,6,1,180,CARDINAL,4,7
mdp.39015046879733,92,9,0,the same age,DATE,37,49
mdp.39015046879733,92,16,0,82,CARDINAL,0,2
mdp.39015046879733,93,1,0,English,NORP,3,10
mdp.39015046879733,93,4,0,nineteen years old,DATE,103,121
mdp.39015046879733,94,3,0,Week,DATE,0,4
mdp.39015046879733,94,11,0,Chicano,NORP,13,20
mdp.39015046879733,94,15,0,Two o'clock.,TIME,0,12
mdp.39015046879733,94,16,0,Ten more minutes,TIME,0,16
mdp.39015046879733,95,1,0,one,CARDINAL,10,13
mdp.39015046879733,96,3,0,Beatles,ORG,72,79
mdp.39015046879733,96,6,0,Winter,DATE,0,6
mdp.39015046879733,96,7,0,spring,DATE,12,18
mdp.39015046879733,96,10,0,each separate day,DATE,25,42
mdp.39015046879733,97,0,0,one,CARDINAL,55,58
mdp.39015046879733,97,0,1,winter,DATE,224,230
mdp.39015046879733,97,1,0,Later that day,TIME,0,14
mdp.39015046879733,98,1,0,Andrew Salkey,PERSON,5,18
mdp.39015046879733,98,6,0,mornings,TIME,3,11
mdp.39015046879733,98,7,0,night,TIME,11,16
mdp.39015046879733,99,2,0,one instant,TIME,41,52
mdp.39015046879733,99,3,0,Midnight,TIME,0,8
mdp.39015046879733,99,5,0,89,CARDINAL,0,2
mdp.39015046879733,100,0,0,Durango,GPE,11,18
mdp.39015046879733,100,0,1,almost three years,DATE,42,60
mdp.39015046879733,100,0,2,six,CARDINAL,69,72
mdp.39015046879733,100,0,3,200,CARDINAL,83,86
mdp.39015046879733,100,0,4,two,CARDINAL,216,219
mdp.39015046879733,100,0,5,BIA,ORG,280,283
mdp.39015046879733,100,0,6,tonight,TIME,363,370
mdp.39015046879733,101,0,0,Tucson,GPE,0,6
mdp.39015046879733,101,0,1,First Night,TIME,8,19
mdp.39015046879733,101,4,0,July,DATE,86,90
mdp.39015046879733,101,6,0,one,CARDINAL,54,57
mdp.39015046879733,101,8,0,Plato,PERSON,26,31
mdp.39015046879733,101,11,0,one,CARDINAL,20,23
mdp.39015046879733,101,12,0,these days,DATE,15,25
mdp.39015046879733,101,12,1,Albuquerque,GPE,27,38
mdp.39015046879733,101,12,2,San Francisco,GPE,40,53
mdp.39015046879733,101,12,3,Los Angeles,GPE,55,66
mdp.39015046879733,101,12,4,New York,GPE,68,76
mdp.39015046879733,101,12,5,Nova Scotia,GPE,78,89
mdp.39015046879733,101,12,6,London,GPE,91,97
mdp.39015046879733,101,12,7,San Diego,GPE,99,108
mdp.39015046879733,102,0,0,November,DATE,72,80
mdp.39015046879733,102,1,0,the last week,DATE,0,13
mdp.39015046879733,102,1,1,this night,TIME,38,48
mdp.39015046879733,102,2,0,Tucson,GPE,26,32
mdp.39015046879733,102,4,0,years ago,DATE,52,61
mdp.39015046879733,102,5,0,2,CARDINAL,47,48
mdp.39015046879733,102,5,1,Acoma,NORP,49,54
mdp.39015046879733,102,5,2,Indians,NORP,137,144
mdp.39015046879733,102,6,0,Willie,PERSON,121,127
mdp.39015046879733,102,7,0,Willie Fillipe,PERSON,50,64
mdp.39015046879733,102,8,0,the Albuquerque Journal,ORG,26,49
mdp.39015046879733,102,10,0,Nash Garcia's,PERSON,2,15
mdp.39015046879733,103,0,0,Indian,NORP,0,6
mdp.39015046879733,103,0,1,two,CARDINAL,52,55
mdp.39015046879733,103,0,2,their few days,DATE,84,98
mdp.39015046879733,103,5,0,midnight,TIME,41,49
mdp.39015046879733,103,10,0,pass,LOC,172,176
mdp.39015046879733,103,17,0,93,CARDINAL,0,2
mdp.39015046879733,104,1,0,midnight,TIME,56,64
mdp.39015046879733,104,9,0,days,DATE,80,84
mdp.39015046879733,104,12,0,94,CARDINAL,0,2
mdp.39015046879733,105,0,0,Friday 1,DATE,4,12
mdp.39015046879733,105,5,0,half,CARDINAL,8,12
mdp.39015046879733,105,6,0,three,CARDINAL,80,85
mdp.39015046879733,105,8,0,half,CARDINAL,145,149
mdp.39015046879733,105,8,1,half,CARDINAL,155,159
mdp.39015046879733,105,11,0,2,CARDINAL,3,4
mdp.39015046879733,105,12,0,one,CARDINAL,62,65
mdp.39015046879733,105,13,0,95,CARDINAL,0,2
mdp.39015046879733,106,4,0,that evening,TIME,4,16
mdp.39015046879733,106,16,0,3,CARDINAL,0,1
mdp.39015046879733,106,17,0,our days,DATE,138,146
mdp.39015046879733,107,8,0,the dying afternoon,TIME,3,22
mdp.39015046879733,107,10,0,San Francisco,GPE,0,13
mdp.39015046879733,107,10,1,May 1981,DATE,15,23
mdp.39015046879733,108,4,0,Andrew Jackson,PERSON,0,14
mdp.39015046879733,108,4,1,Atlantic,LOC,166,174
mdp.39015046879733,108,5,0,thousands,CARDINAL,30,39
mdp.39015046879733,108,5,1,hundreds of miles,QUANTITY,50,67
mdp.39015046879733,108,6,0,Cherokee,NORP,53,61
mdp.39015046879733,108,7,0,Five,CARDINAL,0,4
mdp.39015046879733,108,9,0,one,CARDINAL,20,23
mdp.39015046879733,108,9,1,five,CARDINAL,53,57
mdp.39015046879733,109,1,0,winter,DATE,125,131
mdp.39015046879733,109,1,1,eight,CARDINAL,190,195
mdp.39015046879733,109,3,0,just two feet,QUANTITY,18,31
mdp.39015046879733,109,5,0,Sacramento,GPE,0,10
mdp.39015046879733,109,5,1,1969 99,DATE,12,19
mdp.39015046879733,110,0,0,Midnight,TIME,8,16
mdp.39015046879733,110,4,0,midnight,TIME,31,39
mdp.39015046879733,110,9,0,my days,DATE,145,152
mdp.39015046879733,110,12,0,100,CARDINAL,43,46
mdp.39015046879733,111,4,0,midnight,TIME,74,82
mdp.39015046879733,111,4,1,morning,TIME,105,112
mdp.39015046879733,111,6,0,midnight,TIME,39,47
mdp.39015046879733,111,7,0,Albuquerque,GPE,0,11
mdp.39015046879733,111,7,1,1977 101,DATE,13,21
mdp.39015046879733,112,1,0,este tiempo pero no más even so,DATE,151,182
mdp.39015046879733,112,2,0,half,CARDINAL,73,77
mdp.39015046879733,112,4,0,la noche,TIME,6,14
mdp.39015046879733,112,4,1,el viejo,PERSON,15,23
mdp.39015046879733,112,6,0,cantina,GPE,0,7
mdp.39015046879733,112,6,1,june,DATE,35,39
mdp.39015046879733,112,7,0,eso hombre,PERSON,0,10
mdp.39015046879733,112,9,0,este tiempo-idios!,DATE,12,30
mdp.39015046879733,112,11,0,102,CARDINAL,0,3
mdp.39015046879733,113,0,0,tanto degrees,QUANTITY,69,82
mdp.39015046879733,113,1,0,mariposas,PERSON,59,68
mdp.39015046879733,113,2,0,cabrón,GPE,34,40
mdp.39015046879733,113,2,1,aquí,GPE,75,79
mdp.39015046879733,113,3,0,el sol,PRODUCT,27,33
mdp.39015046879733,113,3,1,más oscuro,PERSON,132,142
mdp.39015046879733,113,10,0,Santa Monica,GPE,0,12
mdp.39015046879733,113,10,1,CA,GPE,14,16
mdp.39015046879733,113,10,2,"April 28, 1992",DATE,18,32
mdp.39015046879733,114,0,0,Beyond Me i,WORK_OF_ART,8,19
mdp.39015046879733,114,0,1,Marcia,PERSON,25,31
mdp.39015046879733,114,2,0,104,CARDINAL,0,3
mdp.39015046879733,115,2,0,every morning,TIME,0,13
mdp.39015046879733,115,2,1,the day beforewhere,DATE,48,67
mdp.39015046879733,118,0,0,Morning,TIME,0,7
mdp.39015046879733,118,0,1,Peet's,ORG,18,24
mdp.39015046879733,118,8,0,All these years,DATE,0,15
mdp.39015046879733,118,10,0,one instant,TIME,155,166
mdp.39015046879733,118,10,1,one,CARDINAL,181,184
mdp.39015046879733,119,0,0,three,CARDINAL,49,54
mdp.39015046879733,119,5,0,the first of March,DATE,44,62
mdp.39015046879733,119,6,0,three,CARDINAL,36,41
mdp.39015046879733,119,6,1,five,CARDINAL,64,68
mdp.39015046879733,119,6,2,six,CARDINAL,72,75
mdp.39015046879733,120,0,0,tomorrow,DATE,51,59
mdp.39015046879733,120,2,0,yesterday,DATE,33,42
mdp.39015046879733,120,4,0,one,CARDINAL,111,114
mdp.39015046879733,120,19,0,110,CARDINAL,83,86
mdp.39015046879733,121,4,0,111,CARDINAL,0,3
mdp.39015046879733,122,0,0,Dialog,PERSON,0,6
mdp.39015046879733,122,0,1,Madison Avenue,FAC,177,191
mdp.39015046879733,122,0,2,42nd Street,FAC,196,207
mdp.39015046879733,122,1,0,Eugene,PERSON,0,6
mdp.39015046879733,122,1,1,1967,DATE,8,12
mdp.39015046879733,123,0,0,Pat,PERSON,9,12
mdp.39015046879733,123,0,1,winter,DATE,196,202
mdp.39015046879733,123,1,0,that day,DATE,70,78
mdp.39015046879733,123,1,1,Diné,NORP,241,245
mdp.39015046879733,123,2,0,Today,DATE,64,69
mdp.39015046879733,123,3,0,113,CARDINAL,0,3
mdp.39015046879733,124,2,0,our days,DATE,125,133
mdp.39015046879733,124,2,1,two,CARDINAL,137,140
mdp.39015046879733,124,5,0,our days,DATE,85,93
mdp.39015046879733,125,5,0,the midnight,TIME,11,23
mdp.39015046879733,125,8,0,115,CARDINAL,0,3
mdp.39015046879733,126,0,0,John Coltrane 1,PERSON,29,44
mdp.39015046879733,126,1,0,Lincoln,FAC,27,34
mdp.39015046879733,126,1,1,Rose,FAC,39,43
mdp.39015046879733,126,1,2,Chicano,NORP,82,89
mdp.39015046879733,126,1,3,Main Street,FAC,118,129
mdp.39015046879733,126,4,0,three,CARDINAL,67,72
mdp.39015046879733,126,5,0,Rose,FAC,27,31
mdp.39015046879733,126,5,1,Lincoln,FAC,36,43
mdp.39015046879733,126,5,2,Save-On Drugs,ORG,69,82
mdp.39015046879733,126,5,3,Kinney's Shoes,ORG,87,101
mdp.39015046879733,126,7,0,Beamer,PRODUCT,11,17
mdp.39015046879733,126,7,1,Indian,NORP,30,36
mdp.39015046879733,126,7,2,Louise Hay,PERSON,264,274
mdp.39015046879733,126,8,0,Lincoln,GPE,41,48
mdp.39015046879733,126,8,1,Rose,PERSON,53,57
mdp.39015046879733,126,9,0,2,CARDINAL,0,1
mdp.39015046879733,126,14,0,116,CARDINAL,0,3
mdp.39015046879733,127,2,0,early in the day,TIME,86,102
mdp.39015046879733,127,3,0,a simple week,DATE,12,25
mdp.39015046879733,127,4,0,yesterday,DATE,11,20
mdp.39015046879733,127,4,1,ten or more years ago,DATE,22,43
mdp.39015046879733,127,6,0,more than fifteen years ago,DATE,15,42
mdp.39015046879733,127,9,0,3,CARDINAL,0,1
mdp.39015046879733,127,12,0,another day,DATE,131,142
mdp.39015046879733,127,16,0,117,CARDINAL,0,3
mdp.39015046879733,128,0,0,4,CARDINAL,0,1
mdp.39015046879733,128,13,0,5,CARDINAL,0,1
mdp.39015046879733,128,18,0,118,CARDINAL,101,104
mdp.39015046879733,129,3,0,Venice Beach,GPE,0,12
mdp.39015046879733,129,3,1,February 1991,DATE,14,27
mdp.39015046879733,131,0,0,III,CARDINAL,5,8
mdp.39015046879733,131,1,0,-Robert Oppenheimer,PERSON,0,19
mdp.39015046879733,131,1,1,Bhagavadgita,WORK_OF_ART,33,45
mdp.39015046879733,131,1,2,"July 16, 1945",DATE,47,60
mdp.39015046879733,133,3,0,Every morning,TIME,0,13
mdp.39015046879733,133,3,1,a new day,DATE,42,51
mdp.39015046879733,133,7,0,Indian,NORP,79,85
mdp.39015046879733,133,8,0,Sacagawea,PERSON,0,9
mdp.39015046879733,133,9,0,1,CARDINAL,0,1
mdp.39015046879733,133,10,0,Sacagawea,PERSON,0,9
mdp.39015046879733,133,10,1,Bird Woman,PERSON,22,32
mdp.39015046879733,133,16,0,Sundance,GPE,14,22
mdp.39015046879733,133,16,1,Shoshone,NORP,29,37
mdp.39015046879733,133,19,0,Rivington,PERSON,50,59
mdp.39015046879733,133,20,0,123,CARDINAL,24,27
mdp.39015046879733,134,4,0,Goat Man,PERSON,43,51
mdp.39015046879733,134,7,0,Mountain Pass,LOC,5,18
mdp.39015046879733,134,11,0,2,CARDINAL,0,1
mdp.39015046879733,134,12,0,Porivo,PERSON,0,6
mdp.39015046879733,134,16,0,Bird Woman,PERSON,0,10
mdp.39015046879733,134,23,0,Indian,NORP,0,6
mdp.39015046879733,134,31,0,more than one,CARDINAL,8,21
mdp.39015046879733,134,33,0,Bird Woman,PERSON,12,22
mdp.39015046879733,134,34,0,my day,DATE,27,33
mdp.39015046879733,134,35,0,124,CARDINAL,0,3
mdp.39015046879733,135,0,0,a hundred years,DATE,8,23
mdp.39015046879733,135,0,1,the day,DATE,59,66
mdp.39015046879733,135,2,0,Snake Woman.,PERSON,0,12
mdp.39015046879733,135,8,0,Indian,NORP,0,6
mdp.39015046879733,135,9,0,Indian,NORP,0,6
mdp.39015046879733,135,10,0,Susan B. Anthony,PERSON,5,21
mdp.39015046879733,135,13,0,West,LOC,43,47
mdp.39015046879733,135,15,0,Sacagawea,NORP,29,38
mdp.39015046879733,135,18,0,Indians,NORP,19,26
mdp.39015046879733,135,20,0,more than one,CARDINAL,8,21
mdp.39015046879733,135,21,0,years,DATE,36,41
mdp.39015046879733,135,27,0,St. Louis,GPE,7,16
mdp.39015046879733,135,27,1,Charbonneau,PERSON,38,49
mdp.39015046879733,136,2,0,first,ORDINAL,14,19
mdp.39015046879733,136,3,0,two days,DATE,8,16
mdp.39015046879733,136,4,0,Comanche,NORP,29,37
mdp.39015046879733,136,4,1,Oklahoma,GPE,49,57
mdp.39015046879733,136,4,2,Indian Territory,LOC,59,75
mdp.39015046879733,136,5,0,Comanche,NORP,12,20
mdp.39015046879733,136,6,0,nearly 27 years,DATE,15,30
mdp.39015046879733,136,9,0,one,CARDINAL,23,26
mdp.39015046879733,136,10,0,Comanche,NORP,25,33
mdp.39015046879733,136,13,0,Apaches,NORP,40,47
mdp.39015046879733,136,13,1,Havasupai,NORP,53,62
mdp.39015046879733,136,13,2,Indians,NORP,77,84
mdp.39015046879733,136,15,0,Apaches,NORP,11,18
mdp.39015046879733,136,20,0,Indians,NORP,29,36
mdp.39015046879733,136,21,0,Shoshones,LOC,26,35
mdp.39015046879733,136,23,0,Indian,NORP,18,24
mdp.39015046879733,136,25,0,Indians,NORP,66,73
mdp.39015046879733,136,29,0,Snake,NORP,80,85
mdp.39015046879733,136,31,0,126,CARDINAL,0,3
mdp.39015046879733,137,2,0,Shoshone,NORP,55,63
mdp.39015046879733,137,2,1,the day,DATE,122,129
mdp.39015046879733,137,4,0,Sacagawea,PERSON,56,65
mdp.39015046879733,137,4,1,Indian,NORP,67,73
mdp.39015046879733,137,6,0,Snake,PERSON,26,31
mdp.39015046879733,137,10,0,127,CARDINAL,0,3
mdp.39015046879733,138,2,0,Fifth,ORDINAL,30,35
mdp.39015046879733,138,3,0,Fourth,ORDINAL,34,40
mdp.39015046879733,138,4,0,the new day,DATE,108,119
mdp.39015046879733,138,5,0,those days,DATE,16,26
mdp.39015046879733,138,5,1,4,CARDINAL,36,37
mdp.39015046879733,138,7,0,four days,DATE,86,95
mdp.39015046879733,138,10,0,that day,DATE,6,14
mdp.39015046879733,138,11,0,128,CARDINAL,0,3
mdp.39015046879733,139,0,0,Spring,DATE,18,24
mdp.39015046879733,139,0,1,David Halliburton,PERSON,30,47
mdp.39015046879733,139,1,0,last week's,DATE,41,52
mdp.39015046879733,139,3,0,Plato,PERSON,19,24
mdp.39015046879733,139,5,0,Plato,PERSON,0,5
mdp.39015046879733,139,5,1,Socrates,PERSON,24,32
mdp.39015046879733,139,6,0,Socrates,PERSON,47,55
mdp.39015046879733,139,6,1,Plato,PERSON,57,62
mdp.39015046879733,139,6,2,Greek,NORP,67,72
mdp.39015046879733,139,6,3,Egyptian,NORP,182,190
mdp.39015046879733,139,7,0,this year,DATE,94,103
mdp.39015046879733,139,8,0,Raid,PRODUCT,59,63
mdp.39015046879733,139,8,1,Hataali,NORP,107,114
mdp.39015046879733,139,9,0,Albuquerque,GPE,0,11
mdp.39015046879733,139,9,1,"April 1, 1994",DATE,13,26
mdp.39015046879733,139,9,2,129,CARDINAL,27,30
mdp.39015046879733,140,0,0,American,NORP,0,8
mdp.39015046879733,140,1,0,Billbelly Blake,PERSON,36,51
mdp.39015046879733,140,7,0,Isaiah Ezekiel,PERSON,0,14
mdp.39015046879733,140,7,1,Billy Blake,PERSON,15,26
mdp.39015046879733,140,8,0,130,CARDINAL,0,3
mdp.39015046879733,141,0,0,Hanging Out in America,WORK_OF_ART,0,22
mdp.39015046879733,141,1,0,summer,DATE,3,9
mdp.39015046879733,141,11,0,Cherie,PERSON,22,28
mdp.39015046879733,141,12,0,nineteen,DATE,3,11
mdp.39015046879733,141,14,0,Mars,LOC,27,31
mdp.39015046879733,141,18,0,late-night,TIME,76,86
mdp.39015046879733,141,22,0,today,DATE,26,31
mdp.39015046879733,141,23,0,New Hampshire,GPE,3,16
mdp.39015046879733,142,5,0,Walden,PERSON,9,15
mdp.39015046879733,142,15,0,Chinese,NORP,5,12
mdp.39015046879733,142,15,1,CIA,ORG,13,16
mdp.39015046879733,142,15,2,Mississippi,LOC,46,57
mdp.39015046879733,142,22,0,132,CARDINAL,0,3
mdp.39015046879733,143,0,0,morning,TIME,143,150
mdp.39015046879733,143,11,0,Spring,DATE,0,6
mdp.39015046879733,143,12,0,Spring,DATE,0,6
mdp.39015046879733,143,13,0,133,CARDINAL,0,3
mdp.39015046879733,144,3,0,Vietnamese,LANGUAGE,30,40
mdp.39015046879733,144,3,1,"July 16, 1968",DATE,41,54
mdp.39015046879733,145,0,0,"July 23, 1973",DATE,0,13
mdp.39015046879733,145,2,0,Big-Gun Baby,PERSON,157,169
mdp.39015046879733,145,2,1,Coronado,PERSON,305,313
mdp.39015046879733,145,2,2,day,DATE,360,363
mdp.39015046879733,145,5,0,135,CARDINAL,0,3
mdp.39015046879733,146,0,0,1,CARDINAL,18,19
mdp.39015046879733,146,5,0,2,CARDINAL,0,1
mdp.39015046879733,146,5,1,Lenape,PERSON,61,67
mdp.39015046879733,146,5,2,ten or sixty million,CARDINAL,188,208
mdp.39015046879733,146,5,3,seven hundred,CARDINAL,271,284
mdp.39015046879733,147,0,0,Puritan,NORP,44,51
mdp.39015046879733,147,0,1,Narragansett,NORP,62,74
mdp.39015046879733,147,2,0,3,CARDINAL,0,1
mdp.39015046879733,147,5,0,America,GPE,41,48
mdp.39015046879733,148,0,0,The Warrior -for,PERSON,0,16
mdp.39015046879733,148,0,1,Ira Hayes,PERSON,17,26
mdp.39015046879733,148,5,0,Magdalena,GPE,53,62
mdp.39015046879733,148,5,1,every spring,DATE,69,81
mdp.39015046879733,148,7,0,about two hundred miles,QUANTITY,82,105
mdp.39015046879733,148,7,1,Pacific,LOC,332,339
mdp.39015046879733,148,7,2,Philippines,GPE,348,359
mdp.39015046879733,148,7,3,midnight,TIME,637,645
mdp.39015046879733,148,7,4,one,CARDINAL,800,803
mdp.39015046879733,149,1,0,Roberto Vargas,PERSON,5,19
mdp.39015046879733,149,2,0,Indians,NORP,73,80
mdp.39015046879733,149,2,1,Brazil,GPE,84,90
mdp.39015046879733,149,3,0,Wounded Knee,WORK_OF_ART,40,52
mdp.39015046879733,149,4,0,Bolivia,GPE,3,10
mdp.39015046879733,149,4,1,the Peace Corps,ORG,12,27
mdp.39015046879733,149,4,2,Quechua,NORP,38,45
mdp.39015046879733,149,5,0,One,CARDINAL,73,76
mdp.39015046879733,149,6,0,Vietnam,GPE,3,10
mdp.39015046879733,149,6,1,Cambodia,GPE,15,23
mdp.39015046879733,149,6,2,Beirut,GPE,28,34
mdp.39015046879733,149,7,0,Bolivia,GPE,3,10
mdp.39015046879733,149,7,1,Indians,NORP,16,23
mdp.39015046879733,149,7,2,35,CARDINAL,31,33
mdp.39015046879733,149,8,0,Salvador Allende,PERSON,0,16
mdp.39015046879733,149,9,0,Pablo Neruda,PERSON,0,12
mdp.39015046879733,149,17,0,Hurucan,NORP,0,7
mdp.39015046879733,149,17,1,Gucumatz,LANGUAGE,9,17
mdp.39015046879733,149,17,2,Quetzal,NORP,19,26
mdp.39015046879733,149,17,3,Ciacahuatl,LANGUAGE,28,38
mdp.39015046879733,149,21,0,midnight,TIME,21,29
mdp.39015046879733,149,22,0,Indios,LOC,20,26
mdp.39015046879733,149,26,0,139,CARDINAL,6,9
mdp.39015046879733,150,5,0,Bolivia,GPE,5,12
mdp.39015046879733,150,6,0,Cambodia,GPE,5,13
mdp.39015046879733,150,9,0,Kawaikomu,NORP,176,185
mdp.39015046879733,150,9,1,tomorrow,DATE,205,213
mdp.39015046879733,150,9,2,Plains,LOC,252,258
mdp.39015046879733,150,12,0,San Francisco,GPE,0,13
mdp.39015046879733,150,12,1,1973,DATE,15,19
mdp.39015046879733,151,0,0,The Film Library,ORG,0,16
mdp.39015046879733,151,0,1,William Carlos Williams,PERSON,22,45
mdp.39015046879733,151,1,0,afternoon,TIME,21,30
mdp.39015046879733,151,5,0,Jack the Ripper,PERSON,64,79
mdp.39015046879733,151,5,1,summer day,DATE,85,95
mdp.39015046879733,151,5,2,Jesuits,NORP,109,116
mdp.39015046879733,151,9,0,summer,DATE,24,30
mdp.39015046879733,151,9,1,New Jersey,GPE,79,89
mdp.39015046879733,151,12,0,Albuquerque,GPE,0,11
mdp.39015046879733,151,12,1,1973 141,DATE,13,21
mdp.39015046879733,152,9,0,centuries,DATE,0,9
mdp.39015046879733,152,10,0,Albuquerque,GPE,0,11
mdp.39015046879733,152,10,1,1973 142,DATE,13,21
mdp.39015046879733,153,0,0,Lakota,PERSON,21,27
mdp.39015046879733,153,0,1,Coyote,PERSON,139,145
mdp.39015046879733,153,3,0,our days,DATE,175,183
mdp.39015046879733,153,5,0,this night,TIME,11,21
mdp.39015046879733,153,7,0,Albuquerque,GPE,0,11
mdp.39015046879733,153,7,1,1971 143,DATE,13,21
mdp.39015046879733,154,1,0,Beirut,GPE,21,27
mdp.39015046879733,154,8,0,Beirut,GPE,3,9
mdp.39015046879733,154,21,0,144,CARDINAL,0,3
mdp.39015046879733,155,2,0,Beirut,GPE,3,9
mdp.39015046879733,155,9,0,Beirut,GPE,3,9
mdp.39015046879733,155,10,0,thousands,CARDINAL,13,22
mdp.39015046879733,155,18,0,Beirut,GPE,18,24
mdp.39015046879733,155,24,0,Arabic,NORP,10,16
mdp.39015046879733,155,24,1,Arabic,LANGUAGE,186,192
mdp.39015046879733,155,26,0,Arabic,LANGUAGE,1,7
mdp.39015046879733,155,27,0,Res,LANGUAGE,0,3
mdp.39015046879733,155,27,1,American,NORP,14,22
mdp.39015046879733,155,27,2,Kopisty'a,NORP,71,80
mdp.39015046879733,155,27,3,Laguna Pueblo,GPE,129,142
mdp.39015046879733,155,27,4,Keres,NORP,144,149
mdp.39015046879733,155,29,0,Spanish,LANGUAGE,1,8
mdp.39015046879733,155,30,0,Shiwanna,NORP,0,8
mdp.39015046879733,155,30,1,Laguna Pueblo,GPE,50,63
mdp.39015046879733,155,30,2,Keres,PERSON,65,70
mdp.39015046879733,155,31,0,145,CARDINAL,82,85
mdp.39015046879733,156,0,0,Hoop Dancer,PERSON,0,11
mdp.39015046879733,156,1,0,one,CARDINAL,373,376
mdp.39015046879733,156,1,1,thousand,CARDINAL,389,397
mdp.39015046879733,156,2,0,146,CARDINAL,7,10
mdp.39015046879733,157,0,0,Indians,NORP,10,17
mdp.39015046879733,157,0,1,dykes,NORP,51,56
mdp.39015046879733,157,0,2,indians,NORP,61,68
mdp.39015046879733,157,0,3,indians,NORP,88,95
mdp.39015046879733,157,0,4,earth,LOC,165,170
mdp.39015046879733,157,0,5,dykes,NORP,457,462
mdp.39015046879733,157,0,6,indians,NORP,486,493
mdp.39015046879733,157,0,7,dykes,PERSON,508,513
mdp.39015046879733,158,0,0,indian,NORP,0,6
mdp.39015046879733,158,0,1,dyke,PERSON,49,53
mdp.39015046879733,158,0,2,whiteman,PERSON,139,147
mdp.39015046879733,158,0,3,indians,NORP,299,306
mdp.39015046879733,158,0,4,indians,NORP,482,489
mdp.39015046879733,158,0,5,indians,NORP,638,645
mdp.39015046879733,158,0,6,148,CARDINAL,740,743
mdp.39015046879733,159,0,0,indians,NORP,124,131
mdp.39015046879733,159,0,1,dykes,NORP,138,143
mdp.39015046879733,159,0,2,indians,NORP,235,242
mdp.39015046879733,159,0,3,indians,NORP,356,363
mdp.39015046879733,160,0,0,indians,NORP,23,30
mdp.39015046879733,160,0,1,indians,NORP,36,43
mdp.39015046879733,160,0,2,Los Angeles,GPE,380,391
mdp.39015046879733,160,0,3,1981 150,DATE,393,401
mdp.39015046879733,161,0,0,Los Angeles,GPE,0,11
mdp.39015046879733,161,0,1,1980,DATE,13,17
mdp.39015046879733,161,10,0,Klan,ORG,53,57
mdp.39015046879733,161,10,1,Nazis,NORP,62,67
mdp.39015046879733,161,16,0,Jantzen,ORG,57,64
mdp.39015046879733,161,16,1,Wrangler Gucchi,ORG,69,84
mdp.39015046879733,161,16,2,Adidas,ORG,89,95
mdp.39015046879733,162,3,0,Jerusalem,GPE,22,31
mdp.39015046879733,162,5,0,One,CARDINAL,0,3
mdp.39015046879733,162,5,1,Weight and Smoking Control Center,ORG,55,88
mdp.39015046879733,163,0,0,Taku Skanskan,PERSON,0,13
mdp.39015046879733,163,6,0,Lakota,NORP,11,17
mdp.39015046879733,163,9,0,first,ORDINAL,1,6
mdp.39015046879733,163,17,0,morning,TIME,23,30
mdp.39015046879733,163,20,0,winterspringfall,GPE,0,16
mdp.39015046879733,163,21,0,corral,GPE,0,6
mdp.39015046879733,163,26,0,winter,DATE,81,87
mdp.39015046879733,163,27,0,corral gate,FAC,6,17
mdp.39015046879733,164,2,0,winter,DATE,100,106
mdp.39015046879733,164,2,1,Lakotas,NORP,134,141
mdp.39015046879733,164,4,0,El Cerrito,GPE,0,10
mdp.39015046879733,164,4,1,1982,DATE,12,16
mdp.39015046879733,165,0,0,Litany,GPE,0,6
mdp.39015046879733,165,0,1,this hour,TIME,1272,1281
mdp.39015046879733,165,0,2,hundreds,CARDINAL,1302,1310
mdp.39015046879733,165,0,3,155,CARDINAL,2148,2151
mdp.39015046879733,166,0,0,spring,DATE,187,193
mdp.39015046879733,166,0,1,december,DATE,709,717
mdp.39015046879733,166,0,2,early morning,TIME,820,833
mdp.39015046879733,166,0,3,yesterdays,DATE,1554,1564
mdp.39015046879733,166,0,4,tomorrow,DATE,1593,1601
mdp.39015046879733,166,0,5,half,CARDINAL,2350,2354
mdp.39015046879733,166,0,6,october,DATE,2377,2384
mdp.39015046879733,167,1,0,a thousand years,DATE,635,651
mdp.39015046879733,167,3,0,today,DATE,57,62
mdp.39015046879733,167,3,1,the day-dull hours,TIME,436,454
mdp.39015046879733,167,3,2,second,ORDINAL,585,591
mdp.39015046879733,167,3,3,night,TIME,640,645
mdp.39015046879733,167,3,4,seven,CARDINAL,997,1002
mdp.39015046879733,168,0,0,first night,TIME,1474,1485
mdp.39015046879733,168,0,1,pieta,PERSON,1546,1551
mdp.39015046879733,168,0,2,158,CARDINAL,2326,2329
mdp.39015046879733,170,0,0,night,TIME,48,53
mdp.39015046879733,170,0,1,years,DATE,412,417
mdp.39015046879733,170,0,2,Sacramento,GPE,694,704
mdp.39015046879733,170,0,3,1969 160,DATE,706,714
mdp.39015046879733,171,0,0,Moonshot,PERSON,0,8
mdp.39015046879733,171,1,0,1969,DATE,0,4
mdp.39015046879733,171,1,1,Wednesday,DATE,26,35
mdp.39015046879733,171,5,0,two,CARDINAL,16,19
mdp.39015046879733,171,9,0,"45,000 miles",QUANTITY,53,65
mdp.39015046879733,171,12,0,Washington,GPE,154,164
mdp.39015046879733,171,12,1,Houston,GPE,166,173
mdp.39015046879733,171,12,2,Flagstaff,GPE,175,184
mdp.39015046879733,171,13,0,ages ago,DATE,34,42
mdp.39015046879733,171,14,0,90 million miles,QUANTITY,0,16
mdp.39015046879733,171,14,1,161,CARDINAL,29,32
mdp.39015046879733,172,7,0,Sacramento,GPE,0,10
mdp.39015046879733,172,7,1,1969 162,DATE,12,20
mdp.39015046879733,173,0,0,San Francisco,GPE,18,31
mdp.39015046879733,173,0,1,San Francisco,GPE,32,45
mdp.39015046879733,173,2,0,Anglos,NORP,59,65
mdp.39015046879733,173,3,0,Indians,NORP,37,44
mdp.39015046879733,173,5,0,two,CARDINAL,21,24
mdp.39015046879733,173,5,1,163,CARDINAL,299,302
mdp.39015046879733,174,2,0,Duke,PERSON,88,92
mdp.39015046879733,174,2,1,one,CARDINAL,140,143
mdp.39015046879733,174,2,2,Snoopy Theatre,ORG,237,251
mdp.39015046879733,174,2,3,the Mad Psychic,WORK_OF_ART,256,271
mdp.39015046879733,174,2,4,the Laughing Man Institute,ORG,283,309
mdp.39015046879733,174,2,5,Lone Mountain,LOC,362,375
mdp.39015046879733,174,3,0,San Francisco,GPE,0,13
mdp.39015046879733,174,3,1,1974 164,DATE,15,23
mdp.39015046879733,175,0,0,Coyote,PERSON,0,6
mdp.39015046879733,175,1,0,each day,DATE,4,12
mdp.39015046879733,175,2,0,Flint Boy,PERSON,15,24
mdp.39015046879733,175,3,0,spring,DATE,17,23
mdp.39015046879733,175,6,0,Custer,PERSON,26,32
mdp.39015046879733,175,6,1,Hitler,PERSON,36,42
mdp.39015046879733,175,12,0,four full days,DATE,12,26
mdp.39015046879733,175,13,0,Albuquerque,GPE,0,11
mdp.39015046879733,175,13,1,1973 165,DATE,13,21
mdp.39015046879733,176,0,0,Six,CARDINAL,0,3
mdp.39015046879733,176,0,1,Six,CARDINAL,4,7
mdp.39015046879733,176,0,2,Six,CARDINAL,8,11
mdp.39015046879733,176,2,0,Carpenter,PERSON,4,13
mdp.39015046879733,176,6,0,one,CARDINAL,25,28
mdp.39015046879733,176,6,1,three weeks,DATE,32,43
mdp.39015046879733,176,11,0,166,CARDINAL,0,3
mdp.39015046879733,177,1,0,Albuquerque,GPE,0,11
mdp.39015046879733,177,1,1,1970,DATE,13,17
mdp.39015046879733,177,1,2,167,CARDINAL,18,21
mdp.39015046879733,178,0,0,1,CARDINAL,11,12
mdp.39015046879733,178,0,1,this morning,TIME,182,194
mdp.39015046879733,178,1,0,2,CARDINAL,0,1
mdp.39015046879733,178,2,0,morning,TIME,55,62
mdp.39015046879733,178,2,1,midnight,TIME,67,75
mdp.39015046879733,178,3,0,one,CARDINAL,63,66
mdp.39015046879733,178,3,1,one,CARDINAL,109,112
mdp.39015046879733,178,4,0,168,CARDINAL,0,3
mdp.39015046879733,179,0,0,3.,CARDINAL,0,2
mdp.39015046879733,180,0,0,Fantasia Revolution,PERSON,0,19
mdp.39015046879733,181,0,0,china,GPE,437,442
mdp.39015046879733,181,1,0,two inches,QUANTITY,113,123
mdp.39015046879733,183,0,0,Anagram,PERSON,0,7
mdp.39015046879733,183,1,0,Every day,DATE,0,9
mdp.39015046879733,183,1,1,Paula Brown,PERSON,32,43
mdp.39015046879733,183,2,0,United Fund,ORG,102,113
mdp.39015046879733,184,0,0,The Orange on Your Head is on Fire,WORK_OF_ART,0,34
mdp.39015046879733,184,0,1,Kester Svensen,PERSON,40,54
mdp.39015046879733,184,4,0,3,CARDINAL,134,135
mdp.39015046879733,185,0,0,4,CARDINAL,7,8
mdp.39015046879733,185,5,0,Eugene,PERSON,0,6
mdp.39015046879733,185,5,1,1967 175,DATE,8,16
mdp.39015046879733,186,4,0,two feet,QUANTITY,11,19
mdp.39015046879733,186,7,0,yes -terday,DATE,136,147
mdp.39015046879733,186,8,0,Eugene,PERSON,0,6
mdp.39015046879733,186,8,1,1967 176,DATE,8,16
mdp.39015046879733,187,0,0,The Awakening Tonight,WORK_OF_ART,0,21
mdp.39015046879733,187,5,0,San Francisco,GPE,0,13
mdp.39015046879733,187,5,1,1965 177,DATE,15,23
mdp.39015046879733,188,0,0,The Amorclast,PERSON,0,13
mdp.39015046879733,188,8,0,Eugene,PERSON,0,6
mdp.39015046879733,188,8,1,1968 178,DATE,8,16
mdp.39015046879733,189,4,0,Eugene,PERSON,0,6
mdp.39015046879733,189,4,1,1967 179,DATE,8,16
mdp.39015046879733,190,5,0,moments before,TIME,82,96
mdp.39015046879733,190,7,0,all day,DATE,22,29
mdp.39015046879733,190,8,0,Albuquerque,GPE,0,11
mdp.39015046879733,190,8,1,1979 180,DATE,13,21
mdp.39015046879733,191,1,0,hundreds of miles,QUANTITY,67,84
mdp.39015046879733,191,1,1,a thousand,CARDINAL,150,160
mdp.39015046879733,191,3,0,one,CARDINAL,142,145
mdp.39015046879733,191,3,1,one year,DATE,197,205
mdp.39015046879733,191,4,0,twenty years,DATE,127,139
mdp.39015046879733,191,9,0,four,CARDINAL,12,16
mdp.39015046879733,191,14,0,181,CARDINAL,0,3
mdp.39015046879733,192,2,0,Albuquerque,GPE,0,11
mdp.39015046879733,192,2,1,1976,DATE,13,17
mdp.39015046879733,193,3,0,Paula,PERSON,116,121
mdp.39015046879733,193,8,0,Four years,DATE,0,10
mdp.39015046879733,193,11,0,the day,DATE,58,65
mdp.39015046879733,193,13,0,a few weeks,DATE,16,27
mdp.39015046879733,193,17,0,Rosa Lopez,PERSON,263,273
mdp.39015046879733,193,17,1,O. J. Simpson,PERSON,281,294
mdp.39015046879733,193,17,2,CNN,ORG,303,306
mdp.39015046879733,193,17,3,Channel 4,ORG,318,327
mdp.39015046879733,193,17,4,LA,GPE,329,331
mdp.39015046879733,193,18,0,Rosa,PERSON,0,4
mdp.39015046879733,193,18,1,Chicana,NORP,147,154
mdp.39015046879733,193,18,2,Cubero,GPE,196,202
mdp.39015046879733,193,18,3,Chicana,NORP,242,249
mdp.39015046879733,193,18,4,La Raza,GPE,279,286
mdp.39015046879733,193,18,5,183,CARDINAL,298,301
mdp.39015046879733,194,1,0,Scottish,NORP,331,339
mdp.39015046879733,194,1,1,Laguna,GPE,341,347
mdp.39015046879733,194,2,0,Pistol Packin' Mama,WORK_OF_ART,39,58
mdp.39015046879733,194,6,0,Spanish,NORP,55,62
mdp.39015046879733,194,6,1,WASP,NORP,96,100
mdp.39015046879733,194,7,0,one,CARDINAL,44,47
mdp.39015046879733,194,7,1,Anglo,NORP,116,121
mdp.39015046879733,194,8,0,Ethel,PERSON,0,5
mdp.39015046879733,194,8,1,forty years,DATE,22,33
mdp.39015046879733,194,8,2,post-post-Secondary,DATE,62,81
mdp.39015046879733,194,8,3,France,GPE,82,88
mdp.39015046879733,194,8,4,Harvard,ORG,106,113
mdp.39015046879733,194,8,5,Princeton,ORG,115,124
mdp.39015046879733,194,8,6,Yale,ORG,126,130
mdp.39015046879733,194,9,0,half,CARDINAL,2,6
mdp.39015046879733,194,9,1,Caliban,PERSON,99,106
mdp.39015046879733,194,10,0,two,CARDINAL,327,330
mdp.39015046879733,195,0,0,Four Corners,WORK_OF_ART,0,12
mdp.39015046879733,195,1,0,years ago,DATE,29,38
mdp.39015046879733,195,1,1,years,DATE,69,74
mdp.39015046879733,195,1,2,second,ORDINAL,88,94
mdp.39015046879733,195,1,3,Cubero,PERSON,95,101
mdp.39015046879733,195,2,0,Tonight,TIME,0,7
mdp.39015046879733,195,3,0,Froggy,PERSON,73,79
mdp.39015046879733,195,3,1,Buster Brown,PERSON,104,116
mdp.39015046879733,195,3,2,days,DATE,117,121
mdp.39015046879733,195,3,3,Let's Pretend-Stella Dallas Cubero afternoons,WORK_OF_ART,126,171
mdp.39015046879733,195,5,0,American,NORP,42,50
mdp.39015046879733,195,5,1,Laguna,GPE,98,104
mdp.39015046879733,195,5,2,Scottish,NORP,106,114
mdp.39015046879733,195,8,0,DAR,ORG,36,39
mdp.39015046879733,195,9,0,Scots,NORP,43,48
mdp.39015046879733,195,9,1,Ohio,GPE,57,61
mdp.39015046879733,195,15,0,Indians,NORP,10,17
mdp.39015046879733,195,16,0,Negroes,NORP,4,11
mdp.39015046879733,195,18,0,July,DATE,45,49
mdp.39015046879733,195,19,0,Caliban,PERSON,29,36
mdp.39015046879733,195,20,0,five,CARDINAL,35,39
mdp.39015046879733,195,22,0,Kelvinator,PRODUCT,141,151
mdp.39015046879733,195,23,0,185,CARDINAL,79,82
mdp.39015046879733,196,0,0,summer,DATE,100,106
mdp.39015046879733,196,3,0,Last week,DATE,0,9
mdp.39015046879733,196,3,1,Lebanese,NORP,82,90
mdp.39015046879733,196,3,2,Catholic,NORP,91,99
mdp.39015046879733,196,3,3,Spanish-American,NORP,109,125
mdp.39015046879733,196,3,4,English,LANGUAGE,160,167
mdp.39015046879733,196,3,5,Anglo,NORP,255,260
mdp.39015046879733,196,3,6,Lagunas,NORP,287,294
mdp.39015046879733,196,3,7,Acomas,NORP,299,305
mdp.39015046879733,196,3,8,first,ORDINAL,357,362
mdp.39015046879733,196,3,9,the early '50s,DATE,381,395
mdp.39015046879733,196,3,10,Johnny,PERSON,463,469
mdp.39015046879733,196,3,11,Anglo,NORP,522,527
mdp.39015046879733,196,3,12,twenty years later,DATE,535,553
mdp.39015046879733,196,3,13,Bud,PERSON,576,579
mdp.39015046879733,196,4,0,J. P. God,PERSON,79,88
mdp.39015046879733,196,5,0,Republican,NORP,37,47
mdp.39015046879733,196,6,0,JP,PERSON,50,52
mdp.39015046879733,196,7,0,first,ORDINAL,70,75
mdp.39015046879733,196,10,0,Southern Californa,LOC,335,353
mdp.39015046879733,196,11,0,those months,DATE,55,67
mdp.39015046879733,196,11,1,Californa,NORP,230,239
mdp.39015046879733,197,0,0,California,GPE,12,22
mdp.39015046879733,197,0,1,almost-Chicano,NORP,200,214
mdp.39015046879733,197,1,0,so many years ago,DATE,84,101
mdp.39015046879733,197,1,1,two,CARDINAL,169,172
mdp.39015046879733,197,1,2,summer,DATE,280,286
mdp.39015046879733,197,1,3,thirteen,DATE,298,306
mdp.39015046879733,197,1,4,night,TIME,341,346
mdp.39015046879733,197,1,5,Cubereño,NORP,391,399
mdp.39015046879733,197,2,0,Anglo,NORP,43,48
mdp.39015046879733,197,2,1,Chink,PERSON,50,55
mdp.39015046879733,197,2,2,Jew,NORP,59,62
mdp.39015046879733,197,3,0,Mexican,NORP,34,41
mdp.39015046879733,197,5,0,only thirteen,DATE,4,17
mdp.39015046879733,197,6,0,that astounding winter day of 1995,DATE,44,78
mdp.39015046879733,197,6,1,Rosa,PERSON,87,91
mdp.39015046879733,197,7,0,Ma,PERSON,21,23
mdp.39015046879733,197,10,0,only one dollar,MONEY,76,91
mdp.39015046879733,197,13,0,those fogged-in months,DATE,7,29
mdp.39015046879733,197,13,1,California,GPE,35,45
mdp.39015046879733,197,13,2,Cubero,GPE,108,114
mdp.39015046879733,197,13,3,the two or three months,DATE,160,183
mdp.39015046879733,197,13,4,Mexican,NORP,336,343
mdp.39015046879733,197,13,5,El Paso,GPE,363,370
mdp.39015046879733,197,13,6,Cubero,GPE,372,378
mdp.39015046879733,197,13,7,Grants,GPE,380,386
mdp.39015046879733,197,14,0,Kappa Kappa Gamma,ORG,24,41
mdp.39015046879733,197,15,0,WASP,NORP,19,23
mdp.39015046879733,197,15,1,German-American,NORP,55,70
mdp.39015046879733,197,15,2,Jew,NORP,71,74
mdp.39015046879733,197,15,3,Indian,NORP,178,184
mdp.39015046879733,198,1,0,decades,DATE,43,50
mdp.39015046879733,198,1,1,Reed Woman,PERSON,69,79
mdp.39015046879733,198,3,0,Reed Woman,PERSON,49,59
mdp.39015046879733,198,7,0,Indian,NORP,3,9
mdp.39015046879733,198,7,1,Presbyterian,NORP,21,33
mdp.39015046879733,198,7,2,years,DATE,196,201
mdp.39015046879733,198,8,0,Catalina,GPE,454,462
mdp.39015046879733,198,9,0,Erlinda,PERSON,5,12
mdp.39015046879733,198,11,0,Kawaiku,PERSON,22,29
mdp.39015046879733,198,11,1,Laguna,GPE,31,37
mdp.39015046879733,198,11,2,Lagunas,NORP,56,63
mdp.39015046879733,198,11,3,Portales,LOC,161,169
mdp.39015046879733,198,16,0,Albuquerque,PERSON,7,18
mdp.39015046879733,198,16,1,1995 188,DATE,20,28
mdp.39015046879733,199,0,0,three,CARDINAL,50,55
mdp.39015046879733,199,1,0,3,CARDINAL,31,32
mdp.39015046879733,199,1,1,2,CARDINAL,65,66
mdp.39015046879733,199,1,2,3,CARDINAL,113,114
mdp.39015046879733,199,2,0,Beauty Truth,WORK_OF_ART,63,75
mdp.39015046879733,199,2,1,6,CARDINAL,81,82
mdp.39015046879733,199,5,0,the '40s,DATE,37,45
mdp.39015046879733,199,8,0,John Keats,PERSON,3,13
mdp.39015046879733,199,8,1,Williams,PERSON,170,178
mdp.39015046879733,199,8,2,Patterson,GPE,231,240
mdp.39015046879733,199,8,3,New Jersey,GPE,242,252
mdp.39015046879733,199,12,0,189,CARDINAL,0,3
mdp.39015046879733,200,4,0,Pacific Palisades,LOC,63,80
mdp.39015046879733,200,5,0,Cerenkov,PERSON,59,67
mdp.39015046879733,200,14,0,wu wei,PERSON,32,38
mdp.39015046879733,200,14,1,Houston,GPE,241,248
mdp.39015046879733,200,17,0,190,CARDINAL,0,3
mdp.39015046879733,201,0,0,Thalassa,GPE,41,49
mdp.39015046879733,201,0,1,Sthee,LOC,146,151
mdp.39015046879733,201,6,0,8 2×2,CARDINAL,53,58
mdp.39015046879733,201,7,0,two,CARDINAL,0,3
mdp.39015046879733,201,8,0,Albuquerque,GPE,0,11
mdp.39015046879733,201,8,1,1994,DATE,13,17
mdp.39015046879733,201,8,2,191,CARDINAL,18,21
mdp.39015046879733,202,4,0,indians,NORP,0,7
mdp.39015046879733,202,7,0,San Francisco,GPE,0,13
mdp.39015046879733,202,7,1,1980 192,DATE,15,23
mdp.39015046879733,203,2,0,Buffalo,GPE,66,73
mdp.39015046879733,203,5,0,Albuquerque,GPE,0,11
mdp.39015046879733,203,5,1,1976 193,DATE,13,21
mdp.39015046879733,204,0,0,Adam,PERSON,229,233
mdp.39015046879733,204,0,1,one,CARDINAL,749,752
mdp.39015046879733,204,0,2,194,CARDINAL,808,811
mdp.39015046879733,205,1,0,Albuquerque,GPE,0,11
mdp.39015046879733,205,1,1,1995 195,DATE,13,21
mdp.39015046879733,206,0,0,the Great White Way,FAC,250,269
mdp.39015046879733,206,0,1,196,CARDINAL,554,557
mdp.39015046879733,207,1,0,earth,LOC,147,152
mdp.39015046879733,207,1,1,Trinity,LOC,555,562
mdp.39015046879733,207,1,2,50 years,DATE,563,571
mdp.39015046879733,207,1,3,197,CARDINAL,619,622
mdp.39015046879733,208,0,0,two,CARDINAL,138,141
mdp.39015046879733,208,0,1,Albuquerque,GPE,200,211
mdp.39015046879733,208,0,2,"July 16, 1995",DATE,213,226
mdp.39015046879733,212,0,0,Life is a Fatal Disease Collected Poems 1962-1995 by,WORK_OF_ART,1,53
mdp.39015046879733,212,0,1,Paula Gunn Allen,PERSON,54,70
mdp.39015046879733,212,2,0,Allen,PERSON,0,5
mdp.39015046879733,212,4,0,Cubero,GPE,8,14
mdp.39015046879733,212,4,1,New Mexico,GPE,16,26
mdp.39015046879733,212,4,2,Spanish,NORP,30,37
mdp.39015046879733,212,4,3,Laguna Pueblo,GPE,69,82
mdp.39015046879733,212,4,4,Allen,PERSON,84,89
mdp.39015046879733,212,4,5,Laguna,GPE,96,102
mdp.39015046879733,212,4,6,Lebanese,NORP,109,117
mdp.39015046879733,212,4,7,Scottish-American,NORP,118,135
mdp.39015046879733,212,5,0,Laguna,GPE,13,19
mdp.39015046879733,212,5,1,Keres,PERSON,31,36
mdp.39015046879733,212,6,0,Lee Francis,PERSON,12,23
mdp.39015046879733,212,6,1,Spanish,LANGUAGE,46,53
mdp.39015046879733,212,6,2,Arabic,LANGUAGE,58,64
mdp.39015046879733,212,6,3,New Mexico,GPE,107,117
mdp.39015046879733,212,6,4,1967-70,DATE,119,126
mdp.39015046879733,212,7,0,Allen,PERSON,0,5
mdp.39015046879733,212,8,0,Studies in American Literature,WORK_OF_ART,60,90
mdp.39015046879733,212,8,1,1983,DATE,92,96
mdp.39015046879733,212,8,2,Spider Woman's Granddaughters: Traditional Tales and Contemporary Writing by Native American Women,WORK_OF_ART,128,226
mdp.39015046879733,212,8,3,1989,DATE,228,232
mdp.39015046879733,212,8,4,"Voice of the Turtle, American Indian Literature 1900-1970 (",WORK_OF_ART,235,294
mdp.39015046879733,212,8,5,1994,DATE,294,298
mdp.39015046879733,212,8,6,"Song of the Turtle, American Indian Literature 1974-",WORK_OF_ART,305,357
mdp.39015046879733,212,8,7,1995,DATE,363,367
mdp.39015046879733,212,9,0,The Woman Who Owned the Shadows,WORK_OF_ART,43,74
mdp.39015046879733,212,9,1,1983,DATE,76,80
mdp.39015046879733,212,9,2,The Sacred Hoop: Recovering the Feminine in American Indian Tradition,WORK_OF_ART,121,190
mdp.39015046879733,212,9,3,1986,DATE,192,196
mdp.39015046879733,212,9,4,seven,CARDINAL,203,208
mdp.39015046879733,212,10,0,As Long As the Rivers Shall Flow: 10 American Indian Biographies,WORK_OF_ART,57,121
mdp.39015046879733,212,10,1,Scholastic Press,ORG,123,139
mdp.39015046879733,212,10,2,1996,DATE,141,145
mdp.39015046879733,212,11,0,the University of New Mexico,ORG,41,69
mdp.39015046879733,212,11,1,English,LANGUAGE,102,109
mdp.39015046879733,212,11,2,UCLA,ORG,113,117
mdp.39015046879733,212,12,0,the University of New Mexico Press,ORG,15,49
mdp.39015046879733,212,12,1,16.95,CARDINAL,104,109
mdp.39015046879733,212,12,2,West End Press,ORG,110,124
mdp.39015046879733,212,12,3,27334,CARDINAL,134,139
mdp.39015046879733,212,12,4,Albuquerque,GPE,140,151
mdp.39015046879733,212,12,5,NM,GPE,153,155
