vol_id,page,sentence_id,ent_id,entity,entity_type,start_char,end_char
mdp.39015045699314,1,0,0,1994,DATE,52,56
mdp.39015045699314,1,0,1,Audre Lorde Poetry Competition,WORK_OF_ART,57,87
mdp.39015045699314,2,0,0,MICHIGAN,GPE,25,33
mdp.39015045699314,2,1,0,817,CARDINAL,1,4
mdp.39015045699314,2,1,1,LIBRA,GPE,11,16
mdp.39015045699314,4,0,0,Chrystos,PERSON,15,23
mdp.39015045699314,5,0,0,Chrystos Fugitive Colors,PERSON,0,24
mdp.39015045699314,5,0,1,1994,DATE,39,43
mdp.39015045699314,5,0,2,Audre Lorde Poetry Competition for Lesbians of Color,WORK_OF_ART,44,96
mdp.39015045699314,5,0,3,Cleveland State University Poetry Center,ORG,97,137
mdp.39015045699314,6,1,0,Ms.,ORG,35,38
mdp.39015045699314,6,1,1,first,ORDINAL,46,51
mdp.39015045699314,6,1,2,The Real Indian Leans Against,WORK_OF_ART,63,92
mdp.39015045699314,6,1,3,Sister Vision Press,ORG,102,121
mdp.39015045699314,6,1,4,Interview,WORK_OF_ART,144,153
mdp.39015045699314,6,1,5,The Colour of Resistance: A Contemporary Collection of Writing by Aboriginal Women,WORK_OF_ART,158,240
mdp.39015045699314,6,1,6,Toronto,GPE,242,249
mdp.39015045699314,6,1,7,1994,DATE,251,255
mdp.39015045699314,6,2,0,1995,DATE,12,16
mdp.39015045699314,6,2,1,Chrystos,PERSON,20,28
mdp.39015045699314,6,4,0,the Cleveland State University Poetry Center,ORG,13,57
mdp.39015045699314,6,4,1,Cleveland,GPE,78,87
mdp.39015045699314,6,4,2,OH,GPE,89,91
mdp.39015045699314,6,5,0,the International Audre Lorde Poetry Competition for Lesbians of Color,EVENT,12,82
mdp.39015045699314,6,5,1,The Cleveland Women's Community Foundation,ORG,150,192
mdp.39015045699314,6,6,0,Nuala M. Archer,PERSON,28,43
mdp.39015045699314,6,7,0,1-880834-11-1,CARDINAL,5,18
mdp.39015045699314,6,7,1,94-72267,CARDINAL,60,68
mdp.39015045699314,7,0,0,Indian,NORP,36,42
mdp.39015045699314,7,0,1,Into the Racism Workshop,WORK_OF_ART,125,149
mdp.39015045699314,7,1,0,I Walk Beside the Prints of Gulls,WORK_OF_ART,0,33
mdp.39015045699314,7,1,1,20,CARDINAL,152,154
mdp.39015045699314,7,1,2,21,CARDINAL,155,157
mdp.39015045699314,7,2,0,Josiah,PERSON,0,6
mdp.39015045699314,7,2,1,32,CARDINAL,26,28
mdp.39015045699314,7,4,0,I Am the Cardinal,WORK_OF_ART,0,17
mdp.39015045699314,7,4,1,Nine-Tenths,CARDINAL,54,65
mdp.39015045699314,7,4,2,Indian,NORP,85,91
mdp.39015045699314,7,4,3,First,ORDINAL,223,228
mdp.39015045699314,7,4,4,50 51,CARDINAL,250,255
mdp.39015045699314,8,0,0,Dolores,PERSON,58,65
mdp.39015045699314,8,1,0,First,ORDINAL,131,136
mdp.39015045699314,9,0,0,Audre Lorde,PERSON,25,36
mdp.39015045699314,13,0,0,Indian,NORP,9,15
mdp.39015045699314,13,0,1,Indians,NORP,88,95
mdp.39015045699314,13,0,2,Indians,NORP,197,204
mdp.39015045699314,13,0,3,the Pow Wow,EVENT,253,264
mdp.39015045699314,13,0,4,Cuban,NORP,355,360
mdp.39015045699314,13,2,0,Indians,NORP,30,37
mdp.39015045699314,13,3,0,Indian,NORP,114,120
mdp.39015045699314,13,3,1,Indians,NORP,332,339
mdp.39015045699314,13,3,2,Nancy Emery,PERSON,429,440
mdp.39015045699314,14,0,0,Hoh,LOC,46,49
mdp.39015045699314,14,1,0,Karen Timentwa adda,PERSON,4,23
mdp.39015045699314,15,0,0,the Lesbian Dance,EVENT,3,20
mdp.39015045699314,15,1,0,almost an hour & a half,TIME,7,30
mdp.39015045699314,15,5,0,three,CARDINAL,31,36
mdp.39015045699314,15,10,0,Viv,PERSON,0,3
mdp.39015045699314,15,13,0,midwest,LOC,94,101
mdp.39015045699314,15,14,0,Grace Paley,PERSON,27,38
mdp.39015045699314,15,14,1,at most 5,CARDINAL,238,247
mdp.39015045699314,15,14,2,6,CARDINAL,251,252
mdp.39015045699314,15,14,3,400,CARDINAL,290,293
mdp.39015045699314,15,16,0,25,DATE,335,337
mdp.39015045699314,16,2,0,a good three hours,TIME,10,28
mdp.39015045699314,16,12,0,the white house,FAC,74,89
mdp.39015045699314,16,13,0,pentagon,ORG,54,62
mdp.39015045699314,16,17,0,pentagon,FAC,55,63
mdp.39015045699314,16,19,0,Dawn Tubbs,PERSON,4,14
mdp.39015045699314,17,0,0,13,CARDINAL,334,336
mdp.39015045699314,18,0,0,the Racism Workshop,ORG,5,24
mdp.39015045699314,18,1,0,One,CARDINAL,315,318
mdp.39015045699314,18,1,1,first,ORDINAL,326,331
mdp.39015045699314,18,1,2,Black,NORP,385,390
mdp.39015045699314,18,1,3,300,CARDINAL,441,444
mdp.39015045699314,18,1,4,the Book of Stars,WORK_OF_ART,494,511
mdp.39015045699314,18,1,5,14,CARDINAL,1507,1509
mdp.39015045699314,19,1,0,Alma Banda Goddard,PERSON,139,157
mdp.39015045699314,20,0,0,The Man Who,PERSON,0,11
mdp.39015045699314,20,3,0,one,CARDINAL,92,95
mdp.39015045699314,20,3,1,16,CARDINAL,233,235
mdp.39015045699314,21,0,0,Celeste George,PERSON,670,684
mdp.39015045699314,22,0,0,A Smoky Topaz Ring,PERSON,0,18
mdp.39015045699314,22,1,0,3,CARDINAL,48,49
mdp.39015045699314,22,1,1,Noe valley,LOC,58,68
mdp.39015045699314,22,2,0,Chinese,NORP,57,64
mdp.39015045699314,22,2,1,English,NORP,66,73
mdp.39015045699314,22,2,2,Swedish,NORP,85,92
mdp.39015045699314,22,2,3,16.50,MONEY,492,497
mdp.39015045699314,22,2,4,2 hours,TIME,528,535
mdp.39015045699314,22,2,5,9,CARDINAL,793,794
mdp.39015045699314,22,2,6,2 or 3 days,DATE,841,852
mdp.39015045699314,22,2,7,3,CARDINAL,890,891
mdp.39015045699314,22,3,0,25,MONEY,171,173
mdp.39015045699314,23,0,0,50,MONEY,42,44
mdp.39015045699314,23,0,1,ten years,DATE,248,257
mdp.39015045699314,23,0,2,19,CARDINAL,315,317
mdp.39015045699314,24,0,0,17,CARDINAL,17,19
mdp.39015045699314,24,0,1,four,CARDINAL,57,61
mdp.39015045699314,24,1,0,Connie Panzarino,PERSON,103,119
mdp.39015045699314,24,1,1,"June, 1993",DATE,135,145
mdp.39015045699314,26,0,0,Ramón,PERSON,0,5
mdp.39015045699314,26,1,0,Gallo,PRODUCT,128,133
mdp.39015045699314,26,1,1,one,CARDINAL,414,417
mdp.39015045699314,26,1,2,Español,LANGUAGE,687,694
mdp.39015045699314,26,1,3,Bélinda Gonzalez,PERSON,699,715
mdp.39015045699314,27,0,0,one,CARDINAL,178,181
mdp.39015045699314,27,0,1,days,DATE,324,328
mdp.39015045699314,27,1,0,the united states,GPE,8,25
mdp.39015045699314,27,2,0,Winona,PERSON,76,82
mdp.39015045699314,28,0,0,today,DATE,19,24
mdp.39015045699314,28,2,0,tomorrow,DATE,10,18
mdp.39015045699314,28,13,0,Bailey's,PRODUCT,22,30
mdp.39015045699314,28,14,0,more than a year,DATE,39,55
mdp.39015045699314,28,28,0,everyday,DATE,9,17
mdp.39015045699314,28,28,1,Chinese,NORP,30,37
mdp.39015045699314,28,32,0,Ted,PERSON,77,80
mdp.39015045699314,28,32,1,ten dollar,MONEY,137,147
mdp.39015045699314,28,33,0,ten dollar,MONEY,17,27
mdp.39015045699314,28,36,0,Chinese,NORP,27,34
mdp.39015045699314,28,38,0,'43,DATE,14,17
mdp.39015045699314,28,40,0,seven,DATE,58,63
mdp.39015045699314,28,47,0,88 dollar,MONEY,61,70
mdp.39015045699314,28,48,0,24,CARDINAL,7,9
mdp.39015045699314,29,2,0,all day,DATE,14,21
mdp.39015045699314,29,4,0,Indian,NORP,14,20
mdp.39015045699314,29,4,1,47,DATE,40,42
mdp.39015045699314,29,6,0,Indian,NORP,17,23
mdp.39015045699314,29,24,0,a few months,DATE,39,51
mdp.39015045699314,29,36,0,last week,DATE,44,53
mdp.39015045699314,29,51,0,25,CARDINAL,5,7
mdp.39015045699314,30,2,0,tonight,TIME,68,75
mdp.39015045699314,30,14,0,17,DATE,53,55
mdp.39015045699314,30,21,0,Europe,LOC,33,39
mdp.39015045699314,30,30,0,three,DATE,25,30
mdp.39015045699314,30,37,0,the night,TIME,73,82
mdp.39015045699314,30,39,0,tonight,TIME,26,33
mdp.39015045699314,30,43,0,26,CARDINAL,18,20
mdp.39015045699314,31,28,0,Elliot Bay's,PERSON,32,44
mdp.39015045699314,31,34,0,Indian,NORP,77,83
mdp.39015045699314,31,42,0,Saturday,DATE,26,34
mdp.39015045699314,31,58,0,27,CARDINAL,0,2
mdp.39015045699314,32,0,0,last week,DATE,71,80
mdp.39015045699314,32,13,0,spring,DATE,63,69
mdp.39015045699314,32,18,0,Manny,PERSON,8,13
mdp.39015045699314,32,18,1,LA,GPE,30,32
mdp.39015045699314,32,18,2,tomorrow,DATE,33,41
mdp.39015045699314,32,20,0,santa claus,NORP,13,24
mdp.39015045699314,32,20,1,June,DATE,61,65
mdp.39015045699314,32,21,0,summer,DATE,29,35
mdp.39015045699314,32,23,0,Chinese,NORP,63,70
mdp.39015045699314,32,26,0,Maizie,PERSON,14,20
mdp.39015045699314,32,29,0,Maizie Truvillon,PERSON,0,16
mdp.39015045699314,32,33,0,Manny,PERSON,32,37
mdp.39015045699314,32,34,0,June,DATE,26,30
mdp.39015045699314,32,35,0,Maizie,PERSON,0,6
mdp.39015045699314,32,37,0,two months,DATE,23,33
mdp.39015045699314,32,38,0,51 years,DATE,54,62
mdp.39015045699314,32,41,0,LA,GPE,21,23
mdp.39015045699314,32,41,1,Manny,PERSON,34,39
mdp.39015045699314,32,47,0,288,CARDINAL,0,3
mdp.39015045699314,33,4,0,last night,TIME,25,35
mdp.39015045699314,33,7,0,this day,DATE,18,26
mdp.39015045699314,33,10,0,Manny,PERSON,4,9
mdp.39015045699314,33,11,0,Maizie,PERSON,0,6
mdp.39015045699314,33,24,0,LA,GPE,35,37
mdp.39015045699314,33,26,0,Manny,PERSON,0,5
mdp.39015045699314,33,28,0,Saturday,DATE,89,97
mdp.39015045699314,33,31,0,Manny,PERSON,7,12
mdp.39015045699314,33,36,0,Anita,PERSON,37,42
mdp.39015045699314,33,36,1,Manny,PERSON,45,50
mdp.39015045699314,33,37,0,Cheryl Harrison,PERSON,4,19
mdp.39015045699314,33,37,1,29,CARDINAL,49,51
mdp.39015045699314,34,0,0,One,CARDINAL,104,107
mdp.39015045699314,35,0,0,Josiah,PERSON,0,6
mdp.39015045699314,36,0,0,Ron,PERSON,12,15
mdp.39015045699314,36,1,0,Mohawk,NORP,53,59
mdp.39015045699314,36,1,1,that summer,DATE,196,207
mdp.39015045699314,36,1,2,tonight,TIME,457,464
mdp.39015045699314,36,1,3,32,CARDINAL,653,655
mdp.39015045699314,37,4,0,Scotch,NORP,15,21
mdp.39015045699314,37,4,1,Jews,NORP,28,32
mdp.39015045699314,37,4,2,catholic,NORP,91,99
mdp.39015045699314,37,6,0,Indians,NORP,0,7
mdp.39015045699314,37,9,0,3 days,DATE,6,12
mdp.39015045699314,37,9,1,Manifest Destiny,WORK_OF_ART,13,29
mdp.39015045699314,37,11,0,one week,DATE,115,123
mdp.39015045699314,37,12,0,20,MONEY,43,45
mdp.39015045699314,37,19,0,Golden Gate,FAC,39,50
mdp.39015045699314,37,19,1,about 15 feet,QUANTITY,88,101
mdp.39015045699314,37,26,0,Murphy's law,LAW,0,12
mdp.39015045699314,37,31,0,8th,ORDINAL,24,27
mdp.39015045699314,38,8,0,Bush,PERSON,16,20
mdp.39015045699314,38,9,0,That Little Pussy & How To Catch Her,WORK_OF_ART,82,118
mdp.39015045699314,38,10,0,catholic,NORP,28,36
mdp.39015045699314,38,17,0,Washington,GPE,13,23
mdp.39015045699314,38,20,0,one night,DATE,59,68
mdp.39015045699314,38,21,0,the next morning,TIME,30,46
mdp.39015045699314,38,21,1,3,CARDINAL,116,117
mdp.39015045699314,38,21,2,the weekend,DATE,154,165
mdp.39015045699314,38,23,0,three,CARDINAL,20,25
mdp.39015045699314,38,26,0,Ronnie,PERSON,99,105
mdp.39015045699314,38,26,1,3 a.m.,TIME,112,118
mdp.39015045699314,38,27,0,Rosie,PERSON,26,31
mdp.39015045699314,38,27,1,4 a.m.,TIME,38,44
mdp.39015045699314,38,27,2,13,DATE,56,58
mdp.39015045699314,38,33,0,Maggie,PERSON,74,80
mdp.39015045699314,38,33,1,later that night,TIME,117,133
mdp.39015045699314,38,34,0,jesus christ,PERSON,16,28
mdp.39015045699314,38,38,0,the next day,DATE,18,30
mdp.39015045699314,38,41,0,the good old days,DATE,71,88
mdp.39015045699314,38,41,1,34,CARDINAL,114,116
mdp.39015045699314,39,2,0,Maggie,PERSON,0,6
mdp.39015045699314,39,13,0,10 years,DATE,118,126
mdp.39015045699314,39,15,0,the March on dc,EVENT,87,102
mdp.39015045699314,39,25,0,this year,DATE,46,55
mdp.39015045699314,39,30,0,american,NORP,22,30
mdp.39015045699314,39,38,0,Bainbridge Island,GPE,41,58
mdp.39015045699314,39,42,0,Valerie,PERSON,4,11
mdp.39015045699314,40,0,0,Indians,NORP,26,33
mdp.39015045699314,40,0,1,Black,NORP,90,95
mdp.39015045699314,40,1,0,17 years,DATE,68,76
mdp.39015045699314,40,4,0,Kelly Morgan,PERSON,189,201
mdp.39015045699314,41,0,0,first,ORDINAL,40,45
mdp.39015045699314,41,0,1,46,DATE,61,63
mdp.39015045699314,41,0,2,Oklahoma,GPE,70,78
mdp.39015045699314,41,0,3,37,CARDINAL,240,242
mdp.39015045699314,42,0,0,Zenith,ORG,0,6
mdp.39015045699314,42,0,1,Sweet Grass Braids,PRODUCT,101,119
mdp.39015045699314,42,0,2,3.50,MONEY,125,129
mdp.39015045699314,42,1,0,Chinese,NORP,258,265
mdp.39015045699314,42,1,1,India,GPE,288,293
mdp.39015045699314,42,1,2,Brazil,GPE,308,314
mdp.39015045699314,42,3,0,Rasta,PERSON,31,36
mdp.39015045699314,42,3,1,Rasta,PERSON,40,45
mdp.39015045699314,42,3,2,Shirley Bear,PERSON,468,480
mdp.39015045699314,43,0,0,Nine-Tenths,CARDINAL,14,25
mdp.39015045699314,43,1,0,five hour,TIME,347,356
mdp.39015045699314,43,1,1,hours,TIME,526,531
mdp.39015045699314,43,1,2,72 hours,DATE,752,760
mdp.39015045699314,43,1,3,at least 15,CARDINAL,843,854
mdp.39015045699314,43,2,0,hours,TIME,41,46
mdp.39015045699314,43,2,1,3 a.m.,TIME,81,87
mdp.39015045699314,43,2,2,39,CARDINAL,122,124
mdp.39015045699314,44,0,0,Playskool,ORG,215,224
mdp.39015045699314,44,0,1,Fun With Letters,WORK_OF_ART,256,272
mdp.39015045699314,44,0,2,40,CARDINAL,285,287
mdp.39015045699314,45,0,0,Indian,NORP,8,14
mdp.39015045699314,45,0,1,dollar,MONEY,131,137
mdp.39015045699314,45,1,0,Today,DATE,0,5
mdp.39015045699314,45,1,1,twenty,CARDINAL,26,32
mdp.39015045699314,45,2,0,Granny,PERSON,0,6
mdp.39015045699314,45,2,1,thousands,CARDINAL,203,212
mdp.39015045699314,45,2,2,Indian,NORP,376,382
mdp.39015045699314,45,2,3,Indian,NORP,431,437
mdp.39015045699314,45,2,4,Indian,NORP,472,478
mdp.39015045699314,45,3,0,Indian,NORP,32,38
mdp.39015045699314,45,5,0,Andy Smith,PERSON,4,14
mdp.39015045699314,46,0,0,Cougar,NORP,4,10
mdp.39015045699314,46,0,1,eugene,GPE,56,62
mdp.39015045699314,46,0,2,oregon,GPE,64,70
mdp.39015045699314,46,0,3,lynn,PERSON,161,165
mdp.39015045699314,46,1,0,eugene,GPE,194,200
mdp.39015045699314,46,1,1,Elana Myerson,PERSON,608,621
mdp.39015045699314,47,1,0,Michael,PERSON,26,33
mdp.39015045699314,48,0,0,Indian,NORP,402,408
mdp.39015045699314,48,1,0,the few pitiful acres,QUANTITY,34,55
mdp.39015045699314,48,1,1,Indians,NORP,306,313
mdp.39015045699314,48,2,0,Indian,NORP,14,20
mdp.39015045699314,48,2,1,Black,NORP,67,72
mdp.39015045699314,48,2,2,a million,CARDINAL,201,210
mdp.39015045699314,48,2,3,years,DATE,327,332
mdp.39015045699314,48,2,4,Florida,GPE,378,385
mdp.39015045699314,48,3,0,several million,CARDINAL,152,167
mdp.39015045699314,49,0,0,more than,DATE,461,470
mdp.39015045699314,49,1,0,Black,NORP,156,161
mdp.39015045699314,49,1,1,Bermuda,GPE,760,767
mdp.39015045699314,50,0,0,46,CARDINAL,1771,1773
mdp.39015045699314,51,1,0,nut houses,ORG,219,229
mdp.39015045699314,51,1,1,English,LANGUAGE,646,653
mdp.39015045699314,51,1,2,Japanese,NORP,669,677
mdp.39015045699314,51,1,3,Jew,NORP,847,850
mdp.39015045699314,51,1,4,thousands,CARDINAL,870,879
mdp.39015045699314,51,1,5,Holocaust,EVENT,909,918
mdp.39015045699314,51,2,0,one,CARDINAL,169,172
mdp.39015045699314,51,4,0,the u.s. bureau of prisons,ORG,398,424
mdp.39015045699314,52,0,0,catholic,NORP,705,713
mdp.39015045699314,52,0,1,millions,CARDINAL,1054,1062
mdp.39015045699314,52,1,0,20 years,DATE,233,241
mdp.39015045699314,52,1,1,one,CARDINAL,246,249
mdp.39015045699314,52,1,2,48,CARDINAL,765,767
mdp.39015045699314,53,3,0,Ayofemi Folayan,PERSON,169,184
mdp.39015045699314,54,1,0,years,DATE,155,160
mdp.39015045699314,54,4,0,Barbara Cameron,PERSON,248,263
mdp.39015045699314,54,4,1,50,CARDINAL,278,280
mdp.39015045699314,55,0,0,First,ORDINAL,9,14
mdp.39015045699314,55,1,0,night,TIME,20,25
mdp.39015045699314,55,2,0,51,CARDINAL,348,350
mdp.39015045699314,56,1,0,Winnipeg,GPE,20,28
mdp.39015045699314,56,1,1,u.s.,GPE,32,36
mdp.39015045699314,56,1,2,Indian,NORP,58,64
mdp.39015045699314,56,2,0,half inch,QUANTITY,84,93
mdp.39015045699314,56,2,1,Indians,NORP,310,317
mdp.39015045699314,56,4,0,Canada,GPE,184,190
mdp.39015045699314,57,0,0,One,CARDINAL,105,108
mdp.39015045699314,57,0,1,Albuquerque,GPE,142,153
mdp.39015045699314,57,1,0,Menominee,NORP,37,46
mdp.39015045699314,57,2,0,Indians,NORP,10,17
mdp.39015045699314,57,2,1,Albuquerque,GPE,42,53
mdp.39015045699314,57,3,0,Native,NORP,15,21
mdp.39015045699314,57,6,0,Native,NORP,76,82
mdp.39015045699314,57,8,0,one,CARDINAL,358,361
mdp.39015045699314,57,10,0,Marie Annharte Baker,PERSON,33,53
mdp.39015045699314,58,0,0,Spring,DATE,0,6
mdp.39015045699314,58,0,1,Autumn,DATE,67,73
mdp.39015045699314,58,3,0,Unkitawa,PERSON,199,207
mdp.39015045699314,58,3,1,the Gathering of Indian Queers,EVENT,296,326
mdp.39015045699314,58,3,2,Doyle,PERSON,711,716
mdp.39015045699314,58,3,3,Greg,PERSON,719,723
mdp.39015045699314,59,2,0,Angela Carlos,PERSON,12,25
mdp.39015045699314,60,1,0,tomorrow,DATE,486,494
mdp.39015045699314,60,1,1,Briars,NORP,745,751
mdp.39015045699314,60,2,0,this evening,TIME,20,32
mdp.39015045699314,61,0,0,Dolores,GPE,3,10
mdp.39015045699314,61,0,1,Street of Sorrow,FAC,12,28
mdp.39015045699314,61,0,2,Simone Weil,PERSON,108,119
mdp.39015045699314,61,1,0,50 years,DATE,171,179
mdp.39015045699314,61,1,1,Janice Gould,PERSON,463,475
mdp.39015045699314,62,1,0,Maine,GPE,46,51
mdp.39015045699314,62,1,1,Kate Miller,PERSON,256,267
mdp.39015045699314,63,0,0,60 mph,QUANTITY,176,182
mdp.39015045699314,63,1,0,second,ORDINAL,290,296
mdp.39015045699314,63,1,1,one night,DATE,379,388
mdp.39015045699314,63,1,2,2 a.m.,TIME,452,458
mdp.39015045699314,64,0,0,Hopscotch,PRODUCT,8,17
mdp.39015045699314,64,0,1,Buddha,PERSON,184,190
mdp.39015045699314,64,1,0,Today,DATE,195,200
mdp.39015045699314,64,1,1,the Moon Garden,LOC,355,370
mdp.39015045699314,64,2,0,Churches,NORP,151,159
mdp.39015045699314,65,2,0,Wren,PERSON,4,8
mdp.39015045699314,66,1,0,the night before,TIME,74,90
mdp.39015045699314,66,1,1,Karen Makeda Allman,PERSON,388,407
mdp.39015045699314,66,1,2,62,DATE,408,410
mdp.39015045699314,67,0,0,Red Eye,PERSON,0,7
mdp.39015045699314,67,3,0,Barbara Cameron,PERSON,106,121
mdp.39015045699314,67,3,1,4/1/78-9/12/91 63,DATE,136,153
mdp.39015045699314,68,0,0,this morning,TIME,58,70
mdp.39015045699314,68,0,1,64,CARDINAL,378,380
mdp.39015045699314,69,0,0,Eagles,NORP,49,55
mdp.39015045699314,69,0,1,Eagles,NORP,173,179
mdp.39015045699314,69,1,0,Eagles,NORP,522,528
mdp.39015045699314,69,1,1,Joy Harjo 65,PERSON,561,573
mdp.39015045699314,70,0,0,First,ORDINAL,7,12
mdp.39015045699314,70,0,1,Spring,DATE,295,301
mdp.39015045699314,70,0,2,Audre March 1993,DATE,440,456
mdp.39015045699314,73,0,0,Megwetch,PERSON,17,25
mdp.39015045699314,73,0,1,the Cleveland State University Poetry Center,ORG,29,73
mdp.39015045699314,73,0,2,The Women's Community Foundation,ORG,75,107
mdp.39015045699314,73,0,3,Blakmajik Rainbow Productions,ORG,109,138
mdp.39015045699314,73,0,4,The Lake Erie Indian Council,ORG,142,170
mdp.39015045699314,73,1,0,Megwetch,PERSON,0,8
mdp.39015045699314,73,1,1,Gloria Anzaldúa,PERSON,24,39
mdp.39015045699314,73,1,2,Jewelle Gómez,PERSON,41,54
mdp.39015045699314,73,1,3,Elba Sánchez,PERSON,56,68
mdp.39015045699314,73,1,4,Terri Jewell,PERSON,71,83
mdp.39015045699314,73,1,5,Megwetch,PERSON,111,119
mdp.39015045699314,73,1,6,Press Gang Feminist Publishers,ORG,123,153
mdp.39015045699314,73,2,0,Megwetch,PERSON,0,8
mdp.39015045699314,73,2,1,Sharol Graves,PERSON,12,25
mdp.39015045699314,73,2,2,"“Ghost Dance Moccasins""",WORK_OF_ART,66,89
mdp.39015045699314,73,2,3,Megwetch,PERSON,104,112
mdp.39015045699314,73,2,4,Jean Weisinger,PERSON,116,130
mdp.39015045699314,73,2,5,Megwetch,PERSON,159,167
mdp.39015045699314,73,2,6,the Kentucky Foundation for Women,ORG,171,204
mdp.39015045699314,73,2,7,Hopscotch House,FAC,233,248
mdp.39015045699314,73,2,8,Megwetch,PERSON,289,297
mdp.39015045699314,73,3,0,Megwetch,PERSON,123,131
mdp.39015045699314,73,3,1,Megwetch,PERSON,285,293
mdp.39015045699314,73,3,2,Gloria Joseph,PERSON,301,314
mdp.39015045699314,73,3,3,Megwetch,PERSON,351,359
mdp.39015045699314,73,3,4,Bo,PERSON,372,374
mdp.39015045699314,76,0,0,Chrystos,PERSON,43,51
mdp.39015045699314,76,1,0,-Gloria Anzaldúa,PERSON,0,16
mdp.39015045699314,76,3,0,Chrystos,PERSON,0,8
mdp.39015045699314,76,6,0,-Jewelle Gomez,PERSON,0,14
mdp.39015045699314,76,8,0,Fugitive Colors,WORK_OF_ART,5,20
mdp.39015045699314,76,8,1,Chrystos,PERSON,48,56
mdp.39015045699314,76,9,0,-Minnie Bruce Pratt,PERSON,0,19
mdp.39015045699314,76,10,0,Chrystos,PERSON,0,8
mdp.39015045699314,76,10,1,Fugitive Colors,WORK_OF_ART,19,34
mdp.39015045699314,76,14,0,San Francisco,GPE,24,37
mdp.39015045699314,76,14,1,"Nov. 7, 1946",DATE,41,53
mdp.39015045699314,76,14,2,Menominee Nation,NORP,58,74
mdp.39015045699314,76,14,3,euroimmigrant,NORP,79,92
mdp.39015045699314,76,14,4,Chrystos,PERSON,102,110
mdp.39015045699314,76,16,0,three,CARDINAL,21,26
mdp.39015045699314,76,16,1,Returning the Gift,WORK_OF_ART,78,96
mdp.39015045699314,76,16,2,The Colour of Resistance,WORK_OF_ART,101,125
mdp.39015045699314,76,17,0,NEA,ORG,20,23
mdp.39015045699314,76,17,1,a Barbara Demming Grant,WORK_OF_ART,28,51
mdp.39015045699314,76,17,2,the Freedom of Expression Award,WORK_OF_ART,53,84
mdp.39015045699314,76,17,3,the Lannan Foundation,ORG,103,124
mdp.39015045699314,76,18,0,Bainbridge Island,LOC,13,30
mdp.39015045699314,76,18,1,the Pacific Northwest,LOC,34,55
mdp.39015045699314,76,19,0,-Elizabeth Woody,PERSON,0,16
mdp.39015045699314,76,20,0,1994,DATE,18,22
mdp.39015045699314,76,20,1,Jean Weisinger,PERSON,26,40
mdp.39015045699314,76,20,2,Ghost Dance,WORK_OF_ART,52,63
mdp.39015045699314,76,20,3,1977,DATE,66,70
mdp.39015045699314,76,20,4,Sharol Graves,PERSON,71,84
mdp.39015045699314,76,20,5,Cleveland State University Poetry Center,ORG,85,125
mdp.39015045699314,76,20,6,1-880834-11-1,CARDINAL,131,144
mdp.39015045699314,76,20,7,10.00,MONEY,146,151
mdp.39015045699314,77,0,0,Batcode Inside,PERSON,1,15
