vol_id,page,sentence_id,ent_id,entity,entity_type,start_char,end_char
mdp.39015034038862,2,0,0,MICHIGAN MICHIGAN UNIVERSITY,ORG,1,29
mdp.39015034038862,7,0,0,LOUISE ERDRICH,PERSON,8,22
mdp.39015034038862,7,0,1,The Beet Queen Tracks The Bingo Palace,WORK_OF_ART,37,75
mdp.39015034038862,7,0,2,The Crown of Columbus,WORK_OF_ART,76,97
mdp.39015034038862,7,0,3,Michael Dorris,PERSON,104,118
mdp.39015034038862,7,0,4,Baptism of Desire,WORK_OF_ART,139,156
mdp.39015034038862,10,0,0,THE BLUE JAY'S DANCE,WORK_OF_ART,14,34
mdp.39015034038862,10,1,0,1995,DATE,12,16
mdp.39015034038862,10,1,1,Louise Erdrich,PERSON,20,34
mdp.39015034038862,10,3,0,the United States of America,GPE,11,39
mdp.39015034038862,10,5,0,"HarperCollins Publishers, Inc.",ORG,24,54
mdp.39015034038862,10,5,1,New York,GPE,77,85
mdp.39015034038862,10,5,2,NY,GPE,87,89
mdp.39015034038862,10,6,0,HarperCollins,ORG,0,13
mdp.39015034038862,10,7,0,Special Markets Department,ORG,31,57
mdp.39015034038862,10,7,1,"HarperCollins Publishers, Inc.",ORG,59,89
mdp.39015034038862,10,7,2,New York,GPE,112,120
mdp.39015034038862,10,7,3,NY,GPE,122,124
mdp.39015034038862,10,8,0,FIRST,ORDINAL,0,5
mdp.39015034038862,10,8,1,Jessica Shatan,PERSON,26,40
mdp.39015034038862,10,9,0,Erdrich,PERSON,0,7
mdp.39015034038862,10,9,1,Louise,PERSON,9,15
mdp.39015034038862,10,10,0,1st,ORDINAL,31,34
mdp.39015034038862,10,11,0,0-06-017132-4 year,CARDINAL,5,23
mdp.39015034038862,10,11,1,Louise Erdrich,PERSON,26,40
mdp.39015034038862,10,12,0,1,CARDINAL,0,1
mdp.39015034038862,10,12,1,Erdrich,PERSON,3,10
mdp.39015034038862,10,12,2,Louise,PERSON,12,18
mdp.39015034038862,10,13,0,2,CARDINAL,0,1
mdp.39015034038862,10,13,1,American-20th century,DATE,20,41
mdp.39015034038862,10,14,0,3,CARDINAL,0,1
mdp.39015034038862,10,14,1,United States,GPE,25,38
mdp.39015034038862,10,14,2,4,CARDINAL,40,41
mdp.39015034038862,11,4,0,Women's Work,WORK_OF_ART,1,13
mdp.39015034038862,11,4,1,Harpers,ORG,19,26
mdp.39015034038862,11,4,2,Ilena Silverman,PERSON,38,53
mdp.39015034038862,11,4,3,Foxglove,WORK_OF_ART,56,64
mdp.39015034038862,11,4,4,Woman of the House,WORK_OF_ART,66,84
mdp.39015034038862,11,4,5,Georgia Review,ORG,90,104
mdp.39015034038862,11,4,6,Stanley Lindberg,PERSON,116,132
mdp.39015034038862,11,4,7,Foxglove,WORK_OF_ART,143,151
mdp.39015034038862,11,4,8,Harpers,ORG,175,182
mdp.39015034038862,11,4,9,Skunk Dreams,WORK_OF_ART,186,198
mdp.39015034038862,11,4,10,Georgia Review,ORG,204,218
mdp.39015034038862,11,4,11,Stanley Lindberg,PERSON,230,246
mdp.39015034038862,11,4,12,The Best American Essays,WORK_OF_ART,261,285
mdp.39015034038862,11,4,13,1994,DATE,287,291
mdp.39015034038862,11,4,14,Pushcart Prize Anthology,WORK_OF_ART,301,325
mdp.39015034038862,11,4,15,Michael Martone,PERSON,337,352
mdp.39015034038862,11,5,0,Wintergardens,WORK_OF_ART,1,14
mdp.39015034038862,11,5,1,Summer,WORK_OF_ART,47,53
mdp.39015034038862,11,5,2,Alice Gordon,PERSON,65,77
mdp.39015034038862,11,6,0,Driving Slick Roads,WORK_OF_ART,1,20
mdp.39015034038862,11,6,1,Civilization,WORK_OF_ART,34,46
mdp.39015034038862,11,6,2,Robert Wilson,PERSON,58,71
mdp.39015034038862,11,7,0,Nests,WORK_OF_ART,1,6
mdp.39015034038862,11,7,1,Ladies' Home Journal,ORG,25,45
mdp.39015034038862,11,7,2,Reader's Digest,ORG,64,79
mdp.39015034038862,11,8,0,The Veils,WORK_OF_ART,1,10
mdp.39015034038862,11,8,1,Transforming a Rape Culture,WORK_OF_ART,33,60
mdp.39015034038862,11,8,2,Emilie Buchwald,PERSON,72,87
mdp.39015034038862,11,8,3,Milkweed Press,ORG,89,103
mdp.39015034038862,11,9,0,Brenda Wehle,PERSON,33,45
mdp.39015034038862,11,9,1,Harpers,ORG,94,101
mdp.39015034038862,11,9,2,Women's Work,WORK_OF_ART,104,116
mdp.39015034038862,11,9,3,The Veils,WORK_OF_ART,123,132
mdp.39015034038862,11,10,0,Susan Moldow,PERSON,0,12
mdp.39015034038862,11,10,1,Wendy Wolf,PERSON,17,27
mdp.39015034038862,12,1,0,Sandi Campbell,PERSON,0,14
mdp.39015034038862,12,2,0,Donald Hall,PERSON,0,11
mdp.39015034038862,12,2,1,Charlotte Houde,PERSON,16,31
mdp.39015034038862,12,3,0,Michael Dorris,PERSON,0,14
mdp.39015034038862,12,3,1,Rita Gourneau Erdrich,PERSON,47,68
mdp.39015034038862,12,3,2,Ralph Erdrich,PERSON,85,98
mdp.39015034038862,13,0,0,Dedication and Household Map,WORK_OF_ART,0,28
mdp.39015034038862,13,2,0,three,CARDINAL,43,48
mdp.39015034038862,13,4,0,one day,DATE,28,35
mdp.39015034038862,13,6,0,three,CARDINAL,32,37
mdp.39015034038862,13,6,1,one,CARDINAL,70,73
mdp.39015034038862,13,6,2,two,CARDINAL,85,88
mdp.39015034038862,13,7,0,three,CARDINAL,7,12
mdp.39015034038862,13,7,1,two,CARDINAL,67,70
mdp.39015034038862,13,7,2,one,CARDINAL,77,80
mdp.39015034038862,13,8,0,Michael Dorris,PERSON,12,26
mdp.39015034038862,13,9,0,Kentucky,GPE,17,25
mdp.39015034038862,13,9,1,Washington,GPE,38,48
mdp.39015034038862,14,0,0,North Dakota,GPE,45,57
mdp.39015034038862,14,1,0,New Hampshire,GPE,15,28
mdp.39015034038862,14,4,0,Michael,PERSON,0,7
mdp.39015034038862,15,1,0,-MARIANNE VON WILLEMER,PERSON,0,22
mdp.39015034038862,15,1,1,Goethe,PERSON,35,41
mdp.39015034038862,19,2,0,one,CARDINAL,68,71
mdp.39015034038862,19,6,0,first,ORDINAL,30,35
mdp.39015034038862,19,6,1,New Hampshire,GPE,62,75
mdp.39015034038862,20,0,0,LOUISE ERDRICH,PERSON,0,14
mdp.39015034038862,20,12,0,sixth,ORDINAL,4,9
mdp.39015034038862,20,12,1,third,ORDINAL,21,26
mdp.39015034038862,20,13,0,that year,DATE,7,16
mdp.39015034038862,20,14,0,4,CARDINAL,18,19
mdp.39015034038862,21,1,0,Michael,PERSON,0,7
mdp.39015034038862,21,1,1,four in the morning,TIME,17,36
mdp.39015034038862,21,4,0,one,CARDINAL,36,39
mdp.39015034038862,22,0,0,LOUISE ERDRICH,PERSON,0,14
mdp.39015034038862,22,2,0,these days,DATE,54,64
mdp.39015034038862,22,3,0,two,CARDINAL,48,51
mdp.39015034038862,22,6,0,December,DATE,0,8
mdp.39015034038862,22,9,0,THE SMALL GRAY HOUSE,FAC,0,20
mdp.39015034038862,22,10,0,Twenty years ago,DATE,0,16
mdp.39015034038862,22,10,1,New Hampshire,GPE,50,63
mdp.39015034038862,22,10,2,a hundred yards,QUANTITY,75,90
mdp.39015034038862,22,12,0,6,CARDINAL,8,9
mdp.39015034038862,23,0,0,no more than a dozen,CARDINAL,104,124
mdp.39015034038862,23,2,0,its first years,DATE,3,18
mdp.39015034038862,23,3,0,Pepsi,ORG,20,25
mdp.39015034038862,23,4,0,One,CARDINAL,0,3
mdp.39015034038862,23,4,1,one night,TIME,137,146
mdp.39015034038862,23,6,0,two,CARDINAL,54,57
mdp.39015034038862,23,7,0,every morning,TIME,87,100
mdp.39015034038862,24,0,0,LOUISE ERDRICH,PERSON,0,14
mdp.39015034038862,24,6,0,only one,CARDINAL,9,17
mdp.39015034038862,24,9,0,every day,DATE,12,21
mdp.39015034038862,24,13,0,First,ORDINAL,0,5
mdp.39015034038862,25,13,0,Each day,DATE,0,8
mdp.39015034038862,25,14,0,A million,CARDINAL,0,9
mdp.39015034038862,25,19,0,9,CARDINAL,0,1
mdp.39015034038862,26,0,0,LOUISE ERDRICH,PERSON,0,14
mdp.39015034038862,26,4,0,the years,DATE,5,14
mdp.39015034038862,26,4,1,two,CARDINAL,75,78
mdp.39015034038862,26,4,2,nearly a dozen,CARDINAL,141,155
mdp.39015034038862,27,0,0,New Hampshiredescribed,GPE,160,182
mdp.39015034038862,27,0,1,Roger Tory Peterson,PERSON,186,205
mdp.39015034038862,27,0,2,five-yearold,DATE,214,226
mdp.39015034038862,27,3,0,three,CARDINAL,19,24
mdp.39015034038862,28,0,0,LOUISE ERDRICH,PERSON,0,14
mdp.39015034038862,28,4,0,January,DATE,0,7
mdp.39015034038862,28,7,0,roughly three billion,CARDINAL,36,57
mdp.39015034038862,28,7,1,"100,000",CARDINAL,89,96
mdp.39015034038862,29,6,0,Michael,PERSON,0,7
mdp.39015034038862,29,8,0,morning,TIME,122,129
mdp.39015034038862,29,9,0,first,ORDINAL,42,47
mdp.39015034038862,29,12,0,Vikings,ORG,33,40
mdp.39015034038862,29,12,1,Princess Di,PERSON,65,76
mdp.39015034038862,29,12,2,13,CARDINAL,97,99
mdp.39015034038862,30,0,0,LOUISE ERDRICH,PERSON,0,14
mdp.39015034038862,30,0,1,Kodiak,LOC,43,49
mdp.39015034038862,30,1,0,Morning,TIME,0,7
mdp.39015034038862,30,4,0,morning,TIME,19,26
mdp.39015034038862,30,7,0,English,NORP,82,89
mdp.39015034038862,30,7,1,weekends,DATE,131,139
mdp.39015034038862,30,8,0,Bremner Wafers,PRODUCT,80,94
mdp.39015034038862,30,8,1,Finland,GPE,124,131
mdp.39015034038862,30,10,0,Michael,PERSON,55,62
mdp.39015034038862,30,12,0,Carr,ORG,9,13
mdp.39015034038862,30,13,0,month four,DATE,7,17
mdp.39015034038862,30,13,1,14,CARDINAL,46,48
mdp.39015034038862,31,1,0,first,ORDINAL,102,107
mdp.39015034038862,31,3,0,These next few months,DATE,0,21
mdp.39015034038862,31,3,1,the Song of Solomon,WORK_OF_ART,169,188
mdp.39015034038862,31,8,0,Hawaiian,NORP,0,8
mdp.39015034038862,32,0,0,LOUISE ERDRICH,PERSON,0,14
mdp.39015034038862,32,1,0,Michael,PERSON,6,13
mdp.39015034038862,32,6,0,Michael,PERSON,0,7
mdp.39015034038862,32,6,1,two,CARDINAL,35,38
mdp.39015034038862,32,9,0,morning,TIME,46,53
mdp.39015034038862,32,9,1,noon,TIME,55,59
mdp.39015034038862,32,9,2,night,TIME,61,66
mdp.39015034038862,33,0,0,1 cup,QUANTITY,40,45
mdp.39015034038862,33,0,1,3 tablespoons,QUANTITY,52,65
mdp.39015034038862,33,0,2,3 tablespoons,QUANTITY,72,85
mdp.39015034038862,33,0,3,1/5 ½ teaspoon,QUANTITY,97,111
mdp.39015034038862,33,0,4,1½ cups,QUANTITY,117,124
mdp.39015034038862,33,0,5,3,CARDINAL,139,140
mdp.39015034038862,33,0,6,2 teaspoons,QUANTITY,151,162
mdp.39015034038862,33,0,7,½ cup,QUANTITY,181,186
mdp.39015034038862,33,0,8,2 tablespoons,QUANTITY,205,218
mdp.39015034038862,33,0,9,9-inch,QUANTITY,251,257
mdp.39015034038862,33,0,10,4,CARDINAL,271,272
mdp.39015034038862,33,0,11,7 tablespoons,QUANTITY,309,322
mdp.39015034038862,33,0,12,1 teaspoon,QUANTITY,329,339
mdp.39015034038862,33,0,13,1,CARDINAL,352,353
mdp.39015034038862,33,1,0,half,CARDINAL,4,8
mdp.39015034038862,33,1,1,2-quart,QUANTITY,61,68
mdp.39015034038862,33,4,0,3 or 4 minutes,TIME,39,53
mdp.39015034038862,33,5,0,17,CARDINAL,0,2
mdp.39015034038862,34,0,0,LOUISE ERDRICH,PERSON,0,14
mdp.39015034038862,34,0,1,2,CARDINAL,15,16
mdp.39015034038862,34,3,0,roughly 2 minutes,TIME,30,47
mdp.39015034038862,34,4,0,3,CARDINAL,0,1
mdp.39015034038862,34,4,1,2 to 3 minutes,TIME,37,51
mdp.39015034038862,34,7,0,4,CARDINAL,0,1
mdp.39015034038862,34,9,0,1 tablespoon,QUANTITY,14,26
mdp.39015034038862,34,11,0,5,CARDINAL,0,1
mdp.39015034038862,34,14,0,6,CARDINAL,0,1
mdp.39015034038862,34,15,0,20 minutes,TIME,5,15
mdp.39015034038862,34,15,1,300 degrees,QUANTITY,19,30
mdp.39015034038862,35,0,0,THE BLUE JAY'S DANCE,WORK_OF_ART,0,20
mdp.39015034038862,35,0,1,a wet year,DATE,34,44
mdp.39015034038862,35,1,0,One morning,TIME,0,11
mdp.39015034038862,35,1,1,two pregnancies ago,DATE,12,31
mdp.39015034038862,35,3,0,a month,DATE,56,63
mdp.39015034038862,35,3,1,miles,CARDINAL,149,154
mdp.39015034038862,35,4,0,three,TIME,167,172
mdp.39015034038862,35,9,0,19,CARDINAL,54,56
mdp.39015034038862,36,0,0,LOUISE ERDRICH,ORG,0,14
mdp.39015034038862,36,4,0,One evening,TIME,0,11
mdp.39015034038862,36,5,0,Family Feud,WORK_OF_ART,14,25
mdp.39015034038862,36,6,0,Mexican,NORP,27,34
mdp.39015034038862,36,8,0,Michael,PERSON,92,99
mdp.39015034038862,36,8,1,two,CARDINAL,143,146
mdp.39015034038862,36,10,0,first,ORDINAL,40,45
mdp.39015034038862,36,11,0,20,CARDINAL,6,8
mdp.39015034038862,37,0,0,THE BLUE JAY'S DANCE,WORK_OF_ART,0,20
mdp.39015034038862,37,2,0,Michael,PERSON,83,90
mdp.39015034038862,37,7,0,American,NORP,25,33
mdp.39015034038862,37,9,0,our lucky day,DATE,25,38
mdp.39015034038862,37,9,1,eight-hundred-foot,QUANTITY,102,120
mdp.39015034038862,37,10,0,Michael,PERSON,0,7
mdp.39015034038862,37,11,0,the next day,DATE,66,78
mdp.39015034038862,37,11,1,Dartmouth College,ORG,113,130
mdp.39015034038862,37,12,0,Michael,PERSON,0,7
mdp.39015034038862,38,0,0,LOUISE,GPE,0,6
mdp.39015034038862,38,1,0,One week later,DATE,0,14
mdp.39015034038862,38,1,1,fifty-dollar,MONEY,112,124
mdp.39015034038862,38,4,0,The last months,DATE,0,15
mdp.39015034038862,38,4,1,hours,TIME,64,69
mdp.39015034038862,38,4,2,the most difficult weeks,DATE,71,95
mdp.39015034038862,38,7,0,fifty-pound,QUANTITY,70,81
mdp.39015034038862,38,8,0,daily,DATE,21,26
mdp.39015034038862,38,9,0,Fifty extra pounds,QUANTITY,0,18
mdp.39015034038862,38,10,0,fifty pounds,QUANTITY,40,52
mdp.39015034038862,38,11,0,Ojibwa,GPE,66,72
mdp.39015034038862,39,0,0,Pat Gourneau,PERSON,29,41
mdp.39015034038862,39,2,0,fifties,DATE,40,47
mdp.39015034038862,39,4,0,every day,DATE,27,36
mdp.39015034038862,39,8,0,hours,TIME,24,29
mdp.39015034038862,39,12,0,Hour,TIME,0,4
mdp.39015034038862,40,0,0,LOUISE ERDRICH,PERSON,0,14
mdp.39015034038862,40,0,1,still hour of what is,TIME,22,43
mdp.39015034038862,40,0,2,morning,TIME,56,63
mdp.39015034038862,40,0,3,three or four A.M.—the,TIME,65,87
mdp.39015034038862,40,6,0,the next day,DATE,66,78
mdp.39015034038862,40,10,0,four-thirty,TIME,31,42
mdp.39015034038862,40,10,1,five,TIME,46,50
mdp.39015034038862,40,10,2,Michael,PERSON,59,66
mdp.39015034038862,40,11,0,the late nights,TIME,21,36
mdp.39015034038862,40,11,1,the week,DATE,46,54
mdp.39015034038862,41,4,0,those strange hours,TIME,55,74
mdp.39015034038862,41,6,0,Wintergardens ONE EVENING,DATE,0,25
mdp.39015034038862,41,6,1,FOUR-YEARold,DATE,40,52
mdp.39015034038862,41,14,0,One,CARDINAL,0,3
mdp.39015034038862,41,16,0,25,DATE,34,36
mdp.39015034038862,42,0,0,LOUISE ERDRICH,PERSON,0,14
mdp.39015034038862,42,1,0,two,CARDINAL,9,12
mdp.39015034038862,42,2,0,One,CARDINAL,0,3
mdp.39015034038862,42,8,0,Ojibwa,NORP,114,120
mdp.39015034038862,42,16,0,bedtime,TIME,22,29
mdp.39015034038862,42,16,1,26,CARDINAL,79,81
mdp.39015034038862,43,0,0,THE BLUE JAY'S DANCE,EVENT,0,20
mdp.39015034038862,43,0,1,winter,DATE,21,27
mdp.39015034038862,43,3,0,next summer's,DATE,12,25
mdp.39015034038862,43,6,0,postChristmas,DATE,3,16
mdp.39015034038862,43,6,1,The Interior Castle,WORK_OF_ART,139,158
mdp.39015034038862,43,6,2,the Tao Te Ching,WORK_OF_ART,181,197
mdp.39015034038862,43,6,3,A Treatise on Angel Magic,WORK_OF_ART,201,226
mdp.39015034038862,43,8,0,evenings,TIME,77,85
mdp.39015034038862,43,10,0,Ojibwa,NORP,83,89
mdp.39015034038862,43,10,1,dozen,CARDINAL,122,127
mdp.39015034038862,43,10,2,the Great Depression,EVENT,144,164
mdp.39015034038862,43,10,3,Turtle Mountain Reservation,LOC,179,206
mdp.39015034038862,43,11,0,Every January,DATE,0,13
mdp.39015034038862,43,11,1,forty,CARDINAL,39,44
mdp.39015034038862,43,12,0,Minnesota,GPE,3,12
mdp.39015034038862,43,12,1,Polish,NORP,13,19
mdp.39015034038862,43,12,2,Mary Korll,PERSON,58,68
mdp.39015034038862,43,12,3,27,CARDINAL,131,133
mdp.39015034038862,44,1,0,These days,DATE,0,10
mdp.39015034038862,44,2,0,Ziploc bags,CARDINAL,0,11
mdp.39015034038862,44,3,0,December,DATE,3,11
mdp.39015034038862,44,4,0,the arid subzero months,DATE,18,41
mdp.39015034038862,44,4,1,North Dakota,GPE,47,59
mdp.39015034038862,44,4,2,last year's,DATE,184,195
mdp.39015034038862,44,6,0,October,DATE,26,33
mdp.39015034038862,44,8,0,the winter,DATE,8,18
mdp.39015034038862,44,8,1,March,DATE,28,33
mdp.39015034038862,44,10,0,28,CARDINAL,30,32
mdp.39015034038862,45,2,0,Minnesota,GPE,29,38
mdp.39015034038862,45,4,0,six-foot,QUANTITY,79,87
mdp.39015034038862,45,4,1,Michael,PERSON,115,122
mdp.39015034038862,45,4,2,Siberian,NORP,137,145
mdp.39015034038862,45,5,0,Kentucky Wonder,PRODUCT,13,28
mdp.39015034038862,45,5,1,foot-long,QUANTITY,30,39
mdp.39015034038862,45,5,2,Jung,PERSON,56,60
mdp.39015034038862,45,7,0,Last year,DATE,0,9
mdp.39015034038862,45,7,1,a week,DATE,142,148
mdp.39015034038862,45,10,0,a quart,QUANTITY,92,99
mdp.39015034038862,45,10,1,two,CARDINAL,103,106
mdp.39015034038862,45,10,2,UPS,ORG,135,138
mdp.39015034038862,45,11,0,29,CARDINAL,41,43
mdp.39015034038862,46,0,0,LOUISE ERDRICH,PERSON,0,14
mdp.39015034038862,46,0,1,next spring,DATE,67,78
mdp.39015034038862,46,1,0,night,TIME,30,35
mdp.39015034038862,46,1,1,night,TIME,42,47
mdp.39015034038862,46,2,0,winter,DATE,21,27
mdp.39015034038862,46,6,0,Ojibwa,NORP,18,24
mdp.39015034038862,46,8,0,some ten million,CARDINAL,65,81
mdp.39015034038862,46,9,0,winter,DATE,45,51
mdp.39015034038862,46,9,1,two or three months,DATE,59,78
mdp.39015034038862,46,10,0,summer,DATE,95,101
mdp.39015034038862,46,11,0,Missouri,GPE,60,68
mdp.39015034038862,47,1,0,Iceland,GPE,89,96
mdp.39015034038862,47,1,1,two years ago,DATE,126,139
mdp.39015034038862,47,1,2,the Chateau Lake Louise,LOC,145,168
mdp.39015034038862,47,5,0,Vita Sackville-West's,ORG,37,58
mdp.39015034038862,47,5,1,Sissinghurst,GPE,79,91
mdp.39015034038862,47,8,0,Ethiopia,GPE,6,14
mdp.39015034038862,47,10,0,19th century,DATE,30,42
mdp.39015034038862,47,11,0,Australian,NORP,0,10
mdp.39015034038862,47,11,1,Peru,GPE,56,60
mdp.39015034038862,47,13,0,thousand,CARDINAL,40,48
mdp.39015034038862,47,13,1,China,GPE,97,102
mdp.39015034038862,47,13,2,Chicago,GPE,104,111
mdp.39015034038862,48,1,0,Japanese,NORP,8,16
mdp.39015034038862,48,2,0,Persian,NORP,7,14
mdp.39015034038862,48,5,0,French,NORP,68,74
mdp.39015034038862,48,5,1,Easter,DATE,88,94
mdp.39015034038862,48,5,2,Sandwich Island,GPE,126,141
mdp.39015034038862,48,7,0,more than one hundred pounds,QUANTITY,57,85
mdp.39015034038862,48,8,0,morning,TIME,13,20
mdp.39015034038862,48,10,0,Jacob,PERSON,56,61
mdp.39015034038862,48,10,1,Judas,PERSON,86,91
mdp.39015034038862,48,11,0,Essex,GPE,69,74
mdp.39015034038862,48,12,0,Chinese,NORP,34,41
mdp.39015034038862,48,12,1,Princeton University,ORG,125,145
mdp.39015034038862,48,15,0,Burpee,ORG,45,51
mdp.39015034038862,48,16,0,32,CARDINAL,51,53
mdp.39015034038862,49,1,0,August,DATE,183,189
mdp.39015034038862,49,3,0,one week,DATE,81,89
mdp.39015034038862,49,9,0,the year,DATE,111,119
mdp.39015034038862,49,11,0,33,CARDINAL,97,99
mdp.39015034038862,50,0,0,LOUISE ERDRICH,PERSON,0,14
mdp.39015034038862,50,2,0,winter summer,DATE,3,16
mdp.39015034038862,50,2,1,Arctic,LOC,124,130
mdp.39015034038862,51,1,0,Socrates,PERSON,55,63
mdp.39015034038862,51,2,0,the millennia,DATE,12,25
mdp.39015034038862,51,2,1,Socrates,PERSON,217,225
mdp.39015034038862,51,3,0,Genesis,WORK_OF_ART,84,91
mdp.39015034038862,51,4,0,Eve,PERSON,0,3
mdp.39015034038862,52,0,0,LOUISE ERDRICH,PERSON,0,14
mdp.39015034038862,52,1,0,Minnesota,GPE,21,30
mdp.39015034038862,52,1,1,a day,DATE,34,39
mdp.39015034038862,52,1,2,one,CARDINAL,84,87
mdp.39015034038862,52,2,0,seven,CARDINAL,9,14
mdp.39015034038862,52,5,0,Michael,PERSON,93,100
mdp.39015034038862,52,6,0,Charlotte Houde,PERSON,76,91
mdp.39015034038862,52,7,0,three,CARDINAL,34,39
mdp.39015034038862,52,8,0,Western,NORP,8,15
mdp.39015034038862,53,0,0,Charlotte,PERSON,95,104
mdp.39015034038862,53,5,0,Tasmin,PERSON,30,36
mdp.39015034038862,53,7,0,Chuck,PERSON,13,18
mdp.39015034038862,53,7,1,Tasmin,PERSON,23,29
mdp.39015034038862,53,7,2,many years,DATE,48,58
mdp.39015034038862,53,7,3,New Hampshire,GPE,95,108
mdp.39015034038862,54,0,0,LOUISE ERDRICH,PERSON,0,14
mdp.39015034038862,54,1,0,Havahart,PRODUCT,38,46
mdp.39015034038862,54,1,1,the Claremont Daily Eagle,ORG,134,159
mdp.39015034038862,54,3,0,fifty,CARDINAL,19,24
mdp.39015034038862,54,4,0,Chuck,PERSON,0,5
mdp.39015034038862,54,4,1,Tasmin,PERSON,10,16
mdp.39015034038862,54,4,2,Egyptian,NORP,30,38
mdp.39015034038862,54,4,3,years,DATE,105,110
mdp.39015034038862,54,7,0,Chuck,PERSON,10,15
mdp.39015034038862,54,8,0,Tasmin,PERSON,81,87
mdp.39015034038862,54,10,0,Chuck,PERSON,20,25
mdp.39015034038862,54,14,0,38,DATE,47,49
mdp.39015034038862,55,0,0,THE BLUE JAY'S,PERSON,0,14
mdp.39015034038862,55,1,0,late winter,DATE,3,14
mdp.39015034038862,55,3,0,four feet,QUANTITY,81,90
mdp.39015034038862,55,4,0,each winter,DATE,251,262
mdp.39015034038862,55,5,0,Chuck,PERSON,0,5
mdp.39015034038862,55,6,0,an uncertain February,DATE,6,27
mdp.39015034038862,55,7,0,one,CARDINAL,47,50
mdp.39015034038862,55,7,1,Woolworth's,ORG,69,80
mdp.39015034038862,55,7,2,twenty-nine-cent,MONEY,81,97
mdp.39015034038862,55,8,0,one,CARDINAL,8,11
mdp.39015034038862,55,9,0,Chuck,PERSON,8,13
mdp.39015034038862,55,10,0,39,CARDINAL,0,2
mdp.39015034038862,56,0,0,LOUISE ERDRICH,PERSON,0,14
mdp.39015034038862,56,1,0,Pumpkin Pond,LOC,102,114
mdp.39015034038862,56,3,0,Tasmin,PERSON,11,17
mdp.39015034038862,56,3,1,the next months,DATE,22,37
mdp.39015034038862,56,6,0,Some nights,DATE,0,11
mdp.39015034038862,56,6,1,some days,DATE,16,25
mdp.39015034038862,56,7,0,FIRST,ORDINAL,38,43
mdp.39015034038862,56,8,0,40,CARDINAL,65,67
mdp.39015034038862,57,0,0,JAY,PERSON,9,12
mdp.39015034038862,57,4,0,Michael,PERSON,47,54
mdp.39015034038862,57,8,0,first,ORDINAL,4,9
mdp.39015034038862,57,8,1,one,CARDINAL,77,80
mdp.39015034038862,57,9,0,Michael,PERSON,0,7
mdp.39015034038862,58,0,0,LOUISE,PERSON,0,6
mdp.39015034038862,58,6,0,first,ORDINAL,27,32
mdp.39015034038862,58,7,0,years,DATE,58,63
mdp.39015034038862,58,7,1,two,CARDINAL,86,89
mdp.39015034038862,58,8,0,first,ORDINAL,7,12
mdp.39015034038862,59,8,0,first,ORDINAL,63,68
mdp.39015034038862,59,10,0,43,CARDINAL,112,114
mdp.39015034038862,60,0,0,LOUISE ERDRICH,PERSON,0,14
mdp.39015034038862,61,4,0,one,CARDINAL,39,42
mdp.39015034038862,61,5,0,Michael,PERSON,54,61
mdp.39015034038862,61,8,0,the hours,TIME,3,12
mdp.39015034038862,61,8,1,one,CARDINAL,22,25
mdp.39015034038862,62,0,0,LOUISE ERDRICH,PERSON,0,14
mdp.39015034038862,62,2,0,Charlotte,PERSON,0,9
mdp.39015034038862,62,9,0,a billion,CARDINAL,51,60
mdp.39015034038862,62,12,0,46,CARDINAL,56,58
mdp.39015034038862,63,1,0,Christian,NORP,10,19
mdp.39015034038862,63,2,0,hours,TIME,95,100
mdp.39015034038862,64,0,0,LOUISE,PERSON,0,6
mdp.39015034038862,64,3,0,first,ORDINAL,13,18
mdp.39015034038862,64,3,1,Michael,PERSON,67,74
mdp.39015034038862,64,5,0,Irish,NORP,10,15
mdp.39015034038862,64,5,1,Michael,PERSON,19,26
mdp.39015034038862,64,5,2,Michael,PERSON,138,145
mdp.39015034038862,64,5,3,Modoc,PERSON,220,225
mdp.39015034038862,64,6,0,Michael,PERSON,43,50
mdp.39015034038862,64,10,0,48,CARDINAL,0,2
mdp.39015034038862,65,0,0,all winter,DATE,38,48
mdp.39015034038862,65,3,0,Lent,DATE,23,27
mdp.39015034038862,65,10,0,49,CARDINAL,49,51
mdp.39015034038862,66,0,0,LOUISE ERDRICH,PERSON,0,14
mdp.39015034038862,66,7,0,Michael,PERSON,42,49
mdp.39015034038862,66,9,0,three,CARDINAL,4,9
mdp.39015034038862,66,10,0,50,CARDINAL,0,2
mdp.39015034038862,67,0,0,II,CARDINAL,5,7
mdp.39015034038862,69,1,0,FIRST,ORDINAL,4,9
mdp.39015034038862,69,2,0,German,NORP,15,21
mdp.39015034038862,69,3,0,Michael,PERSON,10,17
mdp.39015034038862,69,11,0,Michael,PERSON,0,7
mdp.39015034038862,69,13,0,53,CARDINAL,0,2
mdp.39015034038862,70,0,0,LOUISE ERDRICH,PERSON,0,14
mdp.39015034038862,70,5,0,the first fleeting months,DATE,34,59
mdp.39015034038862,70,8,0,first,ORDINAL,16,21
mdp.39015034038862,70,9,0,54,DATE,68,70
mdp.39015034038862,71,0,0,fourth,ORDINAL,35,41
mdp.39015034038862,71,6,0,Michael,PERSON,148,155
mdp.39015034038862,71,11,0,One,CARDINAL,0,3
mdp.39015034038862,72,3,0,Last night,TIME,0,10
mdp.39015034038862,72,3,1,eleven,TIME,15,21
mdp.39015034038862,72,4,0,three,TIME,8,13
mdp.39015034038862,72,4,1,six,TIME,21,24
mdp.39015034038862,72,4,2,Michael,PERSON,41,48
mdp.39015034038862,72,5,0,nine A.M.,TIME,3,12
mdp.39015034038862,72,6,0,One,CARDINAL,0,3
mdp.39015034038862,72,13,0,every week,DATE,33,43
mdp.39015034038862,72,16,0,56,CARDINAL,3,5
mdp.39015034038862,73,2,0,EVERY MORNING,TIME,21,34
mdp.39015034038862,73,2,1,four-year-old,DATE,56,69
mdp.39015034038862,73,3,0,Star Wars,WORK_OF_ART,185,194
mdp.39015034038862,73,3,1,the years,DATE,280,289
mdp.39015034038862,73,9,0,One morning,TIME,0,11
mdp.39015034038862,73,9,1,57,CARDINAL,44,46
mdp.39015034038862,74,0,0,LOUISE ERDRICH,PERSON,0,14
mdp.39015034038862,74,6,0,March,DATE,0,5
mdp.39015034038862,74,7,0,Spring,DATE,0,6
mdp.39015034038862,74,9,0,ALL DAY,DATE,33,40
mdp.39015034038862,74,10,0,Every morning,TIME,0,13
mdp.39015034038862,74,12,0,winter,DATE,49,55
mdp.39015034038862,74,13,0,three,CARDINAL,4,9
mdp.39015034038862,74,13,1,around eleven o'clock 58,TIME,65,89
mdp.39015034038862,75,0,0,three,TIME,34,39
mdp.39015034038862,75,4,0,This morning,TIME,0,12
mdp.39015034038862,75,6,0,three,CARDINAL,49,54
mdp.39015034038862,75,8,0,four,CARDINAL,78,82
mdp.39015034038862,75,10,0,Each morning,TIME,0,12
mdp.39015034038862,75,11,0,Last spring,DATE,0,11
mdp.39015034038862,75,11,1,the oldest two,CARDINAL,13,27
mdp.39015034038862,75,11,2,five,CARDINAL,36,40
mdp.39015034038862,76,0,0,LOUISE ERDRICH,PERSON,0,14
mdp.39015034038862,76,0,1,last summer,DATE,20,31
mdp.39015034038862,76,0,2,seven,CARDINAL,88,93
mdp.39015034038862,76,0,3,two,CARDINAL,102,105
mdp.39015034038862,76,0,4,five,CARDINAL,121,125
mdp.39015034038862,76,3,0,almost twelve months later,DATE,5,31
mdp.39015034038862,76,3,1,seven,CARDINAL,62,67
mdp.39015034038862,76,3,2,three,CARDINAL,107,112
mdp.39015034038862,76,4,0,only feet,QUANTITY,42,51
mdp.39015034038862,76,5,0,early spring,DATE,25,37
mdp.39015034038862,76,5,1,morning,TIME,79,86
mdp.39015034038862,76,6,0,Only three,CARDINAL,0,10
mdp.39015034038862,76,9,0,60,CARDINAL,0,2
mdp.39015034038862,77,0,0,THE BLUE JAY'S,PERSON,0,14
mdp.39015034038862,77,1,0,half a foot,QUANTITY,44,55
mdp.39015034038862,77,3,0,One,CARDINAL,0,3
mdp.39015034038862,77,6,0,the Great Plains,LOC,3,19
mdp.39015034038862,77,6,1,spring,DATE,21,27
mdp.39015034038862,77,7,0,New Hampshire,GPE,7,20
mdp.39015034038862,77,7,1,spring,DATE,28,34
mdp.39015034038862,77,9,0,61,CARDINAL,7,9
mdp.39015034038862,78,0,0,hundreds of years,DATE,54,71
mdp.39015034038862,78,4,0,Today,DATE,0,5
mdp.39015034038862,78,8,0,Pretty Shield,PERSON,11,24
mdp.39015034038862,78,8,1,Crow Indian,NORP,28,39
mdp.39015034038862,78,8,2,Frank Linderman,PERSON,61,76
mdp.39015034038862,78,8,3,the turn of the century,DATE,84,107
mdp.39015034038862,78,9,0,the harshest winters,DATE,112,132
mdp.39015034038862,79,1,0,Linderman,PERSON,0,9
mdp.39015034038862,79,4,0,Crow,NORP,31,35
mdp.39015034038862,79,5,0,the month,DATE,14,23
mdp.39015034038862,79,6,0,the winter,DATE,8,18
mdp.39015034038862,79,6,1,up to,CARDINAL,42,47
mdp.39015034038862,79,6,2,seven,CARDINAL,48,53
mdp.39015034038862,79,17,0,63,CARDINAL,2,4
mdp.39015034038862,80,0,0,LOUISE ERDRICH,PERSON,0,14
mdp.39015034038862,80,5,0,This morning,TIME,0,12
mdp.39015034038862,80,6,0,three,CARDINAL,21,26
mdp.39015034038862,81,3,0,hours,TIME,52,57
mdp.39015034038862,81,7,0,millennial,DATE,14,24
mdp.39015034038862,81,7,1,Victorian,DATE,105,114
mdp.39015034038862,81,7,2,Angel of the House,WORK_OF_ART,115,133
mdp.39015034038862,81,7,3,sixties,DATE,138,145
mdp.39015034038862,81,7,4,seventies,DATE,150,159
mdp.39015034038862,81,7,5,Earth Goddess,WORK_OF_ART,160,173
mdp.39015034038862,82,0,0,LOUISE ERDRICH,PERSON,0,14
mdp.39015034038862,82,8,0,Hallmark,ORG,94,102
mdp.39015034038862,82,13,0,66,CARDINAL,0,2
mdp.39015034038862,83,0,0,ONE,CARDINAL,34,37
mdp.39015034038862,83,1,0,Baltimore,GPE,21,30
mdp.39015034038862,83,1,1,sixty-eight,DATE,145,156
mdp.39015034038862,83,2,0,Kleenex,PRODUCT,178,185
mdp.39015034038862,83,4,0,late fall,DATE,19,28
mdp.39015034038862,83,5,0,year,DATE,63,67
mdp.39015034038862,83,5,1,year,DATE,71,75
mdp.39015034038862,83,7,0,two springs ago,DATE,27,42
mdp.39015034038862,84,0,0,LOUISE ERDRICH,GPE,0,14
mdp.39015034038862,84,1,0,All last winter,DATE,0,15
mdp.39015034038862,84,1,1,each morning,TIME,39,51
mdp.39015034038862,84,1,2,all winter,DATE,142,152
mdp.39015034038862,84,1,3,last spring,DATE,251,262
mdp.39015034038862,84,4,0,autumn,DATE,57,63
mdp.39015034038862,85,6,0,years,DATE,4,9
mdp.39015034038862,85,8,0,seven,CARDINAL,8,13
mdp.39015034038862,85,8,1,age thirty,DATE,26,36
mdp.39015034038862,85,8,2,fourteen,CARDINAL,42,50
mdp.39015034038862,85,8,3,now,DATE,65,68
mdp.39015034038862,85,8,4,her midfifties,DATE,73,87
mdp.39015034038862,85,13,0,69,CARDINAL,0,2
mdp.39015034038862,86,0,0,LOUISE ERDRICH,PERSON,0,14
mdp.39015034038862,86,2,0,One raw,TIME,0,7
mdp.39015034038862,86,2,1,Baltimore,GPE,18,27
mdp.39015034038862,86,2,2,evening,TIME,28,35
mdp.39015034038862,86,2,3,Virginia Grandbois,PERSON,130,148
mdp.39015034038862,86,4,0,Mary Gourneau,PERSON,26,39
mdp.39015034038862,86,6,0,first,ORDINAL,61,66
mdp.39015034038862,86,9,0,two,CARDINAL,122,125
mdp.39015034038862,86,10,0,one day,DATE,44,51
mdp.39015034038862,86,11,0,Michael,PERSON,3,10
mdp.39015034038862,86,12,0,a no-sleep week,DATE,14,29
mdp.39015034038862,86,13,0,four in the morning,TIME,3,22
mdp.39015034038862,87,1,0,fourth night,TIME,0,12
mdp.39015034038862,87,3,0,Emergency,ORG,35,44
mdp.39015034038862,87,5,0,fifteen-minute,TIME,82,96
mdp.39015034038862,87,9,0,Morning,TIME,0,7
mdp.39015034038862,87,17,0,The hours 71,TIME,0,12
mdp.39015034038862,88,0,0,LOUISE ERDRICH,PERSON,0,14
mdp.39015034038862,88,2,0,May nights,DATE,0,10
mdp.39015034038862,88,7,0,Spanish,NORP,54,61
mdp.39015034038862,88,8,0,the night,TIME,8,17
mdp.39015034038862,88,10,0,midnight,TIME,14,22
mdp.39015034038862,88,12,0,72,CARDINAL,46,48
mdp.39015034038862,89,1,0,All night,TIME,0,9
mdp.39015034038862,89,3,0,weeks,DATE,4,9
mdp.39015034038862,89,3,1,eight or ten,CARDINAL,133,145
mdp.39015034038862,89,7,0,Five,CARDINAL,0,4
mdp.39015034038862,89,7,1,six,CARDINAL,6,9
mdp.39015034038862,89,7,2,eight,CARDINAL,11,16
mdp.39015034038862,89,7,3,twelve,CARDINAL,18,24
mdp.39015034038862,89,8,0,73,CARDINAL,0,2
mdp.39015034038862,90,0,0,LOUISE ERDRICH,PERSON,0,14
mdp.39015034038862,90,3,0,One,CARDINAL,0,3
mdp.39015034038862,90,6,0,Two seconds,TIME,0,11
mdp.39015034038862,90,7,0,Five seconds,TIME,0,12
mdp.39015034038862,90,8,0,six,CARDINAL,17,20
mdp.39015034038862,90,18,0,one,CARDINAL,83,86
mdp.39015034038862,91,3,0,first,ORDINAL,41,46
mdp.39015034038862,91,3,1,one,CARDINAL,62,65
mdp.39015034038862,91,3,2,one,CARDINAL,69,72
mdp.39015034038862,91,6,0,Morning,TIME,0,7
mdp.39015034038862,91,6,1,THE PAST EIGHT YEARS,DATE,52,72
mdp.39015034038862,91,8,0,two months,DATE,4,14
mdp.39015034038862,91,8,1,the last weeks,DATE,151,165
mdp.39015034038862,92,2,0,Every year,DATE,0,10
mdp.39015034038862,92,2,1,four or five,CARDINAL,21,33
mdp.39015034038862,92,3,0,last winter,DATE,17,28
mdp.39015034038862,92,5,0,two,CARDINAL,4,7
mdp.39015034038862,92,5,1,every year,DATE,19,29
mdp.39015034038862,92,9,0,76,CARDINAL,46,48
mdp.39015034038862,93,0,0,THE BLUE JAY'S,PERSON,0,14
mdp.39015034038862,93,7,0,Two weeks,DATE,0,9
mdp.39015034038862,93,11,0,One afternoon,TIME,0,13
mdp.39015034038862,93,12,0,four,CARDINAL,9,13
mdp.39015034038862,93,13,0,Luna,PERSON,0,4
mdp.39015034038862,93,13,1,the night,TIME,112,121
mdp.39015034038862,93,13,2,77,CARDINAL,148,150
mdp.39015034038862,94,0,0,LOUISE ERDRICH,PERSON,0,14
mdp.39015034038862,94,2,0,an hour,TIME,4,11
mdp.39015034038862,94,8,0,The next day,DATE,0,12
mdp.39015034038862,94,10,0,Greek,NORP,119,124
mdp.39015034038862,94,12,0,the next morning,TIME,48,64
mdp.39015034038862,94,15,0,a week,DATE,18,24
mdp.39015034038862,94,15,1,one,CARDINAL,50,53
mdp.39015034038862,94,17,0,78,CARDINAL,17,19
mdp.39015034038862,95,4,0,Ralph Waldo Emerson,PERSON,84,103
mdp.39015034038862,95,10,0,French,LANGUAGE,10,16
mdp.39015034038862,95,11,0,one day,DATE,49,56
mdp.39015034038862,95,12,0,Parisian,NORP,128,136
mdp.39015034038862,95,13,0,spring,DATE,17,23
mdp.39015034038862,96,0,0,LOUISE ERDRICH,PERSON,0,14
mdp.39015034038862,96,3,0,Each night,TIME,0,10
mdp.39015034038862,96,18,0,80,DATE,33,35
mdp.39015034038862,97,0,0,THE BLUE JAY'S,PERSON,0,14
mdp.39015034038862,97,1,0,This month,DATE,0,10
mdp.39015034038862,97,1,1,three,CARDINAL,28,33
mdp.39015034038862,97,14,0,81,CARDINAL,31,33
mdp.39015034038862,98,0,0,LOUISE ERDRICH,PERSON,0,14
mdp.39015034038862,98,1,0,EVERY DAY,DATE,22,31
mdp.39015034038862,98,1,1,EXACTLY 11:45,TIME,35,48
mdp.39015034038862,98,3,0,the same moment,TIME,98,113
mdp.39015034038862,98,3,1,every day,DATE,126,135
mdp.39015034038862,98,6,0,Cree,NORP,41,45
mdp.39015034038862,98,7,0,one,CARDINAL,9,12
mdp.39015034038862,98,11,0,82,CARDINAL,23,25
mdp.39015034038862,99,1,0,thirty to forty feet,QUANTITY,23,43
mdp.39015034038862,99,1,1,more than one,CARDINAL,74,87
mdp.39015034038862,99,1,2,years past,DATE,106,116
mdp.39015034038862,99,1,3,winter,DATE,136,142
mdp.39015034038862,99,2,0,thirtieth,ORDINAL,7,16
mdp.39015034038862,99,13,0,Chinese,NORP,66,73
mdp.39015034038862,100,0,0,LOUISE ERDRICH,PERSON,0,14
mdp.39015034038862,100,0,1,six months,DATE,53,63
mdp.39015034038862,100,8,0,these days,DATE,20,30
mdp.39015034038862,100,9,0,My working day,DATE,0,14
mdp.39015034038862,100,9,1,half,CARDINAL,17,21
mdp.39015034038862,100,10,0,DAYS,DATE,28,32
mdp.39015034038862,100,10,1,John McCauley,PERSON,109,122
mdp.39015034038862,100,10,2,Subaru,PRODUCT,181,187
mdp.39015034038862,100,10,3,84,DATE,204,206
mdp.39015034038862,101,1,0,the years,DATE,5,14
mdp.39015034038862,101,3,0,John,PERSON,17,21
mdp.39015034038862,101,6,0,spring,DATE,3,9
mdp.39015034038862,101,7,0,John,PERSON,0,4
mdp.39015034038862,101,9,0,Welcome Spring,EVENT,81,95
mdp.39015034038862,101,10,0,John,PERSON,16,20
mdp.39015034038862,101,12,0,Every spring,DATE,0,12
mdp.39015034038862,101,12,1,Ziploc,PRODUCT,26,32
mdp.39015034038862,101,15,0,New England,LOC,159,170
mdp.39015034038862,102,0,0,spring,DATE,18,24
mdp.39015034038862,102,10,0,two,CARDINAL,44,47
mdp.39015034038862,102,10,1,three,CARDINAL,51,56
mdp.39015034038862,103,5,0,two,CARDINAL,96,99
mdp.39015034038862,103,9,0,Maxfield Parrish,PERSON,88,104
mdp.39015034038862,103,9,1,Saturday Evening Post,ORG,122,143
mdp.39015034038862,104,0,0,LOUISE ERDRICH,PERSON,0,14
mdp.39015034038862,104,2,0,FIRST,ORDINAL,20,25
mdp.39015034038862,104,4,0,hours,TIME,85,90
mdp.39015034038862,104,6,0,second,ORDINAL,101,107
mdp.39015034038862,105,5,0,1940s,DATE,50,55
mdp.39015034038862,105,7,0,first,ORDINAL,3,8
mdp.39015034038862,105,7,1,fifteen hundred miles,QUANTITY,68,89
mdp.39015034038862,105,8,0,West,LOC,4,8
mdp.39015034038862,105,9,0,Red River Valley,LOC,12,28
mdp.39015034038862,106,0,0,LOUISE ERDRICH,PERSON,0,14
mdp.39015034038862,106,1,0,Russian,NORP,52,59
mdp.39015034038862,106,3,0,North Dakota,GPE,82,94
mdp.39015034038862,106,5,0,New England,LOC,48,59
mdp.39015034038862,106,7,0,Northeastern,NORP,52,64
mdp.39015034038862,106,10,0,some 90,CARDINAL,62,69
mdp.39015034038862,107,9,0,Duster,PRODUCT,59,65
mdp.39015034038862,107,10,0,New England,LOC,23,34
mdp.39015034038862,107,10,1,days,DATE,35,39
mdp.39015034038862,107,10,2,a spring day,DATE,76,88
mdp.39015034038862,107,14,0,German,NORP,94,100
mdp.39015034038862,107,14,1,Ojibwa,NORP,119,125
mdp.39015034038862,108,0,0,LOUISE ERDRICH,GPE,0,14
mdp.39015034038862,108,0,1,thousands and millions,CARDINAL,68,90
mdp.39015034038862,108,1,0,Windy days,DATE,0,10
mdp.39015034038862,108,4,0,windy days,DATE,116,126
mdp.39015034038862,108,6,0,days,DATE,3,7
mdp.39015034038862,108,12,0,five-year-old,DATE,135,148
mdp.39015034038862,108,12,1,92,DATE,217,219
mdp.39015034038862,109,5,0,Morning,TIME,0,7
mdp.39015034038862,109,19,0,fouryear-old,DATE,4,16
mdp.39015034038862,109,21,0,93,CARDINAL,5,7
mdp.39015034038862,110,0,0,LOUISE ERDRICH,PERSON,0,14
mdp.39015034038862,110,5,0,Ruth,PERSON,22,26
mdp.39015034038862,110,7,0,Japanese,NORP,0,8
mdp.39015034038862,110,8,0,only one,CARDINAL,80,88
mdp.39015034038862,110,12,0,94,CARDINAL,23,25
mdp.39015034038862,111,1,0,one,CARDINAL,13,16
mdp.39015034038862,111,2,0,New England,LOC,159,170
mdp.39015034038862,111,3,0,fifty-dollar,MONEY,10,22
mdp.39015034038862,111,3,1,five-dollar,MONEY,34,45
mdp.39015034038862,111,4,0,two,CARDINAL,33,36
mdp.39015034038862,111,10,0,years,DATE,70,75
mdp.39015034038862,111,11,0,Mary Korll,PERSON,24,34
mdp.39015034038862,111,13,0,a lifetime,DATE,29,39
mdp.39015034038862,111,13,1,two-year,DATE,89,97
mdp.39015034038862,111,14,0,95,CARDINAL,0,2
mdp.39015034038862,112,0,0,LOUISE ERDRICH,PERSON,0,14
mdp.39015034038862,112,6,0,New England,LOC,41,52
mdp.39015034038862,112,10,0,one day,DATE,20,27
mdp.39015034038862,112,10,1,Yankee,NORP,46,52
mdp.39015034038862,112,11,0,Ojibwa,GPE,185,191
mdp.39015034038862,112,12,0,1891,DATE,99,103
mdp.39015034038862,113,0,0,THE BLUE JAY'S,PERSON,0,14
mdp.39015034038862,113,6,0,summer,DATE,62,68
mdp.39015034038862,113,10,0,first,ORDINAL,3,8
mdp.39015034038862,113,11,0,first,ORDINAL,27,32
mdp.39015034038862,113,11,1,quarter,CARDINAL,33,40
mdp.39015034038862,113,11,2,the late eighteenth century,DATE,67,94
mdp.39015034038862,113,12,0,97,CARDINAL,31,33
mdp.39015034038862,114,0,0,LOUISE ERDRICH,ORG,0,14
mdp.39015034038862,114,0,1,1782,DATE,146,150
mdp.39015034038862,114,1,0,Russia,GPE,175,181
mdp.39015034038862,114,1,1,Crimea,GPE,190,196
mdp.39015034038862,114,2,0,Beaumarchais,PERSON,0,12
mdp.39015034038862,114,2,1,The Marriage of Figaro,WORK_OF_ART,23,45
mdp.39015034038862,114,2,2,the Articles of Confederation,WORK_OF_ART,51,80
mdp.39015034038862,114,3,0,Appalachians,LOC,21,33
mdp.39015034038862,114,3,1,Indian,NORP,44,50
mdp.39015034038862,114,3,2,Ojibwa,NORP,126,132
mdp.39015034038862,114,3,3,Anishinabe,NORP,136,146
mdp.39015034038862,114,6,0,1782,DATE,0,4
mdp.39015034038862,114,9,0,thirty-foot,QUANTITY,2,13
mdp.39015034038862,114,10,0,A hundred years,DATE,0,15
mdp.39015034038862,114,11,0,1882,DATE,0,4
mdp.39015034038862,115,1,0,British,NORP,4,11
mdp.39015034038862,115,1,1,Egypt,GPE,17,22
mdp.39015034038862,115,2,0,Close to two million,CARDINAL,0,20
mdp.39015034038862,115,2,1,Paris,GPE,37,42
mdp.39015034038862,115,2,2,Germany,GPE,48,55
mdp.39015034038862,115,2,3,Bismarck,PERSON,74,82
mdp.39015034038862,115,3,0,Erdrich,PERSON,25,32
mdp.39015034038862,115,3,1,Austria,GPE,59,66
mdp.39015034038862,115,3,2,Reichstal,LOC,83,92
mdp.39015034038862,115,3,3,Judaism,NORP,109,116
mdp.39015034038862,115,4,0,1882,DATE,0,4
mdp.39015034038862,115,5,0,Bauernhof,ORG,14,23
mdp.39015034038862,115,5,1,the Black Forest,LOC,45,61
mdp.39015034038862,115,6,0,Indian,NORP,16,22
mdp.39015034038862,115,6,1,West,LOC,60,64
mdp.39015034038862,115,7,0,Anishinabe,NORP,12,22
mdp.39015034038862,115,7,1,the Great Lakes,LOC,92,107
mdp.39015034038862,115,8,0,Turtle Mountain,LOC,4,19
mdp.39015034038862,115,8,1,1992,DATE,130,134
mdp.39015034038862,115,9,0,Spring,DATE,0,6
mdp.39015034038862,115,15,0,99,CARDINAL,2,4
mdp.39015034038862,116,0,0,LOUISE ERDRICH,PERSON,0,14
mdp.39015034038862,116,8,0,over two centuries,DATE,27,45
mdp.39015034038862,116,12,0,100,CARDINAL,60,63
mdp.39015034038862,117,3,0,Tons and tons,CARDINAL,0,13
mdp.39015034038862,118,0,0,LOUISE,PERSON,0,6
mdp.39015034038862,118,5,0,Rocky,PERSON,0,5
mdp.39015034038862,118,5,1,Chuck,PERSON,60,65
mdp.39015034038862,118,5,2,Tasmin,PERSON,70,76
mdp.39015034038862,118,7,0,THE night,TIME,0,9
mdp.39015034038862,118,12,0,102,CARDINAL,0,3
mdp.39015034038862,119,0,0,THE BLUE JAY'S,PERSON,0,14
mdp.39015034038862,119,1,0,Earlier that afternoon,TIME,0,22
mdp.39015034038862,119,3,0,daily,DATE,33,38
mdp.39015034038862,119,13,0,over two hundred years old,DATE,14,40
mdp.39015034038862,119,15,0,103,CARDINAL,51,54
mdp.39015034038862,120,0,0,LOUISE ERDRICH,PERSON,0,14
mdp.39015034038862,121,14,0,St. Bernard,PERSON,35,46
mdp.39015034038862,122,4,0,millions,CARDINAL,131,139
mdp.39015034038862,122,10,0,one,CARDINAL,50,53
mdp.39015034038862,122,13,0,106,CARDINAL,0,3
mdp.39015034038862,123,0,0,THE BLUE JAY'S,PERSON,0,14
mdp.39015034038862,123,3,0,the years,DATE,5,14
mdp.39015034038862,123,6,0,French,NORP,36,42
mdp.39015034038862,123,13,0,two,CARDINAL,76,79
mdp.39015034038862,124,0,0,LOUISE ERDRICH,PERSON,0,14
mdp.39015034038862,124,2,0,one winter,DATE,34,44
mdp.39015034038862,124,2,1,two,CARDINAL,99,102
mdp.39015034038862,124,3,0,Concord,GPE,101,108
mdp.39015034038862,124,3,1,one,CARDINAL,155,158
mdp.39015034038862,124,3,2,B,PERSON,440,441
mdp.39015034038862,125,0,0,THE BLUE JAY'S DANCE,WORK_OF_ART,0,20
mdp.39015034038862,125,1,0,moments,TIME,97,104
mdp.39015034038862,125,3,0,one,CARDINAL,45,48
mdp.39015034038862,125,7,0,B,PERSON,28,29
mdp.39015034038862,125,7,1,the following summer,DATE,114,134
mdp.39015034038862,125,10,0,109,CARDINAL,115,118
mdp.39015034038862,126,0,0,LOUISE ERDRICH,PERSON,0,14
mdp.39015034038862,127,0,0,III,CARDINAL,5,8
mdp.39015034038862,129,0,0,SOME DAYS,DATE,17,26
mdp.39015034038862,129,0,1,weeks,DATE,69,74
mdp.39015034038862,129,2,0,one,CARDINAL,29,32
mdp.39015034038862,129,5,0,Months,DATE,0,6
mdp.39015034038862,129,5,1,spring,DATE,33,39
mdp.39015034038862,129,5,2,one,CARDINAL,93,96
mdp.39015034038862,129,8,0,the first few months,DATE,203,223
mdp.39015034038862,129,8,1,113,CARDINAL,246,249
mdp.39015034038862,130,2,0,Most days,DATE,0,9
mdp.39015034038862,130,3,0,one,CARDINAL,29,32
mdp.39015034038862,130,6,0,those days,DATE,3,13
mdp.39015034038862,130,10,0,those dark and stupid days,DATE,4,30
mdp.39015034038862,130,15,0,five,TIME,47,51
mdp.39015034038862,130,15,1,six,TIME,74,77
mdp.39015034038862,131,1,0,Kentucky Fried Chicken,ORG,47,69
mdp.39015034038862,131,2,0,Brattle Square,FAC,171,185
mdp.39015034038862,131,3,0,one long year,DATE,45,58
mdp.39015034038862,131,3,1,the day,DATE,212,219
mdp.39015034038862,131,5,0,twenty years old,DATE,6,22
mdp.39015034038862,131,5,1,last night,TIME,172,182
mdp.39015034038862,131,7,0,Harrow,GPE,15,21
mdp.39015034038862,131,7,1,England,GPE,23,30
mdp.39015034038862,131,9,0,115,CARDINAL,12,15
mdp.39015034038862,132,0,0,LOUISE ERDRICH,PERSON,0,14
mdp.39015034038862,132,1,0,Eisenhower,PERSON,42,52
mdp.39015034038862,132,1,1,last night,TIME,81,91
mdp.39015034038862,132,5,0,third,ORDINAL,219,224
mdp.39015034038862,132,10,0,116,CARDINAL,0,3
mdp.39015034038862,133,7,0,Summer Pond,PERSON,0,11
mdp.39015034038862,133,8,0,Two years ago,DATE,0,13
mdp.39015034038862,133,8,1,the two centuries,DATE,66,83
mdp.39015034038862,133,9,0,117,CARDINAL,150,153
mdp.39015034038862,134,0,0,LOUISE,GPE,0,6
mdp.39015034038862,134,1,0,each summer,DATE,54,65
mdp.39015034038862,134,1,1,some years,DATE,109,119
mdp.39015034038862,134,2,0,half,CARDINAL,52,56
mdp.39015034038862,134,5,0,two years,DATE,8,17
mdp.39015034038862,134,12,0,days,DATE,55,59
mdp.39015034038862,134,13,0,118,CARDINAL,0,3
mdp.39015034038862,135,0,0,THE BLUE JAY'S,PERSON,0,14
mdp.39015034038862,135,1,0,First,ORDINAL,0,5
mdp.39015034038862,135,2,0,Canadian,NORP,113,121
mdp.39015034038862,135,2,1,the 1970s,DATE,157,166
mdp.39015034038862,135,2,2,winter,DATE,181,187
mdp.39015034038862,135,3,0,an open season,DATE,13,27
mdp.39015034038862,135,8,0,all November,DATE,188,200
mdp.39015034038862,135,12,0,119,CARDINAL,15,18
mdp.39015034038862,136,0,0,LOUISE ERDRICH,PERSON,0,14
mdp.39015034038862,136,0,1,every morning,TIME,27,40
mdp.39015034038862,136,1,0,three,CARDINAL,12,17
mdp.39015034038862,136,2,0,Canada,GPE,102,108
mdp.39015034038862,136,5,0,a dozen,CARDINAL,10,17
mdp.39015034038862,136,5,1,one,CARDINAL,120,123
mdp.39015034038862,136,10,0,night,TIME,3,8
mdp.39015034038862,136,12,0,Each morning,TIME,0,12
mdp.39015034038862,136,13,0,day,DATE,17,20
mdp.39015034038862,136,13,1,day,DATE,27,30
mdp.39015034038862,137,3,0,Christmas,DATE,189,198
mdp.39015034038862,137,6,0,English,NORP,37,44
mdp.39015034038862,137,6,1,121,CARDINAL,95,98
mdp.39015034038862,138,0,0,LOUISE ERDRICH,PERSON,0,14
mdp.39015034038862,138,0,1,New England,GPE,15,26
mdp.39015034038862,138,1,0,Mayflower,NORP,18,27
mdp.39015034038862,138,12,0,Michael,PERSON,0,7
mdp.39015034038862,138,12,1,The Broken Cord,WORK_OF_ART,27,42
mdp.39015034038862,138,12,2,122,CARDINAL,71,74
mdp.39015034038862,139,0,0,THE BLUE JAY'S DANCE,WORK_OF_ART,0,20
mdp.39015034038862,139,1,0,Adam,PERSON,7,11
mdp.39015034038862,139,2,0,Every afternoon,TIME,0,15
mdp.39015034038862,139,6,0,each day,DATE,8,16
mdp.39015034038862,139,6,1,thousand,CARDINAL,20,28
mdp.39015034038862,139,6,2,thousand,CARDINAL,46,54
mdp.39015034038862,139,7,0,Michael,PERSON,0,7
mdp.39015034038862,139,8,0,these precarious days,DATE,216,237
mdp.39015034038862,139,10,0,two,CARDINAL,81,84
mdp.39015034038862,139,11,0,second,ORDINAL,131,137
mdp.39015034038862,140,0,0,LOUISE ERDRICH,PERSON,0,14
mdp.39015034038862,140,5,0,about fifteen minutes,TIME,99,120
mdp.39015034038862,140,14,0,three days later,DATE,40,56
mdp.39015034038862,140,14,1,124,CARDINAL,106,109
mdp.39015034038862,141,0,0,Michael,PERSON,27,34
mdp.39015034038862,141,1,0,Ojibwa,NORP,40,46
mdp.39015034038862,141,2,0,summer,DATE,56,62
mdp.39015034038862,141,2,1,early in the morning,TIME,111,131
mdp.39015034038862,141,6,0,6,CARDINAL,26,27
mdp.39015034038862,141,6,1,1,CARDINAL,51,52
mdp.39015034038862,141,6,2,½ cup,QUANTITY,74,79
mdp.39015034038862,141,6,3,1 tablespoon,QUANTITY,103,115
mdp.39015034038862,141,6,4,1 tablespoon,QUANTITY,133,145
mdp.39015034038862,141,7,0,1,CARDINAL,31,32
mdp.39015034038862,141,7,1,125,CARDINAL,77,80
mdp.39015034038862,142,0,0,LOUISE ERDRICH,PERSON,0,14
mdp.39015034038862,142,0,1,1,CARDINAL,15,16
mdp.39015034038862,142,0,2,2,CARDINAL,54,55
mdp.39015034038862,142,1,0,1 teaspoon,QUANTITY,23,33
mdp.39015034038862,142,1,1,1,CARDINAL,41,42
mdp.39015034038862,142,1,2,1,CARDINAL,67,68
mdp.39015034038862,142,1,3,1,CARDINAL,94,95
mdp.39015034038862,142,5,0,2,CARDINAL,0,1
mdp.39015034038862,142,7,0,4,CARDINAL,35,36
mdp.39015034038862,142,8,0,One,CARDINAL,0,3
mdp.39015034038862,142,8,1,4-pound,QUANTITY,4,11
mdp.39015034038862,142,8,2,2 tablespoons,QUANTITY,36,49
mdp.39015034038862,142,8,3,1 cup,QUANTITY,57,62
mdp.39015034038862,142,8,4,1 clove,QUANTITY,84,91
mdp.39015034038862,142,8,5,4 cups,QUANTITY,114,120
mdp.39015034038862,142,8,6,1,CARDINAL,180,181
mdp.39015034038862,142,8,7,1 tablespoon,QUANTITY,214,226
mdp.39015034038862,142,8,8,¼ teaspoon,QUANTITY,257,267
mdp.39015034038862,142,8,9,126,CARDINAL,286,289
mdp.39015034038862,143,0,0,1/4 teaspoon,QUANTITY,21,33
mdp.39015034038862,143,0,1,1 cup,QUANTITY,49,54
mdp.39015034038862,143,0,2,1,CARDINAL,93,94
mdp.39015034038862,143,4,0,2,CARDINAL,0,1
mdp.39015034038862,143,7,0,3,CARDINAL,0,1
mdp.39015034038862,143,9,0,about 45 minutes,TIME,9,25
mdp.39015034038862,143,11,0,an additional 40 minutes,TIME,47,71
mdp.39015034038862,143,12,0,FENNEL RISOTTO,PERSON,0,14
mdp.39015034038862,143,13,0,1 pound,QUANTITY,17,24
mdp.39015034038862,143,13,1,2 to 3,CARDINAL,44,50
mdp.39015034038862,143,13,2,7 tablespoons,QUANTITY,77,90
mdp.39015034038862,143,13,3,1,CARDINAL,98,99
mdp.39015034038862,143,13,4,3 to 3 cups,QUANTITY,121,132
mdp.39015034038862,143,13,5,127,CARDINAL,149,152
mdp.39015034038862,144,0,0,LOUISE ERDRICH,PERSON,0,14
mdp.39015034038862,144,0,1,10 cups,QUANTITY,15,22
mdp.39015034038862,144,1,0,3/4 cup,QUANTITY,0,7
mdp.39015034038862,144,2,0,1,CARDINAL,0,1
mdp.39015034038862,144,3,0,2,CARDINAL,0,1
mdp.39015034038862,144,3,1,5 tablespoons,QUANTITY,8,21
mdp.39015034038862,144,4,0,3,CARDINAL,0,1
mdp.39015034038862,144,6,0,a cup,QUANTITY,8,13
mdp.39015034038862,144,7,0,4,CARDINAL,0,1
mdp.39015034038862,144,8,0,5,CARDINAL,0,1
mdp.39015034038862,144,10,0,2 to 3 minutes,TIME,78,92
mdp.39015034038862,144,12,0,4,CARDINAL,0,1
mdp.39015034038862,144,12,1,6,CARDINAL,5,6
mdp.39015034038862,144,12,2,2 cups,QUANTITY,16,22
mdp.39015034038862,144,12,3,6 tablespoons,QUANTITY,29,42
mdp.39015034038862,144,12,4,½ cup,QUANTITY,66,71
mdp.39015034038862,144,12,5,128,CARDINAL,90,93
mdp.39015034038862,145,0,0,10,CARDINAL,35,37
mdp.39015034038862,145,0,1,10,CARDINAL,56,58
mdp.39015034038862,145,0,2,2 tablespoons,QUANTITY,81,94
mdp.39015034038862,145,0,3,6,CARDINAL,111,112
mdp.39015034038862,145,0,4,¼ teaspoon,QUANTITY,128,138
mdp.39015034038862,145,0,5,¼ teaspoon,QUANTITY,151,161
mdp.39015034038862,145,0,6,4,CARDINAL,171,172
mdp.39015034038862,145,0,7,1,CARDINAL,195,196
mdp.39015034038862,145,3,0,10 minutes,TIME,35,45
mdp.39015034038862,145,4,0,2,CARDINAL,0,1
mdp.39015034038862,145,5,0,quarters,CARDINAL,23,31
mdp.39015034038862,145,6,0,30 to 40 minutes,TIME,45,61
mdp.39015034038862,145,7,0,6,CARDINAL,13,14
mdp.39015034038862,145,7,1,1 cup,QUANTITY,24,29
mdp.39015034038862,145,7,2,2 cups,QUANTITY,42,48
mdp.39015034038862,145,7,3,½ teaspoon,QUANTITY,63,73
mdp.39015034038862,145,7,4,129,CARDINAL,83,86
mdp.39015034038862,146,0,0,LOUISE ERDRICH,PERSON,0,14
mdp.39015034038862,146,0,1,¼ teaspoon salt,QUANTITY,15,30
mdp.39015034038862,146,0,2,6,CARDINAL,31,32
mdp.39015034038862,146,0,3,1,CARDINAL,52,53
mdp.39015034038862,146,1,0,6,CARDINAL,50,51
mdp.39015034038862,146,2,0,5 minutes,TIME,42,51
mdp.39015034038862,146,3,0,2,CARDINAL,0,1
mdp.39015034038862,146,5,0,two,CARDINAL,11,14
mdp.39015034038862,146,6,0,10 to 12 minutes,TIME,11,27
mdp.39015034038862,146,9,0,3,CARDINAL,0,1
mdp.39015034038862,146,13,0,84,CARDINAL,20,22
mdp.39015034038862,146,13,1,½ cup,QUANTITY,37,42
mdp.39015034038862,146,13,2,1 teaspoon,QUANTITY,71,81
mdp.39015034038862,146,13,3,1 teaspoon,QUANTITY,94,104
mdp.39015034038862,146,13,4,1/4 teaspoon,QUANTITY,114,126
mdp.39015034038862,146,13,5,1 cup,QUANTITY,132,137
mdp.39015034038862,146,13,6,1,CARDINAL,144,145
mdp.39015034038862,146,13,7,2 cups,QUANTITY,156,162
mdp.39015034038862,146,13,8,1 teaspoon,QUANTITY,205,215
mdp.39015034038862,146,13,9,130,CARDINAL,232,235
mdp.39015034038862,147,0,0,1,CARDINAL,21,22
mdp.39015034038862,147,1,0,350 degrees,QUANTITY,16,27
mdp.39015034038862,147,2,0,2,CARDINAL,0,1
mdp.39015034038862,147,6,0,3,CARDINAL,0,1
mdp.39015034038862,147,7,0,half-inch,QUANTITY,22,31
mdp.39015034038862,147,9,0,8 minutes,TIME,9,18
mdp.39015034038862,147,11,0,about 24,CARDINAL,23,31
mdp.39015034038862,147,11,1,1/4 cup,QUANTITY,38,45
mdp.39015034038862,147,11,2,2 tablespoons,QUANTITY,60,73
mdp.39015034038862,147,11,3,4 tablespoons,QUANTITY,83,96
mdp.39015034038862,147,11,4,4 cups,QUANTITY,125,131
mdp.39015034038862,147,11,5,½ cup,QUANTITY,145,150
mdp.39015034038862,147,11,6,1 cup,QUANTITY,168,173
mdp.39015034038862,147,11,7,About ¼ cup,QUANTITY,187,198
mdp.39015034038862,147,11,8,1,CARDINAL,209,210
mdp.39015034038862,147,12,0,30 minutes,TIME,72,82
mdp.39015034038862,147,14,0,131,CARDINAL,0,3
mdp.39015034038862,148,0,0,LOUISE ERDRICH,PERSON,0,14
mdp.39015034038862,148,1,0,2,CARDINAL,0,1
mdp.39015034038862,148,4,0,3,CARDINAL,0,1
mdp.39015034038862,148,6,0,1 hour,TIME,26,32
mdp.39015034038862,148,7,0,4,CARDINAL,0,1
mdp.39015034038862,148,7,1,8-inch,QUANTITY,21,27
mdp.39015034038862,148,9,0,5,CARDINAL,0,1
mdp.39015034038862,148,9,1,350 degrees,QUANTITY,30,41
mdp.39015034038862,148,9,2,15 to 20 minutes,TIME,46,62
mdp.39015034038862,149,0,0,THE BLUE JAY'S,PERSON,0,14
mdp.39015034038862,149,1,0,fifteen minutes,TIME,15,30
mdp.39015034038862,149,13,0,four-year-old,DATE,62,75
mdp.39015034038862,150,2,0,a thousand,CARDINAL,83,93
mdp.39015034038862,150,3,0,every day,DATE,19,28
mdp.39015034038862,150,8,0,late in the afternoon,TIME,40,61
mdp.39015034038862,150,14,0,BRITISH,NORP,4,11
mdp.39015034038862,150,14,1,D. W. WINNIcott,PERSON,26,41
mdp.39015034038862,151,3,0,hours,TIME,9,14
mdp.39015034038862,151,5,0,Ojibwa,LANGUAGE,4,10
mdp.39015034038862,151,7,0,WINNICOTT,PERSON,0,9
mdp.39015034038862,152,8,0,five-yearold,DATE,39,51
mdp.39015034038862,152,9,0,136,CARDINAL,33,36
mdp.39015034038862,153,13,0,137,CARDINAL,37,40
mdp.39015034038862,154,0,0,LOUISE ERDRICH,PERSON,0,14
mdp.39015034038862,154,8,0,Three,CARDINAL,0,5
mdp.39015034038862,154,8,1,Mary Lefavor,PERSON,18,30
mdp.39015034038862,154,8,2,Ojibwa,NORP,47,53
mdp.39015034038862,154,8,3,French,NORP,55,61
mdp.39015034038862,154,8,4,Scots,NORP,67,72
mdp.39015034038862,154,8,5,Selkirkers,PERSON,102,112
mdp.39015034038862,154,8,6,Rudolph,PERSON,116,123
mdp.39015034038862,154,8,7,first,ORDINAL,154,159
mdp.39015034038862,154,9,0,No more than ten or eleven years old,DATE,0,36
mdp.39015034038862,154,9,1,Christ,PERSON,91,97
mdp.39015034038862,154,13,0,138,CARDINAL,0,3
mdp.39015034038862,155,1,0,fourteen,DATE,3,11
mdp.39015034038862,155,4,0,her wedding day,DATE,30,45
mdp.39015034038862,155,6,0,the Turtle Mountain Reservation,FAC,15,46
mdp.39015034038862,155,7,0,Ralph Erdrich,PERSON,0,13
mdp.39015034038862,155,10,0,so many decades,DATE,155,170
mdp.39015034038862,155,11,0,seven,DATE,20,25
mdp.39015034038862,156,1,0,Christ,PERSON,204,210
mdp.39015034038862,156,6,0,Confirmation,WORK_OF_ART,50,62
mdp.39015034038862,156,13,0,first,ORDINAL,57,62
mdp.39015034038862,156,17,0,about a decade,DATE,9,23
mdp.39015034038862,156,17,1,just one,CARDINAL,53,61
mdp.39015034038862,156,18,0,140,CARDINAL,26,29
mdp.39015034038862,157,8,0,one,CARDINAL,46,49
mdp.39015034038862,157,13,0,141,CARDINAL,0,3
mdp.39015034038862,158,0,0,LOUISE ERDRICH,GPE,0,14
mdp.39015034038862,158,0,1,Summer,DATE,28,34
mdp.39015034038862,158,1,0,last night's,TIME,78,90
mdp.39015034038862,158,2,0,the night,TIME,41,50
mdp.39015034038862,158,4,0,Quebec,GPE,24,30
mdp.39015034038862,158,10,0,two,CARDINAL,29,32
mdp.39015034038862,159,5,0,rose nights,TIME,19,30
mdp.39015034038862,159,7,0,the hours,TIME,59,68
mdp.39015034038862,159,8,0,143,CARDINAL,0,3
mdp.39015034038862,160,0,0,LOUISE ERDRICH,PERSON,0,14
mdp.39015034038862,160,4,0,Jane Austen,PERSON,0,11
mdp.39015034038862,160,5,0,Mary Wollstonecraft,PERSON,0,19
mdp.39015034038862,160,6,0,Charlotte Brontë,PERSON,0,16
mdp.39015034038862,160,6,1,morning,TIME,83,90
mdp.39015034038862,160,7,0,Anne Brontë,PERSON,0,11
mdp.39015034038862,160,7,1,Emily Brontë,PERSON,16,28
mdp.39015034038862,160,8,0,George Eliot,PERSON,0,12
mdp.39015034038862,160,8,1,Mary Ann Evans,PERSON,21,35
mdp.39015034038862,160,10,0,George Sand,PERSON,0,11
mdp.39015034038862,160,10,1,Harriet Beecher Stowe,PERSON,13,34
mdp.39015034038862,160,10,2,Elizabeth Gaskell,PERSON,36,53
mdp.39015034038862,160,11,0,Emily Dickinson,PERSON,0,15
mdp.39015034038862,160,12,0,Virginia Woolf,PERSON,0,14
mdp.39015034038862,160,13,0,Willa Cather,PERSON,0,12
mdp.39015034038862,160,13,1,Jean Rhys,PERSON,14,23
mdp.39015034038862,160,13,2,Djuna Barnes,PERSON,25,37
mdp.39015034038862,160,13,3,Isak Dinesen,PERSON,39,51
mdp.39015034038862,160,14,0,Kay Boyle,PERSON,0,9
mdp.39015034038862,160,14,1,Meridel LeSueur,PERSON,14,29
mdp.39015034038862,160,15,0,Sigrid Undset,PERSON,0,13
mdp.39015034038862,160,15,1,Anna Akhmatova,PERSON,29,43
mdp.39015034038862,160,16,0,Zora Neale Hurston,PERSON,0,18
mdp.39015034038862,160,16,1,Dorothy Parker,PERSON,20,34
mdp.39015034038862,160,16,2,Lillian Hellman,PERSON,36,51
mdp.39015034038862,160,20,0,Grace Paley,PERSON,0,11
mdp.39015034038862,160,20,1,Tillie Olsen,PERSON,13,25
mdp.39015034038862,160,21,0,Toni Morrison,PERSON,0,13
mdp.39015034038862,160,22,0,Anne Sexton,PERSON,0,11
mdp.39015034038862,160,23,0,Adrienne Rich,PERSON,0,13
mdp.39015034038862,160,24,0,Anne Tyler,PERSON,0,10
mdp.39015034038862,160,24,1,Erica Jong,PERSON,12,22
mdp.39015034038862,160,24,2,Alice Walker,PERSON,24,36
mdp.39015034038862,160,24,3,Alice Munro,PERSON,38,49
mdp.39015034038862,160,24,4,Alice Hoffman,PERSON,55,68
mdp.39015034038862,160,26,0,Joan Didion,PERSON,0,11
mdp.39015034038862,160,27,0,Mary 144,PERSON,0,8
mdp.39015034038862,161,0,0,Gordon,PERSON,21,27
mdp.39015034038862,161,1,0,Rosellen Brown,PERSON,0,14
mdp.39015034038862,161,1,1,Robb Forman Dew,PERSON,16,31
mdp.39015034038862,161,1,2,Josephine Humphreys,PERSON,37,56
mdp.39015034038862,161,1,3,Mona Simpson,PERSON,61,73
mdp.39015034038862,161,3,0,Isabel Allende,PERSON,0,14
mdp.39015034038862,161,3,1,Jayne Anne Phillips,PERSON,16,35
mdp.39015034038862,161,3,2,Linda Hogan,PERSON,37,48
mdp.39015034038862,161,3,3,Sharon Olds,PERSON,50,61
mdp.39015034038862,161,3,4,Louise Glück,PERSON,63,75
mdp.39015034038862,161,3,5,Jane Smiley,PERSON,77,88
mdp.39015034038862,161,8,0,Jane Smiley's,PERSON,26,39
mdp.39015034038862,161,8,1,Can Mothers Think,WORK_OF_ART,66,83
mdp.39015034038862,161,15,0,145,CARDINAL,31,34
mdp.39015034038862,162,4,0,half,CARDINAL,69,73
mdp.39015034038862,162,7,0,first,ORDINAL,67,72
mdp.39015034038862,162,10,0,146,CARDINAL,0,3
mdp.39015034038862,163,5,0,Toni Morrison's,PERSON,41,56
mdp.39015034038862,163,5,1,Sethe,PERSON,57,62
mdp.39015034038862,163,8,0,Sethe,PERSON,33,38
mdp.39015034038862,163,10,0,Sigrid Undset's,PERSON,0,15
mdp.39015034038862,163,10,1,Kristin Lavransdatter,PERSON,30,51
mdp.39015034038862,164,0,0,LOUISE ERDRICH,PERSON,0,14
mdp.39015034038862,164,1,0,One day,DATE,0,7
mdp.39015034038862,164,1,1,Thomas Mann,PERSON,136,147
mdp.39015034038862,164,1,2,James Joyce,PERSON,151,162
mdp.39015034038862,164,3,0,Frost,PERSON,24,29
mdp.39015034038862,164,3,1,Blake,PERSON,116,121
mdp.39015034038862,164,4,0,two,CARDINAL,37,40
mdp.39015034038862,164,4,1,Hemingway,PERSON,62,71
mdp.39015034038862,164,4,2,Nick Adams,PERSON,74,84
mdp.39015034038862,164,4,3,Keats,PERSON,139,144
mdp.39015034038862,164,8,0,five,CARDINAL,10,14
mdp.39015034038862,164,9,0,148,CARDINAL,26,29
mdp.39015034038862,165,0,0,THE BLUE JAY'S,PERSON,0,14
mdp.39015034038862,165,1,0,Week,DATE,0,4
mdp.39015034038862,165,1,1,week,DATE,11,15
mdp.39015034038862,165,11,0,one,CARDINAL,152,155
mdp.39015034038862,165,13,0,late summer,DATE,6,17
mdp.39015034038862,166,0,0,two,CARDINAL,35,38
mdp.39015034038862,166,4,0,New Hampshire's,GPE,4,19
mdp.39015034038862,166,4,1,about half,CARDINAL,33,43
mdp.39015034038862,166,4,2,Vermont,GPE,56,63
mdp.39015034038862,166,7,0,Vermont,GPE,0,7
mdp.39015034038862,166,7,1,winter,DATE,56,62
mdp.39015034038862,166,10,0,Northeast,LOC,76,85
mdp.39015034038862,166,12,0,fifteen feet,QUANTITY,22,34
mdp.39015034038862,166,12,1,a hundred years ago,DATE,87,106
mdp.39015034038862,166,19,0,150,CARDINAL,63,66
mdp.39015034038862,167,9,0,one,CARDINAL,9,12
mdp.39015034038862,167,20,0,151,CARDINAL,14,17
mdp.39015034038862,168,0,0,LOUISE ERDRICH,PERSON,0,14
mdp.39015034038862,168,6,0,the first night,DATE,12,27
mdp.39015034038862,168,6,1,more than a foot,QUANTITY,64,80
mdp.39015034038862,168,7,0,First,ORDINAL,0,5
mdp.39015034038862,168,10,0,nights,TIME,4,10
mdp.39015034038862,168,11,0,two,CARDINAL,40,43
mdp.39015034038862,168,11,1,half,CARDINAL,73,77
mdp.39015034038862,168,12,0,the deepest hour,TIME,29,45
mdp.39015034038862,168,13,0,152,CARDINAL,29,32
mdp.39015034038862,169,5,0,the hour,TIME,3,11
mdp.39015034038862,169,5,1,five-year-old,DATE,53,66
mdp.39015034038862,169,12,0,Tonight,TIME,0,7
mdp.39015034038862,169,12,1,two,CARDINAL,48,51
mdp.39015034038862,169,13,0,THIS MORNING,TIME,11,23
mdp.39015034038862,169,13,1,BABY,PERSON,27,31
mdp.39015034038862,169,13,2,153,CARDINAL,104,107
mdp.39015034038862,170,0,0,LOUISE,PERSON,0,6
mdp.39015034038862,170,3,0,Rocky,PERSON,0,5
mdp.39015034038862,170,3,1,two,CARDINAL,12,15
mdp.39015034038862,170,4,0,most days,DATE,65,74
mdp.39015034038862,170,8,0,two,CARDINAL,67,70
mdp.39015034038862,170,8,1,Chinese,NORP,79,86
mdp.39015034038862,170,10,0,days,DATE,4,8
mdp.39015034038862,171,0,0,third,ORDINAL,28,33
mdp.39015034038862,171,5,0,Chuck,PERSON,0,5
mdp.39015034038862,171,6,0,Chuck,PERSON,30,35
mdp.39015034038862,171,12,0,155,CARDINAL,0,3
mdp.39015034038862,172,0,0,LOUISE ERDRICH,PERSON,0,14
mdp.39015034038862,172,0,1,the first week,DATE,76,90
mdp.39015034038862,172,1,0,The second week,DATE,0,15
mdp.39015034038862,172,4,0,Every morning,TIME,0,13
mdp.39015034038862,172,12,0,Chuck,PERSON,37,42
mdp.39015034038862,172,14,0,Chuck,PERSON,25,30
mdp.39015034038862,172,18,0,156,CARDINAL,48,51
mdp.39015034038862,173,8,0,One,CARDINAL,0,3
mdp.39015034038862,173,8,1,one,CARDINAL,7,10
mdp.39015034038862,173,9,0,first,ORDINAL,38,43
mdp.39015034038862,173,12,0,second,ORDINAL,44,50
mdp.39015034038862,173,13,0,Chuck,PERSON,77,82
mdp.39015034038862,173,13,1,Chuck,PERSON,92,97
mdp.39015034038862,173,14,0,Persian,NORP,21,28
mdp.39015034038862,173,14,1,157,CARDINAL,39,42
mdp.39015034038862,174,0,0,LOUISE ERDRICH,PERSON,0,14
mdp.39015034038862,174,1,0,one,CARDINAL,5,8
mdp.39015034038862,174,6,0,one hour later,TIME,9,23
mdp.39015034038862,174,8,0,several days,DATE,19,31
mdp.39015034038862,174,10,0,the second day,DATE,3,17
mdp.39015034038862,174,12,0,the end of day three,DATE,3,23
mdp.39015034038862,174,14,0,day four,DATE,3,11
mdp.39015034038862,174,15,0,Francis,PERSON,0,7
mdp.39015034038862,175,0,0,Francis,PERSON,73,80
mdp.39015034038862,176,0,0,LOUISE ERDRICH,PERSON,0,14
mdp.39015034038862,176,1,0,Lombardy,NORP,41,49
mdp.39015034038862,176,5,0,Ojibwa,GPE,35,41
mdp.39015034038862,176,6,0,the Salish Kootenai,NORP,3,22
mdp.39015034038862,176,7,0,Yurok,NORP,2,7
mdp.39015034038862,176,12,0,160,CARDINAL,203,206
mdp.39015034038862,177,4,0,years,DATE,31,36
mdp.39015034038862,177,5,0,Some days,DATE,0,9
mdp.39015034038862,177,5,1,a thousand,CARDINAL,25,35
mdp.39015034038862,177,5,2,one,CARDINAL,59,62
mdp.39015034038862,177,5,3,one,CARDINAL,76,79
mdp.39015034038862,177,5,4,one,CARDINAL,107,110
mdp.39015034038862,177,5,5,one,CARDINAL,129,132
mdp.39015034038862,177,9,0,161,CARDINAL,0,3
mdp.39015034038862,178,0,0,LOUISE ERDRICH,PERSON,0,14
mdp.39015034038862,178,6,0,first,ORDINAL,3,8
mdp.39015034038862,178,8,0,one,CARDINAL,22,25
mdp.39015034038862,178,9,0,a deep night,TIME,6,18
mdp.39015034038862,178,10,0,fifteen minutes,TIME,20,35
mdp.39015034038862,178,11,0,162,CARDINAL,7,10
mdp.39015034038862,179,2,0,The next day,DATE,0,12
mdp.39015034038862,179,4,0,Francis,PERSON,25,32
mdp.39015034038862,179,10,0,second,ORDINAL,43,49
mdp.39015034038862,179,10,1,Francis,PERSON,146,153
mdp.39015034038862,179,14,0,Francis,PERSON,13,20
mdp.39015034038862,179,14,1,the next day,DATE,21,33
mdp.39015034038862,180,0,0,LOUISE,PERSON,0,6
mdp.39015034038862,180,0,1,Francis,PERSON,20,27
mdp.39015034038862,180,0,2,a day,DATE,118,123
mdp.39015034038862,180,1,0,Francis,PERSON,29,36
mdp.39015034038862,180,5,0,Francis,PERSON,7,14
mdp.39015034038862,180,5,1,that evening,TIME,42,54
mdp.39015034038862,180,5,2,the morning,TIME,90,101
mdp.39015034038862,180,6,0,Francis,PERSON,81,88
mdp.39015034038862,180,8,0,Polish,NORP,77,83
mdp.39015034038862,180,9,0,164,CARDINAL,0,3
mdp.39015034038862,181,0,0,IV,CARDINAL,5,7
mdp.39015034038862,183,0,0,FOURTEEN,DATE,24,32
mdp.39015034038862,183,0,1,North Dakota,GPE,53,65
mdp.39015034038862,183,0,2,September,DATE,110,119
mdp.39015034038862,183,1,0,Fall,DATE,0,4
mdp.39015034038862,183,1,1,the Red River Valley,LOC,27,47
mdp.39015034038862,183,2,0,forty-yard,QUANTITY,44,54
mdp.39015034038862,183,7,0,two,CARDINAL,10,13
mdp.39015034038862,183,8,0,167,CARDINAL,55,58
mdp.39015034038862,184,0,0,LOUISE ERDRICH,PERSON,0,14
mdp.39015034038862,184,3,0,that night,TIME,81,91
mdp.39015034038862,184,5,0,a mile,QUANTITY,153,159
mdp.39015034038862,184,5,1,two,CARDINAL,163,166
mdp.39015034038862,185,0,0,Moby-Dick,WORK_OF_ART,54,63
mdp.39015034038862,185,5,0,Taoist,NORP,33,39
mdp.39015034038862,185,5,1,Chuang Tzu,PERSON,52,62
mdp.39015034038862,185,6,0,Death and Consciousness,WORK_OF_ART,17,40
mdp.39015034038862,185,6,1,David H. Lund,PERSON,42,55
mdp.39015034038862,186,0,0,LOUISE ERDRICH,PERSON,0,14
mdp.39015034038862,186,3,0,the years,DATE,5,14
mdp.39015034038862,186,4,0,a few idiotic years,DATE,211,230
mdp.39015034038862,186,4,1,Virginia Blond,PRODUCT,267,281
mdp.39015034038862,186,7,0,today,DATE,39,44
mdp.39015034038862,186,7,1,tomorrow,DATE,58,66
mdp.39015034038862,186,8,0,170,CARDINAL,13,16
mdp.39015034038862,187,7,0,Alpine,NORP,176,182
mdp.39015034038862,187,9,0,dawn,TIME,10,14
mdp.39015034038862,187,13,0,Eighth Street,FAC,3,16
mdp.39015034038862,187,17,0,171,CARDINAL,11,14
mdp.39015034038862,188,7,0,One,CARDINAL,0,3
mdp.39015034038862,188,7,1,Valley City,GPE,81,92
mdp.39015034038862,188,7,2,North Dakota,GPE,94,106
mdp.39015034038862,188,8,0,the Winter Show,EVENT,22,37
mdp.39015034038862,188,8,1,Rudolph Hotel,FAC,50,63
mdp.39015034038862,188,8,2,week,DATE,82,86
mdp.39015034038862,188,10,0,less than ten dollars,MONEY,138,159
mdp.39015034038862,188,11,0,Valley City,LOC,31,42
mdp.39015034038862,189,0,0,Salvation Army,ORG,41,55
mdp.39015034038862,189,2,0,that particular frigid,TIME,3,25
mdp.39015034038862,189,6,0,miles,CARDINAL,25,30
mdp.39015034038862,189,6,1,the Great Plains,LOC,102,118
mdp.39015034038862,190,0,0,LOUISE ERDRICH,PERSON,0,14
mdp.39015034038862,190,3,0,MANY years,DATE,33,43
mdp.39015034038862,190,3,1,New Hampshire,GPE,67,80
mdp.39015034038862,190,7,0,three,CARDINAL,24,29
mdp.39015034038862,190,8,0,a hundred feet,QUANTITY,134,148
mdp.39015034038862,190,9,0,174,CARDINAL,202,205
mdp.39015034038862,191,0,0,THE BLUE JAY'S,PERSON,0,14
mdp.39015034038862,191,3,0,miles,CARDINAL,31,36
mdp.39015034038862,191,6,0,New Hampshire,GPE,120,133
mdp.39015034038862,191,7,0,forty square miles,QUANTITY,3,21
mdp.39015034038862,191,7,1,"more than 25,000 acres",QUANTITY,22,44
mdp.39015034038862,191,10,0,half-ton,QUANTITY,12,20
mdp.39015034038862,191,11,0,175,CARDINAL,81,84
mdp.39015034038862,192,5,0,the Blue Mountain Forest Association,ORG,193,229
mdp.39015034038862,192,6,0,that day,DATE,30,38
mdp.39015034038862,192,6,1,two,CARDINAL,48,51
mdp.39015034038862,192,10,0,Valley City,LOC,27,38
mdp.39015034038862,193,0,0,THE BLUE JAY'S,PERSON,0,14
mdp.39015034038862,193,2,0,deep nights,DATE,52,63
mdp.39015034038862,193,2,1,windy nights,DATE,65,77
mdp.39015034038862,193,3,0,acres upon indifferent acres,QUANTITY,142,170
mdp.39015034038862,193,6,0,Corbin's Park,FAC,27,40
mdp.39015034038862,193,6,1,Austin Corbin,PERSON,60,73
mdp.39015034038862,193,6,2,the late nineteenth century,DATE,128,155
mdp.39015034038862,193,6,3,275,CARDINAL,161,164
mdp.39015034038862,193,7,0,thirty,CARDINAL,85,91
mdp.39015034038862,193,8,0,Ernest Harold Bayne,PERSON,38,57
mdp.39015034038862,194,0,0,LOUISE ERDRICH,PERSON,0,14
mdp.39015034038862,194,0,1,1915,DATE,102,106
mdp.39015034038862,194,0,2,the American Bison Society,ORG,107,133
mdp.39015034038862,194,0,3,Bayne,PERSON,144,149
mdp.39015034038862,194,3,0,Ruger Arms,ORG,13,23
mdp.39015034038862,194,3,1,Corbin,PERSON,80,86
mdp.39015034038862,194,5,0,SOME MONTHS,DATE,4,15
mdp.39015034038862,194,6,0,most days,DATE,18,27
mdp.39015034038862,194,11,0,178,CARDINAL,0,3
mdp.39015034038862,195,0,0,THE BLUE JAY'S DANCE,WORK_OF_ART,0,20
mdp.39015034038862,195,1,0,British,NORP,4,11
mdp.39015034038862,195,1,1,Adam Phillips,PERSON,28,41
mdp.39015034038862,195,3,0,Oedipus,PERSON,37,44
mdp.39015034038862,195,9,0,Phillips,PERSON,21,29
mdp.39015034038862,195,10,0,179,CARDINAL,35,38
mdp.39015034038862,196,0,0,LOUISE ERDRICH,PERSON,0,14
mdp.39015034038862,196,9,0,one clear morning,TIME,6,23
mdp.39015034038862,196,9,1,Michael,PERSON,31,38
mdp.39015034038862,197,0,0,second,ORDINAL,55,61
mdp.39015034038862,197,3,0,half,CARDINAL,5,9
mdp.39015034038862,197,5,0,Two,CARDINAL,0,3
mdp.39015034038862,197,6,0,three,CARDINAL,55,60
mdp.39015034038862,198,0,0,LOUISE ERDRICH,PERSON,0,14
mdp.39015034038862,198,12,0,Ben Gourneau,PERSON,65,77
mdp.39015034038862,198,12,1,three,CARDINAL,115,120
mdp.39015034038862,198,12,2,182,CARDINAL,146,149
mdp.39015034038862,199,0,0,Corbin's Park,FAC,40,53
mdp.39015034038862,199,4,0,Havahart,PRODUCT,98,106
mdp.39015034038862,199,5,0,Connecticut River Valley,LOC,21,45
mdp.39015034038862,199,6,0,New Hampshire,GPE,128,141
mdp.39015034038862,199,6,1,Vermont,GPE,145,152
mdp.39015034038862,199,6,2,Vermont,GPE,154,161
mdp.39015034038862,199,6,3,New Hampshire,GPE,165,178
mdp.39015034038862,199,8,0,just two months,DATE,98,113
mdp.39015034038862,199,10,0,183,CARDINAL,35,38
mdp.39015034038862,200,0,0,LOUISE ERDRICH,PERSON,0,14
mdp.39015034038862,200,1,0,Plains,LOC,241,247
mdp.39015034038862,200,1,1,Northeastern,LOC,268,280
mdp.39015034038862,200,2,0,three,CARDINAL,18,23
mdp.39015034038862,200,2,1,months,DATE,51,57
mdp.39015034038862,200,4,0,Patrick Gourneau,PERSON,25,41
mdp.39015034038862,200,4,1,years of,DATE,133,141
mdp.39015034038862,200,4,2,184,CARDINAL,142,145
mdp.39015034038862,201,1,0,nearly two decades,DATE,31,49
mdp.39015034038862,201,4,0,age fourteen,DATE,88,100
mdp.39015034038862,201,5,0,years ago,DATE,31,40
mdp.39015034038862,201,7,0,Michael,PERSON,0,7
mdp.39015034038862,201,8,0,North Dakota,GPE,135,147
mdp.39015034038862,201,8,1,the Turtle Mountain Reservation,LOC,160,191
mdp.39015034038862,201,9,0,Saint Ann's Church,ORG,25,43
mdp.39015034038862,202,0,0,LOUISE ERDRICH,PERSON,0,14
mdp.39015034038862,202,1,0,Ojibwa,NORP,14,20
mdp.39015034038862,202,1,1,Cree,NORP,22,26
mdp.39015034038862,202,1,2,Michif Catholics,NORP,32,48
mdp.39015034038862,202,2,0,Catholic,NORP,4,12
mdp.39015034038862,202,8,0,ONE,CARDINAL,17,20
mdp.39015034038862,202,9,0,186,CARDINAL,0,3
mdp.39015034038862,203,0,0,THE BLUE JAY'S,PERSON,0,14
mdp.39015034038862,203,0,1,Ojibwa,LANGUAGE,79,85
mdp.39015034038862,203,5,0,Apollo 11,DATE,46,55
mdp.39015034038862,203,9,0,Sears,ORG,48,53
mdp.39015034038862,203,12,0,One,CARDINAL,0,3
mdp.39015034038862,204,0,0,LOUISE ERDRICH,PERSON,0,14
mdp.39015034038862,204,2,0,all spring,DATE,147,157
mdp.39015034038862,204,3,0,Ojibwa,NORP,5,11
mdp.39015034038862,204,3,1,many years,DATE,85,95
mdp.39015034038862,204,4,0,night,TIME,80,85
mdp.39015034038862,204,5,0,Grand Forks,GPE,15,26
mdp.39015034038862,204,7,0,four,CARDINAL,76,80
mdp.39015034038862,205,2,0,fifteen-minute,TIME,13,27
mdp.39015034038862,205,9,0,one,CARDINAL,21,24
mdp.39015034038862,205,19,0,189,CARDINAL,52,55
mdp.39015034038862,206,0,0,LOUISE ERDRICH,PERSON,0,14
mdp.39015034038862,206,8,0,a generous year,DATE,38,53
mdp.39015034038862,206,8,1,two,CARDINAL,63,66
mdp.39015034038862,206,10,0,every night,TIME,24,35
mdp.39015034038862,206,15,0,Some days,DATE,0,9
mdp.39015034038862,207,1,0,morning,TIME,79,86
mdp.39015034038862,207,9,0,one,CARDINAL,6,9
mdp.39015034038862,207,10,0,one,CARDINAL,13,16
mdp.39015034038862,207,14,0,one,CARDINAL,79,82
mdp.39015034038862,207,15,0,191,CARDINAL,34,37
mdp.39015034038862,208,0,0,LOUISE ERDRICH,PERSON,0,14
mdp.39015034038862,208,2,0,FIRST,ORDINAL,41,46
mdp.39015034038862,208,7,0,six-month,DATE,216,225
mdp.39015034038862,208,7,1,year,DATE,271,275
mdp.39015034038862,208,10,0,192,CARDINAL,57,60
mdp.39015034038862,209,0,0,zero,CARDINAL,32,36
mdp.39015034038862,209,4,0,zero,CARDINAL,57,61
mdp.39015034038862,210,0,0,LOUISE ERDRICH,PERSON,0,14
mdp.39015034038862,210,1,0,one,CARDINAL,15,18
mdp.39015034038862,210,1,1,seven,CARDINAL,26,31
mdp.39015034038862,210,3,0,about a foot,QUANTITY,46,58
mdp.39015034038862,210,5,0,six,CARDINAL,104,107
mdp.39015034038862,211,1,0,Roman Catholic,NORP,40,54
mdp.39015034038862,211,8,0,two,CARDINAL,10,13
mdp.39015034038862,212,1,0,Esdras,PERSON,72,78
mdp.39015034038862,212,4,0,Just months,DATE,0,11
mdp.39015034038862,212,4,1,North Dakota,GPE,35,47
mdp.39015034038862,212,4,2,Minnesota,GPE,107,116
mdp.39015034038862,212,5,0,Tomorrow,DATE,0,8
mdp.39015034038862,212,8,0,Sunday,DATE,123,129
mdp.39015034038862,212,8,1,afternoon,TIME,130,139
mdp.39015034038862,212,10,0,just 196,CARDINAL,27,35
mdp.39015034038862,213,1,0,fifteen years,DATE,19,32
mdp.39015034038862,213,3,0,today,DATE,68,73
mdp.39015034038862,213,11,0,perhaps a hundred years,DATE,38,61
mdp.39015034038862,213,11,1,a hundred feet,QUANTITY,63,77
mdp.39015034038862,213,21,0,197,CARDINAL,16,19
mdp.39015034038862,214,0,0,LOUISE ERDRICH,PERSON,0,14
mdp.39015034038862,214,4,0,days,DATE,61,65
mdp.39015034038862,214,15,0,Three quarters,CARDINAL,0,14
mdp.39015034038862,215,1,0,quarter,CARDINAL,10,17
mdp.39015034038862,215,3,0,eight-foot,QUANTITY,82,92
mdp.39015034038862,215,5,0,Catholic,NORP,96,104
mdp.39015034038862,215,6,0,199,CARDINAL,261,264
mdp.39015034038862,216,0,0,LOUISE ERDRICH,PERSON,0,14
mdp.39015034038862,216,1,0,Mary Erdrich Korll,PERSON,0,18
mdp.39015034038862,216,2,0,three,CARDINAL,30,35
mdp.39015034038862,216,2,1,the Second World War,EVENT,57,77
mdp.39015034038862,216,8,0,Eastern,NORP,46,53
mdp.39015034038862,216,8,1,Little Falls,GPE,138,150
mdp.39015034038862,216,8,2,Minnesota,GPE,152,161
mdp.39015034038862,216,11,0,200,CARDINAL,10,13
mdp.39015034038862,217,0,0,one,CARDINAL,42,45
mdp.39015034038862,217,0,1,three,CARDINAL,53,58
mdp.39015034038862,217,6,0,a couple of pounds,QUANTITY,23,41
mdp.39015034038862,217,8,0,one,CARDINAL,147,150
mdp.39015034038862,217,9,0,201,CARDINAL,53,56
mdp.39015034038862,218,0,0,LOUISE,PERSON,0,6
mdp.39015034038862,218,1,0,eight years old,DATE,6,21
mdp.39015034038862,218,4,0,five,CARDINAL,18,22
mdp.39015034038862,218,5,0,only one,CARDINAL,7,15
mdp.39015034038862,218,5,1,two,CARDINAL,20,23
mdp.39015034038862,218,10,0,Michael,PERSON,20,27
mdp.39015034038862,218,12,0,Michael,PERSON,51,58
mdp.39015034038862,218,13,0,first,ORDINAL,4,9
mdp.39015034038862,218,15,0,202,CARDINAL,0,3
mdp.39015034038862,219,2,0,Michael,PERSON,91,98
mdp.39015034038862,219,3,0,one,CARDINAL,24,27
mdp.39015034038862,219,4,0,first,ORDINAL,51,56
mdp.39015034038862,219,8,0,Polish,NORP,63,69
mdp.39015034038862,219,8,1,Ojibwa,NORP,78,84
mdp.39015034038862,219,10,0,five cents,MONEY,20,30
mdp.39015034038862,219,13,0,Michael,PERSON,19,26
mdp.39015034038862,219,14,0,203,CARDINAL,0,3
mdp.39015034038862,220,0,0,LOUISE ERDRICH,PERSON,0,14
mdp.39015034038862,220,5,0,about 4 dozen,CARDINAL,16,29
mdp.39015034038862,220,5,1,1,CARDINAL,36,37
mdp.39015034038862,220,5,2,1 teaspoon,QUANTITY,56,66
mdp.39015034038862,220,5,3,1 cup,QUANTITY,73,78
mdp.39015034038862,220,5,4,1½ cups,QUANTITY,94,101
mdp.39015034038862,220,5,5,1½½ cups,QUANTITY,120,128
mdp.39015034038862,220,5,6,¼ cup,QUANTITY,158,163
mdp.39015034038862,220,5,7,2 pinches,QUANTITY,178,187
mdp.39015034038862,220,5,8,1 cup,QUANTITY,210,215
mdp.39015034038862,220,5,9,2,CARDINAL,249,250
mdp.39015034038862,220,5,10,2 tablespoons,QUANTITY,273,286
mdp.39015034038862,220,5,11,204,CARDINAL,372,375
mdp.39015034038862,221,0,0,1 cup,QUANTITY,21,26
mdp.39015034038862,221,0,1,3 ounces,QUANTITY,58,66
mdp.39015034038862,221,0,2,½ cup,QUANTITY,109,114
mdp.39015034038862,221,0,3,1 teaspoon,QUANTITY,133,143
mdp.39015034038862,221,0,4,½ teaspoon,QUANTITY,154,164
mdp.39015034038862,221,1,0,2,CARDINAL,21,22
mdp.39015034038862,221,1,1,1 cup,QUANTITY,78,83
mdp.39015034038862,221,1,2,½ cup,QUANTITY,103,108
mdp.39015034038862,221,1,3,3,CARDINAL,120,121
mdp.39015034038862,221,1,4,1,CARDINAL,155,156
mdp.39015034038862,221,1,5,1 tablespoon,QUANTITY,179,191
mdp.39015034038862,221,1,6,1,CARDINAL,226,227
mdp.39015034038862,221,2,0,10 minutes,TIME,93,103
mdp.39015034038862,221,3,0,2,CARDINAL,0,1
mdp.39015034038862,221,5,0,2 cups,QUANTITY,23,29
mdp.39015034038862,221,6,0,half an hour,TIME,36,48
mdp.39015034038862,221,7,0,3,CARDINAL,0,1
mdp.39015034038862,221,8,0,4,CARDINAL,0,1
mdp.39015034038862,221,10,0,about 1½ hours,TIME,69,83
mdp.39015034038862,221,11,0,205,CARDINAL,0,3
mdp.39015034038862,222,0,0,LOUISE ERDRICH,PERSON,0,14
mdp.39015034038862,222,2,0,6,CARDINAL,0,1
mdp.39015034038862,222,4,0,about 5 minutes,TIME,40,55
mdp.39015034038862,222,5,0,7,CARDINAL,0,1
mdp.39015034038862,222,10,0,8,CARDINAL,0,1
mdp.39015034038862,222,10,1,375 degrees,QUANTITY,19,30
mdp.39015034038862,222,11,0,9,CARDINAL,0,1
mdp.39015034038862,222,13,0,one,CARDINAL,9,12
mdp.39015034038862,222,14,0,two,CARDINAL,48,51
mdp.39015034038862,222,16,0,about ½ teaspoon,CARDINAL,30,46
mdp.39015034038862,222,17,0,10,CARDINAL,0,2
mdp.39015034038862,222,22,0,11,CARDINAL,0,2
mdp.39015034038862,222,24,0,20 minutes,TIME,5,15
mdp.39015034038862,223,0,0,about 4 minutes,TIME,128,143
mdp.39015034038862,223,0,1,375 degrees,QUANTITY,189,200
mdp.39015034038862,223,2,0,1,CARDINAL,19,20
mdp.39015034038862,223,2,1,10 to 12,CARDINAL,41,49
mdp.39015034038862,223,2,2,Michael,PERSON,50,57
mdp.39015034038862,223,2,3,Alaska,GPE,101,107
mdp.39015034038862,223,4,0,1,CARDINAL,0,1
mdp.39015034038862,223,4,1,1/4 ¼ cup,QUANTITY,20,29
mdp.39015034038862,223,4,2,1/4 pound,QUANTITY,45,54
mdp.39015034038862,223,4,3,1 cup,QUANTITY,62,67
mdp.39015034038862,223,4,4,1 teaspoon,QUANTITY,81,91
mdp.39015034038862,223,4,5,2 teaspoons,QUANTITY,97,108
mdp.39015034038862,223,4,6,4% to,PERCENT,115,120
mdp.39015034038862,223,4,7,3,CARDINAL,134,135
mdp.39015034038862,223,4,8,4 cups,QUANTITY,157,163
mdp.39015034038862,223,4,9,6,CARDINAL,226,227
mdp.39015034038862,223,4,10,207,CARDINAL,254,257
mdp.39015034038862,224,0,0,LOUISE ERDRICH,PERSON,0,14
mdp.39015034038862,224,0,1,1,CARDINAL,15,16
mdp.39015034038862,224,0,2,2 tablespoons,QUANTITY,47,60
mdp.39015034038862,224,1,0,1,CARDINAL,0,1
mdp.39015034038862,224,6,0,2,CARDINAL,0,1
mdp.39015034038862,224,7,0,1 cup,QUANTITY,8,13
mdp.39015034038862,224,10,0,3,CARDINAL,0,1
mdp.39015034038862,224,11,0,2 hours,TIME,50,57
mdp.39015034038862,224,12,0,4,CARDINAL,0,1
mdp.39015034038862,224,12,1,400 degrees,QUANTITY,19,30
mdp.39015034038862,224,13,0,5,CARDINAL,0,1
mdp.39015034038862,224,14,0,about 18 x 14 inches,QUANTITY,69,89
mdp.39015034038862,224,15,0,6,CARDINAL,0,1
mdp.39015034038862,224,16,0,at least 4 inches,QUANTITY,82,99
mdp.39015034038862,225,2,0,7,CARDINAL,0,1
mdp.39015034038862,225,5,0,8,CARDINAL,0,1
mdp.39015034038862,225,8,0,9,CARDINAL,0,1
mdp.39015034038862,225,10,0,4,CARDINAL,5,6
mdp.39015034038862,225,11,0,15 to 20 minutes,TIME,19,35
mdp.39015034038862,225,12,0,350 degrees,QUANTITY,15,26
mdp.39015034038862,225,12,1,15 minutes,TIME,40,50
mdp.39015034038862,225,14,0,½ cup,QUANTITY,15,20
mdp.39015034038862,225,14,1,1,CARDINAL,45,46
mdp.39015034038862,225,14,2,4 tablespoons,QUANTITY,68,81
mdp.39015034038862,225,14,3,3/4 pound,QUANTITY,89,98
mdp.39015034038862,225,14,4,209,CARDINAL,117,120
mdp.39015034038862,226,0,0,LOUISE ERDRICH,PERSON,0,14
mdp.39015034038862,226,0,1,2 tablespoons,QUANTITY,15,28
mdp.39015034038862,226,0,2,½ cup,QUANTITY,34,39
mdp.39015034038862,226,0,3,½ teaspoon,QUANTITY,51,61
mdp.39015034038862,226,0,4,¼ teaspoon,QUANTITY,67,77
mdp.39015034038862,226,0,5,4,CARDINAL,113,114
mdp.39015034038862,226,0,6,2,CARDINAL,191,192
mdp.39015034038862,226,0,7,1,CARDINAL,227,228
mdp.39015034038862,226,2,0,3 to 5 minutes,TIME,32,46
mdp.39015034038862,226,3,0,2,CARDINAL,0,1
mdp.39015034038862,226,5,0,about 10 to 12 minutes,TIME,41,63
mdp.39015034038862,226,6,0,3,CARDINAL,0,1
mdp.39015034038862,226,9,0,Mourning Cloaks,PERSON,0,15
mdp.39015034038862,226,12,0,210,CARDINAL,6,9
mdp.39015034038862,227,0,0,THE BLUE JAY'S,PERSON,0,14
mdp.39015034038862,227,0,1,second,ORDINAL,40,46
mdp.39015034038862,227,1,0,Last year,DATE,0,9
mdp.39015034038862,227,4,0,One morning,TIME,0,11
mdp.39015034038862,228,0,0,LOUISE ERDRICH,PERSON,0,14
mdp.39015034038862,228,2,0,All day,DATE,0,7
mdp.39015034038862,228,4,0,Five,CARDINAL,0,4
mdp.39015034038862,228,4,1,ten,CARDINAL,6,9
mdp.39015034038862,228,4,2,twenty,CARDINAL,11,17
mdp.39015034038862,228,5,0,the coming spring,DATE,52,69
mdp.39015034038862,228,6,0,A YEAR OLD,DATE,27,37
mdp.39015034038862,228,6,1,one,CARDINAL,51,54
mdp.39015034038862,228,6,2,two,CARDINAL,58,61
mdp.39015034038862,228,7,0,one,CARDINAL,11,14
mdp.39015034038862,228,14,0,one moment,TIME,21,31
mdp.39015034038862,228,15,0,212,CARDINAL,0,3
mdp.39015034038862,229,0,0,THE BLUE JAY'S,PERSON,0,14
mdp.39015034038862,229,16,0,Ojibwa,NORP,40,46
mdp.39015034038862,229,17,0,Leap Day,DATE,0,8
mdp.39015034038862,229,18,0,213,CARDINAL,26,29
mdp.39015034038862,230,0,0,LOUISE ERDRICH,PERSON,0,14
mdp.39015034038862,230,1,0,two,CARDINAL,5,8
mdp.39015034038862,230,5,0,last week,DATE,19,28
mdp.39015034038862,230,5,1,four-year-old,DATE,34,47
mdp.39015034038862,230,11,0,one,CARDINAL,5,8
mdp.39015034038862,230,14,0,five minutes,TIME,81,93
mdp.39015034038862,231,14,0,215,CARDINAL,36,39
mdp.39015034038862,232,0,0,LOUISE ERDRICH,PERSON,0,14
mdp.39015034038862,232,12,0,FIRST,ORDINAL,4,9
mdp.39015034038862,232,13,0,Jean,PERSON,0,4
mdp.39015034038862,232,14,0,many years,DATE,92,102
mdp.39015034038862,232,14,1,Jean,PERSON,109,113
mdp.39015034038862,232,14,2,216,CARDINAL,130,133
mdp.39015034038862,233,4,0,Jean,PERSON,36,40
mdp.39015034038862,233,5,0,One hour,TIME,0,8
mdp.39015034038862,233,6,0,Another half,TIME,0,12
mdp.39015034038862,233,7,0,Two,CARDINAL,0,3
mdp.39015034038862,233,10,0,Jean,PERSON,7,11
mdp.39015034038862,233,13,0,A hard week,DATE,0,11
mdp.39015034038862,233,13,1,first,ORDINAL,29,34
mdp.39015034038862,233,16,0,One day,DATE,0,7
mdp.39015034038862,233,16,1,two,CARDINAL,16,19
mdp.39015034038862,233,16,2,three,CARDINAL,29,34
mdp.39015034038862,233,17,0,the mornings,TIME,26,38
mdp.39015034038862,233,26,0,the day,DATE,12,19
mdp.39015034038862,234,3,0,Francis,PERSON,0,7
mdp.39015034038862,234,5,0,one,CARDINAL,50,53
mdp.39015034038862,234,8,0,day,DATE,31,34
mdp.39015034038862,235,6,0,Francis,PERSON,22,29
mdp.39015034038862,235,7,0,Francis,PERSON,64,71
mdp.39015034038862,235,9,0,Francis,PERSON,0,7
mdp.39015034038862,235,13,0,Francis,PERSON,0,7
mdp.39015034038862,235,16,0,Francis,PERSON,0,7
mdp.39015034038862,235,19,0,ONE DAY,DATE,6,13
mdp.39015034038862,235,19,1,ONE NIGHT,TIME,15,24
mdp.39015034038862,235,20,0,219,CARDINAL,0,3
mdp.39015034038862,236,0,0,LOUISE ERDRICH,PERSON,0,14
mdp.39015034038862,236,3,0,first,ORDINAL,80,85
mdp.39015034038862,236,3,1,first,ORDINAL,118,123
mdp.39015034038862,236,14,0,years,DATE,4,9
mdp.39015034038862,236,18,0,all night,TIME,8,17
mdp.39015034038862,236,19,0,nights,TIME,26,32
mdp.39015034038862,237,1,0,Corinthian,NORP,48,58
mdp.39015034038862,237,6,0,the past three months,DATE,91,112
mdp.39015034038862,237,6,1,first,ORDINAL,129,134
mdp.39015034038862,238,13,0,222,CARDINAL,12,15
mdp.39015034038862,239,0,0,THE BLUE JAY'S,PERSON,0,14
mdp.39015034038862,239,1,0,one,CARDINAL,46,49
mdp.39015034038862,239,2,0,223,CARDINAL,0,3
mdp.39015034038862,241,0,0,LOUISE ERDRICH,PERSON,0,14
mdp.39015034038862,241,0,1,Love Medicine,WORK_OF_ART,63,76
mdp.39015034038862,241,0,2,the National Book Critics Circle Award,WORK_OF_ART,88,126
mdp.39015034038862,241,0,3,"The Beet Queen, Tracks",WORK_OF_ART,128,150
mdp.39015034038862,241,0,4,The Bingo Palace,WORK_OF_ART,172,188
mdp.39015034038862,241,1,0,Tales of Burning Love,WORK_OF_ART,16,37
mdp.39015034038862,241,1,1,HarperCollins,ORG,60,73
mdp.39015034038862,241,1,2,1996,DATE,77,81
mdp.39015034038862,242,0,0,1,CARDINAL,0,1
mdp.39015034038862,246,0,0,THE UNIVERSITY OF MICHIGAN,ORG,0,26
mdp.39015034038862,246,0,1,1995 NOV 2 6,DATE,27,39
mdp.39015034038862,246,0,2,1996 18,DATE,68,75
mdp.39015034038862,246,0,3,21997,DATE,81,86
mdp.39015034038862,246,0,4,1997,DATE,103,107
mdp.39015034038862,246,0,5,2000,DATE,121,125
