vol_id,page,sentence_id,ent_id,entity,entity_type,start_char,end_char
mdp.49015000026113,3,0,0,1987 NOV 14,DATE,50,61
mdp.49015000026113,3,0,1,1991,DATE,73,77
mdp.49015000026113,3,0,2,U.S.A.,GPE,118,124
mdp.49015000026113,5,0,0,ELDERBERRY FLUTE SONG,WORK_OF_ART,0,21
mdp.49015000026113,7,0,0,Peter Blue Cloud,PERSON,51,67
mdp.49015000026113,7,0,1,Bill Crosby,PERSON,83,94
mdp.49015000026113,7,0,2,THE CROSSING PRESS,ORG,98,116
mdp.49015000026113,7,0,3,Trumansburg,GPE,119,130
mdp.49015000026113,7,0,4,New York,GPE,132,140
mdp.49015000026113,7,0,5,14886,CARDINAL,141,146
mdp.49015000026113,8,0,0,Gary Lawless,PERSON,36,48
mdp.49015000026113,8,0,1,Blackberry Press,ORG,52,68
mdp.49015000026113,8,0,2,two,CARDINAL,83,86
mdp.49015000026113,8,0,3,Coyote And Friends,WORK_OF_ART,152,170
mdp.49015000026113,8,0,4,1976,DATE,172,176
mdp.49015000026113,8,0,5,Back Then Tomorrow,WORK_OF_ART,182,200
mdp.49015000026113,8,0,6,1978,DATE,202,206
mdp.49015000026113,8,1,0,Co-Evolution Quarterly,WORK_OF_ART,55,77
mdp.49015000026113,8,1,1,Contact II,WORK_OF_ART,81,91
mdp.49015000026113,8,1,2,Greenfield Review,WORK_OF_ART,95,112
mdp.49015000026113,8,1,3,Kuksu,WORK_OF_ART,116,121
mdp.49015000026113,8,1,4,The Remembered Earth,WORK_OF_ART,142,162
mdp.49015000026113,8,2,0,Bill Crosby,PERSON,15,26
mdp.49015000026113,8,2,1,first,ORDINAL,34,39
mdp.49015000026113,8,3,0,Coyote,ORG,4,10
mdp.49015000026113,8,4,0,Peter Blue Cloud,PERSON,2,18
mdp.49015000026113,8,5,0,Peter Blue Cloud,PERSON,12,28
mdp.49015000026113,8,5,1,1982,DATE,30,34
mdp.49015000026113,8,5,2,Mary A. Scott,PERSON,60,73
mdp.49015000026113,8,5,3,Martha J. Waters,PERSON,89,105
mdp.49015000026113,8,5,4,Library of Congress,ORG,128,147
mdp.49015000026113,8,6,0,Peter,PERSON,12,17
mdp.49015000026113,8,8,0,1,CARDINAL,0,1
mdp.49015000026113,8,9,0,2,CARDINAL,0,1
mdp.49015000026113,9,1,0,The Burden Basket,WORK_OF_ART,26,43
mdp.49015000026113,9,1,1,Why the Moon Dies / 15 1 Why Coyote Eats Gophers,WORK_OF_ART,82,130
mdp.49015000026113,9,2,0,20,CARDINAL,2,4
mdp.49015000026113,9,2,1,22,CARDINAL,18,20
mdp.49015000026113,9,2,2,First Fire and the Myth of Sense,WORK_OF_ART,21,53
mdp.49015000026113,9,2,3,23,CARDINAL,56,58
mdp.49015000026113,9,2,4,27,CARDINAL,83,85
mdp.49015000026113,9,2,5,Coyote's Song,WORK_OF_ART,86,99
mdp.49015000026113,9,2,6,30,CARDINAL,102,104
mdp.49015000026113,9,2,7,33,CARDINAL,121,123
mdp.49015000026113,9,2,8,34,CARDINAL,156,158
mdp.49015000026113,9,2,9,36,CARDINAL,174,176
mdp.49015000026113,9,2,10,Coyote's Acceptance Speech,WORK_OF_ART,177,203
mdp.49015000026113,9,2,11,37,CARDINAL,206,208
mdp.49015000026113,9,2,12,39,CARDINAL,230,232
mdp.49015000026113,9,2,13,40,CARDINAL,268,270
mdp.49015000026113,9,2,14,49,CARDINAL,288,290
mdp.49015000026113,9,2,15,50,CARDINAL,305,307
mdp.49015000026113,9,3,0,Six,CARDINAL,0,3
mdp.49015000026113,9,3,1,52,CARDINAL,24,26
mdp.49015000026113,9,3,2,54,CARDINAL,35,37
mdp.49015000026113,9,3,3,58,CARDINAL,55,57
mdp.49015000026113,9,3,4,60,CARDINAL,83,85
mdp.49015000026113,9,3,5,64,CARDINAL,99,101
mdp.49015000026113,9,3,6,67,CARDINAL,111,113
mdp.49015000026113,9,3,7,First,ORDINAL,209,214
mdp.49015000026113,9,3,8,74,CARDINAL,264,266
mdp.49015000026113,10,0,0,first,ORDINAL,23,28
mdp.49015000026113,10,0,1,A Few Passings,WORK_OF_ART,67,81
mdp.49015000026113,10,0,2,83,CARDINAL,96,98
mdp.49015000026113,10,2,0,Rattlesnake: A Dialogue of Creatures,WORK_OF_ART,3,39
mdp.49015000026113,10,2,1,96,CARDINAL,56,58
mdp.49015000026113,10,4,0,Coyote's View,WORK_OF_ART,35,48
mdp.49015000026113,10,4,1,108,CARDINAL,51,54
mdp.49015000026113,10,5,0,Coyote's Broken Tail,WORK_OF_ART,0,20
mdp.49015000026113,10,6,0,Coyote's Anthro / 119 Short Coyote Story /,WORK_OF_ART,5,47
mdp.49015000026113,10,6,1,122,CARDINAL,48,51
mdp.49015000026113,10,6,2,123,CARDINAL,71,74
mdp.49015000026113,10,6,3,125,CARDINAL,103,106
mdp.49015000026113,10,6,4,"Coyote's Discourse on Power, Medicine, and Would-be Shamans",WORK_OF_ART,107,166
mdp.49015000026113,10,6,5,127,CARDINAL,169,172
mdp.49015000026113,10,7,0,135,CARDINAL,20,23
mdp.49015000026113,10,7,1,139,CARDINAL,41,44
mdp.49015000026113,10,7,2,Elderberry Flute Song,WORK_OF_ART,45,66
mdp.49015000026113,10,7,3,140,CARDINAL,69,72
mdp.49015000026113,10,7,4,About the Author and Illustrator,WORK_OF_ART,73,105
mdp.49015000026113,10,7,5,142,CARDINAL,108,111
mdp.49015000026113,11,0,0,ELDERBERRY FLUTE SONG,WORK_OF_ART,0,21
mdp.49015000026113,12,13,0,Creation,PRODUCT,33,41
mdp.49015000026113,14,11,0,morning,TIME,23,30
mdp.49015000026113,14,35,0,10,CARDINAL,33,35
mdp.49015000026113,16,0,0,The Burden Basket,PERSON,0,17
mdp.49015000026113,16,1,0,Coyote,PERSON,0,6
mdp.49015000026113,16,3,0,Coyote,PERSON,14,20
mdp.49015000026113,16,4,0,Coyote,PERSON,32,38
mdp.49015000026113,16,7,0,Nephew,PERSON,0,6
mdp.49015000026113,16,11,0,the Sky Path,FAC,13,25
mdp.49015000026113,16,13,0,12,CARDINAL,83,85
mdp.49015000026113,17,3,0,Pioz,PERSON,15,19
mdp.49015000026113,18,9,0,half,CARDINAL,21,25
mdp.49015000026113,18,17,0,Coyote,PERSON,0,6
mdp.49015000026113,18,19,0,the old days,DATE,36,48
mdp.49015000026113,19,1,0,the night,TIME,21,30
mdp.49015000026113,19,7,0,Coyote Old Man,PERSON,0,14
mdp.49015000026113,19,8,0,Coyote Old Woman,PERSON,0,16
mdp.49015000026113,19,14,0,Wolf,PERSON,29,33
mdp.49015000026113,19,18,0,Coyote Old Woman,PERSON,0,16
mdp.49015000026113,19,19,0,Wolf,PERSON,3,7
mdp.49015000026113,19,22,0,Wolf,PERSON,0,4
mdp.49015000026113,19,22,1,Moon,PERSON,29,33
mdp.49015000026113,19,23,0,Coyote Old Man,PERSON,4,18
mdp.49015000026113,19,24,0,Wolf,PERSON,0,4
mdp.49015000026113,19,24,1,Moon,PERSON,26,30
mdp.49015000026113,20,0,0,Wolf,PERSON,5,9
mdp.49015000026113,20,0,1,Moon,PERSON,24,28
mdp.49015000026113,20,3,0,Coyote Old Woman,PERSON,0,16
mdp.49015000026113,20,4,0,Moon,PERSON,21,25
mdp.49015000026113,20,4,1,Wolf,PERSON,77,81
mdp.49015000026113,20,4,2,Moon,PERSON,133,137
mdp.49015000026113,20,5,0,Coyote Old Man,PERSON,0,14
mdp.49015000026113,20,5,1,Moon,PERSON,52,56
mdp.49015000026113,20,5,2,Wolf,PERSON,77,81
mdp.49015000026113,20,6,0,Moon,PERSON,45,49
mdp.49015000026113,20,7,0,Wolf,PERSON,21,25
mdp.49015000026113,21,0,0,Coyote,PERSON,4,10
mdp.49015000026113,21,1,0,two,CARDINAL,40,43
mdp.49015000026113,21,3,0,two,CARDINAL,133,136
mdp.49015000026113,21,4,0,Coyote,PERSON,70,76
mdp.49015000026113,21,5,0,Coyote,PERSON,29,35
mdp.49015000026113,21,6,0,one,CARDINAL,4,7
mdp.49015000026113,21,7,0,Coyote,PERSON,5,11
mdp.49015000026113,21,10,0,Gopher Old Man,PERSON,19,33
mdp.49015000026113,21,11,0,Louse,PERSON,35,40
mdp.49015000026113,21,12,0,Gopher Old Man,PERSON,25,39
mdp.49015000026113,21,13,0,Louse,PERSON,12,17
mdp.49015000026113,21,14,0,Gopher Woman,PERSON,25,37
mdp.49015000026113,21,20,0,Coyote,PERSON,5,11
mdp.49015000026113,21,28,0,Louse,PERSON,0,5
mdp.49015000026113,21,29,0,Coyote,PERSON,3,9
mdp.49015000026113,21,29,1,Gopher Woman's,PERSON,29,43
mdp.49015000026113,21,30,0,Coyote,PERSON,7,13
mdp.49015000026113,21,30,1,Gopher Old Man,PERSON,31,45
mdp.49015000026113,21,30,2,this morning,TIME,59,71
mdp.49015000026113,22,3,0,Coyote,PERSON,0,6
mdp.49015000026113,22,4,0,eight or ten,CARDINAL,19,31
mdp.49015000026113,22,5,0,one night,TIME,5,14
mdp.49015000026113,22,5,1,one,CARDINAL,115,118
mdp.49015000026113,22,7,0,Coyote,PERSON,4,10
mdp.49015000026113,23,2,0,Gopher Woman,PERSON,68,80
mdp.49015000026113,23,3,0,Coyote,PERSON,94,100
mdp.49015000026113,23,6,0,each night,TIME,5,15
mdp.49015000026113,23,6,1,three more nights,DATE,20,37
mdp.49015000026113,23,6,2,Coyote,PERSON,92,98
mdp.49015000026113,23,7,0,Gopher Woman,PERSON,4,16
mdp.49015000026113,23,7,1,Coyote,PERSON,69,75
mdp.49015000026113,23,8,0,one night,TIME,3,12
mdp.49015000026113,23,8,1,Coyote,PERSON,49,55
mdp.49015000026113,23,9,0,Coyote,PERSON,70,76
mdp.49015000026113,23,10,0,Gopher Woman,PERSON,20,32
mdp.49015000026113,23,11,0,Coyote,PERSON,4,10
mdp.49015000026113,23,12,0,Gopher Woman,PERSON,27,39
mdp.49015000026113,23,13,0,Coyote,PERSON,110,116
mdp.49015000026113,23,14,0,Coyote,PERSON,4,10
mdp.49015000026113,23,14,1,Gopher Woman,PERSON,78,90
mdp.49015000026113,23,16,0,Coyote,PERSON,14,20
mdp.49015000026113,24,2,0,Coyote Woman,PERSON,8,20
mdp.49015000026113,24,3,0,Coyote,PERSON,3,9
mdp.49015000026113,24,3,1,Louse,PERSON,17,22
mdp.49015000026113,24,4,0,Louse,PERSON,4,9
mdp.49015000026113,24,4,1,Coyote,PERSON,69,75
mdp.49015000026113,24,5,0,20,CARDINAL,37,39
mdp.49015000026113,25,0,0,Coyote,PERSON,3,9
mdp.49015000026113,25,0,1,Porcupine,PERSON,27,36
mdp.49015000026113,25,0,2,Porcupine,PERSON,66,75
mdp.49015000026113,25,0,3,Coyote,PERSON,117,123
mdp.49015000026113,25,1,0,Coyote,PERSON,35,41
mdp.49015000026113,25,2,0,Porcupine,PERSON,0,9
mdp.49015000026113,25,3,0,many days,DATE,23,32
mdp.49015000026113,25,3,1,Porcupine,PERSON,52,61
mdp.49015000026113,25,4,0,Coyote,PERSON,16,22
mdp.49015000026113,25,5,0,Coyote,PERSON,64,70
mdp.49015000026113,25,6,0,21,CARDINAL,0,2
mdp.49015000026113,26,0,0,22,CARDINAL,335,337
mdp.49015000026113,27,0,0,First,ORDINAL,0,5
mdp.49015000026113,27,1,0,Coyote,PERSON,50,56
mdp.49015000026113,27,4,0,Coyote,PERSON,18,24
mdp.49015000026113,27,9,0,"many, many seasons",DATE,8,26
mdp.49015000026113,27,20,0,first,ORDINAL,226,231
mdp.49015000026113,28,2,0,OUCH,PRODUCT,132,136
mdp.49015000026113,28,3,0,Coyote Old Woman,PERSON,24,40
mdp.49015000026113,28,3,1,a little later mornings,TIME,109,132
mdp.49015000026113,28,4,0,Grandfather,PERSON,4,15
mdp.49015000026113,28,4,1,9411 mm,QUANTITY,52,59
mdp.49015000026113,28,4,2,24,CARDINAL,77,79
mdp.49015000026113,29,1,0,Grandfather,PERSON,37,48
mdp.49015000026113,29,5,0,next morning,TIME,35,47
mdp.49015000026113,29,7,0,first,ORDINAL,241,246
mdp.49015000026113,30,2,0,half,CARDINAL,21,25
mdp.49015000026113,30,6,0,Crow,PERSON,25,29
mdp.49015000026113,31,0,0,Weaver Spider's,PERSON,0,15
mdp.49015000026113,31,1,0,Coyote,PERSON,0,6
mdp.49015000026113,31,1,1,only mid-,DATE,50,59
mdp.49015000026113,31,1,2,winter,DATE,59,65
mdp.49015000026113,31,3,0,winter,DATE,57,63
mdp.49015000026113,31,4,0,Weaver Spider,PERSON,56,69
mdp.49015000026113,31,4,1,Coyote,PERSON,103,109
mdp.49015000026113,31,5,0,Weaver Spider,PERSON,4,17
mdp.49015000026113,31,5,1,Coyote,PERSON,28,34
mdp.49015000026113,31,7,0,Coyote,PERSON,4,10
mdp.49015000026113,32,0,0,Coyote,PERSON,7,13
mdp.49015000026113,32,1,0,Weaver Spider,PERSON,0,13
mdp.49015000026113,32,1,1,Coyote,PERSON,51,57
mdp.49015000026113,32,2,0,Coyote,PERSON,10,16
mdp.49015000026113,32,3,0,Coyote,PERSON,36,42
mdp.49015000026113,32,5,0,Cousin,PERSON,1,7
mdp.49015000026113,32,7,0,Grey Fox,PERSON,5,13
mdp.49015000026113,32,8,0,Coyote,PERSON,0,6
mdp.49015000026113,32,10,0,Grey Fox,PERSON,0,8
mdp.49015000026113,32,12,0,Grey Fox,PERSON,0,8
mdp.49015000026113,32,12,1,Coyote,PERSON,23,29
mdp.49015000026113,32,13,0,Coyote,PERSON,0,6
mdp.49015000026113,32,13,1,Grey Fox,PERSON,45,53
mdp.49015000026113,32,14,0,Grey Fox,PERSON,5,13
mdp.49015000026113,32,14,1,Coyote,PERSON,60,66
mdp.49015000026113,32,15,0,Coyote,PERSON,4,10
mdp.49015000026113,32,17,0,Grey Fox,PERSON,0,8
mdp.49015000026113,32,18,0,Coyote,PERSON,48,54
mdp.49015000026113,32,19,0,Grey Fox,PERSON,7,15
mdp.49015000026113,32,19,1,Weaver Spider,PERSON,24,37
mdp.49015000026113,32,21,0,Weaver Spider,PERSON,0,13
mdp.49015000026113,32,22,0,Grey Fox,PERSON,0,8
mdp.49015000026113,32,22,1,Coyote,PERSON,45,51
mdp.49015000026113,32,23,0,Coyote,PERSON,0,6
mdp.49015000026113,32,26,0,Grey Fox,PERSON,0,8
mdp.49015000026113,32,26,1,Coyote,PERSON,24,30
mdp.49015000026113,32,29,0,Grey Fox,PERSON,4,12
mdp.49015000026113,32,29,1,Coyote,PERSON,39,45
mdp.49015000026113,32,29,2,half,CARDINAL,49,53
mdp.49015000026113,32,31,0,half,CARDINAL,11,15
mdp.49015000026113,33,1,0,Grey Fox,PERSON,5,13
mdp.49015000026113,33,3,0,Coyote Woman,PERSON,0,12
mdp.49015000026113,33,3,1,Coyote,PERSON,47,53
mdp.49015000026113,33,5,0,Coyote,PERSON,4,10
mdp.49015000026113,33,8,0,2,CARDINAL,0,1
mdp.49015000026113,34,0,0,Coyote's Song,WORK_OF_ART,0,13
mdp.49015000026113,34,1,0,Coyote,PERSON,13,19
mdp.49015000026113,34,2,0,Grandfather,PERSON,6,17
mdp.49015000026113,34,3,0,Grandfather,PERSON,41,52
mdp.49015000026113,34,4,0,Coyote,PERSON,0,6
mdp.49015000026113,34,6,0,one,CARDINAL,33,36
mdp.49015000026113,34,6,1,two,CARDINAL,53,56
mdp.49015000026113,34,14,0,half,CARDINAL,23,27
mdp.49015000026113,34,16,0,half,CARDINAL,38,42
mdp.49015000026113,34,17,0,Coyote,PERSON,0,6
mdp.49015000026113,34,19,0,two,CARDINAL,24,27
mdp.49015000026113,34,20,0,Coyote,PERSON,0,6
mdp.49015000026113,34,28,0,Grandson,PERSON,7,15
mdp.49015000026113,34,29,0,Grandfather,PERSON,80,91
mdp.49015000026113,34,30,0,30,CARDINAL,32,34
mdp.49015000026113,35,1,0,Grandfather,PERSON,20,31
mdp.49015000026113,35,2,0,Grandson,PERSON,31,39
mdp.49015000026113,35,2,1,Grandfather,PERSON,80,91
mdp.49015000026113,35,3,0,Grandson,PERSON,20,28
mdp.49015000026113,35,5,0,one,CARDINAL,33,36
mdp.49015000026113,35,7,0,first,ORDINAL,3,8
mdp.49015000026113,36,5,0,Coyote,PERSON,16,22
mdp.49015000026113,36,5,1,four,CARDINAL,38,42
mdp.49015000026113,36,6,0,fourth,ORDINAL,14,20
mdp.49015000026113,36,8,0,21,DATE,17,19
mdp.49015000026113,37,1,0,Fox,PERSON,0,3
mdp.49015000026113,37,3,0,Coyote,PERSON,0,6
mdp.49015000026113,37,27,0,Coyote,PERSON,4,10
mdp.49015000026113,37,27,1,Fox,PERSON,18,21
mdp.49015000026113,37,31,0,Grandson,PERSON,11,19
mdp.49015000026113,37,33,0,Grandson,PERSON,7,15
mdp.49015000026113,37,38,0,Grandson,PERSON,8,16
mdp.49015000026113,37,40,0,Fox,PERSON,8,11
mdp.49015000026113,37,43,0,Grandfather,PERSON,6,17
mdp.49015000026113,37,45,0,the old days,DATE,64,76
mdp.49015000026113,37,46,0,33,CARDINAL,0,2
mdp.49015000026113,38,0,0,Coyote Man,PERSON,0,10
mdp.49015000026113,38,0,1,the Young Lady,PERSON,15,29
mdp.49015000026113,38,2,0,Closer Aunt,PERSON,24,35
mdp.49015000026113,38,2,1,Coyote Man,PERSON,41,51
mdp.49015000026113,38,4,0,Coyote Man,PERSON,0,10
mdp.49015000026113,38,4,1,Closer Aunt,PERSON,63,74
mdp.49015000026113,38,5,0,Closer Aunt,PERSON,14,25
mdp.49015000026113,38,5,1,Coyote Man,PERSON,38,48
mdp.49015000026113,38,5,2,Coyote Man,PERSON,106,116
mdp.49015000026113,38,5,3,Closer Aunt,PERSON,184,195
mdp.49015000026113,38,6,0,the Closer Aunt,PERSON,14,29
mdp.49015000026113,38,6,1,Coyote Man,PERSON,576,586
mdp.49015000026113,38,6,2,Coyote Man,PERSON,685,695
mdp.49015000026113,39,0,0,Coyote Man,PERSON,74,84
mdp.49015000026113,39,1,0,days,DATE,72,76
mdp.49015000026113,39,1,1,days,DATE,82,86
mdp.49015000026113,39,1,2,Coyote Man,PERSON,442,452
mdp.49015000026113,39,2,0,Coyote Man,PERSON,328,338
mdp.49015000026113,39,2,1,Closer Aunt,WORK_OF_ART,614,625
mdp.49015000026113,39,3,0,Coyote Man's,PERSON,26,38
mdp.49015000026113,39,4,0,Coyote Man,PERSON,4,14
mdp.49015000026113,40,0,0,Coyote,PERSON,0,6
mdp.49015000026113,40,0,1,Coyote,PERSON,15,21
mdp.49015000026113,40,0,2,Eagle,PERSON,35,40
mdp.49015000026113,40,1,0,Coyote,PERSON,27,33
mdp.49015000026113,40,2,0,Magpie,NORP,23,29
mdp.49015000026113,40,5,0,Magpie,NORP,34,40
mdp.49015000026113,40,5,1,Coyote,PERSON,56,62
mdp.49015000026113,40,6,0,Coyote,PERSON,0,6
mdp.49015000026113,40,7,0,Coyote,PERSON,0,6
mdp.49015000026113,40,8,0,Magpies,NORP,48,55
mdp.49015000026113,40,14,0,Buzzard,PERSON,0,7
mdp.49015000026113,40,16,0,Coyote,PERSON,67,73
mdp.49015000026113,40,19,0,Coyote,PERSON,15,21
mdp.49015000026113,40,20,0,Coyote,PERSON,12,18
mdp.49015000026113,40,20,1,Hawk,PERSON,30,34
mdp.49015000026113,40,20,2,Coyote,PERSON,94,100
mdp.49015000026113,40,20,3,Coyote,PERSON,138,144
mdp.49015000026113,40,21,0,Coyote,PERSON,17,23
mdp.49015000026113,40,22,0,Coyote,PERSON,15,21
mdp.49015000026113,40,23,0,36,CARDINAL,0,2
mdp.49015000026113,41,0,0,Coyote,PERSON,0,6
mdp.49015000026113,41,0,1,the Smoked Salmon Award for Humming,WORK_OF_ART,44,79
mdp.49015000026113,41,15,0,everyday,DATE,51,59
mdp.49015000026113,41,22,0,today,DATE,83,88
mdp.49015000026113,41,25,0,Coyote,PERSON,35,41
mdp.49015000026113,41,25,1,days,DATE,84,88
mdp.49015000026113,41,25,2,days,DATE,93,97
mdp.49015000026113,42,5,0,38,CARDINAL,20,22
mdp.49015000026113,43,0,0,Coyote,PERSON,0,6
mdp.49015000026113,43,1,0,Mole,PERSON,41,45
mdp.49015000026113,43,2,0,Mole,PERSON,4,8
mdp.49015000026113,43,3,0,Coyote,PERSON,4,10
mdp.49015000026113,43,3,1,Mole,PERSON,57,61
mdp.49015000026113,43,3,2,Coyote,PERSON,85,91
mdp.49015000026113,43,4,0,Coyote,PERSON,46,52
mdp.49015000026113,43,4,1,Mole,PERSON,85,89
mdp.49015000026113,43,4,2,Coyote,PERSON,109,115
mdp.49015000026113,43,5,0,Coyote,PERSON,33,39
mdp.49015000026113,43,6,0,Gopher,PERSON,35,41
mdp.49015000026113,43,6,1,Gopher,PERSON,65,71
mdp.49015000026113,43,7,0,Coyote,PERSON,4,10
mdp.49015000026113,43,8,0,Coyote,NORP,40,46
mdp.49015000026113,43,9,0,Gopher,PERSON,26,32
mdp.49015000026113,43,10,0,Coyote,PERSON,4,10
mdp.49015000026113,43,11,0,Coyote,PERSON,3,9
mdp.49015000026113,43,12,0,Gopher,PERSON,4,10
mdp.49015000026113,43,13,0,39,CARDINAL,0,2
mdp.49015000026113,44,0,0,Coyote Man,PERSON,0,10
mdp.49015000026113,44,0,1,Saucy Duckfeather,PERSON,15,32
mdp.49015000026113,44,0,2,White Crane Man,PERSON,161,176
mdp.49015000026113,44,0,3,Young Singer,PERSON,382,394
mdp.49015000026113,44,0,4,three,CARDINAL,547,552
mdp.49015000026113,44,0,5,Bullhead Woman,PERSON,651,665
mdp.49015000026113,44,0,6,Saucy Duckfeather,PERSON,840,857
mdp.49015000026113,45,0,0,the White Crane Man,PERSON,44,63
mdp.49015000026113,45,0,1,Magpie Woman,PERSON,171,183
mdp.49015000026113,45,0,2,these last few weeks,DATE,449,469
mdp.49015000026113,45,0,3,Magpie Woman,PERSON,794,806
mdp.49015000026113,46,0,0,Magpie Woman,PERSON,228,240
mdp.49015000026113,46,0,1,Coyote Man,PERSON,318,328
mdp.49015000026113,47,0,0,Coyote Man,PERSON,88,98
mdp.49015000026113,47,0,1,Badger's Son,PERSON,218,230
mdp.49015000026113,47,0,2,Coyote Man,PERSON,293,303
mdp.49015000026113,47,0,3,Coyote Man,PERSON,518,528
mdp.49015000026113,47,0,4,Magpie Woman,PERSON,613,625
mdp.49015000026113,47,2,0,Coyote Man,PERSON,0,10
mdp.49015000026113,47,2,1,upriver,LOC,54,61
mdp.49015000026113,47,2,2,43,DATE,237,239
mdp.49015000026113,48,0,0,Magpie Woman,PERSON,457,469
mdp.49015000026113,48,0,1,sundown,TIME,495,502
mdp.49015000026113,48,0,2,Coyote Man,PRODUCT,572,582
mdp.49015000026113,48,0,3,Coyote Man,PERSON,668,678
mdp.49015000026113,48,0,4,Coyote Man,PERSON,962,972
mdp.49015000026113,48,0,5,44,CARDINAL,1086,1088
mdp.49015000026113,49,0,0,Coyote Man,PERSON,61,71
mdp.49015000026113,49,0,1,only one,CARDINAL,195,203
mdp.49015000026113,49,0,2,Saucy Duckfeather,GPE,1071,1088
mdp.49015000026113,49,0,3,45,CARDINAL,1097,1099
mdp.49015000026113,51,0,0,Saucy Duckfeather,PERSON,333,350
mdp.49015000026113,51,0,1,Coyote Man,PERSON,409,419
mdp.49015000026113,52,0,0,Saucy Duckfeather,PERSON,59,76
mdp.49015000026113,52,0,1,Coyote Man,PERSON,183,193
mdp.49015000026113,52,1,0,four,QUANTITY,330,334
mdp.49015000026113,52,1,1,four,QUANTITY,412,416
mdp.49015000026113,52,1,2,Coyote Man,PERSON,491,501
mdp.49015000026113,53,0,0,Coyote Man,PERSON,54,64
mdp.49015000026113,53,0,1,four nights,DATE,214,225
mdp.49015000026113,53,0,2,Coyote Man,PERSON,234,244
mdp.49015000026113,53,0,3,Saucy Duckfeather,PERSON,290,307
mdp.49015000026113,53,0,4,Magpie Woman,PERSON,430,442
mdp.49015000026113,53,2,0,Magpie,PERSON,44,50
mdp.49015000026113,53,4,0,Coyote,PERSON,2,8
mdp.49015000026113,53,5,0,49,CARDINAL,0,2
mdp.49015000026113,54,0,0,Rattlesnake,PERSON,0,11
mdp.49015000026113,54,1,0,the Beaded-one,PERSON,40,54
mdp.49015000026113,54,3,0,last winter,DATE,39,50
mdp.49015000026113,54,5,0,Coyote,PERSON,53,59
mdp.49015000026113,54,6,0,Coyote,PERSON,3,9
mdp.49015000026113,54,9,0,winter,DATE,68,74
mdp.49015000026113,54,10,0,Coyote,PERSON,11,17
mdp.49015000026113,54,11,0,Coyote,PERSON,0,6
mdp.49015000026113,54,12,0,Coyote,PERSON,0,6
mdp.49015000026113,54,13,0,Coyote,PERSON,0,6
mdp.49015000026113,54,13,1,Beadedone,PERSON,47,56
mdp.49015000026113,54,14,0,Beaded,PERSON,4,10
mdp.49015000026113,54,15,0,Beaded,PERSON,18,24
mdp.49015000026113,54,17,0,Coyote Woman,PERSON,0,12
mdp.49015000026113,54,22,0,Coyote,PERSON,0,6
mdp.49015000026113,54,28,0,50,CARDINAL,2,4
mdp.49015000026113,55,2,0,Coyote,PERSON,7,13
mdp.49015000026113,55,2,1,Coyote Woman,PERSON,22,34
mdp.49015000026113,55,4,0,Coyote,PERSON,32,38
mdp.49015000026113,55,5,0,51,CARDINAL,1,3
mdp.49015000026113,58,0,0,Snout,PERSON,0,5
mdp.49015000026113,58,1,0,Snout,PERSON,5,10
mdp.49015000026113,58,2,0,Bullhead Woman,PERSON,1,15
mdp.49015000026113,58,2,1,winter,DATE,312,318
mdp.49015000026113,58,3,0,Snout,PERSON,4,9
mdp.49015000026113,58,3,1,Story Teller,PERSON,137,149
mdp.49015000026113,59,0,0,Snout,PERSON,32,37
mdp.49015000026113,59,0,1,Story Teller,PERSON,50,62
mdp.49015000026113,59,1,0,Snout,PERSON,5,10
mdp.49015000026113,59,1,1,Sandalmaker,PERSON,74,85
mdp.49015000026113,59,1,2,Sandalmaker,PERSON,229,240
mdp.49015000026113,59,2,0,Snout,PERSON,25,30
mdp.49015000026113,59,2,1,Roundhousebuilder,PERSON,41,58
mdp.49015000026113,59,2,2,Snout,PERSON,119,124
mdp.49015000026113,59,3,0,Snout,PERSON,4,9
mdp.49015000026113,59,4,0,Snout,PERSON,37,42
mdp.49015000026113,59,4,1,Snout,PERSON,113,118
mdp.49015000026113,59,4,2,three seasons,DATE,162,175
mdp.49015000026113,59,4,3,Snout,PERSON,481,486
mdp.49015000026113,59,4,4,Snout,PERSON,594,599
mdp.49015000026113,59,5,0,Snout,PERSON,63,68
mdp.49015000026113,60,0,0,Saucy Duckfeather,PERSON,102,119
mdp.49015000026113,60,0,1,Coyote,PERSON,180,186
mdp.49015000026113,60,0,2,Coyote Man,PERSON,265,275
mdp.49015000026113,60,0,3,Coyote Man,PERSON,393,403
mdp.49015000026113,60,0,4,Roundhouse,GPE,599,609
mdp.49015000026113,60,0,5,Snout,PERSON,651,656
mdp.49015000026113,60,0,6,Bullhead Woman,PERSON,774,788
mdp.49015000026113,60,0,7,tonight,TIME,915,922
mdp.49015000026113,60,1,0,Coyote Man,PERSON,4,14
mdp.49015000026113,60,1,1,Snout,PERSON,129,134
mdp.49015000026113,60,1,2,Bullhead,PERSON,211,219
mdp.49015000026113,60,1,3,Trout Girl,PERSON,231,241
mdp.49015000026113,60,2,0,Trout Girl,PERSON,5,15
mdp.49015000026113,60,2,1,Snout,PERSON,25,30
mdp.49015000026113,60,2,2,two,CARDINAL,125,128
mdp.49015000026113,61,0,0,Trout Girl's,PERSON,46,58
mdp.49015000026113,61,0,1,Snout,PERSON,70,75
mdp.49015000026113,61,1,0,Snout,PERSON,54,59
mdp.49015000026113,61,1,1,Snout,PERSON,198,203
mdp.49015000026113,61,1,2,the Star People,NORP,271,286
mdp.49015000026113,61,2,0,Snout,PERSON,37,42
mdp.49015000026113,61,2,1,one,CARDINAL,196,199
mdp.49015000026113,62,1,0,MI,GPE,22,24
mdp.49015000026113,62,2,0,Yellow Lizard,PERSON,42,55
mdp.49015000026113,62,2,1,Coyote,PERSON,98,104
mdp.49015000026113,62,3,0,Coyote,PERSON,0,6
mdp.49015000026113,62,4,0,Coyote,PERSON,1,7
mdp.49015000026113,62,5,0,Coyote,PERSON,38,44
mdp.49015000026113,62,8,0,Coyote,PERSON,0,6
mdp.49015000026113,62,10,0,Coyote,PERSON,0,6
mdp.49015000026113,62,15,0,Coyote,PERSON,0,6
mdp.49015000026113,62,17,0,58,CARDINAL,56,58
mdp.49015000026113,63,0,0,Spotted Lizard,PERSON,3,17
mdp.49015000026113,63,2,0,Coyote,PERSON,18,24
mdp.49015000026113,63,2,1,summer,DATE,35,41
mdp.49015000026113,63,7,0,Coyote,PERSON,5,11
mdp.49015000026113,63,7,1,Spotted Lizard,PERSON,19,33
mdp.49015000026113,63,8,0,5,CARDINAL,0,1
mdp.49015000026113,64,0,0,Jackrabbit,PERSON,0,10
mdp.49015000026113,64,6,0,Pelican Woman,PERSON,22,35
mdp.49015000026113,64,7,0,first,ORDINAL,111,116
mdp.49015000026113,64,9,0,second,ORDINAL,9,15
mdp.49015000026113,64,9,1,Old Frog Woman,PERSON,68,82
mdp.49015000026113,64,9,2,two,CARDINAL,94,97
mdp.49015000026113,64,10,0,third,ORDINAL,73,78
mdp.49015000026113,64,12,0,Coyote,PERSON,0,6
mdp.49015000026113,64,14,0,Coyote,PERSON,32,38
mdp.49015000026113,64,14,1,my day,DATE,43,49
mdp.49015000026113,64,17,0,Mudhen,PERSON,9,15
mdp.49015000026113,64,18,0,Coyote,PERSON,23,29
mdp.49015000026113,64,23,0,Coyote,PERSON,10,16
mdp.49015000026113,64,24,0,Jackrabbit Man,PERSON,31,45
mdp.49015000026113,64,25,0,60,CARDINAL,7,9
mdp.49015000026113,65,5,0,two,CARDINAL,19,22
mdp.49015000026113,65,6,0,Coyote,PERSON,13,19
mdp.49015000026113,65,10,0,Coyote,PERSON,26,32
mdp.49015000026113,65,10,1,Jackrabbit Man,PERSON,36,50
mdp.49015000026113,65,12,0,Jackrabbit Man,PERSON,12,26
mdp.49015000026113,65,15,0,Badger Man,PERSON,0,10
mdp.49015000026113,65,16,0,Coyote,PERSON,15,21
mdp.49015000026113,65,19,0,Jackrabbit,PERSON,8,18
mdp.49015000026113,65,20,0,Coyote,PERSON,0,6
mdp.49015000026113,65,20,1,Jackrabbit,PERSON,15,25
mdp.49015000026113,65,24,0,Coyote,PERSON,7,13
mdp.49015000026113,65,24,1,Jackrabbit,PERSON,21,31
mdp.49015000026113,65,24,2,Coyote,PERSON,130,136
mdp.49015000026113,65,24,3,61,CARDINAL,174,176
mdp.49015000026113,66,3,0,Coyote,PERSON,20,26
mdp.49015000026113,66,4,0,Coyote,PERSON,4,10
mdp.49015000026113,66,6,0,days later,DATE,11,21
mdp.49015000026113,66,6,1,Coyote,PERSON,39,45
mdp.49015000026113,66,11,0,later that evening,TIME,51,69
mdp.49015000026113,66,11,1,Coyote,PERSON,71,77
mdp.49015000026113,66,11,2,the night,TIME,84,93
mdp.49015000026113,66,11,3,one,CARDINAL,101,104
mdp.49015000026113,66,13,0,Coyote,PERSON,4,10
mdp.49015000026113,66,14,0,dawn,TIME,4,8
mdp.49015000026113,66,14,1,Jackrabbit Man,PERSON,15,29
mdp.49015000026113,66,19,0,Coyote,PERSON,34,40
mdp.49015000026113,66,22,0,Coyote,PERSON,37,43
mdp.49015000026113,66,25,0,62,CARDINAL,9,11
mdp.49015000026113,67,5,0,Coyote,PERSON,28,34
mdp.49015000026113,67,7,0,Coyote,PERSON,5,11
mdp.49015000026113,67,9,0,Mudhen,PERSON,17,23
mdp.49015000026113,67,9,1,Coyote,PERSON,63,69
mdp.49015000026113,68,3,0,Fox,PERSON,0,3
mdp.49015000026113,68,3,1,Badger,PERSON,49,55
mdp.49015000026113,68,4,0,Badger,PERSON,0,6
mdp.49015000026113,68,4,1,Cougar,PERSON,48,54
mdp.49015000026113,68,5,0,Jackrabbit,PERSON,0,10
mdp.49015000026113,68,5,1,Mole,PERSON,44,48
mdp.49015000026113,68,5,2,Mouse,PERSON,57,62
mdp.49015000026113,68,5,3,Deer,PERSON,72,76
mdp.49015000026113,68,6,0,Coyote,PERSON,12,18
mdp.49015000026113,68,7,0,Coyote,PERSON,4,10
mdp.49015000026113,68,12,0,Bear,PERSON,20,24
mdp.49015000026113,68,13,0,Bear,PERSON,0,4
mdp.49015000026113,68,13,1,one,CARDINAL,49,52
mdp.49015000026113,68,13,2,Coyote,PERSON,77,83
mdp.49015000026113,68,14,0,Coyote,PERSON,4,10
mdp.49015000026113,68,15,0,Coyote,PERSON,150,156
mdp.49015000026113,68,21,0,Coyote,PERSON,45,51
mdp.49015000026113,68,22,0,64,CARDINAL,0,2
mdp.49015000026113,69,0,0,Coyote,PERSON,82,88
mdp.49015000026113,69,0,1,second,ORDINAL,97,103
mdp.49015000026113,69,1,0,Coyote,PERSON,40,46
mdp.49015000026113,69,1,1,two,CARDINAL,138,141
mdp.49015000026113,69,2,0,Coyote,PERSON,5,11
mdp.49015000026113,69,4,0,Porcupine,PERSON,17,26
mdp.49015000026113,69,6,0,two,CARDINAL,25,28
mdp.49015000026113,69,6,1,Coyote,PERSON,64,70
mdp.49015000026113,70,0,0,Coyote,PERSON,31,37
mdp.49015000026113,70,1,0,Elk,PERSON,24,27
mdp.49015000026113,70,1,1,Skunk,PERSON,52,57
mdp.49015000026113,70,2,0,a moment,TIME,13,21
mdp.49015000026113,70,2,1,Badger,PERSON,29,35
mdp.49015000026113,70,3,0,Coyote,PERSON,4,10
mdp.49015000026113,70,3,1,Badger,PERSON,22,28
mdp.49015000026113,70,4,0,a moment,TIME,40,48
mdp.49015000026113,70,4,1,a minute,TIME,60,68
mdp.49015000026113,70,6,0,Coyote,PERSON,56,62
mdp.49015000026113,70,8,0,Coyote,PERSON,54,60
mdp.49015000026113,70,8,1,Coyote,PERSON,66,72
mdp.49015000026113,70,10,0,one,CARDINAL,12,15
mdp.49015000026113,70,15,0,Coyote,PERSON,0,6
mdp.49015000026113,70,17,0,66,CARDINAL,0,2
mdp.49015000026113,71,0,0,Badger's,PERSON,5,13
mdp.49015000026113,71,0,1,Coyote,PERSON,26,32
mdp.49015000026113,71,0,2,Coyote,PERSON,53,59
mdp.49015000026113,71,0,3,days,DATE,70,74
mdp.49015000026113,71,1,0,Coyote Old Man,PERSON,1,15
mdp.49015000026113,71,1,1,Badger,PERSON,86,92
mdp.49015000026113,71,2,0,first,ORDINAL,29,34
mdp.49015000026113,71,3,0,Badger,PERSON,4,10
mdp.49015000026113,71,4,0,Coyote,PERSON,80,86
mdp.49015000026113,71,5,0,Badger,PERSON,4,10
mdp.49015000026113,71,6,0,four days,DATE,11,20
mdp.49015000026113,71,6,1,Coyote,PERSON,40,46
mdp.49015000026113,71,7,0,Coyote Old Man,PERSON,1,15
mdp.49015000026113,71,8,0,Coyote,PERSON,0,6
mdp.49015000026113,71,9,0,Badger's,PERSON,3,11
mdp.49015000026113,71,9,1,Coyote,PERSON,21,27
mdp.49015000026113,71,10,0,the fourth day,DATE,3,17
mdp.49015000026113,71,14,0,67,CARDINAL,0,2
mdp.49015000026113,72,3,0,Coyote Old Man,PERSON,0,14
mdp.49015000026113,72,5,0,Badger,PERSON,5,11
mdp.49015000026113,72,5,1,Coyote Old Man,PERSON,25,39
mdp.49015000026113,72,5,2,Coyote,PERSON,67,73
mdp.49015000026113,72,8,0,Badger,PERSON,4,10
mdp.49015000026113,72,8,1,Coyote Old Man,PERSON,35,49
mdp.49015000026113,72,9,0,68,CARDINAL,2,4
mdp.49015000026113,73,0,0,Coyote,PERSON,0,6
mdp.49015000026113,73,1,0,Coyote,PERSON,0,6
mdp.49015000026113,73,4,0,today,DATE,23,28
mdp.49015000026113,73,7,0,69,CARDINAL,24,26
mdp.49015000026113,74,0,0,First Fire,WORK_OF_ART,39,49
mdp.49015000026113,74,3,0,Just before,TIME,0,11
mdp.49015000026113,74,12,0,70,CARDINAL,7,9
mdp.49015000026113,75,20,0,Coyote,PERSON,59,65
mdp.49015000026113,75,23,0,71,CARDINAL,0,2
mdp.49015000026113,76,0,0,First,ORDINAL,17,22
mdp.49015000026113,76,7,0,Coyote,PERSON,41,47
mdp.49015000026113,76,10,0,Coyote,PERSON,3,9
mdp.49015000026113,76,12,0,first,ORDINAL,29,34
mdp.49015000026113,76,15,0,Coyote,PERSON,13,19
mdp.49015000026113,76,16,0,first,ORDINAL,51,56
mdp.49015000026113,76,17,0,72,CARDINAL,0,2
mdp.49015000026113,78,1,0,Coyote,PERSON,26,32
mdp.49015000026113,78,5,0,Harvey,PERSON,11,17
mdp.49015000026113,78,7,0,Harvey,PERSON,13,19
mdp.49015000026113,78,8,0,last week,DATE,52,61
mdp.49015000026113,78,11,0,last week,DATE,19,28
mdp.49015000026113,78,19,0,74,CARDINAL,0,2
mdp.49015000026113,79,0,0,first,ORDINAL,23,28
mdp.49015000026113,79,2,0,Coyote,PERSON,0,6
mdp.49015000026113,79,8,0,first,ORDINAL,17,22
mdp.49015000026113,79,12,0,first,ORDINAL,14,19
mdp.49015000026113,79,16,0,Coyote,PERSON,66,72
mdp.49015000026113,79,22,0,Coyote,PERSON,0,6
mdp.49015000026113,79,28,0,Coyote,PERSON,22,28
mdp.49015000026113,79,29,0,Cousin,PERSON,15,21
mdp.49015000026113,79,33,0,75,CARDINAL,2,4
mdp.49015000026113,80,0,0,Coyote,PERSON,53,59
mdp.49015000026113,80,2,0,Coyote,PERSON,0,6
mdp.49015000026113,80,6,0,Little Cousin,PERSON,4,17
mdp.49015000026113,80,7,0,Coyote,PERSON,0,6
mdp.49015000026113,80,11,0,Cousin,PERSON,75,81
mdp.49015000026113,80,12,0,Coyote,PERSON,42,48
mdp.49015000026113,80,14,0,tonight,TIME,119,126
mdp.49015000026113,80,18,0,Two days,DATE,1,9
mdp.49015000026113,80,23,0,Coyote,PERSON,8,14
mdp.49015000026113,80,25,0,Coyote,PERSON,0,6
mdp.49015000026113,80,27,0,76,CARDINAL,6,8
mdp.49015000026113,81,0,0,Coyote,PERSON,5,11
mdp.49015000026113,82,1,0,Eva,PERSON,0,3
mdp.49015000026113,83,14,0,Uncle,PERSON,32,37
mdp.49015000026113,83,28,0,Uncle,PERSON,89,94
mdp.49015000026113,83,35,0,79,CARDINAL,0,2
mdp.49015000026113,84,10,0,80,CARDINAL,0,2
mdp.49015000026113,85,1,0,many days,DATE,27,36
mdp.49015000026113,85,20,0,"many, many days",DATE,45,60
mdp.49015000026113,85,31,0,81,CARDINAL,0,2
mdp.49015000026113,86,4,0,one,CARDINAL,32,35
mdp.49015000026113,86,20,0,82,CARDINAL,0,2
mdp.49015000026113,87,0,0,La Gille Lor L Island,PERSON,0,21
mdp.49015000026113,87,0,1,Coyote,PERSON,32,38
mdp.49015000026113,87,4,0,many days,DATE,19,28
mdp.49015000026113,87,17,0,83,CARDINAL,0,2
mdp.49015000026113,88,0,0,Black Coyote,PERSON,0,12
mdp.49015000026113,88,1,0,Snowfox-running,PERSON,14,29
mdp.49015000026113,88,4,0,three,CARDINAL,149,154
mdp.49015000026113,89,0,0,Coyote Old Man's,PERSON,49,65
mdp.49015000026113,89,0,1,Coyote Old Man,PERSON,130,144
mdp.49015000026113,89,1,0,Coyote,PERSON,215,221
mdp.49015000026113,89,2,0,Coyote Old Man,PERSON,4,18
mdp.49015000026113,91,0,0,night,TIME,231,236
mdp.49015000026113,91,1,0,a Coyote Clan,ORG,133,146
mdp.49015000026113,91,2,0,tomorrow,DATE,201,209
mdp.49015000026113,91,3,0,Black Coyote,PERSON,134,146
mdp.49015000026113,91,5,0,87,CARDINAL,2,4
mdp.49015000026113,92,6,0,many years,DATE,43,53
mdp.49015000026113,93,5,0,just yesterday,DATE,10,24
mdp.49015000026113,94,0,0,Rattlesnake: A Dialogue of Creatures,WORK_OF_ART,4,40
mdp.49015000026113,94,0,1,winter,DATE,102,108
mdp.49015000026113,94,0,2,winter,DATE,171,177
mdp.49015000026113,94,4,0,bear,PERSON,0,4
mdp.49015000026113,95,0,0,flicker,PERSON,0,7
mdp.49015000026113,95,2,0,fox,PERSON,0,3
mdp.49015000026113,95,3,0,bear,PERSON,39,43
mdp.49015000026113,95,4,0,squirrel,PERSON,0,8
mdp.49015000026113,95,8,0,one,CARDINAL,63,66
mdp.49015000026113,95,9,0,bluejay,PERSON,0,7
mdp.49015000026113,96,8,0,half,CARDINAL,21,25
mdp.49015000026113,96,11,0,99,CARDINAL,0,2
mdp.49015000026113,97,1,0,anawer hawa wand,PERSON,6,22
mdp.49015000026113,97,4,0,bear,PERSON,58,62
mdp.49015000026113,97,5,0,93,CARDINAL,0,2
mdp.49015000026113,98,0,0,four,CARDINAL,47,51
mdp.49015000026113,98,1,0,snow plant,PERSON,0,10
mdp.49015000026113,98,2,0,snow plant,PERSON,0,10
mdp.49015000026113,98,2,1,winter,DATE,21,27
mdp.49015000026113,98,2,2,winter,DATE,90,96
mdp.49015000026113,100,3,0,five,CARDINAL,70,74
mdp.49015000026113,100,4,0,96,CARDINAL,120,122
mdp.49015000026113,103,0,0,hom im Juomo love,NORP,4,21
mdp.49015000026113,104,2,0,early afternoon,TIME,296,311
mdp.49015000026113,104,2,1,100,CARDINAL,334,337
mdp.49015000026113,105,6,0,101,CARDINAL,28,31
mdp.49015000026113,106,0,0,earth,LOC,111,116
mdp.49015000026113,106,0,1,hump,PERSON,257,261
mdp.49015000026113,106,0,2,skidrow merica street,FAC,281,302
mdp.49015000026113,106,0,3,five gallon,QUANTITY,303,314
mdp.49015000026113,106,2,0,102,CARDINAL,36,39
mdp.49015000026113,107,1,0,Coyote,PERSON,1,7
mdp.49015000026113,107,2,0,Coyote,PERSON,117,123
mdp.49015000026113,107,2,1,Coyote,PERSON,145,151
mdp.49015000026113,107,2,2,Coyote,PERSON,211,217
mdp.49015000026113,108,1,0,Don Lala,PERSON,6,14
mdp.49015000026113,108,3,0,Coyote,PERSON,0,6
mdp.49015000026113,108,5,0,Coyote,PERSON,16,22
mdp.49015000026113,108,12,0,Coyote,PERSON,0,6
mdp.49015000026113,108,17,0,Coyote,PERSON,4,10
mdp.49015000026113,108,18,0,Coyote,PERSON,53,59
mdp.49015000026113,108,21,0,104,CARDINAL,0,3
mdp.49015000026113,109,1,0,Three,CARDINAL,0,5
mdp.49015000026113,109,6,0,one,CARDINAL,31,34
mdp.49015000026113,109,8,0,first,ORDINAL,31,36
mdp.49015000026113,109,10,0,Coyote Woman,PERSON,0,12
mdp.49015000026113,109,13,0,Coyote,PERSON,5,11
mdp.49015000026113,109,14,0,Coyote,PERSON,12,18
mdp.49015000026113,110,0,0,another beautiful day,DATE,7,28
mdp.49015000026113,110,0,1,Coyote,PERSON,34,40
mdp.49015000026113,110,2,0,a few feet,QUANTITY,21,31
mdp.49015000026113,110,3,0,Alcatraz,FAC,18,26
mdp.49015000026113,110,6,0,Coyote,PERSON,68,74
mdp.49015000026113,110,10,0,Uncle,PERSON,5,10
mdp.49015000026113,110,10,1,one,CARDINAL,26,29
mdp.49015000026113,110,10,2,U.S. Surplus,ORG,73,85
mdp.49015000026113,110,10,3,the early 1800's,DATE,94,110
mdp.49015000026113,110,12,0,Indian,NORP,24,30
mdp.49015000026113,110,20,0,twenty-foot,QUANTITY,134,145
mdp.49015000026113,111,0,0,one,CARDINAL,14,17
mdp.49015000026113,111,5,0,Indian Agent,PERSON,0,12
mdp.49015000026113,112,3,0,three,CARDINAL,90,95
mdp.49015000026113,112,3,1,five,CARDINAL,99,103
mdp.49015000026113,112,6,0,Coyote,PERSON,0,6
mdp.49015000026113,112,8,0,Coyote,PERSON,0,6
mdp.49015000026113,112,11,0,Mole,PERSON,22,26
mdp.49015000026113,112,11,1,Coyote,PERSON,52,58
mdp.49015000026113,112,12,0,Louse,PERSON,1,6
mdp.49015000026113,112,12,1,Coyote,PERSON,9,15
mdp.49015000026113,112,13,0,Coyote,PERSON,2,8
mdp.49015000026113,112,14,0,Coyote,PERSON,29,35
mdp.49015000026113,112,20,0,Coyote,PERSON,16,22
mdp.49015000026113,112,23,0,Asshole,PERSON,9,16
mdp.49015000026113,112,24,0,108,CARDINAL,0,3
mdp.49015000026113,113,8,0,Coyote,PERSON,0,6
mdp.49015000026113,113,9,0,one,CARDINAL,24,27
mdp.49015000026113,113,12,0,Coyote,PERSON,45,51
mdp.49015000026113,113,13,0,Coyote,PERSON,5,11
mdp.49015000026113,113,13,1,Coyote,PERSON,84,90
mdp.49015000026113,113,13,2,Coyote,PERSON,217,223
mdp.49015000026113,113,16,0,Coyote,PERSON,3,9
mdp.49015000026113,113,18,0,Coyote,PERSON,4,10
mdp.49015000026113,113,20,0,10,CARDINAL,11,13
mdp.49015000026113,114,2,0,four,CARDINAL,15,19
mdp.49015000026113,115,0,0,Coyote's Broken Tail >,PERSON,0,22
mdp.49015000026113,115,1,0,Two,CARDINAL,0,3
mdp.49015000026113,115,4,0,Coyote,PERSON,33,39
mdp.49015000026113,115,11,0,Coyote,PERSON,0,6
mdp.49015000026113,115,15,0,Coyote,PERSON,0,6
mdp.49015000026113,115,19,0,only one,CARDINAL,10,18
mdp.49015000026113,115,27,0,Coyote,PERSON,4,10
mdp.49015000026113,116,0,0,one,CARDINAL,198,201
mdp.49015000026113,116,1,0,Ina Sis Mun 112,PERSON,0,15
mdp.49015000026113,117,2,0,Berkeley,GPE,19,27
mdp.49015000026113,117,3,0,A perfect day,DATE,0,13
mdp.49015000026113,117,4,0,Hong Kong,GPE,0,9
mdp.49015000026113,117,4,1,India,GPE,49,54
mdp.49015000026113,117,4,2,Japenese,NORP,103,111
mdp.49015000026113,117,6,0,one,CARDINAL,3,6
mdp.49015000026113,117,8,0,Louse,PRODUCT,4,9
mdp.49015000026113,117,9,0,Coyote,PERSON,0,6
mdp.49015000026113,117,9,1,Louse,PRODUCT,15,20
mdp.49015000026113,117,10,0,two,CARDINAL,11,14
mdp.49015000026113,117,15,0,Coyote,PERSON,0,6
mdp.49015000026113,117,16,0,Two dollars,MONEY,0,11
mdp.49015000026113,117,19,0,two bucks,MONEY,26,35
mdp.49015000026113,117,20,0,Coyote,PERSON,11,17
mdp.49015000026113,117,22,0,Coyote,PERSON,0,6
mdp.49015000026113,117,26,0,113,CARDINAL,21,24
mdp.49015000026113,118,0,0,one,CARDINAL,17,20
mdp.49015000026113,118,1,0,Coyote,PERSON,0,6
mdp.49015000026113,118,3,0,Coyote,PERSON,0,6
mdp.49015000026113,118,5,0,Coyote,PERSON,153,159
mdp.49015000026113,118,11,0,Coyote,PERSON,0,6
mdp.49015000026113,118,12,0,One,CARDINAL,25,28
mdp.49015000026113,118,12,1,Coyote,PERSON,53,59
mdp.49015000026113,118,13,0,three,CARDINAL,4,9
mdp.49015000026113,118,13,1,114,CARDINAL,112,115
mdp.49015000026113,119,3,0,Coyote,PERSON,4,10
mdp.49015000026113,119,3,1,Coyote,PERSON,28,34
mdp.49015000026113,119,4,0,VW,ORG,43,45
mdp.49015000026113,119,5,0,morning,TIME,240,247
mdp.49015000026113,119,5,1,Our Tactical Squad,ORG,435,453
mdp.49015000026113,121,2,0,30-30,CARDINAL,51,56
mdp.49015000026113,121,4,0,Indian,ORG,17,23
mdp.49015000026113,121,10,0,Coyote,PERSON,0,6
mdp.49015000026113,121,20,0,that night,TIME,19,29
mdp.49015000026113,121,20,1,Coyote,PERSON,35,41
mdp.49015000026113,121,23,0,Next morning,TIME,0,12
mdp.49015000026113,121,24,0,Coyote,PERSON,0,6
mdp.49015000026113,121,27,0,Coyote,PERSON,0,6
mdp.49015000026113,121,29,0,Coyote,PERSON,0,6
mdp.49015000026113,121,30,0,117,CARDINAL,0,3
mdp.49015000026113,122,0,0,next day,DATE,40,48
mdp.49015000026113,122,0,1,next season,DATE,120,131
mdp.49015000026113,122,0,2,Coyote,PERSON,132,138
mdp.49015000026113,122,2,0,Indian,NORP,33,39
mdp.49015000026113,122,3,0,Indians,NORP,107,114
mdp.49015000026113,122,4,0,a few days,DATE,16,26
mdp.49015000026113,122,13,0,118,CARDINAL,0,3
mdp.49015000026113,123,0,0,Coyote's Anthro,WORK_OF_ART,0,15
mdp.49015000026113,123,2,0,"The Mythology of Coyote: Trickster, Thief, Fool and WorldMaker's Helper",WORK_OF_ART,77,148
mdp.49015000026113,123,3,0,Foundation,ORG,115,125
mdp.49015000026113,123,15,0,Coyote Old Man,PERSON,31,45
mdp.49015000026113,123,18,0,Coyote,PERSON,0,6
mdp.49015000026113,123,19,0,Coyote,PERSON,25,31
mdp.49015000026113,123,25,0,Coyote Old Man,PERSON,13,27
mdp.49015000026113,123,26,0,Fox Young Man,PERSON,16,29
mdp.49015000026113,123,28,0,Coyote,PERSON,0,6
mdp.49015000026113,123,30,0,Coyote,PERSON,0,6
mdp.49015000026113,124,0,0,2,CARDINAL,7,8
mdp.49015000026113,124,2,0,Coyote,PERSON,21,27
mdp.49015000026113,124,4,0,Coyote,PERSON,49,55
mdp.49015000026113,124,15,0,Coyote,PERSON,0,6
mdp.49015000026113,125,8,0,one,CARDINAL,15,18
mdp.49015000026113,125,11,0,Coyote,PERSON,18,24
mdp.49015000026113,125,14,0,Coyote,PERSON,0,6
mdp.49015000026113,125,21,0,a foot,QUANTITY,77,83
mdp.49015000026113,125,24,0,Coyote,PERSON,48,54
mdp.49015000026113,125,26,0,Coyote,PERSON,4,10
mdp.49015000026113,125,28,0,Coyote,PERSON,0,6
mdp.49015000026113,125,33,0,121,CARDINAL,0,3
mdp.49015000026113,126,15,0,Coyote,PERSON,72,78
mdp.49015000026113,126,15,1,122,CARDINAL,86,89
mdp.49015000026113,127,0,0,Sierra Foothills,LOC,4,20
mdp.49015000026113,127,1,0,bluejay,PERSON,0,7
mdp.49015000026113,127,2,0,123,CARDINAL,0,3
mdp.49015000026113,128,1,0,manzanita,GPE,0,9
mdp.49015000026113,128,2,0,kitkitdizze,PERSON,0,11
mdp.49015000026113,128,2,1,Ant,PERSON,80,83
mdp.49015000026113,128,3,0,all night,TIME,7,16
mdp.49015000026113,129,0,0,Coyote Would A-Hunting Go,WORK_OF_ART,0,25
mdp.49015000026113,129,1,0,England,GPE,15,22
mdp.49015000026113,129,2,0,English,NORP,67,74
mdp.49015000026113,129,2,1,Europeans,NORP,85,94
mdp.49015000026113,129,3,0,England,GPE,24,31
mdp.49015000026113,129,4,0,The Keeper Would A-hunting Go,WORK_OF_ART,65,94
mdp.49015000026113,129,5,0,An Ethnopoetic Experiment In Ego-Evacuation,WORK_OF_ART,20,63
mdp.49015000026113,129,7,0,Sierra foothills,LOC,116,132
mdp.49015000026113,129,8,0,the Yuba River,LOC,133,147
mdp.49015000026113,129,9,0,all day,DATE,34,41
mdp.49015000026113,129,10,0,Sierra,LOC,40,46
mdp.49015000026113,129,11,0,125,CARDINAL,0,3
mdp.49015000026113,130,0,0,Coyote,PERSON,0,6
mdp.49015000026113,130,1,0,Sierra foothills,LOC,110,126
mdp.49015000026113,130,2,0,all day,DATE,34,41
mdp.49015000026113,130,3,0,Sierra,LOC,40,46
mdp.49015000026113,130,4,0,this day,DATE,88,96
mdp.49015000026113,130,6,0,all day,DATE,34,41
mdp.49015000026113,130,7,0,Sierra,LOC,40,46
mdp.49015000026113,130,7,1,126,CARDINAL,67,70
mdp.49015000026113,131,0,0,"Coyote's Discourse on Power, Medicine, and Would-be Shamans",WORK_OF_ART,0,59
mdp.49015000026113,131,1,0,evening,TIME,5,12
mdp.49015000026113,131,3,0,ten foot,QUANTITY,14,22
mdp.49015000026113,131,20,0,about one-tenth,CARDINAL,50,65
mdp.49015000026113,131,21,0,one,CARDINAL,17,20
mdp.49015000026113,131,22,0,one,CARDINAL,36,39
mdp.49015000026113,131,22,1,12,CARDINAL,83,85
mdp.49015000026113,132,9,0,first,ORDINAL,14,19
mdp.49015000026113,132,10,0,tonight,TIME,17,24
mdp.49015000026113,132,12,0,one,CARDINAL,35,38
mdp.49015000026113,132,20,0,Shamaness Fast-Walker,PERSON,41,62
mdp.49015000026113,132,26,0,two,CARDINAL,95,98
mdp.49015000026113,132,28,0,a full moon night,TIME,7,24
mdp.49015000026113,132,38,0,128,CARDINAL,0,3
mdp.49015000026113,133,32,0,one,CARDINAL,64,67
mdp.49015000026113,134,33,0,first,ORDINAL,63,68
mdp.49015000026113,134,36,0,130,CARDINAL,0,3
mdp.49015000026113,135,2,0,one,CARDINAL,9,12
mdp.49015000026113,136,7,0,night,TIME,20,25
mdp.49015000026113,137,0,0,Coyote,PERSON,0,6
mdp.49015000026113,137,0,1,Coyote,PERSON,8,14
mdp.49015000026113,137,4,0,Coyote,PERSON,0,6
mdp.49015000026113,137,4,1,Coyote,PERSON,8,14
mdp.49015000026113,137,5,0,one,CARDINAL,65,68
mdp.49015000026113,137,6,0,Coyote,PERSON,0,6
mdp.49015000026113,137,6,1,Coyote,PERSON,8,14
mdp.49015000026113,137,7,0,summer,DATE,81,87
mdp.49015000026113,137,8,0,Coyote,PERSON,2,8
mdp.49015000026113,137,8,1,Coyote,PERSON,10,16
mdp.49015000026113,137,9,0,last night,TIME,38,48
mdp.49015000026113,137,9,1,this morning,TIME,89,101
mdp.49015000026113,138,0,0,Coyote,PERSON,0,6
mdp.49015000026113,138,0,1,Coyote,PERSON,8,14
mdp.49015000026113,138,2,0,Coyote,PERSON,51,57
mdp.49015000026113,138,3,0,134,CARDINAL,0,3
mdp.49015000026113,139,1,0,Old Crow,PRODUCT,16,24
mdp.49015000026113,139,7,0,Coyote,PERSON,40,46
mdp.49015000026113,139,13,0,Coyote,PERSON,31,37
mdp.49015000026113,139,18,0,Coyote,PERSON,13,19
mdp.49015000026113,139,22,0,> 13,CARDINAL,42,46
mdp.49015000026113,140,5,0,Levi,ORG,3,7
mdp.49015000026113,141,11,0,Coyote,PERSON,4,10
mdp.49015000026113,141,19,0,Coyote,PERSON,6,12
mdp.49015000026113,143,0,0,Coyote,PERSON,24,30
mdp.49015000026113,143,3,0,Angus,NORP,30,35
mdp.49015000026113,143,3,1,four,CARDINAL,42,46
mdp.49015000026113,143,3,2,1930,DATE,89,93
mdp.49015000026113,143,3,3,Ford,ORG,94,98
mdp.49015000026113,143,7,0,Coyote,PERSON,40,46
mdp.49015000026113,143,11,0,Coyote,PERSON,24,30
mdp.49015000026113,143,18,0,139,CARDINAL,0,3
mdp.49015000026113,144,6,0,springtime,DATE,41,51
mdp.49015000026113,144,6,1,many seasons,DATE,92,104
mdp.49015000026113,144,10,0,140,CARDINAL,0,3
mdp.49015000026113,145,0,0,first,ORDINAL,61,66
mdp.49015000026113,145,3,0,14,CARDINAL,28,30
mdp.49015000026113,146,0,0,PETER BLUE CLOUD,PERSON,0,16
mdp.49015000026113,146,0,1,Aroniawenrate,ORG,18,31
mdp.49015000026113,146,0,2,a Native American,NORP,37,54
mdp.49015000026113,146,0,3,Caughnawaga,GPE,86,97
mdp.49015000026113,146,2,0,Alcatraz Newsletter,ORG,8,27
mdp.49015000026113,146,2,1,1969,DATE,31,35
mdp.49015000026113,146,3,0,Akwesasne Notes,ORG,18,33
mdp.49015000026113,146,3,1,1975-76,DATE,34,41
mdp.49015000026113,146,4,0,California,GPE,26,36
mdp.49015000026113,146,5,0,Alcatraz Is Not An Island,WORK_OF_ART,15,40
mdp.49015000026113,146,5,1,Wingbow Press,ORG,51,64
mdp.49015000026113,146,5,2,1972,DATE,66,70
mdp.49015000026113,146,5,3,Coyote and Friends,WORK_OF_ART,72,90
mdp.49015000026113,146,5,4,Blackberry Press,ORG,92,108
mdp.49015000026113,146,5,5,1976,DATE,110,114
mdp.49015000026113,146,5,6,"Turtle, Bear and Wolf, Akwesasne Notes Press",WORK_OF_ART,116,160
mdp.49015000026113,146,5,7,1976,DATE,162,166
mdp.49015000026113,146,5,8,Blackberry Press,ORG,188,204
mdp.49015000026113,146,5,9,1978,DATE,206,210
mdp.49015000026113,146,5,10,White Corn Sister,WORK_OF_ART,212,229
mdp.49015000026113,146,5,11,Strawberry Press,ORG,231,247
mdp.49015000026113,146,5,12,1979,DATE,249,253
mdp.49015000026113,146,6,0,BILL CROSBY,PERSON,0,11
mdp.49015000026113,146,6,1,Lincoln,GPE,53,60
mdp.49015000026113,146,6,2,Nebraska,GPE,62,70
mdp.49015000026113,146,6,3,the University of Nebraska,ORG,100,126
mdp.49015000026113,146,7,0,Sierra,LOC,51,57
mdp.49015000026113,146,7,1,California,GPE,71,81
mdp.49015000026113,146,7,2,Cindy,PERSON,97,102
mdp.49015000026113,146,7,3,Jennifer,PERSON,117,125
mdp.49015000026113,146,8,0,142,CARDINAL,0,3
mdp.49015000026113,151,1,0,Blue Cloud,PERSON,0,10
mdp.49015000026113,151,1,1,Peter,PERSON,12,17
mdp.49015000026113,151,2,0,Peter Blue Cloud,PERSON,55,71
mdp.49015000026113,151,2,1,Bill Crosby,PERSON,89,100
mdp.49015000026113,151,3,0,Trumansburg,GPE,2,13
mdp.49015000026113,151,3,1,N.Y.,GPE,15,19
mdp.49015000026113,151,3,2,Crossing Press,ORG,22,36
mdp.49015000026113,151,3,3,142,CARDINAL,49,52
mdp.49015000026113,151,3,4,22,CARDINAL,65,67
mdp.49015000026113,151,4,0,11.95,MONEY,22,27
mdp.49015000026113,151,4,1,1,CARDINAL,28,29
mdp.49015000026113,151,4,2,2,CARDINAL,42,43
mdp.49015000026113,151,4,3,Library of Congress,ORG,151,170
