vol_id,page,sentence_id,ent_id,entity,entity_type,start_char,end_char
mdp.39015041613640,1,0,0,1997,DATE,20,24
mdp.39015041613640,1,0,1,The Star-Man and Other Tales,WORK_OF_ART,25,53
mdp.39015041613640,1,0,2,Basil H. Johnston,PERSON,54,71
mdp.39015041613640,1,0,3,Jonas George,PERSON,72,84
mdp.39015041613640,1,0,4,Ken Syrette,PERSON,117,128
mdp.39015041613640,2,0,0,UNIVER UNIVERS ERSITY,ORG,1,22
mdp.39015041613640,2,0,1,MICHIGAN MICHIGAN,GPE,34,51
mdp.39015041613640,6,0,0,1,CARDINAL,0,1
mdp.39015041613640,7,0,0,The Star-Man and Other Tales,WORK_OF_ART,0,28
mdp.39015041613640,7,1,0,Basil H. Johnston,PERSON,1,18
mdp.39015041613640,7,1,1,Jonas George,PERSON,19,31
mdp.39015041613640,7,1,2,Ken Syrette,PERSON,64,75
mdp.39015041613640,7,1,3,ROM Royal Ontario Museum,ORG,85,109
mdp.39015041613640,8,0,0,1997,DATE,22,26
mdp.39015041613640,8,0,1,Royal Ontario Museum,ORG,27,47
mdp.39015041613640,8,3,0,1997,DATE,19,23
mdp.39015041613640,8,3,1,the Royal Ontario Museum,ORG,27,51
mdp.39015041613640,8,3,2,Queen's Park,FAC,57,69
mdp.39015041613640,8,3,3,Toronto,GPE,71,78
mdp.39015041613640,8,3,4,Ontario,GPE,80,87
mdp.39015041613640,8,3,5,Glen Ellis,PERSON,113,123
mdp.39015041613640,8,3,6,Virginia Morin,PERSON,134,148
mdp.39015041613640,8,3,7,Canadian,NORP,149,157
mdp.39015041613640,8,5,0,Jonas,PERSON,11,16
mdp.39015041613640,8,6,0,Royal Ontario Museum,ORG,4,24
mdp.39015041613640,8,10,0,Canada,GPE,47,53
mdp.39015041613640,8,10,1,Friesen Printers,PERSON,57,73
mdp.39015041613640,10,1,0,Ojibway,NORP,62,69
mdp.39015041613640,10,1,1,Ojibway,NORP,220,227
mdp.39015041613640,10,3,0,the Royal Ontario Museum,ORG,17,41
mdp.39015041613640,10,3,1,present-day,DATE,87,98
mdp.39015041613640,10,3,2,Basil Johnston,PERSON,109,123
mdp.39015041613640,10,3,3,Sam Ozawamik,PERSON,125,137
mdp.39015041613640,10,3,4,Frank Shawbedees,PERSON,143,159
mdp.39015041613640,10,3,5,Jonas George,PERSON,180,192
mdp.39015041613640,10,3,6,early this century,DATE,210,228
mdp.39015041613640,10,3,7,Ken Syrette,PERSON,262,273
mdp.39015041613640,10,3,8,Nohdin,PERSON,275,281
mdp.39015041613640,10,3,9,the Batchewana First Nation,ORG,287,314
mdp.39015041613640,10,4,0,Ojibway,NORP,102,109
mdp.39015041613640,10,5,0,Anishinaubaek,LANGUAGE,0,13
mdp.39015041613640,10,5,1,Ojibway,NORP,20,27
mdp.39015041613640,10,6,0,Ojibway,NORP,25,32
mdp.39015041613640,10,7,0,6,CARDINAL,13,14
mdp.39015041613640,11,0,0,Anishinaubae,LANGUAGE,28,40
mdp.39015041613640,11,0,1,Anishinaubae,NORP,76,88
mdp.39015041613640,11,1,0,Anishnawbek,LANGUAGE,30,41
mdp.39015041613640,11,1,1,Anishnawbe,LANGUAGE,43,53
mdp.39015041613640,11,3,0,Harvey Anderson,PERSON,29,44
mdp.39015041613640,11,3,1,Chippewa,NORP,105,113
mdp.39015041613640,11,3,2,Rama,NORP,165,169
mdp.39015041613640,11,3,3,Jonas George,PERSON,186,198
mdp.39015041613640,11,3,4,A Shining Day,WORK_OF_ART,217,230
mdp.39015041613640,11,3,5,G. E. Laidlaw,PERSON,266,279
mdp.39015041613640,11,3,6,first,ORDINAL,284,289
mdp.39015041613640,11,3,7,the Ontario Archaeological Report,WORK_OF_ART,302,335
mdp.39015041613640,11,3,8,1914,DATE,339,343
mdp.39015041613640,11,3,9,1916,DATE,348,352
mdp.39015041613640,11,4,0,Amy Alison,PERSON,15,25
mdp.39015041613640,11,4,1,the Curve Lake First Nation,ORG,30,57
mdp.39015041613640,11,4,2,the Anishinaubae language,NORP,72,97
mdp.39015041613640,11,4,3,Thunderbolt,WORK_OF_ART,170,181
mdp.39015041613640,11,4,4,Thunderbirds,WORK_OF_ART,185,197
mdp.39015041613640,11,4,5,Monsters,WORK_OF_ART,201,209
mdp.39015041613640,11,4,6,The Star-Man,WORK_OF_ART,217,229
mdp.39015041613640,13,0,0,Thunderbolt Nimkiiwaagan,PERSON,0,24
mdp.39015041613640,13,0,1,Jonas George,PERSON,33,45
mdp.39015041613640,13,0,2,Rama First Nation,ORG,63,80
mdp.39015041613640,13,0,3,1914,DATE,82,86
mdp.39015041613640,14,0,0,Many years ago,DATE,0,14
mdp.39015041613640,14,0,1,early one morning,TIME,45,62
mdp.39015041613640,14,0,2,noon,TIME,78,82
mdp.39015041613640,14,7,0,some hours,TIME,44,54
mdp.39015041613640,14,9,0,many years,DATE,15,25
mdp.39015041613640,14,14,0,10,CARDINAL,0,2
mdp.39015041613640,17,0,0,Basil H. Johnston,PERSON,31,48
mdp.39015041613640,17,0,1,Anishinaubae,LANGUAGE,69,81
mdp.39015041613640,17,0,2,Basil H. Johnston,PERSON,85,102
mdp.39015041613640,18,10,0,all night,TIME,13,22
mdp.39015041613640,18,11,0,the morning,TIME,3,14
mdp.39015041613640,18,23,0,14,CARDINAL,0,2
mdp.39015041613640,19,0,0,the spring,DATE,11,21
mdp.39015041613640,19,1,0,one afternoon,TIME,6,19
mdp.39015041613640,19,9,0,tomorrow,DATE,70,78
mdp.39015041613640,20,0,0,Ken Supalle,PERSON,1,12
mdp.39015041613640,21,15,0,three,CARDINAL,11,16
mdp.39015041613640,21,26,0,First,ORDINAL,0,5
mdp.39015041613640,21,28,0,17,CARDINAL,44,46
mdp.39015041613640,22,20,0,one,CARDINAL,22,25
mdp.39015041613640,22,28,0,one,CARDINAL,25,28
mdp.39015041613640,22,28,1,18,CARDINAL,96,98
mdp.39015041613640,23,11,0,only one,CARDINAL,10,18
mdp.39015041613640,23,14,0,19,CARDINAL,1,3
mdp.39015041613640,24,0,0,1,CARDINAL,0,1
mdp.39015041613640,25,2,0,Amik Abeedimoowishin,PERSON,0,20
mdp.39015041613640,25,3,0,Basil H. Johnston,PERSON,8,25
mdp.39015041613640,25,3,1,Anishinaubae,LANGUAGE,46,58
mdp.39015041613640,25,3,2,Basil H. Johnston,PERSON,62,79
mdp.39015041613640,26,9,0,Anishinaubaek,NORP,4,17
mdp.39015041613640,26,18,0,one week,DATE,5,13
mdp.39015041613640,26,23,0,ten 22,DATE,10,16
mdp.39015041613640,27,0,0,years,DATE,0,5
mdp.39015041613640,27,14,0,half,CARDINAL,35,39
mdp.39015041613640,28,16,0,24,CARDINAL,17,19
mdp.39015041613640,29,0,0,SNCHIN,PERSON,1,7
mdp.39015041613640,31,0,0,Mermaids Nebaunaubaequaen,PERSON,0,25
mdp.39015041613640,31,0,1,Sam Ozawamik,PERSON,34,46
mdp.39015041613640,31,0,2,Anishinaubae,LANGUAGE,81,93
mdp.39015041613640,31,0,3,Basil H. Johnston,PERSON,97,114
mdp.39015041613640,32,2,0,Little Wikwemikong,LOC,10,28
mdp.39015041613640,32,3,0,Anishinaubaek,NORP,35,48
mdp.39015041613640,32,17,0,Anishinaubaek,NORP,33,46
mdp.39015041613640,32,19,0,States,GPE,28,34
mdp.39015041613640,35,1,0,Anishinaubaek,NORP,18,31
mdp.39015041613640,35,3,0,Anishinaubaek,NORP,24,37
mdp.39015041613640,35,4,0,Anishinaubaek,NORP,32,45
mdp.39015041613640,35,5,0,night,TIME,10,15
mdp.39015041613640,37,0,0,Jonas George,PERSON,41,53
mdp.39015041613640,37,0,1,1916,DATE,90,94
mdp.39015041613640,38,0,0,One,CARDINAL,0,3
mdp.39015041613640,38,7,0,night,TIME,22,27
mdp.39015041613640,38,10,0,about half,CARDINAL,7,17
mdp.39015041613640,38,11,0,about twenty feet,QUANTITY,146,163
mdp.39015041613640,38,11,1,about eight feet,QUANTITY,178,194
mdp.39015041613640,38,12,0,Thunderbird,PRODUCT,8,19
mdp.39015041613640,38,16,0,34,CARDINAL,10,12
mdp.39015041613640,39,0,0,Ken Synatte NOHDIN,PERSON,1,19
mdp.39015041613640,40,0,0,about twelve inches,QUANTITY,16,35
mdp.39015041613640,40,8,0,one,CARDINAL,75,78
mdp.39015041613640,40,20,0,36,CARDINAL,0,2
mdp.39015041613640,41,1,0,sundown,TIME,51,58
mdp.39015041613640,41,2,0,tomorrow,DATE,54,62
mdp.39015041613640,41,2,1,morning,TIME,63,70
mdp.39015041613640,41,9,0,first,ORDINAL,46,51
mdp.39015041613640,41,14,0,years,DATE,21,26
mdp.39015041613640,41,15,0,27,CARDINAL,32,34
mdp.39015041613640,43,0,0,Nim-Mah-Kiel Miisaandamoog,PERSON,17,43
mdp.39015041613640,43,0,1,Jonas George,PERSON,52,64
mdp.39015041613640,43,0,2,1914,DATE,101,105
mdp.39015041613640,44,0,0,Many years ago,DATE,0,14
mdp.39015041613640,44,3,0,one,CARDINAL,71,74
mdp.39015041613640,44,4,0,Nim-Mah-Kie,PERSON,79,90
mdp.39015041613640,44,10,0,early in the morning,TIME,71,91
mdp.39015041613640,44,11,0,One,CARDINAL,0,3
mdp.39015041613640,44,11,1,Indian,NORP,68,74
mdp.39015041613640,44,11,2,Lake Simcoe,LOC,88,99
mdp.39015041613640,44,11,3,West Bay,LOC,107,115
mdp.39015041613640,44,11,4,Balsam Lake,LOC,117,128
mdp.39015041613640,44,12,0,Atherley,GPE,29,37
mdp.39015041613640,44,12,1,Rama Reserve,LOC,39,51
mdp.39015041613640,44,12,2,Lake Couchiching,LOC,53,69
mdp.39015041613640,44,14,0,40,CARDINAL,0,2
mdp.39015041613640,45,0,0,Ken Surette NOHON-,PERSON,1,19
mdp.39015041613640,47,0,0,Frank Shawbedees,PERSON,54,70
mdp.39015041613640,47,0,1,Anishinaubae,LANGUAGE,105,117
mdp.39015041613640,47,0,2,Basil H. Johnston,PERSON,121,138
mdp.39015041613640,48,2,0,Anishinaubaek,NORP,25,38
mdp.39015041613640,48,2,1,Anishinaubaek,NORP,52,65
mdp.39015041613640,48,3,0,Anishinaubaek,NORP,20,33
mdp.39015041613640,48,6,0,one,CARDINAL,14,17
mdp.39015041613640,48,11,0,Anishinaubaek,NORP,17,30
mdp.39015041613640,48,15,0,Anishinaubaek,NORP,20,33
mdp.39015041613640,48,20,0,Anishinaubaek,NORP,4,17
mdp.39015041613640,48,21,0,Anishinaubaek,NORP,4,17
mdp.39015041613640,48,22,0,44,CARDINAL,0,2
mdp.39015041613640,49,7,0,Beaver,PERSON,10,16
mdp.39015041613640,50,4,0,Anishinaubaek,NORP,43,56
mdp.39015041613640,50,6,0,Today,DATE,1,6
mdp.39015041613640,50,7,0,one,CARDINAL,21,24
mdp.39015041613640,50,7,1,Anishinaubae,NORP,32,44
mdp.39015041613640,50,8,0,today,DATE,28,33
mdp.39015041613640,50,14,0,Anishinaubaek,NORP,33,46
mdp.39015041613640,50,15,0,one,CARDINAL,20,23
mdp.39015041613640,50,23,0,46,CARDINAL,20,22
mdp.39015041613640,52,1,0,first,ORDINAL,37,42
mdp.39015041613640,52,2,0,the day,DATE,35,42
mdp.39015041613640,52,3,0,night,TIME,42,47
mdp.39015041613640,52,26,0,Anishinaubaek,NORP,36,49
mdp.39015041613640,52,28,0,48,CARDINAL,50,52
mdp.39015041613640,53,3,0,only one,CARDINAL,5,13
mdp.39015041613640,53,3,1,two,CARDINAL,29,32
mdp.39015041613640,53,3,2,three,CARDINAL,38,43
mdp.39015041613640,53,5,0,one,CARDINAL,35,38
mdp.39015041613640,53,5,1,Anishinaubaek,NORP,46,59
mdp.39015041613640,53,9,0,Anishinaubaek,NORP,34,47
mdp.39015041613640,53,15,0,Anishinaubaek,NORP,100,113
mdp.39015041613640,54,2,0,Anishinaubae,NORP,13,25
mdp.39015041613640,54,7,0,Anishinaubae,NORP,31,43
mdp.39015041613640,54,8,0,Anishinaubae,NORP,14,26
mdp.39015041613640,54,10,0,Anishinaubae,NORP,44,56
mdp.39015041613640,54,12,0,Earth,LOC,45,50
mdp.39015041613640,54,12,1,Anishinaubaek,NORP,80,93
mdp.39015041613640,54,13,0,Earth,LOC,30,35
mdp.39015041613640,54,14,0,50,CARDINAL,1,3
mdp.39015041613640,55,0,0,today,DATE,25,30
mdp.39015041613640,57,0,0,The Closed-Eyes Dance Pizungowaubigauh Told by,WORK_OF_ART,0,46
mdp.39015041613640,57,0,1,Frank Shawbedees,PERSON,47,63
mdp.39015041613640,57,0,2,Anishinaubae,LANGUAGE,98,110
mdp.39015041613640,57,0,3,Basil H. Johnston,PERSON,114,131
mdp.39015041613640,58,0,0,autumn,DATE,25,31
mdp.39015041613640,58,1,0,Nanabush,PERSON,0,8
mdp.39015041613640,58,2,0,Nanabush,PERSON,20,28
mdp.39015041613640,58,4,0,Anishinaubaek,NORP,53,66
mdp.39015041613640,58,5,0,One morning,TIME,0,11
mdp.39015041613640,58,6,0,Anishinaubaek,NORP,42,55
mdp.39015041613640,58,9,0,mid-,DATE,15,19
mdp.39015041613640,58,21,0,Nanabush,PERSON,26,34
mdp.39015041613640,58,23,0,one,CARDINAL,36,39
mdp.39015041613640,58,25,0,Nanabush,PERSON,16,24
mdp.39015041613640,58,28,0,first,ORDINAL,11,16
mdp.39015041613640,58,29,0,54,CARDINAL,0,2
mdp.39015041613640,59,0,0,Ken Sunita,PERSON,1,11
mdp.39015041613640,60,2,0,Nanabush,PERSON,11,19
mdp.39015041613640,60,4,0,Nanabush,PERSON,10,18
mdp.39015041613640,60,17,0,Nanabush,PERSON,12,20
mdp.39015041613640,60,26,0,one,CARDINAL,18,21
mdp.39015041613640,60,27,0,56,CARDINAL,0,2
mdp.39015041613640,61,0,0,Nanabush,PERSON,27,35
mdp.39015041613640,61,2,0,Nanabush,PERSON,46,54
mdp.39015041613640,61,4,0,Nanabush,PERSON,6,14
mdp.39015041613640,61,8,0,Nanabush,PERSON,0,8
mdp.39015041613640,61,10,0,Nanabush,PERSON,54,62
mdp.39015041613640,61,11,0,today,DATE,38,43
mdp.39015041613640,61,13,0,Nanabush,PERSON,20,28
mdp.39015041613640,61,15,0,Nanabush,PERSON,0,8
mdp.39015041613640,62,0,0,1,CARDINAL,0,1
mdp.39015041613640,63,0,0,Nangiiwnini,PERSON,13,24
mdp.39015041613640,63,0,1,Jonas George,PERSON,33,45
mdp.39015041613640,63,0,2,Rama First Nation,ORG,63,80
mdp.39015041613640,63,0,3,1916,DATE,82,86
mdp.39015041613640,64,0,0,a long time ago,DATE,14,29
mdp.39015041613640,64,0,1,about four hundred years ago,DATE,31,59
mdp.39015041613640,64,1,0,five or six hundred,CARDINAL,11,30
mdp.39015041613640,64,1,1,Pine Plains,LOC,78,89
mdp.39015041613640,64,3,0,One day,DATE,0,7
mdp.39015041613640,64,3,1,two,CARDINAL,9,12
mdp.39015041613640,64,7,0,yesterday,DATE,77,86
mdp.39015041613640,64,9,0,a few days,DATE,116,126
mdp.39015041613640,64,11,0,two days,DATE,71,79
mdp.39015041613640,64,13,0,Star-Man,PERSON,0,8
mdp.39015041613640,64,14,0,sundown,TIME,3,10
mdp.39015041613640,64,15,0,two days,DATE,30,38
mdp.39015041613640,64,16,0,60,CARDINAL,46,48
mdp.39015041613640,66,2,0,The next day,DATE,0,12
mdp.39015041613640,66,3,0,Tomorrow,DATE,1,9
mdp.39015041613640,66,3,1,midnight,TIME,13,21
mdp.39015041613640,66,5,0,midnight,TIME,11,19
mdp.39015041613640,66,5,1,the next day,DATE,20,32
mdp.39015041613640,66,10,0,Two,CARDINAL,0,3
mdp.39015041613640,66,12,0,62,CARDINAL,0,2
mdp.39015041613640,67,0,0,10,CARDINAL,1,3
mdp.39015041613640,70,0,0,1998 OCT 2 3,DATE,41,53
mdp.39015041613640,70,0,1,1998 MAY 12,DATE,54,65
mdp.39015041613640,70,0,2,1999 MAY 25,DATE,79,90
mdp.39015041613640,70,0,3,1999 OCT 12,DATE,116,127
