vol_id,page,sentence_id,ent_id,entity,entity_type,start_char,end_char
mdp.39015043371890,5,0,0,828,CARDINAL,6,9
mdp.39015043371890,6,0,0,"Public Execution of the Hermaphrodite Shaman Arctic Dreams and Nightmares Nanuq, the White Ghost Repents Self-Portrait: Inverse Ten Commandments Summit With Sedna, the Mother of Sea Beasts",WORK_OF_ART,1,189
mdp.39015043371890,6,1,0,Ipellie,PERSON,0,7
mdp.39015043371890,6,1,1,two,CARDINAL,32,35
mdp.39015043371890,6,1,2,Inuit Today,WORK_OF_ART,48,59
mdp.39015043371890,6,1,3,the Inuit Tapirisat of Canada,ORG,75,104
mdp.39015043371890,6,1,4,Inuit,WORK_OF_ART,111,116
mdp.39015043371890,6,1,5,the Inuit Circumpolar Conference,ORG,164,196
mdp.39015043371890,6,2,0,first,ORDINAL,28,33
mdp.39015043371890,6,2,1,1978,DATE,53,57
mdp.39015043371890,6,2,2,Inuit,NORP,58,63
mdp.39015043371890,6,2,3,Paper Stays Put,WORK_OF_ART,83,98
mdp.39015043371890,6,4,0,Ipellie,PERSON,0,7
mdp.39015043371890,6,4,1,Canada,GPE,47,53
mdp.39015043371890,6,4,2,Greenland,GPE,58,67
mdp.39015043371890,6,4,3,the Baffin Writer's Project,ORG,108,135
mdp.39015043371890,6,4,4,Kivioq: Inuit Fiction Magazine,WORK_OF_ART,168,198
mdp.39015043371890,6,5,0,The Five Shy Wives I,WORK_OF_ART,25,45
mdp.39015043371890,8,0,0,1,CARDINAL,2,3
mdp.39015043371890,9,0,0,Arctic Dreams and Nightmares,WORK_OF_ART,0,28
mdp.39015043371890,9,0,1,Penticton,GPE,65,74
mdp.39015043371890,9,0,2,B.C.,GPE,76,80
mdp.39015043371890,10,1,0,Ipellie,GPE,0,7
mdp.39015043371890,10,1,1,Alootook,GPE,9,17
mdp.39015043371890,10,2,0,the Canada Council,ORG,42,60
mdp.39015043371890,10,2,1,the Cultural Services Branch,ORG,65,93
mdp.39015043371890,10,2,2,the Province of British Columbia,GPE,97,129
mdp.39015043371890,10,3,0,Banjo,PERSON,37,42
mdp.39015043371890,10,3,1,Greg Young-Ing,PERSON,47,61
mdp.39015043371890,10,3,2,Greg Young-Ing,PERSON,62,76
mdp.39015043371890,10,3,3,Banjo,PERSON,81,86
mdp.39015043371890,10,3,4,THEYTUS BOOKS LTD,ORG,100,117
mdp.39015043371890,10,4,0,20040,CARDINAL,9,14
mdp.39015043371890,10,4,1,Penticton,GPE,15,24
mdp.39015043371890,10,4,2,B.C.,GPE,26,30
mdp.39015043371890,10,4,3,Canada,GPE,31,37
mdp.39015043371890,11,0,0,Taina Lee,PERSON,54,63
mdp.39015043371890,11,0,1,Napatchie,PERSON,94,103
mdp.39015043371890,11,0,2,Joanassie,PERSON,108,117
mdp.39015043371890,12,1,0,First,ORDINAL,0,5
mdp.39015043371890,12,1,1,Richard McNeely,PERSON,22,37
mdp.39015043371890,12,2,0,Jens Lyberth,PERSON,0,12
mdp.39015043371890,12,2,1,Rasmus Lyberth,PERSON,17,31
mdp.39015043371890,12,2,2,Greenland,GPE,35,44
mdp.39015043371890,12,3,0,the Explorations Program,ORG,5,29
mdp.39015043371890,12,3,1,the Canada Council,ORG,33,51
mdp.39015043371890,12,4,0,Joyce MacPhee,PERSON,11,24
mdp.39015043371890,12,6,0,Inuutsiaritsi,NORP,0,13
mdp.39015043371890,12,7,0,Alootook Ipellie,GPE,0,16
mdp.39015043371890,12,7,1,Ottawa,GPE,17,23
mdp.39015043371890,12,7,2,Ontario,GPE,25,32
mdp.39015043371890,12,7,3,May 1993,DATE,33,41
mdp.39015043371890,13,1,0,Ten,CARDINAL,23,26
mdp.39015043371890,13,2,0,Sedna,PERSON,57,62
mdp.39015043371890,13,2,1,Five,CARDINAL,118,122
mdp.39015043371890,13,2,2,Brigitte Bardot,PERSON,241,256
mdp.39015043371890,13,2,3,Walrus Ballet Stories,WORK_OF_ART,263,284
mdp.39015043371890,13,4,0,161,CARDINAL,79,82
mdp.39015043371890,13,4,1,Inuktitut,NORP,103,112
mdp.39015043371890,13,4,2,183,CARDINAL,143,146
mdp.39015043371890,14,1,0,Baffin Island,LOC,46,59
mdp.39015043371890,14,1,1,Canada,GPE,63,69
mdp.39015043371890,14,1,2,Arctic,LOC,80,86
mdp.39015043371890,14,2,0,about four years old,DATE,12,32
mdp.39015043371890,14,2,1,1955,DATE,37,41
mdp.39015043371890,14,3,0,Arctic,LOC,126,132
mdp.39015043371890,14,3,1,Inuit,NORP,183,188
mdp.39015043371890,14,4,0,Arctic,LOC,7,13
mdp.39015043371890,14,4,1,one,CARDINAL,35,38
mdp.39015043371890,14,7,0,Today,DATE,0,5
mdp.39015043371890,14,8,0,Iqaluit,GPE,34,41
mdp.39015043371890,14,8,1,Frobisher Bay,LOC,59,72
mdp.39015043371890,14,8,2,Baffin Island,LOC,85,98
mdp.39015043371890,14,8,3,Inuit,NORP,119,124
mdp.39015043371890,14,10,0,ten years,DATE,11,20
mdp.39015043371890,14,10,1,7,CARDINAL,36,37
mdp.39015043371890,14,10,2,the Federal Government,ORG,61,83
mdp.39015043371890,14,10,3,Southern Canada,LOC,87,102
mdp.39015043371890,14,10,4,1967,DATE,175,179
mdp.39015043371890,15,1,0,Inummarik,NORP,92,101
mdp.39015043371890,15,1,1,Inuk,NORP,110,114
mdp.39015043371890,15,2,0,Anglo-Saxon,NORP,87,98
mdp.39015043371890,15,2,1,Euro-Canadian,NORP,100,113
mdp.39015043371890,15,3,0,Ottawa,GPE,68,74
mdp.39015043371890,15,6,0,Department of Indian and Northern Affairs,ORG,3,44
mdp.39015043371890,15,10,0,Arctic,LOC,77,83
mdp.39015043371890,15,13,0,four-year,DATE,16,25
mdp.39015043371890,15,14,0,two years,DATE,9,18
mdp.39015043371890,15,15,0,Inuit,NORP,55,60
mdp.39015043371890,15,16,0,Iqaluit,GPE,41,48
mdp.39015043371890,16,1,0,the Adult Education Centre,ORG,45,71
mdp.39015043371890,16,5,0,the Vocational Arts Course,ORG,95,121
mdp.39015043371890,16,7,0,the Vocational Arts Course,ORG,46,72
mdp.39015043371890,16,11,0,Arctic,LOC,24,30
mdp.39015043371890,16,14,0,1,CARDINAL,0,1
mdp.39015043371890,17,0,0,close to twenty years,DATE,54,75
mdp.39015043371890,17,1,0,first,ORDINAL,21,26
mdp.39015043371890,17,1,1,seven,CARDINAL,51,56
mdp.39015043371890,17,1,2,three dollars,MONEY,73,86
mdp.39015043371890,17,2,0,twenty-one dollars,MONEY,73,91
mdp.39015043371890,17,4,0,Montreal,GPE,70,78
mdp.39015043371890,17,6,0,Montreal,GPE,68,76
mdp.39015043371890,18,5,0,only one,CARDINAL,9,17
mdp.39015043371890,18,6,0,Arctic,LOC,131,137
mdp.39015043371890,18,6,1,today,DATE,138,143
mdp.39015043371890,18,7,0,my days,DATE,98,105
mdp.39015043371890,19,3,0,Inuit,NORP,23,28
mdp.39015043371890,19,3,1,Arctic,NORP,88,94
mdp.39015043371890,19,3,2,Inuit,NORP,198,203
mdp.39015043371890,19,6,0,Inuit,NORP,93,98
mdp.39015043371890,19,7,0,Inuit,NORP,5,10
mdp.39015043371890,19,8,0,Inuit,NORP,88,93
mdp.39015043371890,19,9,0,Inuit,NORP,16,21
mdp.39015043371890,20,1,0,all seasons,DATE,109,120
mdp.39015043371890,20,2,0,Inuit,NORP,45,50
mdp.39015043371890,20,4,0,Arctic,LOC,9,15
mdp.39015043371890,20,5,0,the 1940s,DATE,12,21
mdp.39015043371890,20,5,1,the Canadian Arctic,LOC,23,42
mdp.39015043371890,20,6,0,Canada,GPE,103,109
mdp.39015043371890,20,7,0,Inuit,NORP,235,240
mdp.39015043371890,20,8,0,Inuit,NORP,135,140
mdp.39015043371890,20,9,0,one,CARDINAL,5,8
mdp.39015043371890,20,9,1,Inuit,NORP,97,102
mdp.39015043371890,21,0,0,Arctic,LOC,44,50
mdp.39015043371890,21,0,1,Inuit,NORP,123,128
mdp.39015043371890,21,0,2,today,DATE,142,147
mdp.39015043371890,21,0,3,multi-million dollar,MONEY,150,170
mdp.39015043371890,21,1,0,Inuit Co,ORG,15,23
mdp.39015043371890,21,1,1,the Canadian Arctic,LOC,46,65
mdp.39015043371890,21,1,2,Inuit,NORP,77,82
mdp.39015043371890,21,2,0,Inuit,NORP,19,24
mdp.39015043371890,21,5,0,Inuit,NORP,25,30
mdp.39015043371890,21,7,0,Arctic,LOC,30,36
mdp.39015043371890,21,7,1,Inuit,NORP,57,62
mdp.39015043371890,22,0,0,Today,DATE,0,5
mdp.39015043371890,22,0,1,Inuit,NORP,73,78
mdp.39015043371890,22,2,0,Inuit,NORP,6,11
mdp.39015043371890,22,2,1,those heady days,DATE,73,89
mdp.39015043371890,22,3,0,Inuit,NORP,22,27
mdp.39015043371890,22,3,1,today,DATE,28,33
mdp.39015043371890,22,4,0,the twentieth century,DATE,73,94
mdp.39015043371890,22,5,0,Inuit,NORP,15,20
mdp.39015043371890,22,6,0,Inuit,NORP,61,66
mdp.39015043371890,22,6,1,Earth,LOC,172,177
mdp.39015043371890,22,9,0,Inuit,NORP,0,5
mdp.39015043371890,22,9,1,Arctic,LOC,141,147
mdp.39015043371890,23,0,0,today,DATE,87,92
mdp.39015043371890,23,2,0,Inuit,NORP,51,56
mdp.39015043371890,23,2,1,around one hundred thousand,CARDINAL,71,98
mdp.39015043371890,23,5,0,Inuit,NORP,0,5
mdp.39015043371890,23,6,0,Arctic,LOC,82,88
mdp.39015043371890,23,6,1,Inuit,NORP,112,117
mdp.39015043371890,23,7,0,year,DATE,102,106
mdp.39015043371890,23,8,0,Inuit,NORP,47,52
mdp.39015043371890,23,8,1,Arctic Canada,LOC,67,80
mdp.39015043371890,23,9,0,Inuit,NORP,0,5
mdp.39015043371890,23,9,1,winters,DATE,162,169
mdp.39015043371890,23,10,0,today,DATE,125,130
mdp.39015043371890,24,1,0,Inuit,NORP,44,49
mdp.39015043371890,24,1,1,non-Inuit,NORP,53,62
mdp.39015043371890,24,3,0,Inuit,NORP,44,49
mdp.39015043371890,24,9,0,Some years ago,DATE,0,14
mdp.39015043371890,24,10,0,the Eskimo Arts Council,ORG,42,65
mdp.39015043371890,24,10,1,Canadian,NORP,106,114
mdp.39015043371890,24,11,0,the Inuit Art Section,ORG,43,64
mdp.39015043371890,24,11,1,the Department of Indian and Northern Affairs,ORG,68,113
mdp.39015043371890,24,12,0,Inuk,NORP,111,115
mdp.39015043371890,25,5,0,Inuit,NORP,137,142
mdp.39015043371890,26,0,0,the past twenty-five years,DATE,34,60
mdp.39015043371890,26,0,1,Inuit,NORP,94,99
mdp.39015043371890,26,1,0,Inuit,NORP,91,96
mdp.39015043371890,26,1,1,Anglo-Saxon,NORP,261,272
mdp.39015043371890,26,1,2,Euro-Canadians,NORP,274,288
mdp.39015043371890,26,2,0,Inuit,NORP,130,135
mdp.39015043371890,26,4,0,Today,DATE,0,5
mdp.39015043371890,26,6,0,fifty,CARDINAL,46,51
mdp.39015043371890,27,3,0,today,DATE,57,62
mdp.39015043371890,27,8,0,Inuk,NORP,22,26
mdp.39015043371890,27,8,1,a thousand years,DATE,49,65
mdp.39015043371890,27,9,0,Inuk,NORP,88,92
mdp.39015043371890,27,10,0,first,ORDINAL,55,60
mdp.39015043371890,27,11,0,Arctic,LOC,4,10
mdp.39015043371890,27,11,1,each day,DATE,120,128
mdp.39015043371890,28,1,0,Alootook Ipellie,PERSON,0,16
mdp.39015043371890,31,3,0,"a long, hard day",DATE,21,37
mdp.39015043371890,32,0,0,Alootook Ipellie,PERSON,0,16
mdp.39015043371890,32,4,0,one,CARDINAL,13,16
mdp.39015043371890,32,10,0,Just moments,TIME,0,12
mdp.39015043371890,33,10,0,Ten,CARDINAL,23,26
mdp.39015043371890,33,14,0,some moments,TIME,6,18
mdp.39015043371890,33,16,0,5,CARDINAL,19,20
mdp.39015043371890,34,0,0,Ipellie,GPE,9,16
mdp.39015043371890,34,1,0,Christianity,ORG,88,100
mdp.39015043371890,34,2,0,the Christian Church,ORG,95,115
mdp.39015043371890,34,3,0,Christian,NORP,14,23
mdp.39015043371890,34,6,0,ten,CARDINAL,22,25
mdp.39015043371890,34,6,1,the Inverse Ten Commandments,WORK_OF_ART,52,80
mdp.39015043371890,34,9,0,Two,CARDINAL,0,3
mdp.39015043371890,34,9,1,ten,CARDINAL,33,36
mdp.39015043371890,34,12,0,6,CARDINAL,0,1
mdp.39015043371890,35,1,0,two,CARDINAL,40,43
mdp.39015043371890,35,4,0,Ten,CARDINAL,23,26
mdp.39015043371890,35,9,0,the Garden of Nede,LOC,12,30
mdp.39015043371890,35,18,0,7,CARDINAL,0,1
mdp.39015043371890,36,0,0,Alootook Ipellie,PERSON,0,16
mdp.39015043371890,36,1,0,Satanic,NORP,82,89
mdp.39015043371890,36,10,0,Some days later,DATE,0,15
mdp.39015043371890,36,10,1,that night,TIME,98,108
mdp.39015043371890,37,3,0,Inverse Ten Commandments 9,WORK_OF_ART,15,41
mdp.39015043371890,38,0,0,Alootook Ipellie,PERSON,0,16
mdp.39015043371890,38,1,0,ALPELLIE,PERSON,1,9
mdp.39015043371890,39,13,0,four,CARDINAL,44,48
mdp.39015043371890,39,14,0,11,CARDINAL,3,5
mdp.39015043371890,40,0,0,Alootook Ipellie,PERSON,0,16
mdp.39015043371890,40,1,0,four,CARDINAL,30,34
mdp.39015043371890,40,1,1,Earth,LOC,182,187
mdp.39015043371890,40,2,0,four,CARDINAL,17,21
mdp.39015043371890,40,6,0,Joanassee,PERSON,91,100
mdp.39015043371890,40,11,0,moments later,TIME,12,25
mdp.39015043371890,40,12,0,12,CARDINAL,65,67
mdp.39015043371890,41,8,0,Earth,LOC,65,70
mdp.39015043371890,41,14,0,13,CARDINAL,0,2
mdp.39015043371890,42,0,0,Alootook Ipellie,PERSON,0,16
mdp.39015043371890,42,7,0,a few minutes to days,TIME,47,68
mdp.39015043371890,42,7,1,as long as,DATE,83,93
mdp.39015043371890,42,7,2,several to many years,DATE,94,115
mdp.39015043371890,42,10,0,Earth,LOC,186,191
mdp.39015043371890,43,5,0,Earth,LOC,124,129
mdp.39015043371890,43,7,0,Earth,LOC,79,84
mdp.39015043371890,44,0,0,Alootook Ipellie,PERSON,0,16
mdp.39015043371890,45,0,0,Arctic,NORP,0,6
mdp.39015043371890,45,0,1,Nanuq,PERSON,29,34
mdp.39015043371890,45,1,0,later in the day,TIME,49,65
mdp.39015043371890,45,1,1,Earth,LOC,127,132
mdp.39015043371890,45,5,0,Nanuq,PRODUCT,16,21
mdp.39015043371890,45,5,1,Arctic,LOC,35,41
mdp.39015043371890,46,0,0,Alootook Ipellie,PERSON,0,16
mdp.39015043371890,46,1,0,the Great White Arctic Kingdom,GPE,123,153
mdp.39015043371890,46,6,0,Nuna,PERSON,18,22
mdp.39015043371890,46,6,1,one,CARDINAL,83,86
mdp.39015043371890,46,10,0,18,CARDINAL,49,51
mdp.39015043371890,47,2,0,Nuna,PERSON,42,46
mdp.39015043371890,47,3,0,Nanuq,PERSON,0,5
mdp.39015043371890,47,9,0,two,CARDINAL,47,50
mdp.39015043371890,47,15,0,Nanuq,PERSON,12,17
mdp.39015043371890,47,15,1,Nuna,PERSON,92,96
mdp.39015043371890,47,16,0,19,CARDINAL,0,2
mdp.39015043371890,48,0,0,Alootook Ipellie ATPELLIE 20,PERSON,0,28
mdp.39015043371890,49,0,0,"Arctic Dreams and Nightmares I,",WORK_OF_ART,0,31
mdp.39015043371890,49,0,1,only six seconds,TIME,82,98
mdp.39015043371890,49,3,0,only one second,TIME,23,38
mdp.39015043371890,49,4,0,hundreds or thousands of years,DATE,62,92
mdp.39015043371890,49,9,0,One,CARDINAL,0,3
mdp.39015043371890,49,9,1,three,CARDINAL,95,100
mdp.39015043371890,49,11,0,21,CARDINAL,0,2
mdp.39015043371890,50,0,0,Alootook Ipellie,PERSON,0,16
mdp.39015043371890,50,7,0,many years,DATE,17,27
mdp.39015043371890,50,7,1,Arctic,LOC,89,95
mdp.39015043371890,50,8,0,Inuit,NORP,59,64
mdp.39015043371890,50,13,0,many weeks,DATE,47,57
mdp.39015043371890,50,14,0,Tusujuarluk,PERSON,38,49
mdp.39015043371890,50,15,0,Tusujuarluk,PERSON,45,56
mdp.39015043371890,50,16,0,22,CARDINAL,22,24
mdp.39015043371890,51,0,0,Arctic Dreams and Nightmares shamans,WORK_OF_ART,0,36
mdp.39015043371890,51,0,1,Arctic,LOC,53,59
mdp.39015043371890,51,0,2,the Milky Way,LOC,188,201
mdp.39015043371890,51,5,0,Arctic,LOC,62,68
mdp.39015043371890,51,8,0,a week later,DATE,15,27
mdp.39015043371890,51,12,0,23,CARDINAL,0,2
mdp.39015043371890,52,0,0,Alootook Ipellie,PERSON,0,16
mdp.39015043371890,52,0,1,shamans,NORP,88,95
mdp.39015043371890,52,2,0,this day,DATE,22,30
mdp.39015043371890,52,3,0,One,CARDINAL,0,3
mdp.39015043371890,52,4,0,seconds,TIME,7,14
mdp.39015043371890,52,8,0,one,CARDINAL,7,10
mdp.39015043371890,52,10,0,two,CARDINAL,50,53
mdp.39015043371890,52,13,0,three,CARDINAL,8,13
mdp.39015043371890,52,13,1,three,CARDINAL,37,42
mdp.39015043371890,52,15,0,24,CARDINAL,0,2
mdp.39015043371890,53,1,0,Tusujuarluk,PERSON,6,17
mdp.39015043371890,53,5,0,another one thousand years,DATE,12,38
mdp.39015043371890,53,5,1,Earth,LOC,125,130
mdp.39015043371890,53,6,0,25,CARDINAL,0,2
mdp.39015043371890,54,0,0,Alootook Ipellie,PERSON,0,16
mdp.39015043371890,55,1,0,One,CARDINAL,0,3
mdp.39015043371890,55,1,1,the day,DATE,87,94
mdp.39015043371890,55,1,2,Ukjuarluk,PERSON,113,122
mdp.39015043371890,55,3,0,One fateful night,TIME,0,17
mdp.39015043371890,55,3,1,first,ORDINAL,40,45
mdp.39015043371890,55,4,0,Ukjuarluk,PERSON,0,9
mdp.39015043371890,55,4,1,many days,DATE,40,49
mdp.39015043371890,55,4,2,Inuit,NORP,113,118
mdp.39015043371890,55,6,0,Inuit,NORP,4,9
mdp.39015043371890,55,6,1,two,CARDINAL,21,24
mdp.39015043371890,55,6,2,Piu,PERSON,71,74
mdp.39015043371890,55,8,0,Ukjuarluk,PERSON,66,75
mdp.39015043371890,55,8,1,nightfall,TIME,131,140
mdp.39015043371890,55,8,2,Sedna,LOC,150,155
mdp.39015043371890,56,0,0,Alootook Ipellie,GPE,0,16
mdp.39015043371890,56,1,0,Ukjuarluk,PERSON,14,23
mdp.39015043371890,56,1,1,Piu,PERSON,74,77
mdp.39015043371890,56,3,0,Ukjuarluk,PERSON,0,9
mdp.39015043371890,56,3,1,Inuit,NORP,96,101
mdp.39015043371890,56,4,0,two,CARDINAL,36,39
mdp.39015043371890,56,5,0,Piu,PERSON,34,37
mdp.39015043371890,56,6,0,nightfall,TIME,3,12
mdp.39015043371890,56,6,1,Ukjuarluk,PERSON,26,35
mdp.39015043371890,56,7,0,at least an hour,TIME,12,28
mdp.39015043371890,56,7,1,Sedna,GPE,214,219
mdp.39015043371890,56,8,0,the next day,DATE,68,80
mdp.39015043371890,56,9,0,Ukjuarluk,PERSON,5,14
mdp.39015043371890,56,11,0,Piu,PERSON,0,3
mdp.39015043371890,56,11,1,first,ORDINAL,68,73
mdp.39015043371890,56,12,0,Ukjuarluk,PERSON,118,127
mdp.39015043371890,56,14,0,28,CARDINAL,9,11
mdp.39015043371890,57,4,0,Ukjuarluk,PERSON,132,141
mdp.39015043371890,57,5,0,Ukjuarluk,PERSON,69,78
mdp.39015043371890,57,5,1,Piu,PERSON,111,114
mdp.39015043371890,57,6,0,Ukjuarluk,PERSON,100,109
mdp.39015043371890,57,7,0,The next morning,TIME,0,16
mdp.39015043371890,57,7,1,Ukjuarluk,PERSON,49,58
mdp.39015043371890,57,8,0,Piu,PERSON,11,14
mdp.39015043371890,58,0,0,Alootook Ipellie,PERSON,0,16
mdp.39015043371890,58,2,0,early in the morning,TIME,31,51
mdp.39015043371890,58,2,1,day,DATE,105,108
mdp.39015043371890,58,7,0,late afternoon,TIME,32,46
mdp.39015043371890,58,17,0,One,CARDINAL,0,3
mdp.39015043371890,58,18,0,Ukjuarluk,PERSON,0,9
mdp.39015043371890,58,19,0,Ukjuarluk,PERSON,36,45
mdp.39015043371890,58,21,0,30,CARDINAL,21,23
mdp.39015043371890,59,1,0,Ukjuarluk,PERSON,0,9
mdp.39015043371890,59,3,0,Arctic,LOC,17,23
mdp.39015043371890,59,7,0,Two,CARDINAL,0,3
mdp.39015043371890,59,10,0,two,CARDINAL,40,43
mdp.39015043371890,59,10,1,one,CARDINAL,51,54
mdp.39015043371890,59,14,0,seconds,TIME,15,22
mdp.39015043371890,59,16,0,31,CARDINAL,0,2
mdp.39015043371890,60,0,0,Alootook Ipellie,PERSON,0,16
mdp.39015043371890,60,1,0,first,ORDINAL,11,16
mdp.39015043371890,60,1,1,Arctic,LOC,102,108
mdp.39015043371890,60,2,0,Ukjuarluk,PERSON,0,9
mdp.39015043371890,60,6,0,32,CARDINAL,0,2
mdp.39015043371890,62,0,0,Alootook Ipellie,PERSON,0,16
mdp.39015043371890,63,0,0,Arctic,NORP,0,6
mdp.39015043371890,63,0,1,Sedna,PERSON,41,46
mdp.39015043371890,63,1,0,Sedna,PERSON,43,48
mdp.39015043371890,63,4,0,Arctic,LOC,74,80
mdp.39015043371890,63,9,0,recent months,DATE,85,98
mdp.39015043371890,63,10,0,Sedna,PERSON,0,5
mdp.39015043371890,63,10,1,shamans,NORP,64,71
mdp.39015043371890,63,11,0,shamans,NORP,23,30
mdp.39015043371890,63,12,0,35,CARDINAL,0,2
mdp.39015043371890,64,0,0,Alootook Ipellie,PERSON,0,16
mdp.39015043371890,64,2,0,Inuit,NORP,137,142
mdp.39015043371890,64,5,0,the beginning of winter,DATE,5,28
mdp.39015043371890,64,5,1,Sedna,PERSON,30,35
mdp.39015043371890,64,7,0,Inuit,NORP,113,118
mdp.39015043371890,64,7,1,Arctic,LOC,133,139
mdp.39015043371890,64,8,0,Sedna,PERSON,117,122
mdp.39015043371890,64,9,0,Inuit,NORP,152,157
mdp.39015043371890,64,11,0,36,CARDINAL,0,2
mdp.39015043371890,65,0,0,Arctic Dreams and Nightmares,WORK_OF_ART,0,28
mdp.39015043371890,65,1,0,Sedna,PERSON,0,5
mdp.39015043371890,65,4,0,one,CARDINAL,6,9
mdp.39015043371890,65,4,1,Arctic,LOC,53,59
mdp.39015043371890,65,4,2,Sedna,GPE,113,118
mdp.39015043371890,65,5,0,Sedna,PERSON,12,17
mdp.39015043371890,65,6,0,a week,DATE,11,17
mdp.39015043371890,65,8,0,the Arctic Kingdom,LOC,34,52
mdp.39015043371890,65,9,0,a hundred,CARDINAL,139,148
mdp.39015043371890,65,10,0,hundred,CARDINAL,65,72
mdp.39015043371890,65,11,0,37,CARDINAL,0,2
mdp.39015043371890,66,0,0,Alootook Ipellie,PERSON,0,16
mdp.39015043371890,66,1,0,Sedna,PERSON,74,79
mdp.39015043371890,66,9,0,Earth,LOC,30,35
mdp.39015043371890,66,9,1,Sedna,GPE,98,103
mdp.39015043371890,66,10,0,Sedna,GPE,102,107
mdp.39015043371890,66,11,0,Sedna,PERSON,61,66
mdp.39015043371890,66,12,0,38,CARDINAL,45,47
mdp.39015043371890,67,0,0,Arctic Dreams and Nightmares,WORK_OF_ART,0,28
mdp.39015043371890,67,0,1,Sedna,PERSON,65,70
mdp.39015043371890,67,4,0,"Summit With Sedna, the Mother of Sea Beasts",WORK_OF_ART,0,43
mdp.39015043371890,67,6,0,one,CARDINAL,35,38
mdp.39015043371890,67,9,0,a few years,DATE,76,87
mdp.39015043371890,67,9,1,a Goddess of the Sea,PERSON,106,126
mdp.39015043371890,67,10,0,hours,TIME,83,88
mdp.39015043371890,67,12,0,39,CARDINAL,0,2
mdp.39015043371890,68,0,0,Alootook Ipellie,PERSON,0,16
mdp.39015043371890,68,1,0,Arctic Kingdom,LOC,152,166
mdp.39015043371890,68,3,0,the winter,DATE,49,59
mdp.39015043371890,68,7,0,Sedna,PERSON,0,5
mdp.39015043371890,68,9,0,Frankenstein,PERSON,50,62
mdp.39015043371890,68,9,1,Sedna,PERSON,75,80
mdp.39015043371890,68,10,0,Frankenstein,PERSON,0,12
mdp.39015043371890,68,10,1,Sedna,PERSON,26,31
mdp.39015043371890,68,11,0,Sedna,PERSON,51,56
mdp.39015043371890,69,0,0,Arctic Dreams and Nightmares stein,WORK_OF_ART,0,34
mdp.39015043371890,69,0,1,Sedna,PERSON,78,83
mdp.39015043371890,69,1,0,Sedna,PERSON,0,5
mdp.39015043371890,69,3,0,Frankenstein,PERSON,0,12
mdp.39015043371890,69,4,0,Sedna,PERSON,23,28
mdp.39015043371890,69,6,0,Sedna,PERSON,0,5
mdp.39015043371890,69,6,1,many years,DATE,38,48
mdp.39015043371890,69,7,0,Sedna,PERSON,12,17
mdp.39015043371890,69,8,0,Sedna,PERSON,40,45
mdp.39015043371890,69,9,0,Andes,PERSON,28,33
mdp.39015043371890,69,10,0,Sedna,PERSON,24,29
mdp.39015043371890,69,11,0,Sedna,PERSON,35,40
mdp.39015043371890,69,12,0,Arctic,LOC,144,150
mdp.39015043371890,69,13,0,41,CARDINAL,0,2
mdp.39015043371890,70,0,0,Alootook Ipellie,PERSON,0,16
mdp.39015043371890,70,2,0,Arctic,LOC,100,106
mdp.39015043371890,70,3,0,Sedna,PERSON,81,86
mdp.39015043371890,70,3,1,first,ORDINAL,113,118
mdp.39015043371890,70,4,0,first,ORDINAL,11,16
mdp.39015043371890,70,4,1,the Arctic Kingdom,GPE,40,58
mdp.39015043371890,70,4,2,Earth,LOC,178,183
mdp.39015043371890,70,5,0,Inuit,NORP,22,27
mdp.39015043371890,70,5,1,Arctic,LOC,104,110
mdp.39015043371890,71,0,0,5,CARDINAL,0,1
mdp.39015043371890,72,0,0,Alootook Ipellie,PERSON,0,16
mdp.39015043371890,73,1,0,winter solstice,DATE,55,70
mdp.39015043371890,73,2,0,this special day,DATE,81,97
mdp.39015043371890,73,6,0,yearly,DATE,52,58
mdp.39015043371890,73,8,0,the year that just passed,DATE,74,99
mdp.39015043371890,73,9,0,billions,CARDINAL,92,100
mdp.39015043371890,73,9,1,another year,DATE,151,163
mdp.39015043371890,73,11,0,45,CARDINAL,113,115
mdp.39015043371890,74,0,0,Alootook Ipellie,PERSON,0,16
mdp.39015043371890,74,0,1,Inuktitut,NORP,88,97
mdp.39015043371890,74,0,2,Sattaanassee,PERSON,104,116
mdp.39015043371890,74,3,0,Sattaanassee,PERSON,61,73
mdp.39015043371890,74,6,0,Earth,LOC,55,60
mdp.39015043371890,74,6,1,billions,CARDINAL,96,104
mdp.39015043371890,74,7,0,close to a hundred human years,DATE,150,180
mdp.39015043371890,74,10,0,two,CARDINAL,106,109
mdp.39015043371890,75,1,0,at least an hour,TIME,19,35
mdp.39015043371890,75,3,0,a week,DATE,48,54
mdp.39015043371890,75,9,0,An hour,TIME,0,7
mdp.39015043371890,75,9,1,the Magical Kingdom,FAC,87,106
mdp.39015043371890,75,9,2,seconds,TIME,114,121
mdp.39015043371890,75,10,0,the Magical Kingdom,FAC,9,28
mdp.39015043371890,75,11,0,the Magical Kingdom,FAC,10,29
mdp.39015043371890,75,12,0,47,CARDINAL,59,61
mdp.39015043371890,76,0,0,Ipellie,PERSON,9,16
mdp.39015043371890,76,1,0,Earth,LOC,115,120
mdp.39015043371890,76,2,0,Sattaanassee,PERSON,1,13
mdp.39015043371890,76,3,0,billions,CARDINAL,47,55
mdp.39015043371890,76,3,1,trillions,CARDINAL,77,86
mdp.39015043371890,76,4,0,the billions,CARDINAL,56,68
mdp.39015043371890,76,4,1,Earth,LOC,89,94
mdp.39015043371890,76,6,0,One,CARDINAL,0,3
mdp.39015043371890,76,6,1,Sattaanassee,PERSON,80,92
mdp.39015043371890,76,7,0,Earth,LOC,40,45
mdp.39015043371890,76,8,0,Sattaanassee,PERSON,41,53
mdp.39015043371890,76,12,0,Sattaanassee,PERSON,48,60
mdp.39015043371890,76,14,0,48,CARDINAL,0,2
mdp.39015043371890,77,1,0,Sattaanassee,PERSON,98,110
mdp.39015043371890,77,2,0,ten percent,PERCENT,28,39
mdp.39015043371890,77,2,1,Earth,LOC,142,147
mdp.39015043371890,77,3,0,The Bible,WORK_OF_ART,90,99
mdp.39015043371890,77,5,0,Sattaanassee,PERSON,25,37
mdp.39015043371890,77,5,1,Mafia,ORG,127,132
mdp.39015043371890,77,6,0,the Magical Kingdom,LOC,117,136
mdp.39015043371890,77,7,0,Earth,LOC,25,30
mdp.39015043371890,77,10,0,a year,DATE,38,44
mdp.39015043371890,77,10,1,Earth,LOC,105,110
mdp.39015043371890,78,0,0,Alootook Ipellie,PERSON,0,16
mdp.39015043371890,78,2,0,the last hundred years,DATE,41,63
mdp.39015043371890,78,4,0,Sattaanassee,PERSON,12,24
mdp.39015043371890,78,4,1,Earth,LOC,67,72
mdp.39015043371890,78,8,0,millions of years,DATE,55,72
mdp.39015043371890,78,17,0,the past year,DATE,12,25
mdp.39015043371890,78,18,0,Timbuctu,GPE,129,137
mdp.39015043371890,78,20,0,50,CARDINAL,23,25
mdp.39015043371890,79,0,0,Earth,LOC,36,41
mdp.39015043371890,79,2,0,these days,DATE,4,14
mdp.39015043371890,79,4,0,one,CARDINAL,25,28
mdp.39015043371890,79,4,1,two,CARDINAL,32,35
mdp.39015043371890,79,4,2,the billions,CARDINAL,58,70
mdp.39015043371890,79,4,3,every day,DATE,77,86
mdp.39015043371890,79,7,0,billions,CARDINAL,71,79
mdp.39015043371890,79,7,1,daily,DATE,144,149
mdp.39015043371890,79,8,0,The Bible,WORK_OF_ART,19,28
mdp.39015043371890,79,8,1,yesterday,DATE,58,67
mdp.39015043371890,79,11,0,Sattaanassee,PERSON,35,47
mdp.39015043371890,79,16,0,millions of billions of trillions of dollars,MONEY,51,95
mdp.39015043371890,79,18,0,51,CARDINAL,0,2
mdp.39015043371890,80,0,0,Alootook Ipellie,PERSON,0,16
mdp.39015043371890,80,3,0,Tuesday,DATE,21,28
mdp.39015043371890,80,3,1,nights,TIME,29,35
mdp.39015043371890,80,3,2,Blues Jam,EVENT,67,76
mdp.39015043371890,80,3,3,Blues Tues,EVENT,84,94
mdp.39015043371890,80,4,0,Tuesday,DATE,15,22
mdp.39015043371890,80,4,1,Earth,LOC,48,53
mdp.39015043371890,80,4,2,tonight,TIME,54,61
mdp.39015043371890,80,8,0,That night,TIME,0,10
mdp.39015043371890,80,8,1,Sattaanassee,PERSON,12,24
mdp.39015043371890,80,8,2,Blues Brothers,WORK_OF_ART,53,67
mdp.39015043371890,80,8,3,Blues Tues,WORK_OF_ART,84,94
mdp.39015043371890,80,11,0,B.B. King,PERSON,15,24
mdp.39015043371890,80,11,1,Muddy Waters,PERSON,26,38
mdp.39015043371890,80,11,2,Sonny Boy Williamson,PERSON,40,60
mdp.39015043371890,80,11,3,John Lee Hooker,PERSON,62,77
mdp.39015043371890,80,11,4,Willie 52,PERSON,79,88
mdp.39015043371890,81,0,0,Arctic Dreams and,PERSON,0,17
mdp.39015043371890,81,0,1,Sonny Terry,PERSON,36,47
mdp.39015043371890,81,0,2,Brownie McGhee,PERSON,49,63
mdp.39015043371890,81,0,3,Albert King,PERSON,65,76
mdp.39015043371890,81,0,4,Bessie Smith,PERSON,78,90
mdp.39015043371890,81,1,0,Sattaanassee,GPE,0,12
mdp.39015043371890,81,1,1,Boogie Woogie,PERSON,47,60
mdp.39015043371890,81,3,0,Memphis Blues,WORK_OF_ART,186,199
mdp.39015043371890,81,4,0,Sonny Boy Williamson,PERSON,102,122
mdp.39015043371890,81,6,0,Chicago,GPE,27,34
mdp.39015043371890,81,9,0,Sattaanassee,PERSON,35,47
mdp.39015043371890,82,0,0,Alootook Ipellie,PERSON,0,16
mdp.39015043371890,82,1,0,Sattaanassee,PERSON,42,54
mdp.39015043371890,82,4,0,Sattaanassee,PERSON,130,142
mdp.39015043371890,82,6,0,Sattaanassee,PERSON,4,16
mdp.39015043371890,82,8,0,three,CARDINAL,4,9
mdp.39015043371890,82,12,0,the Great White Arctic,LOC,3,25
mdp.39015043371890,82,12,1,the Arctic Style Blues,WORK_OF_ART,39,61
mdp.39015043371890,82,13,0,Sattaanassee,PERSON,62,74
mdp.39015043371890,82,16,0,54,CARDINAL,0,2
mdp.39015043371890,83,2,0,Sattaanassee,PERSON,36,48
mdp.39015043371890,83,6,0,Sattaanassee,PERSON,11,23
mdp.39015043371890,83,8,0,earlier tonight,TIME,40,55
mdp.39015043371890,83,8,1,the Magical Kingdom,LOC,87,106
mdp.39015043371890,83,14,0,55,CARDINAL,16,18
mdp.39015043371890,84,0,0,Alootook Ipellie,PERSON,0,16
mdp.39015043371890,84,1,0,the Heavenly Blues,WORK_OF_ART,50,68
mdp.39015043371890,84,2,0,three,CARDINAL,4,9
mdp.39015043371890,84,3,0,Heavenly Blues,WORK_OF_ART,20,34
mdp.39015043371890,84,3,1,years,DATE,64,69
mdp.39015043371890,84,5,0,Sattaanassee,PERSON,0,12
mdp.39015043371890,84,8,0,Heavenly Blues,WORK_OF_ART,103,117
mdp.39015043371890,84,9,0,Heavenly Blues,WORK_OF_ART,121,135
mdp.39015043371890,84,10,0,Sattaanassee,PERSON,0,12
mdp.39015043371890,84,10,1,the Heavenly Blues,PERSON,326,344
mdp.39015043371890,85,0,0,Arctic Dreams and Nightmares,WORK_OF_ART,0,28
mdp.39015043371890,85,1,0,another half an hour,TIME,21,41
mdp.39015043371890,85,1,1,the Heavenly Blues,WORK_OF_ART,58,76
mdp.39015043371890,85,3,0,Sattaanassee,PERSON,0,12
mdp.39015043371890,86,0,0,Alootook Ipellie,PERSON,0,16
mdp.39015043371890,87,0,0,Arctic Dreams and Nightmares,WORK_OF_ART,0,28
mdp.39015043371890,87,0,1,Five,CARDINAL,33,37
mdp.39015043371890,87,6,0,One,CARDINAL,0,3
mdp.39015043371890,87,6,1,Shakespeare,PERSON,102,113
mdp.39015043371890,87,7,0,Inuit,NORP,31,36
mdp.39015043371890,87,8,0,Shakespeare,PERSON,0,11
mdp.39015043371890,87,10,0,hours,TIME,37,42
mdp.39015043371890,87,12,0,59,DATE,46,48
mdp.39015043371890,88,0,0,Alootook Ipellie,GPE,0,16
mdp.39015043371890,88,2,0,One minute,TIME,1,11
mdp.39015043371890,88,4,0,Shakespeare,PERSON,16,27
mdp.39015043371890,88,4,1,Arctic,LOC,67,73
mdp.39015043371890,88,5,0,Shakespeare,PERSON,9,20
mdp.39015043371890,88,7,0,one,CARDINAL,61,64
mdp.39015043371890,88,7,1,two,CARDINAL,70,73
mdp.39015043371890,88,7,2,three,CARDINAL,79,84
mdp.39015043371890,88,7,3,four,CARDINAL,90,94
mdp.39015043371890,88,7,4,five,CARDINAL,101,105
mdp.39015043371890,88,8,0,first,ORDINAL,24,29
mdp.39015043371890,88,9,0,a fine spring day,DATE,10,27
mdp.39015043371890,88,10,0,one,CARDINAL,49,52
mdp.39015043371890,88,10,1,several years,DATE,100,113
mdp.39015043371890,88,11,0,five,CARDINAL,38,42
mdp.39015043371890,88,13,0,60,CARDINAL,13,15
mdp.39015043371890,89,0,0,Arctic Dreams and Nightmares,WORK_OF_ART,0,28
mdp.39015043371890,89,0,1,Shakespeare,PERSON,29,40
mdp.39015043371890,89,3,0,Shakespeare,PERSON,35,46
mdp.39015043371890,89,4,0,Shakespeare,PERSON,35,46
mdp.39015043371890,89,5,0,Shakespeare,PERSON,0,11
mdp.39015043371890,89,8,0,The Five Shy Wives of the Shaman,PERSON,0,32
mdp.39015043371890,89,11,0,at least twenty,CARDINAL,22,37
mdp.39015043371890,89,11,1,Inuit,NORP,38,43
mdp.39015043371890,89,11,2,Shakespeare,PERSON,47,58
mdp.39015043371890,89,12,0,five,CARDINAL,19,23
mdp.39015043371890,89,13,0,at least two,CARDINAL,55,67
mdp.39015043371890,89,13,1,five,CARDINAL,79,83
mdp.39015043371890,89,14,0,Shakespeare,PERSON,5,16
mdp.39015043371890,89,14,1,five,CARDINAL,32,36
mdp.39015043371890,89,15,0,61,CARDINAL,17,19
mdp.39015043371890,90,3,0,one,CARDINAL,51,54
mdp.39015043371890,90,6,0,first,ORDINAL,76,81
mdp.39015043371890,90,7,0,Shakespeare,PERSON,36,47
mdp.39015043371890,90,9,0,Shakespeare,PERSON,0,11
mdp.39015043371890,90,12,0,Shakespeare,PERSON,50,61
mdp.39015043371890,91,0,0,Arctic Dreams and Nightmares,WORK_OF_ART,0,28
mdp.39015043371890,91,4,0,another day,DATE,30,41
mdp.39015043371890,91,6,0,Wives of the Shaman,PERSON,0,19
mdp.39015043371890,91,6,1,A couple of weeks,DATE,21,38
mdp.39015043371890,91,6,2,five,CARDINAL,102,106
mdp.39015043371890,91,13,0,Shakespeare,PERSON,0,11
mdp.39015043371890,91,18,0,63,CARDINAL,65,67
mdp.39015043371890,92,0,0,Alootook Ipellie,PERSON,0,16
mdp.39015043371890,92,10,0,five,CARDINAL,29,33
mdp.39015043371890,92,16,0,64,CARDINAL,121,123
mdp.39015043371890,93,1,0,Medusa,PERSON,0,6
mdp.39015043371890,93,2,0,Shakespeare,PERSON,7,18
mdp.39015043371890,93,4,0,The Five Shy Wives of the Shaman,ORG,0,32
mdp.39015043371890,93,7,0,Shakespeare,PERSON,1,12
mdp.39015043371890,93,9,0,later tonight,TIME,40,53
mdp.39015043371890,93,10,0,Shakespeare,PERSON,0,11
mdp.39015043371890,93,12,0,Shakespeare,PERSON,20,31
mdp.39015043371890,93,12,1,one,CARDINAL,107,110
mdp.39015043371890,93,12,2,65,DATE,117,119
mdp.39015043371890,94,0,0,Ipellie,PERSON,9,16
mdp.39015043371890,94,0,1,winter,DATE,26,32
mdp.39015043371890,94,2,0,Shakespeare,PERSON,39,50
mdp.39015043371890,94,3,0,one,CARDINAL,54,57
mdp.39015043371890,94,5,0,Moments,TIME,0,7
mdp.39015043371890,94,5,1,Shakespeare,PERSON,54,65
mdp.39015043371890,94,8,0,this day,DATE,71,79
mdp.39015043371890,94,10,0,Shakespeare,PERSON,75,86
mdp.39015043371890,94,13,0,five,CARDINAL,69,73
mdp.39015043371890,94,14,0,66,CARDINAL,19,21
mdp.39015043371890,96,0,0,"Alootook Ipellie """,PERSON,0,18
mdp.39015043371890,96,0,1,68,CARDINAL,19,21
mdp.39015043371890,97,2,0,tundra,LOC,57,63
mdp.39015043371890,97,2,1,mid-summer,DATE,94,104
mdp.39015043371890,98,0,0,Alootook Ipellie,PERSON,0,16
mdp.39015043371890,98,14,0,"five, six, ten seconds",TIME,32,54
mdp.39015043371890,98,19,0,annual,DATE,72,78
mdp.39015043371890,98,20,0,a few minutes,TIME,31,44
mdp.39015043371890,98,22,0,70,CARDINAL,0,2
mdp.39015043371890,99,10,0,about 30 seconds,TIME,23,39
mdp.39015043371890,99,22,0,25 to 30 feet,QUANTITY,39,52
mdp.39015043371890,99,25,0,71,CARDINAL,24,26
mdp.39015043371890,100,0,0,Alootook Ipellie,PERSON,0,16
mdp.39015043371890,100,2,0,Doc,PERSON,12,15
mdp.39015043371890,100,3,0,Qilaliaq,PERSON,8,16
mdp.39015043371890,100,17,0,72,CARDINAL,0,2
mdp.39015043371890,101,12,0,Tookeetooq,PERSON,47,57
mdp.39015043371890,101,12,1,Qilaliaq,PERSON,158,166
mdp.39015043371890,101,13,0,some years back,DATE,28,43
mdp.39015043371890,101,13,1,Tookeetooq,PERSON,45,55
mdp.39015043371890,101,15,0,Tookeetooq,PERSON,3,13
mdp.39015043371890,101,16,0,Tookeetooq,PERSON,0,10
mdp.39015043371890,102,3,0,Tookeetooq,PERSON,21,31
mdp.39015043371890,102,12,0,second,ORDINAL,93,99
mdp.39015043371890,102,14,0,Earth,LOC,27,32
mdp.39015043371890,105,1,0,One,CARDINAL,0,3
mdp.39015043371890,105,2,0,at least three to five feet,QUANTITY,154,181
mdp.39015043371890,105,3,0,Earth,LOC,80,85
mdp.39015043371890,105,7,0,"long, chilly winters",DATE,7,27
mdp.39015043371890,105,8,0,each day,DATE,69,77
mdp.39015043371890,105,9,0,Winter,DATE,0,6
mdp.39015043371890,106,0,0,Alootook Ipellie,PERSON,0,16
mdp.39015043371890,106,0,1,two,CARDINAL,23,26
mdp.39015043371890,106,8,0,Arctic,LOC,96,102
mdp.39015043371890,106,9,0,Arctic,LOC,14,20
mdp.39015043371890,106,10,0,anywhere from six to ten,CARDINAL,25,49
mdp.39015043371890,107,3,0,The Dogteam Family,ORG,0,18
mdp.39015043371890,107,6,0,only days or,DATE,9,21
mdp.39015043371890,107,6,1,weeks,DATE,22,27
mdp.39015043371890,107,13,0,79,CARDINAL,78,80
mdp.39015043371890,108,6,0,One,CARDINAL,0,3
mdp.39015043371890,108,6,1,winters,DATE,140,147
mdp.39015043371890,108,7,0,one,CARDINAL,169,172
mdp.39015043371890,108,7,1,first,ORDINAL,198,203
mdp.39015043371890,109,3,0,Arctic,LOC,64,70
mdp.39015043371890,109,4,0,The Dogteam Family,ORG,0,18
mdp.39015043371890,109,5,0,the summertime,DATE,3,17
mdp.39015043371890,109,6,0,tundra,LOC,83,89
mdp.39015043371890,109,7,0,the wintertime,DATE,7,21
mdp.39015043371890,109,8,0,Sherlock Holmes',PERSON,68,84
mdp.39015043371890,109,8,1,hours,TIME,146,151
mdp.39015043371890,109,12,0,81,CARDINAL,41,43
mdp.39015043371890,110,9,0,one,CARDINAL,74,77
mdp.39015043371890,110,9,1,two,CARDINAL,81,84
mdp.39015043371890,111,4,0,The Dogteam Family,ORG,0,18
mdp.39015043371890,111,5,0,One year,DATE,0,8
mdp.39015043371890,111,5,1,a week,DATE,59,65
mdp.39015043371890,111,6,0,Three days,DATE,0,10
mdp.39015043371890,111,10,0,a few hundred yards,QUANTITY,18,37
mdp.39015043371890,111,14,0,Greenlandic,NORP,112,123
mdp.39015043371890,111,15,0,One,CARDINAL,0,3
mdp.39015043371890,111,15,1,83,CARDINAL,124,126
mdp.39015043371890,112,0,0,Alootook Ipellie,PERSON,0,16
mdp.39015043371890,112,3,0,sub-zero,CARDINAL,36,44
mdp.39015043371890,112,7,0,Inuktitut,LANGUAGE,45,54
mdp.39015043371890,112,7,1,Inuit,NORP,82,87
mdp.39015043371890,112,12,0,84,CARDINAL,10,12
mdp.39015043371890,113,1,0,Dogteam Family,ORG,4,18
mdp.39015043371890,113,15,0,one,CARDINAL,28,31
mdp.39015043371890,113,17,0,85,CARDINAL,0,2
mdp.39015043371890,114,0,0,Alootook Ipellie,PERSON,0,16
mdp.39015043371890,114,2,0,five,CARDINAL,47,51
mdp.39015043371890,114,9,0,Later that night,TIME,0,16
mdp.39015043371890,114,11,0,eleven,CARDINAL,48,54
mdp.39015043371890,115,0,0,the Dog People Society,ORG,105,127
mdp.39015043371890,115,1,0,Norsemen,NORP,116,124
mdp.39015043371890,115,1,1,Greenland,LOC,132,141
mdp.39015043371890,115,2,0,The Dog People,ORG,0,14
mdp.39015043371890,115,3,0,winter,DATE,73,79
mdp.39015043371890,115,4,0,The Dogteam Family,ORG,0,18
mdp.39015043371890,115,6,0,87,CARDINAL,0,2
mdp.39015043371890,117,1,0,an ideal spring day,DATE,7,26
mdp.39015043371890,117,11,0,89,CARDINAL,0,2
mdp.39015043371890,118,0,0,Alootook Ipellie ད་,PERSON,0,19
mdp.39015043371890,118,12,0,90,CARDINAL,25,27
mdp.39015043371890,119,11,0,four,CARDINAL,75,79
mdp.39015043371890,119,12,0,Inuit,NORP,88,93
mdp.39015043371890,119,13,0,91,CARDINAL,14,16
mdp.39015043371890,120,0,0,Alootook Ipellie,PERSON,0,16
mdp.39015043371890,120,0,1,Hallowe'en,DATE,46,56
mdp.39015043371890,120,0,2,half,CARDINAL,124,128
mdp.39015043371890,120,5,0,Earth,LOC,80,85
mdp.39015043371890,120,6,0,Earth,LOC,92,97
mdp.39015043371890,120,8,0,Holocaust,EVENT,141,150
mdp.39015043371890,120,9,0,one,CARDINAL,77,80
mdp.39015043371890,120,9,1,Earth,LOC,138,143
mdp.39015043371890,120,10,0,92,CARDINAL,148,150
mdp.39015043371890,121,0,0,Arctic,LOC,0,6
mdp.39015043371890,121,1,0,Jesus Christ,PERSON,19,31
mdp.39015043371890,121,1,1,the Holy Bible,WORK_OF_ART,58,72
mdp.39015043371890,121,2,0,Christians,NORP,35,45
mdp.39015043371890,121,4,0,this day,DATE,3,11
mdp.39015043371890,121,4,1,Earth,LOC,121,126
mdp.39015043371890,121,5,0,Survival of,PERSON,0,11
mdp.39015043371890,121,6,0,Arctic,LOC,4,10
mdp.39015043371890,121,8,0,another day,DATE,155,166
mdp.39015043371890,122,0,0,Alootook Ipellie,GPE,0,16
mdp.39015043371890,122,1,0,Earth,LOC,65,70
mdp.39015043371890,122,3,0,Earth,LOC,149,154
mdp.39015043371890,122,4,0,centuries,DATE,27,36
mdp.39015043371890,122,10,0,Earth,LOC,67,72
mdp.39015043371890,122,11,0,today,DATE,17,22
mdp.39015043371890,122,11,1,tomorrow,DATE,32,40
mdp.39015043371890,122,12,0,94,CARDINAL,0,2
mdp.39015043371890,125,8,0,Wimbledon,GPE,104,113
mdp.39015043371890,125,17,0,Cupid,PERSON,17,22
mdp.39015043371890,125,18,0,Arctic,LOC,37,43
mdp.39015043371890,125,20,0,Eros,PERSON,1,5
mdp.39015043371890,125,22,0,97,CARDINAL,8,10
mdp.39015043371890,126,0,0,Alootook Ipellie,PERSON,0,16
mdp.39015043371890,126,1,0,Eros,PERSON,6,10
mdp.39015043371890,126,2,0,God of Love,PERSON,0,11
mdp.39015043371890,126,5,0,Krypton,LOC,57,64
mdp.39015043371890,126,9,0,Eros,PERSON,0,4
mdp.39015043371890,126,12,0,Cupid,PERSON,57,62
mdp.39015043371890,126,14,0,Cupid,PERSON,87,92
mdp.39015043371890,126,17,0,one,CARDINAL,59,62
mdp.39015043371890,126,20,0,98,CARDINAL,0,2
mdp.39015043371890,127,1,0,Cupid,PERSON,0,5
mdp.39015043371890,127,6,0,Cupid,PERSON,0,5
mdp.39015043371890,127,9,0,Cupid,PERSON,36,41
mdp.39015043371890,127,12,0,Cupid,PERSON,27,32
mdp.39015043371890,127,15,0,Cupid,PERSON,22,27
mdp.39015043371890,127,16,0,Cupid,PERSON,0,5
mdp.39015043371890,127,17,0,99,CARDINAL,0,2
mdp.39015043371890,128,0,0,Alootook Ipellie Cupid,PERSON,0,22
mdp.39015043371890,128,8,0,Cupid,PERSON,0,5
mdp.39015043371890,128,9,0,Cupid,PERSON,104,109
mdp.39015043371890,128,14,0,Cupid,PERSON,0,5
mdp.39015043371890,128,15,0,years,DATE,69,74
mdp.39015043371890,128,15,1,decades,DATE,84,91
mdp.39015043371890,128,22,0,Cupid,PERSON,0,5
mdp.39015043371890,128,23,0,100,CARDINAL,75,78
mdp.39015043371890,129,0,0,Arctic Dreams and Nightmares,WORK_OF_ART,0,28
mdp.39015043371890,129,2,0,Cupid,PERSON,32,37
mdp.39015043371890,129,4,0,Cupid,PERSON,62,67
mdp.39015043371890,129,5,0,Cupid,PERSON,26,31
mdp.39015043371890,129,6,0,Cupid,PERSON,5,10
mdp.39015043371890,129,8,0,Super Stud's,PRODUCT,30,42
mdp.39015043371890,129,12,0,101,CARDINAL,0,3
mdp.39015043371890,130,0,0,Alootook Ipellie,PERSON,0,16
mdp.39015043371890,130,1,0,Super Stud,PERSON,10,20
mdp.39015043371890,130,2,0,one,CARDINAL,15,18
mdp.39015043371890,130,8,0,Super Stud,PERSON,33,43
mdp.39015043371890,130,8,1,one,CARDINAL,45,48
mdp.39015043371890,130,8,2,the Great White Arctic,LOC,94,116
mdp.39015043371890,130,9,0,102,CARDINAL,0,3
mdp.39015043371890,133,0,0,Arctic,NORP,0,6
mdp.39015043371890,133,0,1,Brigitte Bardot,PERSON,35,50
mdp.39015043371890,133,1,0,spring,DATE,48,54
mdp.39015043371890,133,2,0,decades,DATE,64,71
mdp.39015043371890,133,3,0,spring,DATE,14,20
mdp.39015043371890,133,7,0,15-second,TIME,58,67
mdp.39015043371890,133,8,0,at least sixty,CARDINAL,21,35
mdp.39015043371890,133,8,1,twenty,CARDINAL,50,56
mdp.39015043371890,134,6,0,French,NORP,30,36
mdp.39015043371890,134,6,1,Brigitte Bardot,PERSON,46,61
mdp.39015043371890,134,10,0,Inuit,NORP,18,23
mdp.39015043371890,134,13,0,earth,LOC,167,172
mdp.39015043371890,134,15,0,106,CARDINAL,59,62
mdp.39015043371890,135,1,0,France,GPE,0,6
mdp.39015043371890,135,3,0,Brigitte Bardot,PERSON,6,21
mdp.39015043371890,135,3,1,Swiss,NORP,113,118
mdp.39015043371890,135,3,2,Franz Weber,PERSON,142,153
mdp.39015043371890,135,5,0,six hundred,CARDINAL,41,52
mdp.39015043371890,135,6,0,six hundred,CARDINAL,16,27
mdp.39015043371890,135,6,1,two hundred,CARDINAL,64,75
mdp.39015043371890,135,8,0,French,NORP,12,18
mdp.39015043371890,135,10,0,Brigitte,PERSON,11,19
mdp.39015043371890,135,11,0,French,NORP,32,38
mdp.39015043371890,135,14,0,107,CARDINAL,0,3
mdp.39015043371890,136,0,0,Alootook Ipellie,PERSON,0,16
mdp.39015043371890,136,11,0,One million,CARDINAL,1,12
mdp.39015043371890,136,12,0,first,ORDINAL,4,9
mdp.39015043371890,136,12,1,"999,999",CARDINAL,10,17
mdp.39015043371890,136,14,0,108,CARDINAL,0,3
mdp.39015043371890,137,2,0,Brigitte Bardot,PERSON,0,15
mdp.39015043371890,137,3,0,twenty,CARDINAL,4,10
mdp.39015043371890,137,3,1,Brigitte Bardot's,PERSON,44,61
mdp.39015043371890,137,5,0,Brigitte Bardot,PERSON,6,21
mdp.39015043371890,137,5,1,sixty,CARDINAL,82,87
mdp.39015043371890,137,5,2,twenty,CARDINAL,99,105
mdp.39015043371890,137,5,3,Brigitte Bardot,PERSON,117,132
mdp.39015043371890,137,7,0,spring,DATE,4,10
mdp.39015043371890,137,7,1,summer,DATE,15,21
mdp.39015043371890,137,8,0,Brigitte Bardot,PERSON,16,31
mdp.39015043371890,137,9,0,autumn,DATE,5,11
mdp.39015043371890,137,11,0,The European Economic Community Parliament,ORG,0,42
mdp.39015043371890,137,11,1,109,CARDINAL,73,76
mdp.39015043371890,138,0,0,Europe,LOC,48,54
mdp.39015043371890,138,7,0,Canada,GPE,40,46
mdp.39015043371890,138,13,0,Inuit,NORP,42,47
mdp.39015043371890,139,3,0,Brigitte Bardot,PERSON,6,21
mdp.39015043371890,139,5,0,Brigitte Bardot's,PERSON,42,59
mdp.39015043371890,139,13,0,Brigitte Bardot,PERSON,18,33
mdp.39015043371890,139,13,1,that day,DATE,128,136
mdp.39015043371890,140,0,0,Alootook Ipellie,PERSON,0,16
mdp.39015043371890,140,3,0,later that day,TIME,27,41
mdp.39015043371890,140,3,1,Brigitte Bardot,PERSON,90,105
mdp.39015043371890,140,3,2,French,NORP,161,167
mdp.39015043371890,140,3,3,Inuk,NORP,183,187
mdp.39015043371890,140,8,0,Christian,NORP,13,22
mdp.39015043371890,140,9,0,Inuk,NORP,4,8
mdp.39015043371890,140,9,1,Brigitte Bardot,PERSON,65,80
mdp.39015043371890,140,11,0,two,CARDINAL,41,44
mdp.39015043371890,140,12,0,Inuk,PERSON,15,19
mdp.39015043371890,140,14,0,Brigitte,PERSON,0,8
mdp.39015043371890,140,15,0,112,CARDINAL,60,63
mdp.39015043371890,141,2,0,Later that day,TIME,0,14
mdp.39015043371890,141,3,0,the years,DATE,75,84
mdp.39015043371890,141,4,0,Earth,LOC,54,59
mdp.39015043371890,141,4,1,France,GPE,70,76
mdp.39015043371890,141,5,0,Brigitte Bardot,PERSON,6,21
mdp.39015043371890,141,6,0,113,CARDINAL,0,3
mdp.39015043371890,143,1,0,One year,DATE,0,8
mdp.39015043371890,143,3,0,the beginning of the summer,DATE,7,34
mdp.39015043371890,143,4,0,Siberia,LOC,61,68
mdp.39015043371890,143,5,0,Arctic,LOC,87,93
mdp.39015043371890,143,5,1,Canada,GPE,126,132
mdp.39015043371890,143,8,0,hundreds,CARDINAL,87,95
mdp.39015043371890,143,9,0,A half 115,CARDINAL,0,10
mdp.39015043371890,144,0,0,Alootook Ipellie 苫 ​dozen or,PERSON,0,28
mdp.39015043371890,144,2,0,first,ORDINAL,7,12
mdp.39015043371890,144,4,0,one,CARDINAL,10,13
mdp.39015043371890,144,10,0,one,CARDINAL,34,37
mdp.39015043371890,144,11,0,second,ORDINAL,4,10
mdp.39015043371890,144,12,0,116,CARDINAL,28,31
mdp.39015043371890,145,8,0,Walrus Ballet,ORG,0,13
mdp.39015043371890,145,9,0,the Leningrad Ballet School,ORG,80,107
mdp.39015043371890,145,16,0,117,CARDINAL,0,3
mdp.39015043371890,146,0,0,Alootook Ipellie,PERSON,0,16
mdp.39015043371890,146,0,1,Aivialuk,PERSON,124,132
mdp.39015043371890,146,2,0,32 000,CARDINAL,0,6
mdp.39015043371890,146,3,0,the Leningrad Ballet School,ORG,111,138
mdp.39015043371890,146,3,1,1955,DATE,142,146
mdp.39015043371890,146,10,0,Margot Fonteyn,PERSON,19,33
mdp.39015043371890,146,11,0,Great Britain,GPE,16,29
mdp.39015043371890,146,12,0,the Royal Ballet,ORG,18,34
mdp.39015043371890,146,12,1,118,CARDINAL,37,40
mdp.39015043371890,147,0,0,Walrus Ballet,PERSON,29,42
mdp.39015043371890,147,3,0,London,GPE,3,9
mdp.39015043371890,147,5,0,one,CARDINAL,9,12
mdp.39015043371890,147,6,0,one,CARDINAL,20,23
mdp.39015043371890,147,7,0,English,NORP,32,39
mdp.39015043371890,147,8,0,the Royal Family,ORG,51,67
mdp.39015043371890,147,9,0,those incredible days,DATE,27,48
mdp.39015043371890,147,10,0,Aivialuk,PERSON,49,57
mdp.39015043371890,147,14,0,Rudolf Nureyev,PERSON,1,15
mdp.39015043371890,147,15,0,Giselle,PERSON,1,8
mdp.39015043371890,147,17,0,1962,DATE,0,4
mdp.39015043371890,147,19,0,Margot Fonteyn,PERSON,22,36
mdp.39015043371890,147,19,1,Giselle,GPE,57,64
mdp.39015043371890,147,21,0,Aivialuk,PERSON,103,111
mdp.39015043371890,148,0,0,Alootook Ipellie JL.,PERSON,0,20
mdp.39015043371890,148,5,0,two,CARDINAL,4,7
mdp.39015043371890,148,7,0,Margot,PERSON,1,7
mdp.39015043371890,148,8,0,Margot,PERSON,69,75
mdp.39015043371890,148,11,0,Rudolf,PERSON,35,41
mdp.39015043371890,148,11,1,Margot,PERSON,48,54
mdp.39015043371890,148,12,0,Siberia,LOC,90,97
mdp.39015043371890,148,15,0,120,CARDINAL,58,61
mdp.39015043371890,149,0,0,Mikhail Baryshnikov,PERSON,36,55
mdp.39015043371890,149,1,0,Siberian,NORP,25,33
mdp.39015043371890,149,6,0,Margot,PERSON,62,68
mdp.39015043371890,149,6,1,Aivialuk,PERSON,129,137
mdp.39015043371890,149,6,2,Mikhail,PERSON,177,184
mdp.39015043371890,149,9,0,Rudolf,PERSON,1,7
mdp.39015043371890,149,13,0,Rudolf Nureyev,PERSON,5,19
mdp.39015043371890,149,14,0,Siberia,LOC,34,41
mdp.39015043371890,149,15,0,121,CARDINAL,69,72
mdp.39015043371890,150,0,0,Alootook Ipellie 000 10,PERSON,0,23
mdp.39015043371890,150,1,0,Margot,PERSON,7,13
mdp.39015043371890,150,2,0,Yesterday,DATE,0,9
mdp.39015043371890,150,3,0,now,DATE,8,11
mdp.39015043371890,150,8,0,Rudolf,PERSON,25,31
mdp.39015043371890,150,16,0,Rudolf,PERSON,20,26
mdp.39015043371890,150,18,0,five days,DATE,11,20
mdp.39015043371890,150,18,1,close to five hundred,CARDINAL,51,72
mdp.39015043371890,150,19,0,Margot,PERSON,0,6
mdp.39015043371890,150,21,0,a stormy night,TIME,3,17
mdp.39015043371890,150,21,1,close to five hundredstrong,CARDINAL,48,75
mdp.39015043371890,150,22,0,Baffin Land,LOC,13,24
mdp.39015043371890,150,22,1,Canada,GPE,28,34
mdp.39015043371890,150,23,0,122,CARDINAL,0,3
mdp.39015043371890,151,0,0,Arctic Dreams and Nightmares,WORK_OF_ART,0,28
mdp.39015043371890,151,1,0,Siberia,LOC,67,74
mdp.39015043371890,151,3,0,Aivialuk,PERSON,17,25
mdp.39015043371890,151,3,1,Exodus,EVENT,52,58
mdp.39015043371890,151,4,0,123,CARDINAL,22,25
mdp.39015043371890,152,0,0,Alootook Ipellie,PERSON,0,16
mdp.39015043371890,152,0,1,IPELLIE 124,PERSON,17,28
mdp.39015043371890,153,0,0,Arctic,LOC,0,6
mdp.39015043371890,153,1,0,Arctic,LOC,0,6
mdp.39015043371890,153,2,0,Arctic,LOC,27,33
mdp.39015043371890,153,3,0,another day,DATE,76,87
mdp.39015043371890,153,6,0,Earth,LOC,32,37
mdp.39015043371890,153,11,0,every day,DATE,16,25
mdp.39015043371890,154,0,0,Alootook Ipellie,PERSON,0,16
mdp.39015043371890,154,23,0,Some days,DATE,0,9
mdp.39015043371890,154,24,0,the days,DATE,10,18
mdp.39015043371890,154,30,0,126,CARDINAL,0,3
mdp.39015043371890,155,1,0,just moments,TIME,19,31
mdp.39015043371890,155,1,1,tomorrow,DATE,93,101
mdp.39015043371890,155,4,0,Arctic Dreams and,PERSON,0,17
mdp.39015043371890,155,5,0,winter,DATE,19,25
mdp.39015043371890,155,11,0,nights,TIME,10,16
mdp.39015043371890,155,11,1,days,DATE,93,97
mdp.39015043371890,155,12,0,Some nights,DATE,0,11
mdp.39015043371890,155,21,0,daily,DATE,40,45
mdp.39015043371890,155,24,0,127,CARDINAL,0,3
mdp.39015043371890,156,0,0,Alootook Ipellie,PERSON,0,16
mdp.39015043371890,156,5,0,our waking hours,TIME,39,55
mdp.39015043371890,156,8,0,Earth,LOC,62,67
mdp.39015043371890,156,11,0,Arctic,LOC,16,22
mdp.39015043371890,156,19,0,128,CARDINAL,0,3
mdp.39015043371890,157,0,0,Arctic Dreams and,PERSON,0,17
mdp.39015043371890,157,1,0,one night,TIME,24,33
mdp.39015043371890,157,4,0,the Garden of Eden,LOC,21,39
mdp.39015043371890,157,5,0,Arctic,LOC,22,28
mdp.39015043371890,157,7,0,Arctic Dreams and,PERSON,0,17
mdp.39015043371890,157,9,0,a millennium,DATE,118,130
mdp.39015043371890,157,10,0,a year,DATE,46,52
mdp.39015043371890,157,11,0,the end of that year,DATE,3,23
mdp.39015043371890,157,12,0,Amazonian,NORP,53,62
mdp.39015043371890,157,13,0,Arctic,LOC,83,89
mdp.39015043371890,157,15,0,129,CARDINAL,0,3
mdp.39015043371890,158,0,0,Alootook Ipellie,PERSON,0,16
mdp.39015043371890,158,9,0,k.d. lang,PERSON,97,106
mdp.39015043371890,158,10,0,Alberta,GPE,44,51
mdp.39015043371890,158,12,0,Christian,NORP,21,30
mdp.39015043371890,158,12,1,the Great White Arctic,LOC,135,157
mdp.39015043371890,158,14,0,130,CARDINAL,0,3
mdp.39015043371890,159,1,0,One night,TIME,0,9
mdp.39015043371890,159,1,1,a particularly stormy,DATE,18,39
mdp.39015043371890,159,2,0,close to a month,DATE,62,78
mdp.39015043371890,159,3,0,Arctic Dreams and,PERSON,0,17
mdp.39015043371890,159,4,0,a restless night,TIME,15,31
mdp.39015043371890,159,7,0,One,CARDINAL,0,3
mdp.39015043371890,159,12,0,at least three minutes,TIME,26,48
mdp.39015043371890,159,14,0,weeks,DATE,15,20
mdp.39015043371890,159,16,0,131,CARDINAL,0,3
mdp.39015043371890,160,0,0,Alootook Ipellie,PERSON,0,16
mdp.39015043371890,160,2,0,a millennium,DATE,97,109
mdp.39015043371890,160,6,0,Alcatraz,FAC,50,58
mdp.39015043371890,160,10,0,close to twenty years,DATE,27,48
mdp.39015043371890,160,10,1,trillion or more,CARDINAL,66,82
mdp.39015043371890,160,13,0,132,CARDINAL,0,3
mdp.39015043371890,161,0,0,Arctic,LOC,0,6
mdp.39015043371890,161,3,0,Arctic,LOC,0,6
mdp.39015043371890,161,5,0,Arctic,LOC,0,6
mdp.39015043371890,161,6,0,133,CARDINAL,0,3
mdp.39015043371890,163,0,0,Arctic,NORP,0,6
mdp.39015043371890,163,1,0,Inuit,NORP,58,63
mdp.39015043371890,163,7,0,One summer,DATE,0,10
mdp.39015043371890,163,7,1,two,CARDINAL,83,86
mdp.39015043371890,163,8,0,One,CARDINAL,0,3
mdp.39015043371890,163,8,1,Ossuk,PERSON,11,16
mdp.39015043371890,163,9,0,Nalikkaaq,PERSON,11,20
mdp.39015043371890,163,9,1,Aqaqa,PERSON,69,74
mdp.39015043371890,163,10,0,Nalikkaaq,PERSON,15,24
mdp.39015043371890,163,10,1,Ossuk,PERSON,26,31
mdp.39015043371890,163,10,2,Aqaqa,PERSON,63,68
mdp.39015043371890,163,11,0,Nalikkaaq,PERSON,32,41
mdp.39015043371890,163,12,0,135,CARDINAL,0,3
mdp.39015043371890,164,0,0,Alootook Ipellie,PERSON,0,16
mdp.39015043371890,164,1,0,One day,DATE,0,7
mdp.39015043371890,164,1,1,Nalikkaaq,PERSON,14,23
mdp.39015043371890,164,1,2,Ossuk,PERSON,151,156
mdp.39015043371890,164,1,3,Aqaqa,PERSON,161,166
mdp.39015043371890,164,2,0,Nalikkaaq,PERSON,0,9
mdp.39015043371890,164,3,0,Nalikkaaq,PERSON,61,70
mdp.39015043371890,164,4,0,Ossuk,PERSON,0,5
mdp.39015043371890,164,4,1,one,CARDINAL,51,54
mdp.39015043371890,164,5,0,Ossuk,PERSON,95,100
mdp.39015043371890,164,8,0,Aqaqa,PERSON,0,5
mdp.39015043371890,164,9,0,Aqaqa,PERSON,30,35
mdp.39015043371890,164,9,1,Nalikkaaq,PERSON,42,51
mdp.39015043371890,164,10,0,136,CARDINAL,25,28
mdp.39015043371890,165,0,0,Arctic,NORP,0,6
mdp.39015043371890,165,1,0,Nalikkaaq,PERSON,0,9
mdp.39015043371890,165,2,0,Aqaqa,PERSON,41,46
mdp.39015043371890,165,4,0,Nalikkaaq,PERSON,14,23
mdp.39015043371890,165,4,1,first,ORDINAL,51,56
mdp.39015043371890,165,5,0,Ossuk,PERSON,1,6
mdp.39015043371890,165,6,0,Nalikkaaq,PERSON,0,9
mdp.39015043371890,165,7,0,Ossuk,PERSON,1,6
mdp.39015043371890,165,10,0,Aqaqa,PERSON,0,5
mdp.39015043371890,165,11,0,Ossuk,PERSON,1,6
mdp.39015043371890,165,12,0,Ossuk,PERSON,7,12
mdp.39015043371890,165,13,0,Ossuk,PERSON,22,27
mdp.39015043371890,165,15,0,Ossuk,PERSON,7,12
mdp.39015043371890,165,16,0,Ossuk,PERSON,135,140
mdp.39015043371890,165,17,0,Aqaqa,PERSON,36,41
mdp.39015043371890,165,18,0,two,CARDINAL,32,35
mdp.39015043371890,165,18,1,many days,DATE,74,83
mdp.39015043371890,165,19,0,Aqaqa,PERSON,9,14
mdp.39015043371890,165,21,0,Nalikkaaq,PERSON,1,10
mdp.39015043371890,165,21,1,Nalikkaaq,PERSON,12,21
mdp.39015043371890,165,21,2,Ossuk,PERSON,85,90
mdp.39015043371890,165,22,0,Ossuk,PERSON,0,5
mdp.39015043371890,165,23,0,137,CARDINAL,19,22
mdp.39015043371890,166,0,0,Alootook Ipellie,PERSON,0,16
mdp.39015043371890,166,0,1,Ossuk,GPE,20,25
mdp.39015043371890,166,1,0,Ossuk,PERSON,40,45
mdp.39015043371890,166,2,0,Nalikkaaq,PERSON,0,9
mdp.39015043371890,166,2,1,Ossuk,PERSON,146,151
mdp.39015043371890,166,5,0,two,CARDINAL,41,44
mdp.39015043371890,166,6,0,Aqaqa,PERSON,21,26
mdp.39015043371890,166,9,0,Nalikkaaq,PERSON,1,10
mdp.39015043371890,166,11,0,Nalikkaaq,PERSON,0,9
mdp.39015043371890,166,12,0,Ossuk,PERSON,114,119
mdp.39015043371890,166,14,0,Ossuk,PERSON,47,52
mdp.39015043371890,166,15,0,Nalikkaaq,PERSON,0,9
mdp.39015043371890,166,15,1,Ossuk,PERSON,27,32
mdp.39015043371890,166,18,0,Ossuk,PERSON,1,6
mdp.39015043371890,166,19,0,Nalikkaaq,PERSON,6,15
mdp.39015043371890,166,20,0,138,CARDINAL,40,43
mdp.39015043371890,167,10,0,Nalikkaaq,PERSON,13,22
mdp.39015043371890,167,10,1,Ossuk,PERSON,27,32
mdp.39015043371890,167,12,0,A perfect day,DATE,0,13
mdp.39015043371890,167,14,0,Nalikkaaq,PERSON,0,9
mdp.39015043371890,167,17,0,Ossuk,PERSON,15,20
mdp.39015043371890,167,17,1,Aqaqa,PERSON,60,65
mdp.39015043371890,167,17,2,Ossuk,PERSON,101,106
mdp.39015043371890,167,20,0,one,CARDINAL,60,63
mdp.39015043371890,167,21,0,Ossuk,PERSON,19,24
mdp.39015043371890,167,21,1,Nalikkaaq,PERSON,64,73
mdp.39015043371890,167,21,2,Ossuk,PERSON,110,115
mdp.39015043371890,168,0,0,Ipellie,PERSON,9,16
mdp.39015043371890,168,1,0,Ossuk,PERSON,41,46
mdp.39015043371890,168,3,0,Nalikkaaq,PERSON,0,9
mdp.39015043371890,168,6,0,Nalikkaaq,PERSON,0,9
mdp.39015043371890,168,6,1,Ossuk,PERSON,14,19
mdp.39015043371890,168,8,0,Nalikkaaq,PERSON,0,9
mdp.39015043371890,168,8,1,Ossuk,PERSON,14,19
mdp.39015043371890,168,9,0,first,ORDINAL,57,62
mdp.39015043371890,168,11,0,Nalikkaaq,PERSON,0,9
mdp.39015043371890,168,14,0,Nalikkaaq,PERSON,49,58
mdp.39015043371890,168,15,0,Ossuk,PERSON,23,28
mdp.39015043371890,168,15,1,Aqaqa,PERSON,58,63
mdp.39015043371890,168,16,0,two,CARDINAL,4,7
mdp.39015043371890,168,17,0,Nalikkaaq,PERSON,0,9
mdp.39015043371890,168,17,1,Ossuk,PERSON,56,61
mdp.39015043371890,168,18,0,Ossuk,PERSON,76,81
mdp.39015043371890,168,19,0,Ossuk,PERSON,9,14
mdp.39015043371890,168,19,1,140,CARDINAL,26,29
mdp.39015043371890,169,1,0,Nalikkaaq,PERSON,11,20
mdp.39015043371890,169,2,0,Nalikkaaq,PERSON,1,10
mdp.39015043371890,169,3,0,Ossuk,PERSON,1,6
mdp.39015043371890,169,6,0,Nalikkaaq,PERSON,39,48
mdp.39015043371890,169,9,0,Ossuk,PERSON,26,31
mdp.39015043371890,169,12,0,Nalikkaaq,PERSON,0,9
mdp.39015043371890,169,13,0,Ossuk,PERSON,107,112
mdp.39015043371890,169,14,0,Nalikkaaq,PERSON,0,9
mdp.39015043371890,170,0,0,Alootook Ipellie,PERSON,0,16
mdp.39015043371890,170,1,0,Ossuk,PERSON,20,25
mdp.39015043371890,170,4,0,Ossuk,PERSON,41,46
mdp.39015043371890,170,5,0,Nalikkaaq,PERSON,0,9
mdp.39015043371890,170,6,0,Ossuk,PERSON,25,30
mdp.39015043371890,170,7,0,Nalikkaaq,PERSON,0,9
mdp.39015043371890,170,7,1,Ossuk,PERSON,50,55
mdp.39015043371890,170,9,0,Nalikkaaq,PERSON,0,9
mdp.39015043371890,170,10,0,Ossuk,PERSON,23,28
mdp.39015043371890,170,10,1,Nalikkaaq,PERSON,62,71
mdp.39015043371890,170,11,0,Ossuk,PERSON,20,25
mdp.39015043371890,170,12,0,Ossuk,PERSON,9,14
mdp.39015043371890,170,16,0,Nalikkaaq,PERSON,22,31
mdp.39015043371890,170,18,0,Ossuk,PERSON,0,5
mdp.39015043371890,170,20,0,142,CARDINAL,0,3
mdp.39015043371890,171,0,0,Arctic,NORP,0,6
mdp.39015043371890,171,1,0,Nalikkaaq,PERSON,1,10
mdp.39015043371890,171,5,0,Nalikkaaq,PERSON,0,9
mdp.39015043371890,171,6,0,Ossuk,PERSON,28,33
mdp.39015043371890,171,8,0,Ossuk,PERSON,73,78
mdp.39015043371890,171,10,0,Ossuk,PERSON,0,5
mdp.39015043371890,171,14,0,Nalikkaaq,PERSON,0,9
mdp.39015043371890,171,16,0,Nalikkaaq,PERSON,0,9
mdp.39015043371890,171,19,0,143,CARDINAL,14,17
mdp.39015043371890,172,0,0,Alootook Ipellie Nalikkaaq,PERSON,0,26
mdp.39015043371890,172,3,0,Nalikkaaq,PERSON,0,9
mdp.39015043371890,172,7,0,Ossuk,PERSON,0,5
mdp.39015043371890,172,10,0,Nalikkaaq,PERSON,34,43
mdp.39015043371890,172,13,0,Nalikkaaq,PERSON,9,18
mdp.39015043371890,172,13,1,Ossuk,PERSON,36,41
mdp.39015043371890,172,14,0,Nalikkaaq,PERSON,0,9
mdp.39015043371890,172,14,1,Ossuk,PERSON,44,49
mdp.39015043371890,172,14,2,Aqaqa,PERSON,54,59
mdp.39015043371890,172,15,0,144,CARDINAL,47,50
mdp.39015043371890,173,1,0,Ossuk,PERSON,51,56
mdp.39015043371890,173,4,0,Ossuk,PERSON,0,5
mdp.39015043371890,173,5,0,Nalikkaaq,PERSON,0,9
mdp.39015043371890,173,5,1,Ossuk,PERSON,73,78
mdp.39015043371890,173,7,0,Ossuk,PERSON,1,6
mdp.39015043371890,173,7,1,two,CARDINAL,64,67
mdp.39015043371890,173,7,2,shamans,NORP,77,84
mdp.39015043371890,173,7,3,one,CARDINAL,102,105
mdp.39015043371890,173,7,4,shamans,NORP,113,120
mdp.39015043371890,173,8,0,Ossuk,PERSON,6,11
mdp.39015043371890,173,9,0,one,CARDINAL,47,50
mdp.39015043371890,173,9,1,shamans,NORP,58,65
mdp.39015043371890,173,9,2,many hours,TIME,147,157
mdp.39015043371890,173,11,0,two,CARDINAL,23,26
mdp.39015043371890,173,12,0,one,CARDINAL,27,30
mdp.39015043371890,173,12,1,shamans,NORP,38,45
mdp.39015043371890,173,12,2,four,CARDINAL,113,117
mdp.39015043371890,173,12,3,five,CARDINAL,121,125
mdp.39015043371890,173,12,4,145,CARDINAL,146,149
mdp.39015043371890,174,0,0,Alootook Ipellie,GPE,0,16
mdp.39015043371890,174,3,0,kingdom come,GPE,20,32
mdp.39015043371890,174,5,0,Ossuk,PERSON,8,13
mdp.39015043371890,174,15,0,146,CARDINAL,81,84
mdp.39015043371890,175,2,0,Ossuk,PERSON,1,6
mdp.39015043371890,175,6,0,Ossuk,PERSON,1,6
mdp.39015043371890,175,7,0,Earlier today,TIME,0,13
mdp.39015043371890,175,7,1,Aqaqa,PERSON,78,83
mdp.39015043371890,175,8,0,two,CARDINAL,41,44
mdp.39015043371890,175,11,0,Ossuk,PERSON,0,5
mdp.39015043371890,175,14,0,Nalikkaaq,PERSON,26,35
mdp.39015043371890,175,16,0,Ossuk,PERSON,13,18
mdp.39015043371890,175,17,0,147,CARDINAL,17,20
mdp.39015043371890,176,0,0,Alootook Ipellie,PERSON,0,16
mdp.39015043371890,176,3,0,Ossuk,PERSON,0,5
mdp.39015043371890,176,3,1,Nalikkaaq,PERSON,16,25
mdp.39015043371890,176,7,0,Nalikkaaq,PERSON,0,9
mdp.39015043371890,176,7,1,Ossuk,PERSON,50,55
mdp.39015043371890,176,8,0,Ossuk,PERSON,5,10
mdp.39015043371890,176,9,0,Ossuk,PERSON,21,26
mdp.39015043371890,176,10,0,one,CARDINAL,40,43
mdp.39015043371890,176,11,0,two,CARDINAL,4,7
mdp.39015043371890,176,11,1,Olympic,NORP,40,47
mdp.39015043371890,176,13,0,Nalikkaaq,PERSON,0,9
mdp.39015043371890,176,13,1,Ossuk,PERSON,20,25
mdp.39015043371890,176,15,0,two,CARDINAL,68,71
mdp.39015043371890,176,17,0,Ossuk,PERSON,0,5
mdp.39015043371890,176,17,1,Nalikkaaq,PERSON,10,19
mdp.39015043371890,176,18,0,Nalikkaaq,PERSON,0,9
mdp.39015043371890,176,18,1,Ossuk,PERSON,44,49
mdp.39015043371890,176,20,0,Nalikkaaq,PERSON,0,9
mdp.39015043371890,176,20,1,Ossuk,PERSON,45,50
mdp.39015043371890,176,21,0,148,CARDINAL,5,8
mdp.39015043371890,177,1,0,Ossuk,PERSON,0,5
mdp.39015043371890,177,4,0,Nalikkaaq,PERSON,0,9
mdp.39015043371890,177,4,1,Ossuk,PERSON,22,27
mdp.39015043371890,177,7,0,two,CARDINAL,21,24
mdp.39015043371890,177,9,0,two,CARDINAL,44,47
mdp.39015043371890,177,11,0,Nalikkaaq,PERSON,15,24
mdp.39015043371890,177,12,0,Ossuk,PERSON,9,14
mdp.39015043371890,177,13,0,Aqaqa,NORP,76,81
mdp.39015043371890,177,15,0,Nalikkaaq,PERSON,0,9
mdp.39015043371890,177,16,0,149,CARDINAL,14,17
mdp.39015043371890,178,0,0,Alootook Ipellie,PERSON,0,16
mdp.39015043371890,178,3,0,Aqaqa,PERSON,0,5
mdp.39015043371890,178,4,0,Aqaqa,PERSON,40,45
mdp.39015043371890,178,6,0,Aqaqa,PERSON,0,5
mdp.39015043371890,178,7,0,Nalikkaaq,PERSON,1,10
mdp.39015043371890,178,7,1,Ossuk,PERSON,50,55
mdp.39015043371890,178,9,0,Aqaqa,PERSON,0,5
mdp.39015043371890,178,10,0,Ossuk,PERSON,1,6
mdp.39015043371890,178,16,0,Ossuk,PERSON,0,5
mdp.39015043371890,178,17,0,Aqaqa,PERSON,22,27
mdp.39015043371890,178,20,0,Ossuk,PERSON,0,5
mdp.39015043371890,178,21,0,Nalikkaaq,PERSON,0,9
mdp.39015043371890,178,23,0,Ossuk,PERSON,24,29
mdp.39015043371890,178,25,0,Nalikkaaq,PERSON,12,21
mdp.39015043371890,178,25,1,two,CARDINAL,43,46
mdp.39015043371890,178,29,0,Nalikkaaq,PERSON,0,9
mdp.39015043371890,178,29,1,Ossuk,PERSON,14,19
mdp.39015043371890,178,30,0,150,CARDINAL,0,3
mdp.39015043371890,179,0,0,Arctic,NORP,0,6
mdp.39015043371890,179,1,0,Ossuk,PERSON,12,17
mdp.39015043371890,179,3,0,Nalikkaaq,PERSON,56,65
mdp.39015043371890,179,4,0,Nalikkaaq,PERSON,57,66
mdp.39015043371890,179,5,0,The Arctic Wrestling Federation Championship Match,EVENT,0,50
mdp.39015043371890,179,9,0,Nalikkaaq,PERSON,14,23
mdp.39015043371890,179,9,1,Ossuk,PERSON,28,33
mdp.39015043371890,179,11,0,one,CARDINAL,3,6
mdp.39015043371890,179,11,1,Nalikkaaq,PERSON,14,23
mdp.39015043371890,179,11,2,Ossuk,PERSON,35,40
mdp.39015043371890,179,11,3,Ossuk,PERSON,87,92
mdp.39015043371890,179,11,4,Nalikkaaq,PERSON,110,119
mdp.39015043371890,179,12,0,Nalikkaaq,PERSON,43,52
mdp.39015043371890,179,12,1,Ossuk,PERSON,93,98
mdp.39015043371890,179,13,0,151,CARDINAL,0,3
mdp.39015043371890,180,0,0,Alootook Ipellie,PERSON,0,16
mdp.39015043371890,180,6,0,Aqaqa,PERSON,0,5
mdp.39015043371890,180,7,0,Ossuk,PERSON,54,59
mdp.39015043371890,180,7,1,Nalikkaaq,PERSON,161,170
mdp.39015043371890,180,8,0,Aqaqa,PERSON,0,5
mdp.39015043371890,180,8,1,one,CARDINAL,21,24
mdp.39015043371890,180,9,0,Nalikkaaq,PERSON,0,9
mdp.39015043371890,180,10,0,years,DATE,37,42
mdp.39015043371890,180,11,0,Ossuk,PERSON,62,67
mdp.39015043371890,180,13,0,Aqaqa,PERSON,0,5
mdp.39015043371890,180,13,1,Nalikkaaq,PERSON,16,25
mdp.39015043371890,180,13,2,Ossuk,PERSON,47,52
mdp.39015043371890,180,18,0,152,CARDINAL,0,3
mdp.39015043371890,181,1,0,Ossuk,PERSON,18,23
mdp.39015043371890,181,1,1,Nalikkaaq,PERSON,27,36
mdp.39015043371890,181,2,0,Nalikkaaq,PERSON,5,14
mdp.39015043371890,181,4,0,Aqaqa,PERSON,0,5
mdp.39015043371890,181,4,1,Ossuk,PERSON,58,63
mdp.39015043371890,181,5,0,Nalikkaaq,PERSON,5,14
mdp.39015043371890,181,5,1,Ossuk,PERSON,27,32
mdp.39015043371890,181,6,0,Ossuk,PERSON,51,56
mdp.39015043371890,181,7,0,Nalikkaaq,PERSON,3,12
mdp.39015043371890,181,7,1,three,CARDINAL,22,27
mdp.39015043371890,181,8,0,153,CARDINAL,0,3
mdp.39015043371890,183,0,0,Arctic,NORP,0,6
mdp.39015043371890,183,2,0,Inuit,NORP,52,57
mdp.39015043371890,183,5,0,first,ORDINAL,84,89
mdp.39015043371890,183,7,0,Earth,LOC,34,39
mdp.39015043371890,183,8,0,Romeo,PERSON,58,63
mdp.39015043371890,183,9,0,Romeo,PERSON,0,5
mdp.39015043371890,183,9,1,about fifty,DATE,19,30
mdp.39015043371890,183,10,0,Germany,GPE,104,111
mdp.39015043371890,183,12,0,first,ORDINAL,54,59
mdp.39015043371890,183,12,1,Romeo,PERSON,64,69
mdp.39015043371890,183,13,0,155,CARDINAL,0,3
mdp.39015043371890,184,0,0,Alootook Ipellie,PERSON,0,16
mdp.39015043371890,184,1,0,Romeo,PERSON,35,40
mdp.39015043371890,184,5,0,Romeo,PERSON,10,15
mdp.39015043371890,184,14,0,Romeo,PERSON,7,12
mdp.39015043371890,185,2,0,thirty-five years,DATE,14,31
mdp.39015043371890,185,7,0,Romeo,PERSON,5,10
mdp.39015043371890,185,13,0,Romeo,GPE,1,6
mdp.39015043371890,185,16,0,Earth,LOC,133,138
mdp.39015043371890,185,17,0,157,CARDINAL,19,22
mdp.39015043371890,186,0,0,Alootook Ipellie,NORP,0,16
mdp.39015043371890,186,1,0,Earth,LOC,138,143
mdp.39015043371890,186,5,0,some years,DATE,9,19
mdp.39015043371890,186,6,0,yearly,DATE,94,100
mdp.39015043371890,186,8,0,158,CARDINAL,92,95
mdp.39015043371890,187,2,0,Romeo,PERSON,1,6
mdp.39015043371890,187,9,0,Romeo,PERSON,1,6
mdp.39015043371890,187,14,0,Romeo,PERSON,20,25
mdp.39015043371890,188,0,0,Alootook Ipellie,GPE,0,16
mdp.39015043371890,189,0,0,Arctic,NORP,0,6
mdp.39015043371890,189,0,1,The Agony and,PERSON,29,42
mdp.39015043371890,189,1,0,Prince Char,PERSON,11,22
mdp.39015043371890,189,2,0,Elisapee,PERSON,18,26
mdp.39015043371890,189,3,0,Pilipoosee,PERSON,19,29
mdp.39015043371890,189,3,1,first,ORDINAL,60,65
mdp.39015043371890,189,4,0,Prince Char,PERSON,80,91
mdp.39015043371890,189,5,0,one day,DATE,22,29
mdp.39015043371890,189,6,0,Prince Char's,PERSON,56,69
mdp.39015043371890,189,6,1,Cuban,NORP,91,96
mdp.39015043371890,189,7,0,Char,PERSON,33,37
mdp.39015043371890,189,12,0,161,CARDINAL,0,3
mdp.39015043371890,190,0,0,Alootook Ipellie,PERSON,0,16
mdp.39015043371890,190,2,0,Pilipoosee,PERSON,42,52
mdp.39015043371890,190,2,1,Arctic,LOC,104,110
mdp.39015043371890,190,4,0,Pilipoosee,PERSON,21,31
mdp.39015043371890,190,5,0,Char,PERSON,19,23
mdp.39015043371890,190,10,0,Pilipoosee,PERSON,12,22
mdp.39015043371890,190,11,0,first,ORDINAL,45,50
mdp.39015043371890,190,12,0,The days,DATE,0,8
mdp.39015043371890,190,14,0,the next day,DATE,26,38
mdp.39015043371890,190,15,0,Char,PERSON,45,49
mdp.39015043371890,190,16,0,162,CARDINAL,0,3
mdp.39015043371890,191,1,0,One day,DATE,0,7
mdp.39015043371890,191,1,1,Elisapee,PERSON,27,35
mdp.39015043371890,191,1,2,Prince Char,PERSON,44,55
mdp.39015043371890,191,1,3,one,CARDINAL,64,67
mdp.39015043371890,191,2,0,Char,PERSON,11,15
mdp.39015043371890,191,3,0,Char,PERSON,33,37
mdp.39015043371890,191,6,0,Char,PERSON,1,5
mdp.39015043371890,191,10,0,Char,PERSON,0,4
mdp.39015043371890,191,13,0,Elisapee,PERSON,6,14
mdp.39015043371890,191,13,1,Pilipoosee,PERSON,26,36
mdp.39015043371890,191,13,2,Char,PERSON,91,95
mdp.39015043371890,191,15,0,Char,PERSON,77,81
mdp.39015043371890,191,16,0,163,CARDINAL,0,3
mdp.39015043371890,192,0,0,Alootook Ipellie,PERSON,0,16
mdp.39015043371890,192,1,0,One day,DATE,0,7
mdp.39015043371890,192,1,1,Elisapee,PERSON,32,40
mdp.39015043371890,192,1,2,Pilipoosee,PERSON,52,62
mdp.39015043371890,192,4,0,Prince Char,PERSON,6,17
mdp.39015043371890,192,4,1,Elisapee,PERSON,26,34
mdp.39015043371890,192,8,0,Prince Char's,PERSON,46,59
mdp.39015043371890,192,12,0,Prince Char,PERSON,8,19
mdp.39015043371890,192,13,0,less than a year,DATE,12,28
mdp.39015043371890,192,14,0,Elisapee,PERSON,6,14
mdp.39015043371890,192,15,0,Pilipoosee,PERSON,7,17
mdp.39015043371890,192,16,0,Char,PERSON,61,65
mdp.39015043371890,192,16,1,164,CARDINAL,68,71
mdp.39015043371890,193,0,0,Arctic,NORP,0,6
mdp.39015043371890,193,2,0,Pilipoosee,PERSON,79,89
mdp.39015043371890,193,3,0,Elisapee,PERSON,6,14
mdp.39015043371890,193,5,0,One fine day,DATE,0,12
mdp.39015043371890,193,5,1,Pilipoosee,PERSON,21,31
mdp.39015043371890,193,6,0,first,ORDINAL,31,36
mdp.39015043371890,193,9,0,Pilipoosee,PERSON,49,59
mdp.39015043371890,193,10,0,Char,PERSON,7,11
mdp.39015043371890,193,11,0,Pilipoosee,PERSON,185,195
mdp.39015043371890,193,14,0,Prince Char,PERSON,14,25
mdp.39015043371890,193,15,0,165,CARDINAL,0,3
mdp.39015043371890,194,0,0,Alootook Ipellie,PERSON,0,16
mdp.39015043371890,194,0,1,a couple of hours,TIME,49,66
mdp.39015043371890,194,6,0,Pilipoosee,PERSON,32,42
mdp.39015043371890,194,7,0,Char,PERSON,2,6
mdp.39015043371890,194,8,0,Pilipoosee,PERSON,7,17
mdp.39015043371890,194,14,0,Pilipoosee,PERSON,7,17
mdp.39015043371890,194,16,0,Char,PERSON,1,5
mdp.39015043371890,194,19,0,Pilipoosee,PERSON,7,17
mdp.39015043371890,194,20,0,166,CARDINAL,0,3
mdp.39015043371890,195,9,0,Char,PERSON,6,10
mdp.39015043371890,195,12,0,Elisapee,PERSON,44,52
mdp.39015043371890,195,12,1,first,ORDINAL,82,87
mdp.39015043371890,195,15,0,Char,PERSON,7,11
mdp.39015043371890,195,18,0,Char,PERSON,73,77
mdp.39015043371890,195,19,0,Elisapee,PERSON,40,48
mdp.39015043371890,195,22,0,Elisapee,PERSON,6,14
mdp.39015043371890,195,23,0,167,CARDINAL,44,47
mdp.39015043371890,196,0,0,Alootook Ipellie,GPE,0,16
mdp.39015043371890,196,0,1,Elisapee,PERSON,86,94
mdp.39015043371890,196,1,0,Prince Char,PERSON,29,40
mdp.39015043371890,198,0,0,Alootook Ipellie,GPE,0,16
mdp.39015043371890,198,0,1,170,CARDINAL,17,20
mdp.39015043371890,199,0,0,Arctic,NORP,0,6
mdp.39015043371890,199,1,0,Arctic,LOC,6,12
mdp.39015043371890,199,4,0,early spring,DATE,7,19
mdp.39015043371890,199,5,0,first,ORDINAL,76,81
mdp.39015043371890,199,11,0,171,CARDINAL,5,8
mdp.39015043371890,200,0,0,Alootook Ipellie,PERSON,0,16
mdp.39015043371890,200,2,0,close to half an hour,TIME,41,62
mdp.39015043371890,200,11,0,first,ORDINAL,3,8
mdp.39015043371890,201,9,0,Oiqangi,PERSON,103,110
mdp.39015043371890,201,10,0,Oiqangi,PERSON,0,7
mdp.39015043371890,201,10,1,Inuktitut,LANGUAGE,59,68
mdp.39015043371890,201,11,0,Oiqangi,PERSON,132,139
mdp.39015043371890,201,12,0,Nuliaqangi,PERSON,13,23
mdp.39015043371890,202,0,0,Alootook Ipellie,PERSON,0,16
mdp.39015043371890,202,1,0,two,CARDINAL,15,18
mdp.39015043371890,202,3,0,every autumn,DATE,49,61
mdp.39015043371890,202,4,0,this particular day,DATE,21,40
mdp.39015043371890,202,4,1,Nuliaqangi,PERSON,65,75
mdp.39015043371890,202,5,0,Oiqangi,PERSON,37,44
mdp.39015043371890,202,6,0,Oiqangi,PERSON,35,42
mdp.39015043371890,202,6,1,five or six,CARDINAL,57,68
mdp.39015043371890,202,7,0,Oiqangi,PERSON,80,87
mdp.39015043371890,202,7,1,winters,DATE,93,100
mdp.39015043371890,202,7,2,Nuliaqangi,PERSON,132,142
mdp.39015043371890,202,9,0,Oiqangi,PERSON,33,40
mdp.39015043371890,202,9,1,Nuliaqangi,PERSON,79,89
mdp.39015043371890,202,10,0,174,CARDINAL,0,3
mdp.39015043371890,204,1,0,176,CARDINAL,16,19
mdp.39015043371890,205,0,0,Arctic Dreams and Nightmares The Exorcism,WORK_OF_ART,0,41
mdp.39015043371890,205,1,0,the longest ten days,DATE,79,99
mdp.39015043371890,205,4,0,Kappia,PERSON,24,30
mdp.39015043371890,205,4,1,Guti,PERSON,95,99
mdp.39015043371890,205,4,2,ten,CARDINAL,166,169
mdp.39015043371890,205,5,0,Guti,PERSON,19,23
mdp.39015043371890,205,5,1,Kappia,PERSON,46,52
mdp.39015043371890,205,7,0,Guti,PERSON,7,11
mdp.39015043371890,205,9,0,Kappia,PERSON,39,45
mdp.39015043371890,205,10,0,177,CARDINAL,0,3
mdp.39015043371890,206,0,0,Alootook Ipellie,PERSON,0,16
mdp.39015043371890,206,1,0,One night,TIME,0,9
mdp.39015043371890,206,1,1,winter,DATE,55,61
mdp.39015043371890,206,1,2,Kappia,PERSON,98,104
mdp.39015043371890,206,1,3,Shaman Guti,PERSON,109,120
mdp.39015043371890,206,2,0,Kappia,PERSON,26,32
mdp.39015043371890,206,2,1,Shaman Guti,PERSON,84,95
mdp.39015043371890,206,3,0,Shaman Guti,PERSON,109,120
mdp.39015043371890,206,5,0,Shaman Guti's,PERSON,11,24
mdp.39015043371890,206,6,0,Kappia,PERSON,62,68
mdp.39015043371890,206,8,0,Kappia,PERSON,0,6
mdp.39015043371890,206,9,0,Shaman Guti,PERSON,41,52
mdp.39015043371890,206,10,0,178,CARDINAL,0,3
mdp.39015043371890,207,1,0,Shaman Guti,PERSON,53,64
mdp.39015043371890,207,4,0,Shaman Guti's,PERSON,79,92
mdp.39015043371890,207,5,0,Kappia,PERSON,0,6
mdp.39015043371890,207,5,1,Shaman Guti,PERSON,43,54
mdp.39015043371890,207,8,0,Shaman Guti's,PERSON,68,81
mdp.39015043371890,207,8,1,Kappia,PERSON,160,166
mdp.39015043371890,207,9,0,ten days,DATE,4,12
mdp.39015043371890,207,9,1,twenty-four hours,TIME,78,95
mdp.39015043371890,207,10,0,Kappia,PERSON,15,21
mdp.39015043371890,207,10,1,Shaman Guti's,PERSON,70,83
mdp.39015043371890,207,11,0,one,CARDINAL,28,31
mdp.39015043371890,207,11,1,two,CARDINAL,35,38
mdp.39015043371890,207,13,0,one,CARDINAL,64,67
mdp.39015043371890,207,13,1,two,CARDINAL,71,74
mdp.39015043371890,207,13,2,Kappia,PERSON,78,84
mdp.39015043371890,207,13,3,hours,TIME,126,131
mdp.39015043371890,207,14,0,179,CARDINAL,0,3
mdp.39015043371890,208,0,0,Alootook Ipellie,PERSON,0,16
mdp.39015043371890,208,1,0,Kappia,PERSON,50,56
mdp.39015043371890,208,2,0,ten long days,DATE,15,28
mdp.39015043371890,208,2,1,Kappia,PERSON,87,93
mdp.39015043371890,208,4,0,Shaman Guti's,PERSON,50,63
mdp.39015043371890,208,4,1,Kappia,PERSON,75,81
mdp.39015043371890,208,5,0,Kappia,PERSON,109,115
mdp.39015043371890,208,7,0,Kappia,PERSON,83,89
mdp.39015043371890,208,8,0,180,CARDINAL,69,72
mdp.39015043371890,209,2,0,Kappia,PERSON,13,19
mdp.39015043371890,209,4,0,Shaman Guti's,PERSON,0,13
mdp.39015043371890,209,4,1,Kappia,PERSON,52,58
mdp.39015043371890,209,5,0,ten-day,DATE,67,74
mdp.39015043371890,209,6,0,Shaman Guti's,PERSON,41,54
mdp.39015043371890,209,6,1,Kappia,PERSON,145,151
mdp.39015043371890,209,7,0,Shaman Guti's,PERSON,11,24
mdp.39015043371890,209,7,1,181,CARDINAL,43,46
mdp.39015043371890,211,0,0,Arctic,NORP,0,6
mdp.39015043371890,211,0,1,Three,CARDINAL,83,88
mdp.39015043371890,211,0,2,Nanuq,PERSON,90,95
mdp.39015043371890,211,0,3,Nanuq,PERSON,121,126
mdp.39015043371890,211,0,4,Nuna,PERSON,128,132
mdp.39015043371890,211,0,5,Four,CARDINAL,140,144
mdp.39015043371890,211,0,6,Tusujuarluk,PERSON,159,170
mdp.39015043371890,211,0,7,Five,CARDINAL,202,206
mdp.39015043371890,211,0,8,Ukjuarluk,PERSON,253,262
mdp.39015043371890,211,0,9,Piu,PERSON,281,284
mdp.39015043371890,211,0,10,Nine,CARDINAL,299,303
mdp.39015043371890,211,0,11,Qilaliaq,PERSON,336,344
mdp.39015043371890,211,0,12,Tootkeetooq,PERSON,371,382
mdp.39015043371890,211,0,13,Fourteen,CARDINAL,397,405
mdp.39015043371890,211,0,14,Aivialuk,PERSON,429,437
mdp.39015043371890,211,0,15,Sixteen,CARDINAL,456,463
mdp.39015043371890,211,0,16,Ossuk,PERSON,479,484
mdp.39015043371890,211,0,17,Penis Nalikkaaq,PERSON,486,501
mdp.39015043371890,211,0,18,Aqaqa,PERSON,510,515
mdp.39015043371890,211,0,19,Qayaq,PERSON,524,529
mdp.39015043371890,211,0,20,Kayak,PERSON,531,536
mdp.39015043371890,211,0,21,183,CARDINAL,537,540
mdp.39015043371890,212,0,0,Inuktitut,NORP,29,38
mdp.39015043371890,212,0,1,Nineteen,CARDINAL,78,86
mdp.39015043371890,212,0,2,Nuliaqangi,PERSON,127,137
mdp.39015043371890,212,0,3,Twenty,CARDINAL,178,184
mdp.39015043371890,212,0,4,184,CARDINAL,214,217
mdp.39015043371890,214,0,0,DEC 2 8 2000,DATE,68,80
mdp.39015043371890,214,0,1,FEB 18 2002 2003,DATE,102,118
mdp.39015043371890,215,0,0,Brigitte Bardot,PERSON,60,75
mdp.39015043371890,215,0,1,The Agony and the Ecstasy Survival of the Most Violent Arctic Dreams and Nightmares,WORK_OF_ART,143,226
mdp.39015043371890,215,0,2,The Woman Who Married a Goose Super Stud Love Triangle,WORK_OF_ART,227,281
mdp.39015043371890,215,0,3,The Exorcism,WORK_OF_ART,282,294
mdp.39015043371890,216,1,0,"""Arctic Dreams and Nightmares""",WORK_OF_ART,58,88
mdp.39015043371890,216,1,1,Arctic,LOC,112,118
mdp.39015043371890,216,1,2,Inuk,NORP,193,197
mdp.39015043371890,216,2,0,twenty,CARDINAL,11,17
mdp.39015043371890,216,2,1,first,ORDINAL,78,83
mdp.39015043371890,216,2,2,Alootook Ipellie,PERSON,146,162
mdp.39015043371890,216,3,0,"""Arctic Dreams and Nightmares""",WORK_OF_ART,0,30
mdp.39015043371890,216,3,1,Inuk,NORP,75,79
mdp.39015043371890,216,3,2,Canada,GPE,83,89
mdp.39015043371890,216,3,3,Inuit,NORP,158,163
mdp.39015043371890,216,5,0,Alootook Ipellie,PERSON,0,16
mdp.39015043371890,216,5,1,Iqaluit,GPE,41,48
mdp.39015043371890,216,5,2,Northwest Territories,GPE,50,71
mdp.39015043371890,216,5,3,Frobisher Bay,LOC,91,104
mdp.39015043371890,216,5,4,Inuit,NORP,212,217
mdp.39015043371890,216,5,5,Inuit,NORP,255,260
mdp.39015043371890,216,6,0,1973,DATE,3,7
mdp.39015043371890,216,6,1,CBC,ORG,55,58
mdp.39015043371890,216,6,2,Iqaluit,GPE,68,75
mdp.39015043371890,216,6,3,Ottawa,GPE,89,95
mdp.39015043371890,216,8,0,16.95,MONEY,70,75
mdp.39015043371890,216,8,1,Laura-Jang Clement,PERSON,85,103
mdp.39015043371890,216,8,2,THEYTUS BOOKS LTD,ORG,104,121
