vol_id,page,sentence_id,ent_id,entity,entity_type,start_char,end_char
mdp.39015033095103,5,0,0,An Eagle Nation,PERSON,0,15
mdp.39015033095103,6,0,0,24,CARDINAL,7,9
mdp.39015033095103,6,0,1,SUN TRACKS An American Indian Literary Series Series Editor,WORK_OF_ART,10,69
mdp.39015033095103,6,0,2,Ofelia Zepeda,PERSON,70,83
mdp.39015033095103,6,0,3,Vine Deloria,PERSON,104,116
mdp.39015033095103,6,0,4,Larry Evers,PERSON,122,133
mdp.39015033095103,6,0,5,Joy Harjo,PERSON,134,143
mdp.39015033095103,6,0,6,N. Scott Momaday,PERSON,144,160
mdp.39015033095103,6,0,7,Emory Sekaquaptewa,PERSON,161,179
mdp.39015033095103,6,0,8,Leslie Marmon Silko,PERSON,180,199
mdp.39015033095103,7,0,0,Carter Revard,PERSON,16,29
mdp.39015033095103,7,0,1,The University of Arizona Press,ORG,30,61
mdp.39015033095103,7,0,2,Tucson,GPE,62,68
mdp.39015033095103,7,0,3,London,GPE,73,79
mdp.39015033095103,8,0,0,The University of Arizona Press,ORG,17,48
mdp.39015033095103,8,0,1,1993,DATE,61,65
mdp.39015033095103,8,0,2,Carter C. Revard,PERSON,66,82
mdp.39015033095103,8,3,0,the United States of America,GPE,16,44
mdp.39015033095103,8,3,1,98 97 96 95 94 93 6 5 4 3 2 1,CARDINAL,45,74
mdp.39015033095103,8,4,0,Library of Congress,ORG,0,19
mdp.39015033095103,8,4,1,Revard,PERSON,51,57
mdp.39015033095103,8,4,2,Carter,PERSON,59,65
mdp.39015033095103,8,5,0,Carter Revard,PERSON,18,31
mdp.39015033095103,8,7,0,24,CARDINAL,19,21
mdp.39015033095103,8,7,1,0-8165-1355,CARDINAL,28,39
mdp.39015033095103,8,8,0,1,CARDINAL,40,41
mdp.39015033095103,8,8,1,1,CARDINAL,65,66
mdp.39015033095103,8,8,2,British Library,ORG,151,166
mdp.39015033095103,8,9,0,the British Library,ORG,51,70
mdp.39015033095103,9,0,0,1878463 1014193,CARDINAL,5,20
mdp.39015033095103,9,0,1,Wazhazhe,NORP,42,50
mdp.39015033095103,11,1,0,Oklahoma,GPE,19,27
mdp.39015033095103,11,1,1,5,CARDINAL,43,44
mdp.39015033095103,11,2,0,13 November,DATE,25,36
mdp.39015033095103,11,2,1,Washington D.C.,GPE,40,55
mdp.39015033095103,11,7,0,Brer Coyote,PERSON,0,11
mdp.39015033095103,11,7,1,29,CARDINAL,18,20
mdp.39015033095103,11,8,0,Christophoros,PERSON,60,73
mdp.39015033095103,11,8,1,43 October,DATE,129,139
mdp.39015033095103,11,8,2,Isle of Skye,GPE,141,153
mdp.39015033095103,11,9,0,Israel,GPE,14,20
mdp.39015033095103,11,9,1,the Isle of Skye,LOC,65,81
mdp.39015033095103,11,9,2,Santa Monica,GPE,94,106
mdp.39015033095103,11,9,3,January 15,DATE,110,120
mdp.39015033095103,11,10,0,Outside in Oxford,WORK_OF_ART,48,65
mdp.39015033095103,11,10,1,St. Louis,GPE,80,89
mdp.39015033095103,12,1,0,St. Louis,GPE,19,28
mdp.39015033095103,12,1,1,In the Changing Light 95,WORK_OF_ART,32,56
mdp.39015033095103,12,2,0,Lee Harvey Oswald,PERSON,27,44
mdp.39015033095103,12,2,1,Earth and Diamonds,WORK_OF_ART,84,102
mdp.39015033095103,12,2,2,America,GPE,116,123
mdp.39015033095103,13,1,0,Caliban,ORG,80,87
mdp.39015033095103,13,1,1,"A Cardinal, New Snow, and Some Firewood",WORK_OF_ART,90,129
mdp.39015033095103,13,1,2,In Oklahoma,WORK_OF_ART,137,148
mdp.39015033095103,13,1,3,Viking Press,ORG,175,187
mdp.39015033095103,13,1,4,1975,DATE,189,193
mdp.39015033095103,13,1,5,North of Santa Monica,WORK_OF_ART,254,275
mdp.39015033095103,13,1,6,January 15 as a National Holiday,WORK_OF_ART,283,315
mdp.39015033095103,13,1,7,Denver Quarterly,ORG,319,335
mdp.39015033095103,13,1,8,"The Country's,",WORK_OF_ART,338,352
mdp.39015033095103,13,1,9,As Brer Coyote Said,WORK_OF_ART,369,388
mdp.39015033095103,13,1,10,Contact II,ORG,392,402
mdp.39015033095103,13,1,11,Statement on Energy Policy,WORK_OF_ART,425,451
mdp.39015033095103,13,1,12,The Chariton Review,ORG,455,474
mdp.39015033095103,13,1,13,Foetal Research,WORK_OF_ART,477,492
mdp.39015033095103,13,1,14,West Coast Review,ORG,496,513
mdp.39015033095103,13,1,15,Outside in St. Louis,WORK_OF_ART,516,536
mdp.39015033095103,13,1,16,Outside in Oxford,WORK_OF_ART,540,557
mdp.39015033095103,13,1,17,Earth Power,WORK_OF_ART,561,572
mdp.39015033095103,13,2,0,Navajo Community College Press,ORG,8,38
mdp.39015033095103,13,2,1,three,CARDINAL,40,45
mdp.39015033095103,13,2,2,"Report to the Nation: Reclaiming Europe""",WORK_OF_ART,83,123
mdp.39015033095103,13,2,3,Rock Shelters,WORK_OF_ART,126,139
mdp.39015033095103,13,2,4,"Over by Fairfax, Leaving Tracks",WORK_OF_ART,143,174
mdp.39015033095103,13,2,5,Stone Age,WORK_OF_ART,182,191
mdp.39015033095103,13,2,6,Poetry East,WORK_OF_ART,195,206
mdp.39015033095103,13,2,7,What the Eagle Fan Says,WORK_OF_ART,209,232
mdp.39015033095103,13,2,8,Communing Before Supermarkets,WORK_OF_ART,239,268
mdp.39015033095103,13,2,9,River Styx Magazine,ORG,272,291
mdp.39015033095103,13,2,10,Close Encounters,WORK_OF_ART,294,310
mdp.39015033095103,13,2,11,In the Changing Light,WORK_OF_ART,314,335
mdp.39015033095103,13,2,12,Indian Youth of America Newsletter,ORG,339,373
mdp.39015033095103,13,2,13,"Eagles, Drums, and a Ponca Elder",WORK_OF_ART,376,408
mdp.39015033095103,13,2,14,An Eagle Nation,WORK_OF_ART,424,439
mdp.39015033095103,13,3,0,Birch Canoe,WORK_OF_ART,40,51
mdp.39015033095103,13,3,1,An Eagle Nation,WORK_OF_ART,55,70
mdp.39015033095103,13,3,2,Calapooya Collage,ORG,74,91
mdp.39015033095103,13,3,3,The Readie and Easie Way,WORK_OF_ART,94,118
mdp.39015033095103,13,3,4,A Response to Terrorists,WORK_OF_ART,122,146
mdp.39015033095103,13,3,5,Lee Harvey Oswald,PERSON,158,175
mdp.39015033095103,13,3,6,Moccasins for Christophoros,WORK_OF_ART,186,213
mdp.39015033095103,13,3,7,"October, Isle of Skye",WORK_OF_ART,226,247
mdp.39015033095103,13,3,8,Letter to Friends on the Isle of Skye,WORK_OF_ART,251,288
mdp.39015033095103,13,3,9,November In Washington D.C.,WORK_OF_ART,292,319
mdp.39015033095103,13,3,10,The Webster Review,ORG,327,345
mdp.39015033095103,13,3,11,Earth and Diamonds,WORK_OF_ART,348,366
mdp.39015033095103,15,1,0,four,CARDINAL,237,241
mdp.39015033095103,15,1,1,seven,CARDINAL,255,260
mdp.39015033095103,15,2,0,Buck Creek,GPE,168,178
mdp.39015033095103,15,2,1,Oklahoma,GPE,180,188
mdp.39015033095103,15,2,2,Singapore,GPE,209,218
mdp.39015033095103,15,4,0,American,NORP,111,119
mdp.39015033095103,15,4,1,English,NORP,156,163
mdp.39015033095103,15,4,2,America,GPE,242,249
mdp.39015033095103,15,4,3,England,GPE,275,282
mdp.39015033095103,15,6,0,one,CARDINAL,110,113
mdp.39015033095103,15,6,1,Laker,NORP,114,119
mdp.39015033095103,15,7,0,Proverbs,WORK_OF_ART,3,11
mdp.39015033095103,15,7,1,one,CARDINAL,78,81
mdp.39015033095103,15,10,0,Don White,PERSON,30,39
mdp.39015033095103,15,10,1,one,CARDINAL,97,100
mdp.39015033095103,15,10,2,one,CARDINAL,221,224
mdp.39015033095103,16,3,0,Kaye Norton,PERSON,8,19
mdp.39015033095103,16,3,1,Lawrence,PERSON,41,49
mdp.39015033095103,16,3,2,Geoffrey,PERSON,54,62
mdp.39015033095103,16,3,3,Apple,ORG,84,89
mdp.39015033095103,16,3,4,Vanessa,PERSON,104,111
mdp.39015033095103,16,3,5,Stephen,PERSON,145,152
mdp.39015033095103,16,3,6,Naomi,PERSON,192,197
mdp.39015033095103,16,3,7,Stanley,PERSON,225,232
mdp.39015033095103,16,3,8,Josephine,PERSON,274,283
mdp.39015033095103,16,3,9,Jim,PERSON,332,335
mdp.39015033095103,16,3,10,Oklahoma,GPE,354,362
mdp.39015033095103,16,3,11,Roy,PERSON,374,377
mdp.39015033095103,16,3,12,Antwine,PERSON,387,394
mdp.39015033095103,16,3,13,Walter,PERSON,406,412
mdp.39015033095103,16,3,14,Buck Creek,LOC,459,469
mdp.39015033095103,16,7,0,Eikenberry,PERSON,16,26
mdp.39015033095103,16,7,1,Hayden,PERSON,31,37
mdp.39015033095103,16,7,2,Oxford,ORG,72,78
mdp.39015033095103,16,7,3,Woody,PERSON,100,105
mdp.39015033095103,16,7,4,ONE,CARDINAL,140,143
mdp.39015033095103,16,7,5,FBI,ORG,152,155
mdp.39015033095103,16,8,0,Irish,NORP,3,8
mdp.39015033095103,16,8,1,Mike O'Toole,PERSON,30,42
mdp.39015033095103,16,8,2,Osage,GPE,47,52
mdp.39015033095103,16,8,3,Nompehwahthe,PERSON,73,85
mdp.39015033095103,16,9,0,Arthur,PERSON,9,15
mdp.39015033095103,16,9,1,Bert,PERSON,88,92
mdp.39015033095103,16,9,2,Dwain,PERSON,153,158
mdp.39015033095103,16,9,3,U.S. 60,FAC,170,177
mdp.39015033095103,16,9,4,Oklahoma,GPE,193,201
mdp.39015033095103,16,9,5,North Africa,LOC,215,227
mdp.39015033095103,16,9,6,Pawhuska,GPE,244,252
mdp.39015033095103,16,9,7,Ponca City,GPE,257,267
mdp.39015033095103,16,10,0,Carter,PERSON,80,86
mdp.39015033095103,16,10,1,Aleck,PERSON,187,192
mdp.39015033095103,16,12,0,Aubrey,PERSON,6,12
mdp.39015033095103,16,13,0,Dillahanty,PERSON,13,23
mdp.39015033095103,16,14,0,Mort,PERSON,0,4
mdp.39015033095103,16,14,1,Rosalie Murray,PERSON,9,23
mdp.39015033095103,16,14,2,Gordon,PERSON,25,31
mdp.39015033095103,16,14,3,Julia Wells,PERSON,36,47
mdp.39015033095103,16,14,4,Otto,PERSON,49,53
mdp.39015033095103,16,14,5,Eunice Yount,PERSON,58,70
mdp.39015033095103,16,14,6,Guy Bockius,PERSON,72,83
mdp.39015033095103,16,14,7,Mae,PERSON,88,91
mdp.39015033095103,16,14,8,Grif Graham,PERSON,93,104
mdp.39015033095103,16,14,9,Orpha,PERSON,109,114
mdp.39015033095103,16,15,0,Toby,PERSON,0,4
mdp.39015033095103,16,15,1,Joe,PERSON,9,12
mdp.39015033095103,16,15,2,Stardust,PRODUCT,33,41
mdp.39015033095103,16,15,3,Dave Ware,PERSON,43,52
mdp.39015033095103,16,15,4,Osage County,GPE,80,92
mdp.39015033095103,16,15,5,Wolfhunters,NORP,93,104
mdp.39015033095103,16,16,0,Porky Starks,PERSON,0,12
mdp.39015033095103,16,16,1,Creeks,NORP,41,47
mdp.39015033095103,16,16,2,Territory,LOC,79,88
mdp.39015033095103,16,17,0,Glenda Stark,PERSON,0,12
mdp.39015033095103,16,17,1,Faulkner,PERSON,19,27
mdp.39015033095103,16,17,2,Eula,PERSON,34,38
mdp.39015033095103,16,17,3,Sand Creek's,LOC,112,124
mdp.39015033095103,16,18,0,Harry,PERSON,0,5
mdp.39015033095103,16,18,1,Rose Carpenter,PERSON,10,24
mdp.39015033095103,17,3,0,Kendall,PERSON,7,14
mdp.39015033095103,17,3,1,Kendall,PERSON,37,44
mdp.39015033095103,17,3,2,Johnny Greyhound Marine,ORG,82,105
mdp.39015033095103,17,4,0,Popes,PERSON,4,9
mdp.39015033095103,17,4,1,Templetons,PERSON,15,25
mdp.39015033095103,17,4,2,James,PERSON,35,40
mdp.39015033095103,17,4,3,one velvet,TIME,86,96
mdp.39015033095103,17,4,4,the Green Valley's,LOC,146,164
mdp.39015033095103,17,4,5,three,CARDINAL,191,196
mdp.39015033095103,17,4,6,Patrician,NORP,314,323
mdp.39015033095103,17,4,7,the three miles,QUANTITY,360,375
mdp.39015033095103,17,5,0,Dillon,PERSON,4,10
mdp.39015033095103,17,5,1,Sand Creek,LOC,162,172
mdp.39015033095103,17,5,2,a week,DATE,208,214
mdp.39015033095103,17,6,0,Roy,PERSON,10,13
mdp.39015033095103,17,7,0,Fisher,PERSON,99,105
mdp.39015033095103,17,7,1,Bartlesville,GPE,175,187
mdp.39015033095103,17,7,2,first,ORDINAL,203,208
mdp.39015033095103,17,7,3,a Higher Education,WORK_OF_ART,236,254
mdp.39015033095103,17,7,4,the University of Tulsa's,ORG,259,284
mdp.39015033095103,17,9,0,Josie,PERSON,22,27
mdp.39015033095103,17,9,1,Chism,PERSON,198,203
mdp.39015033095103,17,9,2,the forty acres,QUANTITY,241,256
mdp.39015033095103,17,9,3,a half-mile,QUANTITY,384,395
mdp.39015033095103,17,9,4,every day,DATE,411,420
mdp.39015033095103,17,10,0,Addison,PERSON,14,21
mdp.39015033095103,17,10,1,half-mile,QUANTITY,41,50
mdp.39015033095103,17,10,2,the mile and a half,QUANTITY,170,189
mdp.39015033095103,17,11,0,Antwine,PERSON,11,18
mdp.39015033095103,17,11,1,Bartlesville,GPE,170,182
mdp.39015033095103,17,11,2,three dollars,MONEY,188,201
mdp.39015033095103,18,2,0,Walter Parks,PERSON,26,38
mdp.39015033095103,18,2,1,two,CARDINAL,86,89
mdp.39015033095103,18,2,2,Chevy,ORG,107,112
mdp.39015033095103,18,6,0,Les,PERSON,4,7
mdp.39015033095103,18,6,1,Edna,PERSON,12,16
mdp.39015033095103,18,6,2,Frank Baker,PERSON,21,32
mdp.39015033095103,18,6,3,Tayrien,PERSON,41,48
mdp.39015033095103,18,6,4,Sand Creek,LOC,116,126
mdp.39015033095103,18,7,0,Josephine,PERSON,8,17
mdp.39015033095103,18,7,1,Grand Lake,LOC,45,55
mdp.39015033095103,18,7,2,Christmases,DATE,201,212
mdp.39015033095103,18,8,0,Kenneth,PERSON,6,13
mdp.39015033095103,18,9,0,Arita,PERSON,5,10
mdp.39015033095103,18,10,0,Flora,PERSON,0,5
mdp.39015033095103,18,10,1,Ivan,PERSON,10,14
mdp.39015033095103,18,10,2,Michael,PERSON,19,26
mdp.39015033095103,18,10,3,Meredith,PERSON,31,39
mdp.39015033095103,18,10,4,Pacific,LOC,44,51
mdp.39015033095103,18,10,5,Pawhuska,GPE,64,72
mdp.39015033095103,18,10,6,Logan,PERSON,85,90
mdp.39015033095103,18,11,0,Lookouts,PERSON,8,16
mdp.39015033095103,18,11,1,Braves,PERSON,21,27
mdp.39015033095103,18,11,2,Warriors,PERSON,32,40
mdp.39015033095103,18,11,3,Pittses,PERSON,42,49
mdp.39015033095103,18,11,4,Redcorns,PERSON,51,59
mdp.39015033095103,18,11,5,John Joseph Mathews,PERSON,76,95
mdp.39015033095103,18,11,6,night,TIME,115,120
mdp.39015033095103,18,11,7,Raymond,PERSON,155,162
mdp.39015033095103,18,11,8,Peggy,PERSON,167,172
mdp.39015033095103,18,11,9,Julia,PERSON,174,179
mdp.39015033095103,18,11,10,Vonnie,PERSON,184,190
mdp.39015033095103,18,12,0,the Red Eagles,ORG,4,18
mdp.39015033095103,18,12,1,Klash Kah She,ORG,32,45
mdp.39015033095103,18,13,0,Add,PERSON,30,33
mdp.39015033095103,18,14,0,Quentin,PERSON,8,15
mdp.39015033095103,18,14,1,Hominy,GPE,37,43
mdp.39015033095103,19,0,0,England,GPE,28,35
mdp.39015033095103,19,0,1,D-Day,EVENT,43,48
mdp.39015033095103,19,1,0,Hazel,PERSON,4,9
mdp.39015033095103,19,1,1,Osage,NORP,31,36
mdp.39015033095103,19,1,2,the Bureau of American Ethnology,ORG,60,92
mdp.39015033095103,19,1,3,Hazel,PERSON,105,110
mdp.39015033095103,19,1,4,Osage,GPE,160,165
mdp.39015033095103,19,1,5,the In-lon-shka,LOC,179,194
mdp.39015033095103,19,1,6,Quentin,PERSON,235,242
mdp.39015033095103,19,1,7,Jewell,PERSON,279,285
mdp.39015033095103,19,1,8,their teens,DATE,307,318
mdp.39015033095103,19,2,0,Jewell,PERSON,24,30
mdp.39015033095103,19,2,1,thousands,CARDINAL,39,48
mdp.39015033095103,19,2,2,Poncas,NORP,52,58
mdp.39015033095103,19,2,3,six,CARDINAL,104,107
mdp.39015033095103,19,2,4,Ponca War Dancers,EVENT,139,156
mdp.39015033095103,19,2,5,Cowboys and Indians,ORG,164,183
mdp.39015033095103,19,2,6,Frank Parman,PERSON,214,226
mdp.39015033095103,19,2,7,Renegade,NORP,228,236
mdp.39015033095103,19,2,8,Arena,FAC,283,288
mdp.39015033095103,19,2,9,the Ponca Powwow,EVENT,309,325
mdp.39015033095103,19,3,0,Ponca,NORP,7,12
mdp.39015033095103,19,3,1,Gus,PERSON,20,23
mdp.39015033095103,19,3,2,Johnny,PERSON,28,34
mdp.39015033095103,19,3,3,Hattie,PERSON,45,51
mdp.39015033095103,19,3,4,Ruby,PERSON,56,60
mdp.39015033095103,19,3,5,Floyd,PERSON,124,129
mdp.39015033095103,19,4,0,Sarah,PERSON,4,9
mdp.39015033095103,19,4,1,Frank,PERSON,14,19
mdp.39015033095103,19,4,2,Richard,PERSON,25,32
mdp.39015033095103,19,4,3,Cammie,PERSON,37,43
mdp.39015033095103,19,4,4,Joe Dale,PERSON,48,56
mdp.39015033095103,19,5,0,Ben,PERSON,4,7
mdp.39015033095103,19,5,1,Peggy,PERSON,12,17
mdp.39015033095103,19,5,2,Amherst,NORP,80,87
mdp.39015033095103,19,5,3,Harvard,ORG,102,109
mdp.39015033095103,19,5,4,Ben,PERSON,145,148
mdp.39015033095103,19,6,0,Wendy,PERSON,4,9
mdp.39015033095103,19,6,1,Arthur,PERSON,14,20
mdp.39015033095103,19,6,2,Linda,PERSON,22,27
mdp.39015033095103,19,6,3,Joy,PERSON,32,35
mdp.39015033095103,19,6,4,Rainy Dawn,PERSON,40,50
mdp.39015033095103,19,6,5,Krista Rae,PERSON,55,65
mdp.39015033095103,19,6,6,Simon,PERSON,70,75
mdp.39015033095103,19,6,7,Paula,PERSON,81,86
mdp.39015033095103,19,6,8,Larry,PERSON,91,96
mdp.39015033095103,19,6,9,Norma,PERSON,101,106
mdp.39015033095103,19,6,10,Jerry,PERSON,111,116
mdp.39015033095103,19,7,0,Janie Bell,PERSON,4,14
mdp.39015033095103,19,7,1,Anita,PERSON,19,24
mdp.39015033095103,19,7,2,Rosalie,PERSON,26,33
mdp.39015033095103,19,7,3,Mary Ellen,PERSON,38,48
mdp.39015033095103,19,7,4,Parks,PERSON,58,63
mdp.39015033095103,19,7,5,Christian,NORP,73,82
mdp.39015033095103,19,7,6,two,CARDINAL,99,102
mdp.39015033095103,19,7,7,French,NORP,103,109
mdp.39015033095103,19,7,8,Damar,GPE,121,126
mdp.39015033095103,19,7,9,Kansas,GPE,128,134
mdp.39015033095103,19,7,10,Walter,PERSON,144,150
mdp.39015033095103,19,7,11,five miles,QUANTITY,163,173
mdp.39015033095103,19,8,0,Walt,PERSON,25,29
mdp.39015033095103,19,8,1,Palco,GPE,62,67
mdp.39015033095103,19,9,0,third,ORDINAL,36,41
mdp.39015033095103,19,9,1,Russell,GPE,81,88
mdp.39015033095103,19,9,2,Fort Hays,GPE,100,109
mdp.39015033095103,19,9,3,Kansas,GPE,113,119
mdp.39015033095103,19,10,0,that afternoon,TIME,26,40
mdp.39015033095103,19,10,1,Housman,PERSON,74,81
mdp.39015033095103,19,10,2,To An Athlete Dying Young,WORK_OF_ART,85,110
mdp.39015033095103,19,10,3,A Shropshire Lad,WORK_OF_ART,129,145
mdp.39015033095103,19,10,4,that morning,TIME,188,200
mdp.39015033095103,19,11,0,three days and nights,DATE,55,76
mdp.39015033095103,19,11,1,next Saturday,DATE,222,235
mdp.39015033095103,19,11,2,Lincoln V-12,PRODUCT,281,293
mdp.39015033095103,19,11,3,some ten days,DATE,306,319
mdp.39015033095103,20,0,0,three,CARDINAL,49,54
mdp.39015033095103,20,2,0,third,ORDINAL,47,52
mdp.39015033095103,20,2,1,the third day,DATE,97,110
mdp.39015033095103,20,3,0,Merton College,ORG,8,22
mdp.39015033095103,20,3,1,St. Alban's Quad,FAC,77,93
mdp.39015033095103,20,3,2,one night,TIME,94,103
mdp.39015033095103,20,3,3,New Zealand,NORP,174,185
mdp.39015033095103,20,3,4,Maori,NORP,214,219
mdp.39015033095103,20,3,5,Haaka,LANGUAGE,220,225
mdp.39015033095103,20,3,6,Fellows Quad,FAC,300,312
mdp.39015033095103,20,3,7,only two,CARDINAL,371,379
mdp.39015033095103,20,3,8,first,ORDINAL,396,401
mdp.39015033095103,20,3,9,the sober day,DATE,497,510
mdp.39015033095103,20,3,10,Rhodes House,ORG,540,552
mdp.39015033095103,20,3,11,Merton,ORG,622,628
mdp.39015033095103,20,3,12,Osage,NORP,646,651
mdp.39015033095103,20,4,0,the Long Wall,FAC,97,110
mdp.39015033095103,20,4,1,Magdalen College,ORG,116,132
mdp.39015033095103,20,4,2,Magdalen,GPE,205,213
mdp.39015033095103,20,4,3,Magdalen,GPE,299,307
mdp.39015033095103,20,4,4,eight,CARDINAL,308,313
mdp.39015033095103,20,5,0,the Balliol Boathouse,FAC,52,73
mdp.39015033095103,20,5,1,Isis,FAC,94,98
mdp.39015033095103,20,5,2,the Merton Boathouse,FAC,160,180
mdp.39015033095103,20,6,0,midnight,TIME,17,25
mdp.39015033095103,20,6,1,Ian McMichael,PERSON,48,61
mdp.39015033095103,20,6,2,Boathouse,FAC,125,134
mdp.39015033095103,20,6,3,an English,DATE,269,279
mdp.39015033095103,20,6,4,March,DATE,280,285
mdp.39015033095103,20,7,0,Boathouse,FAC,122,131
mdp.39015033095103,20,8,0,Mac,PERSON,17,20
mdp.39015033095103,20,9,0,the St. Louis Indian Community,ORG,4,34
mdp.39015033095103,20,9,1,George,PERSON,36,42
mdp.39015033095103,20,9,2,Laverne Coon,PERSON,47,59
mdp.39015033095103,20,9,3,Clifford,PERSON,61,69
mdp.39015033095103,20,9,4,Marge Walker,PERSON,74,86
mdp.39015033095103,20,9,5,Paul,PERSON,88,92
mdp.39015033095103,20,9,6,Phyllis Calcaterra,PERSON,97,115
mdp.39015033095103,20,9,7,Terry Packineau,PERSON,117,132
mdp.39015033095103,20,9,8,Warren Comby,PERSON,137,149
mdp.39015033095103,20,9,9,Charlotte Highley,PERSON,151,168
mdp.39015033095103,20,9,10,Dana Klar,PERSON,173,182
mdp.39015033095103,20,9,11,Louis,PERSON,184,189
mdp.39015033095103,20,9,12,Gene,PERSON,194,198
mdp.39015033095103,20,9,13,Jordans,PERSON,207,214
mdp.39015033095103,20,11,0,Voelkers,PERSON,16,24
mdp.39015033095103,20,11,1,Bob,PERSON,29,32
mdp.39015033095103,21,0,0,Evelyne,PERSON,0,7
mdp.39015033095103,21,0,1,Kateri,PERSON,9,15
mdp.39015033095103,21,0,2,Bill,PERSON,20,24
mdp.39015033095103,21,0,3,Robert,PERSON,29,35
mdp.39015033095103,21,0,4,Lee,PERSON,40,43
mdp.39015033095103,21,0,5,Indian,NORP,72,78
mdp.39015033095103,21,0,6,Osage,NORP,103,108
mdp.39015033095103,21,0,7,Ponca,NORP,113,118
mdp.39015033095103,21,0,8,Dale,PERSON,151,155
mdp.39015033095103,21,0,9,Lez,PERSON,160,163
mdp.39015033095103,21,0,10,Lynn,PERSON,168,172
mdp.39015033095103,21,0,11,Jay,PERSON,177,180
mdp.39015033095103,21,0,12,Mark,PERSON,185,189
mdp.39015033095103,21,0,13,Allen,PERSON,194,199
mdp.39015033095103,21,2,0,1991,DATE,44,48
mdp.39015033095103,21,2,1,Jewell,PERSON,71,77
mdp.39015033095103,21,2,2,NEH,ORG,108,111
mdp.39015033095103,21,2,3,Evelyne Wahkinney Voelker,PERSON,115,140
mdp.39015033095103,21,2,4,the 1930's,DATE,171,181
mdp.39015033095103,21,2,5,Jewell,PERSON,194,200
mdp.39015033095103,21,2,6,Gus,PERSON,218,221
mdp.39015033095103,21,2,7,Ponca,NORP,235,240
mdp.39015033095103,21,2,8,Evelyne,PERSON,291,298
mdp.39015033095103,21,2,9,Rusty,PERSON,315,320
mdp.39015033095103,21,3,0,Gus,PERSON,6,9
mdp.39015033095103,21,3,1,Anadarko,GPE,22,30
mdp.39015033095103,21,3,2,Wahkinneys,PERSON,59,69
mdp.39015033095103,21,3,3,Rusty,PERSON,75,80
mdp.39015033095103,21,3,4,Evelyne,PERSON,95,102
mdp.39015033095103,21,4,0,1991,DATE,7,11
mdp.39015033095103,21,4,1,Evelyne,PERSON,13,20
mdp.39015033095103,21,4,2,the American Indian Center of Mid,ORG,37,70
mdp.39015033095103,21,4,3,Board of Directors,ORG,108,126
mdp.39015033095103,21,4,4,Jewell,PERSON,161,167
mdp.39015033095103,21,4,5,Casey,PERSON,183,188
mdp.39015033095103,21,4,6,Powwow,EVENT,218,224
mdp.39015033095103,21,5,0,Evelyne,PERSON,0,7
mdp.39015033095103,21,5,1,Eagle Banner,WORK_OF_ART,33,45
mdp.39015033095103,21,5,2,Dwain,PERSON,59,64
mdp.39015033095103,21,5,3,the Sun Dance on the Rosebud)—and,EVENT,99,132
mdp.39015033095103,21,5,4,sixty years before,DATE,157,175
mdp.39015033095103,21,5,5,Gus,PERSON,183,186
mdp.39015033095103,21,5,6,Evelyne,PERSON,191,198
mdp.39015033095103,21,5,7,Gus,PERSON,231,234
mdp.39015033095103,21,5,8,Rusty,PERSON,258,263
mdp.39015033095103,21,6,0,Ponca,NORP,11,16
mdp.39015033095103,21,6,1,Osage,NORP,21,26
mdp.39015033095103,21,6,2,Comanche,NORP,31,39
mdp.39015033095103,21,6,3,Indian,NORP,71,77
mdp.39015033095103,21,6,4,an Eagle Nation,ORG,83,98
mdp.39015033095103,21,6,5,Carter,PERSON,112,118
mdp.39015033095103,21,6,6,Craig,PERSON,163,168
mdp.39015033095103,21,6,7,Voelkers,PERSON,196,204
mdp.39015033095103,21,6,8,the Eagle Banner,WORK_OF_ART,228,244
mdp.39015033095103,21,6,9,Wounded Knee,EVENT,272,284
mdp.39015033095103,21,7,0,Addison Jump Junior,PERSON,15,34
mdp.39015033095103,21,7,1,Grace,PERSON,40,45
mdp.39015033095103,21,7,2,Kim,PERSON,50,53
mdp.39015033095103,21,7,3,Aaron,PERSON,58,63
mdp.39015033095103,21,7,4,King George,GPE,75,86
mdp.39015033095103,21,7,5,Virginia,GPE,88,96
mdp.39015033095103,21,7,6,Tomahawk,PRODUCT,110,118
mdp.39015033095103,21,8,0,the St. Louis Gateway Arch,FAC,39,65
mdp.39015033095103,21,8,1,Mississippi,GPE,89,100
mdp.39015033095103,21,8,2,Montana,GPE,126,133
mdp.39015033095103,21,8,3,Minnesota,GPE,138,147
mdp.39015033095103,21,8,4,Mississippi,LOC,182,193
mdp.39015033095103,21,8,5,the Cahokia Monument,LOC,197,217
mdp.39015033095103,21,8,6,Monks Mound,LOC,233,244
mdp.39015033095103,21,8,7,pre-Columbian,NORP,254,267
mdp.39015033095103,21,8,8,U.S.A.,GPE,310,316
mdp.39015033095103,21,8,9,Mexico City,GPE,355,366
mdp.39015033095103,21,8,10,London,GPE,380,386
mdp.39015033095103,21,9,0,Monks Mound,FAC,5,16
mdp.39015033095103,21,9,1,Arch,FAC,34,38
mdp.39015033095103,21,9,2,St. Louis,FAC,43,52
mdp.39015033095103,21,9,3,Arch,FAC,75,79
mdp.39015033095103,21,9,4,Monks Mound,FAC,97,108
mdp.39015033095103,21,9,5,Indian,NORP,140,146
mdp.39015033095103,21,9,6,European,NORP,164,172
mdp.39015033095103,21,10,0,a day,DATE,20,25
mdp.39015033095103,21,10,1,Arch,FAC,79,83
mdp.39015033095103,21,11,0,Michael,PERSON,21,28
mdp.39015033095103,21,11,1,Dee,PERSON,33,36
mdp.39015033095103,21,11,2,Jan,PERSON,42,45
mdp.39015033095103,21,11,3,Duff,PERSON,51,55
mdp.39015033095103,22,0,0,the River Styx,FAC,0,14
mdp.39015033095103,22,1,0,Eugene,PERSON,4,10
mdp.39015033095103,22,1,1,Shirley,PERSON,15,22
mdp.39015033095103,22,1,2,Quincy,PERSON,27,33
mdp.39015033095103,22,1,3,East St. Louis,LOC,59,73
mdp.39015033095103,22,1,4,Danny,PERSON,79,84
mdp.39015033095103,22,1,5,Denver,PERSON,89,95
mdp.39015033095103,22,1,6,David,PERSON,100,105
mdp.39015033095103,22,1,7,Jaybird,PERSON,107,114
mdp.39015033095103,22,1,8,Connie,PERSON,119,125
mdp.39015033095103,22,1,9,Anita,PERSON,130,135
mdp.39015033095103,22,1,10,Rendy,PERSON,137,142
mdp.39015033095103,22,1,11,Marie,PERSON,147,152
mdp.39015033095103,22,1,12,Deans,PERSON,165,170
mdp.39015033095103,22,3,0,Joe,PERSON,4,7
mdp.39015033095103,22,3,1,Maud,PERSON,12,16
mdp.39015033095103,22,3,2,Frankie,PERSON,21,28
mdp.39015033095103,22,3,3,Skye,LOC,48,52
mdp.39015033095103,22,7,0,every day,DATE,26,35
mdp.39015033095103,22,8,0,millions of years old,DATE,207,228
mdp.39015033095103,22,9,0,Oklahoma,GPE,60,68
mdp.39015033095103,22,9,1,three days,DATE,100,110
mdp.39015033095103,22,9,2,Kuwaiti,NORP,159,166
mdp.39015033095103,22,11,0,Whitman,PERSON,182,189
mdp.39015033095103,22,11,1,Brooklyn Ferry,FAC,205,219
mdp.39015033095103,22,12,0,a century from now,DATE,121,139
mdp.39015033095103,23,1,0,the happy days,DATE,165,179
mdp.39015033095103,25,0,0,An Eagle Nation,PERSON,1,16
mdp.39015033095103,27,0,0,Oklahoma,GPE,3,11
mdp.39015033095103,27,0,1,Gertrude Stein,PERSON,43,57
mdp.39015033095103,27,0,2,Oakland,GPE,73,80
mdp.39015033095103,27,1,0,Hartford,GPE,15,23
mdp.39015033095103,27,1,1,Wallace Stevens,PERSON,48,63
mdp.39015033095103,27,1,2,Oklahoma,GPE,96,104
mdp.39015033095103,27,1,3,Bonnie,PERSON,192,198
mdp.39015033095103,27,1,4,Josie,PERSON,203,208
mdp.39015033095103,27,6,0,Oklahoma,GPE,19,27
mdp.39015033095103,27,7,0,Osage,GPE,26,31
mdp.39015033095103,27,8,0,a hundred yards,QUANTITY,40,55
mdp.39015033095103,27,11,0,the Indian Hospital,FAC,12,31
mdp.39015033095103,27,14,0,Indian,NORP,39,45
mdp.39015033095103,27,16,0,Oklahoma,GPE,3,11
mdp.39015033095103,27,16,1,Wally,PERSON,13,18
mdp.39015033095103,27,16,2,Josie,PERSON,28,33
mdp.39015033095103,27,19,0,Gert,PERSON,27,31
mdp.39015033095103,29,5,0,Jim,PERSON,45,48
mdp.39015033095103,29,6,0,Grady,PERSON,1,6
mdp.39015033095103,29,7,0,Ford,ORG,52,56
mdp.39015033095103,29,9,0,Billy Don,PERSON,26,35
mdp.39015033095103,29,9,1,Betty,PERSON,48,53
mdp.39015033095103,29,12,0,Grady,PERSON,43,48
mdp.39015033095103,29,13,0,Billy Don,PERSON,24,33
mdp.39015033095103,29,14,0,"the ""Long Gone Lonesome Blues",WORK_OF_ART,104,133
mdp.39015033095103,29,14,1,Billy Don,PERSON,139,148
mdp.39015033095103,29,14,2,half,CARDINAL,161,165
mdp.39015033095103,31,0,0,Fairfax,GPE,8,15
mdp.39015033095103,31,0,1,Leaving Tracks for Mike,WORK_OF_ART,17,40
mdp.39015033095103,31,0,2,Casey,PERSON,45,50
mdp.39015033095103,31,0,3,Salt Creek,LOC,107,117
mdp.39015033095103,31,1,0,Hong Kong,GPE,200,209
mdp.39015033095103,31,1,1,Osage,PRODUCT,222,227
mdp.39015033095103,31,2,0,Lawrence,PERSON,0,8
mdp.39015033095103,31,2,1,Wesley,PERSON,13,19
mdp.39015033095103,31,2,2,one,CARDINAL,62,65
mdp.39015033095103,31,2,3,Ponca,NORP,66,71
mdp.39015033095103,31,2,4,one,CARDINAL,87,90
mdp.39015033095103,31,2,5,Osage,PERSON,96,101
mdp.39015033095103,31,3,0,Pacific,LOC,14,21
mdp.39015033095103,31,3,1,Atlantic,LOC,29,37
mdp.39015033095103,31,3,2,Old World,LOC,138,147
mdp.39015033095103,31,4,0,next year's,DATE,196,207
mdp.39015033095103,33,0,0,John Joseph Mathews,PERSON,18,37
mdp.39015033095103,33,2,0,some of the year,DATE,51,67
mdp.39015033095103,33,7,0,Doe Creek,LOC,12,21
mdp.39015033095103,33,7,1,Buck Creek,LOC,45,55
mdp.39015033095103,34,0,0,Buck Creek,LOC,29,39
mdp.39015033095103,34,1,0,winter,DATE,10,16
mdp.39015033095103,34,2,0,Buck Creek,LOC,30,40
mdp.39015033095103,34,3,0,Texas,GPE,151,156
mdp.39015033095103,34,3,1,California,GPE,163,173
mdp.39015033095103,34,3,2,Nicaragua,GPE,175,184
mdp.39015033095103,34,3,3,Doe Creek,LOC,250,259
mdp.39015033095103,34,3,4,Louisiana,GPE,306,315
mdp.39015033095103,34,6,0,Buck Creek,LOC,59,69
mdp.39015033095103,34,6,1,Roman,NORP,111,116
mdp.39015033095103,34,6,2,winter,DATE,226,232
mdp.39015033095103,35,1,0,Doe Creek,LOC,0,9
mdp.39015033095103,35,1,1,Buck Creek,LOC,32,42
mdp.39015033095103,35,4,0,Greenwich,FAC,0,9
mdp.39015033095103,35,6,0,first,ORDINAL,56,61
mdp.39015033095103,35,6,1,one,CARDINAL,85,88
mdp.39015033095103,37,0,0,the V.F.W. Apache,PERSON,14,31
mdp.39015033095103,37,0,1,Omaha,GPE,33,38
mdp.39015033095103,37,0,2,Osage,GPE,40,45
mdp.39015033095103,37,0,3,Choctaw,GPE,47,54
mdp.39015033095103,37,0,4,Micmac,NORP,56,62
mdp.39015033095103,37,0,5,Cherokee,NORP,64,72
mdp.39015033095103,37,0,6,Oglala,GPE,74,80
mdp.39015033095103,37,1,0,ninety-fifth,CARDINAL,14,26
mdp.39015033095103,37,1,1,Army,ORG,183,187
mdp.39015033095103,37,2,0,Cliff,PERSON,6,11
mdp.39015033095103,37,2,1,Wounded Knee,WORK_OF_ART,67,79
mdp.39015033095103,37,3,0,Cliff,PERSON,0,5
mdp.39015033095103,37,3,1,American,NORP,22,30
mdp.39015033095103,37,3,2,Cliff,PERSON,61,66
mdp.39015033095103,37,3,3,Omaha,GPE,76,81
mdp.39015033095103,37,4,0,105,CARDINAL,19,22
mdp.39015033095103,37,4,1,Cliff,PERSON,31,36
mdp.39015033095103,37,6,0,Civil War,EVENT,48,57
mdp.39015033095103,37,6,1,the 7th Cavalry,ORG,178,193
mdp.39015033095103,37,6,2,George Custer's,PERSON,195,210
mdp.39015033095103,37,7,0,Cliff,PERSON,1,6
mdp.39015033095103,37,7,1,Walt,PERSON,9,13
mdp.39015033095103,37,7,2,Sitting Bull,PERSON,39,51
mdp.39015033095103,37,8,0,Walt,PERSON,39,43
mdp.39015033095103,37,8,1,Cliff,PERSON,46,51
mdp.39015033095103,37,10,0,Sherry,PERSON,121,127
mdp.39015033095103,38,3,0,year,DATE,92,96
mdp.39015033095103,38,3,1,June,DATE,110,114
mdp.39015033095103,38,3,2,Jefferson Barracks Park,FAC,138,161
mdp.39015033095103,38,3,3,the Indian Wars,EVENT,201,216
mdp.39015033095103,38,4,0,the Indian Center,FAC,179,196
mdp.39015033095103,38,4,1,Cliff,PERSON,204,209
mdp.39015033095103,38,4,2,George Coon,PERSON,214,225
mdp.39015033095103,38,4,3,the Gateway to the West,LOC,339,362
mdp.39015033095103,38,4,4,St. Louis,GPE,364,373
mdp.39015033095103,39,0,0,November,DATE,0,8
mdp.39015033095103,39,0,1,Washington D.C.,GPE,12,27
mdp.39015033095103,39,1,0,night,TIME,41,46
mdp.39015033095103,39,1,1,Capitol,FAC,61,68
mdp.39015033095103,39,1,2,Roman,NORP,115,120
mdp.39015033095103,39,1,3,evening,TIME,134,141
mdp.39015033095103,39,2,0,St. Louis,GPE,5,14
mdp.39015033095103,39,4,0,two,CARDINAL,101,104
mdp.39015033095103,39,4,1,Capitol,FAC,481,488
mdp.39015033095103,39,4,2,the Reflecting Poolit,FAC,525,546
mdp.39015033095103,39,4,3,several acres,QUANTITY,555,568
mdp.39015033095103,39,4,4,Capitol,FAC,752,759
mdp.39015033095103,39,4,5,Venus,LOC,849,854
mdp.39015033095103,39,4,6,Xanadu,GPE,932,938
mdp.39015033095103,40,0,0,Japanese,NORP,80,88
mdp.39015033095103,40,0,1,Capitol,FAC,135,142
mdp.39015033095103,40,0,2,one,CARDINAL,146,149
mdp.39015033095103,40,1,0,Mall,FAC,32,36
mdp.39015033095103,40,1,1,the National Gallery,FAC,47,67
mdp.39015033095103,40,1,2,Veronese,PERSON,91,99
mdp.39015033095103,40,2,0,the Space Museum,ORG,6,22
mdp.39015033095103,40,2,1,Michaels,PERSON,110,118
mdp.39015033095103,40,2,2,Smithsonian,ORG,178,189
mdp.39015033095103,40,2,3,Osage,NORP,226,231
mdp.39015033095103,40,3,0,East Capitol,FAC,61,73
mdp.39015033095103,40,3,1,the BUFFALO NICKELand,PERSON,175,196
mdp.39015033095103,40,3,2,1988,DATE,237,241
mdp.39015033095103,41,3,0,Volcker,PERSON,27,34
mdp.39015033095103,41,4,0,millions,CARDINAL,36,44
mdp.39015033095103,41,12,0,Washington D.C.,GPE,10,25
mdp.39015033095103,41,14,0,Rome,GPE,0,4
mdp.39015033095103,41,15,0,the White House,FAC,13,28
mdp.39015033095103,42,1,0,night,TIME,76,81
mdp.39015033095103,42,2,0,White House,FAC,68,79
mdp.39015033095103,42,3,0,Federal,ORG,28,35
mdp.39015033095103,42,4,0,miles,TIME,4,9
mdp.39015033095103,42,4,1,midnight,TIME,49,57
mdp.39015033095103,42,4,2,a hundred,CARDINAL,77,86
mdp.39015033095103,42,4,3,one,CARDINAL,148,151
mdp.39015033095103,43,0,0,Readie and Easie Way for Tom McGrath -Poets?,WORK_OF_ART,4,48
mdp.39015033095103,43,2,0,Philistines,NORP,194,205
mdp.39015033095103,43,3,0,these days,DATE,40,50
mdp.39015033095103,43,3,1,Wordsworth,PERSON,68,78
mdp.39015033095103,43,3,2,Freud,PERSON,199,204
mdp.39015033095103,43,5,0,Logos,PERSON,23,28
mdp.39015033095103,43,5,1,Falwells,PERSON,45,53
mdp.39015033095103,43,5,2,George Wills,PERSON,69,81
mdp.39015033095103,43,5,3,Phyllis Schlaflys,PERSON,103,120
mdp.39015033095103,44,2,0,Jehoshaphat,PERSON,0,11
mdp.39015033095103,44,4,0,one,CARDINAL,80,83
mdp.39015033095103,45,1,0,Buck Creek,LOC,41,51
mdp.39015033095103,45,2,0,summer,DATE,33,39
mdp.39015033095103,45,6,0,winter,DATE,7,13
mdp.39015033095103,45,7,0,winter,DATE,10,16
mdp.39015033095103,45,8,0,Buck Creek,LOC,8,18
mdp.39015033095103,45,8,1,early that morning,TIME,19,37
mdp.39015033095103,45,8,2,American,NORP,61,69
mdp.39015033095103,45,10,0,midnight,TIME,38,46
mdp.39015033095103,45,15,0,two,CARDINAL,41,44
mdp.39015033095103,45,18,0,21,CARDINAL,0,2
mdp.39015033095103,46,0,0,first,ORDINAL,21,26
mdp.39015033095103,46,0,1,one,CARDINAL,32,35
mdp.39015033095103,46,9,0,thirty feet,QUANTITY,41,52
mdp.39015033095103,46,17,0,one,CARDINAL,3,6
mdp.39015033095103,47,10,0,one,CARDINAL,13,16
mdp.39015033095103,47,21,0,April,DATE,38,43
mdp.39015033095103,47,21,1,May,DATE,48,51
mdp.39015033095103,47,22,0,August,DATE,62,68
mdp.39015033095103,47,23,0,June,DATE,52,56
mdp.39015033095103,47,23,1,December,DATE,85,93
mdp.39015033095103,47,24,0,Babylon,GPE,46,53
mdp.39015033095103,47,25,0,Greenland,GPE,0,9
mdp.39015033095103,47,25,1,ten thousand feet,QUANTITY,21,38
mdp.39015033095103,47,25,2,Java,LOC,73,77
mdp.39015033095103,47,25,3,a hundred thousand years ago,DATE,108,136
mdp.39015033095103,47,28,0,Cooper,LOC,242,248
mdp.39015033095103,47,28,1,Buck Creek,LOC,376,386
mdp.39015033095103,47,31,0,the week before,DATE,44,59
mdp.39015033095103,47,32,0,years,DATE,42,47
mdp.39015033095103,48,3,0,ten thousand years ago,DATE,23,45
mdp.39015033095103,48,8,0,one,CARDINAL,5,8
mdp.39015033095103,48,8,1,one,CARDINAL,15,18
mdp.39015033095103,49,1,0,two,CARDINAL,328,331
mdp.39015033095103,49,2,0,the peaceful days,DATE,106,123
mdp.39015033095103,50,3,0,Las Vegas,GPE,15,24
mdp.39015033095103,50,3,1,Frontier Airlines,ORG,43,60
mdp.39015033095103,50,4,0,the Stardust Inn,FAC,3,19
mdp.39015033095103,50,4,1,the Rocky Mountain Modern Language Association on Trickster Tales,ORG,105,170
mdp.39015033095103,50,5,0,Elijah,PERSON,93,99
mdp.39015033095103,50,5,1,Geoffrey Chaucer,PERSON,103,119
mdp.39015033095103,50,5,2,The House of Fame,WORK_OF_ART,123,140
mdp.39015033095103,50,5,3,Lake Mead,LOC,169,178
mdp.39015033095103,51,2,0,Las Vegas,GPE,63,72
mdp.39015033095103,51,3,0,Glen Canyon,LOC,57,68
mdp.39015033095103,51,3,1,Lake Mead,LOC,73,82
mdp.39015033095103,51,3,2,Las Vegas,GPE,233,242
mdp.39015033095103,51,3,3,the Trickster Monster,PERSON,255,276
mdp.39015033095103,51,3,4,Las Vegas,GPE,430,439
mdp.39015033095103,51,3,5,October,DATE,450,457
mdp.39015033095103,51,3,6,Travelodge,ORG,546,556
mdp.39015033095103,51,3,7,one,CARDINAL,710,713
mdp.39015033095103,51,3,8,San Diego,GPE,822,831
mdp.39015033095103,51,4,0,St. Louis,GPE,135,144
mdp.39015033095103,51,5,0,Trickster,PERSON,5,14
mdp.39015033095103,52,1,0,Columbus,PRODUCT,37,45
mdp.39015033095103,52,1,1,Cortez,GPE,50,56
mdp.39015033095103,52,1,2,Pilgrims,NORP,65,73
mdp.39015033095103,52,1,3,Las Vegas,GPE,284,293
mdp.39015033095103,53,0,0,Brer Coyote,PERSON,3,14
mdp.39015033095103,53,0,1,winter,DATE,162,168
mdp.39015033095103,53,0,2,the low-water bridge,FAC,992,1012
mdp.39015033095103,54,0,0,one,CARDINAL,61,64
mdp.39015033095103,54,0,1,July,DATE,210,214
mdp.39015033095103,54,0,2,July,DATE,216,220
mdp.39015033095103,54,0,3,Jersey,NORP,522,528
mdp.39015033095103,55,0,0,An Eagle Nation For the Camp/Jump brigades,ORG,0,42
mdp.39015033095103,55,0,1,Ponca,NORP,75,80
mdp.39015033095103,55,0,2,Jewell,PERSON,320,326
mdp.39015033095103,55,2,0,Osage,NORP,51,56
mdp.39015033095103,55,2,1,Jewell,PERSON,93,99
mdp.39015033095103,55,3,0,Ponca,LANGUAGE,81,86
mdp.39015033095103,55,3,1,English,LANGUAGE,90,97
mdp.39015033095103,55,4,0,Ponca City,GPE,141,151
mdp.39015033095103,55,4,1,White Eagle,GPE,156,167
mdp.39015033095103,55,5,0,the Oke City Zoo,FAC,21,37
mdp.39015033095103,55,7,0,one,CARDINAL,12,15
mdp.39015033095103,55,7,1,years ago,DATE,80,89
mdp.39015033095103,55,7,2,Zoo,FAC,187,190
mdp.39015033095103,55,7,3,English,LANGUAGE,299,306
mdp.39015033095103,55,7,4,Ponca,LANGUAGE,332,337
mdp.39015033095103,55,7,5,Columbus,GPE,548,556
mdp.39015033095103,56,0,0,Africa,LOC,123,129
mdp.39015033095103,56,0,1,Rome,GPE,134,138
mdp.39015033095103,56,1,0,Casey,PERSON,66,71
mdp.39015033095103,56,1,1,Jewell,PERSON,122,128
mdp.39015033095103,56,6,0,Casey,PERSON,0,5
mdp.39015033095103,56,6,1,Jewell,PERSON,19,25
mdp.39015033095103,56,11,0,Jewell,PERSON,5,11
mdp.39015033095103,56,11,1,Ponca,LANGUAGE,43,48
mdp.39015033095103,56,12,0,Ponca,LANGUAGE,33,38
mdp.39015033095103,56,12,1,Kahgay,PERSON,102,108
mdp.39015033095103,57,7,0,one,CARDINAL,8,11
mdp.39015033095103,57,7,1,Casey,PERSON,65,70
mdp.39015033095103,57,8,0,Jewell,PERSON,44,50
mdp.39015033095103,57,8,1,Zoo,ORG,161,164
mdp.39015033095103,57,8,2,Red Earth,LOC,192,201
mdp.39015033095103,57,8,3,Wesley,PERSON,244,250
mdp.39015033095103,57,8,4,Mikasi,PERSON,252,258
mdp.39015033095103,57,9,0,Jewell,PERSON,23,29
mdp.39015033095103,57,9,1,Zoo,ORG,48,51
mdp.39015033095103,57,9,2,Powwow,EVENT,56,62
mdp.39015033095103,57,10,0,Ponca,NORP,52,57
mdp.39015033095103,57,12,0,Jewell,PERSON,27,33
mdp.39015033095103,57,13,0,thousands,CARDINAL,91,100
mdp.39015033095103,57,13,1,Indian,NORP,104,110
mdp.39015033095103,57,13,2,Arena,FAC,142,147
mdp.39015033095103,57,13,3,twelve,CARDINAL,160,166
mdp.39015033095103,57,13,4,fourteen hundred,CARDINAL,187,203
mdp.39015033095103,57,13,5,Mikasi,PERSON,273,279
mdp.39015033095103,57,13,6,Casey,PERSON,286,291
mdp.39015033095103,57,13,7,Paul Roughface,PERSON,323,337
mdp.39015033095103,57,13,8,Casey,PERSON,397,402
mdp.39015033095103,57,13,9,Mike,PERSON,407,411
mdp.39015033095103,57,13,10,Jewell,PERSON,506,512
mdp.39015033095103,57,13,11,seventy years ago,DATE,550,567
mdp.39015033095103,57,13,12,33,CARDINAL,609,611
mdp.39015033095103,58,0,0,White Eagle,GPE,34,45
mdp.39015033095103,58,0,1,Arkansas,LOC,66,74
mdp.39015033095103,58,0,2,Osage,NORP,84,89
mdp.39015033095103,58,0,3,the Grayhorse Osage Dances,ORG,170,196
mdp.39015033095103,58,0,4,Pawhuska,GPE,210,218
mdp.39015033095103,58,1,0,Woody Camp,PERSON,23,33
mdp.39015033095103,58,1,1,Osage,NORP,62,67
mdp.39015033095103,58,1,2,Ponca,NORP,150,155
mdp.39015033095103,58,1,3,McDonald's,ORG,203,213
mdp.39015033095103,58,2,0,Dwain,PERSON,17,22
mdp.39015033095103,58,2,1,Irish,NORP,78,83
mdp.39015033095103,58,2,2,Scotch-Irish,NORP,88,100
mdp.39015033095103,58,2,3,Missouri,GPE,122,130
mdp.39015033095103,58,2,4,Kansas,GPE,142,148
mdp.39015033095103,58,2,5,the Osage Reservation,LOC,184,205
mdp.39015033095103,58,2,6,Oklahoma,GPE,209,217
mdp.39015033095103,58,2,7,Agency,ORG,304,310
mdp.39015033095103,58,2,8,Pawhuska,GPE,319,327
mdp.39015033095103,58,2,9,million-dollar,MONEY,339,353
mdp.39015033095103,58,3,0,Missouri,GPE,153,161
mdp.39015033095103,58,3,1,Ponca,LOC,177,182
mdp.39015033095103,58,3,2,Pawhuska,GPE,200,208
mdp.39015033095103,58,3,3,Oklahoma,GPE,255,263
mdp.39015033095103,59,0,0,Bob,PERSON,28,31
mdp.39015033095103,59,0,1,Evelyne Voelker,PERSON,36,51
mdp.39015033095103,59,0,2,Dale,PERSON,53,57
mdp.39015033095103,59,0,3,Arlene Besse,PERSON,62,74
mdp.39015033095103,59,0,4,St. Louis,GPE,84,93
mdp.39015033095103,59,0,5,noon,TIME,227,231
mdp.39015033095103,59,0,6,day,DATE,256,259
mdp.39015033095103,59,0,7,Earth,LOC,331,336
mdp.39015033095103,59,0,8,Wakonda,LOC,478,485
mdp.39015033095103,59,1,0,first,ORDINAL,180,185
mdp.39015033095103,59,1,1,one,CARDINAL,309,312
mdp.39015033095103,60,0,0,half,CARDINAL,29,33
mdp.39015033095103,60,0,1,half,CARDINAL,43,47
mdp.39015033095103,60,1,0,Anglo-Saxon,NORP,54,65
mdp.39015033095103,60,1,1,Anglo-Saxon,NORP,94,105
mdp.39015033095103,60,2,0,one,CARDINAL,11,14
mdp.39015033095103,61,0,0,Christophoros,PERSON,14,27
mdp.39015033095103,61,1,0,Chickadee,PERSON,43,52
mdp.39015033095103,61,5,0,the Nobel Prize,WORK_OF_ART,38,53
mdp.39015033095103,61,5,1,Gospels,WORK_OF_ART,86,93
mdp.39015033095103,61,5,2,Acts,WORK_OF_ART,95,99
mdp.39015033095103,61,5,3,Epistles,WORK_OF_ART,104,112
mdp.39015033095103,61,5,4,the Literary Canon,WORK_OF_ART,155,173
mdp.39015033095103,61,6,0,Mark,PERSON,30,34
mdp.39015033095103,61,7,0,Matthew,PERSON,0,7
mdp.39015033095103,61,7,1,Mark,PERSON,108,112
mdp.39015033095103,61,8,0,John,PERSON,9,13
mdp.39015033095103,61,8,1,Luke,PERSON,66,70
mdp.39015033095103,61,8,2,Paul,PERSON,78,82
mdp.39015033095103,61,8,3,John,PERSON,150,154
mdp.39015033095103,61,8,4,Luke,PERSON,161,165
mdp.39015033095103,61,8,5,the Prize Committee,ORG,299,318
mdp.39015033095103,61,8,6,Jeremiah,PERSON,425,433
mdp.39015033095103,61,8,7,Greeks,NORP,482,488
mdp.39015033095103,61,10,0,Mary,PERSON,64,68
mdp.39015033095103,61,11,0,Elizabeth,PERSON,53,62
mdp.39015033095103,61,11,1,Zechariah,PERSON,79,88
mdp.39015033095103,61,12,0,FIRST,ORDINAL,67,72
mdp.39015033095103,61,13,0,Norway,GPE,59,65
mdp.39015033095103,61,13,1,Mary,PERSON,95,99
mdp.39015033095103,61,14,0,Mary,PERSON,6,10
mdp.39015033095103,61,14,1,one,CARDINAL,23,26
mdp.39015033095103,61,14,2,John,PERSON,55,59
mdp.39015033095103,61,15,0,Mary,PERSON,9,13
mdp.39015033095103,61,15,1,John,PERSON,81,85
mdp.39015033095103,61,16,0,Elijah,PERSON,0,6
mdp.39015033095103,61,17,0,one,CARDINAL,10,13
mdp.39015033095103,61,17,1,John,PERSON,34,38
mdp.39015033095103,62,0,0,Evening,TIME,1,8
mdp.39015033095103,62,0,1,John,PERSON,10,14
mdp.39015033095103,62,0,2,Elijah,PERSON,17,23
mdp.39015033095103,62,1,0,Moses,PERSON,17,22
mdp.39015033095103,62,2,0,Moses,PERSON,6,11
mdp.39015033095103,62,4,0,Garden,LOC,120,126
mdp.39015033095103,62,5,0,Adam,PERSON,58,62
mdp.39015033095103,62,5,1,Eve,PERSON,67,70
mdp.39015033095103,62,6,0,the Nobel Prize,WORK_OF_ART,56,71
mdp.39015033095103,62,7,0,Eve,PERSON,9,12
mdp.39015033095103,62,7,1,Adam,PERSON,42,46
mdp.39015033095103,62,13,0,one,CARDINAL,24,27
mdp.39015033095103,62,13,1,Noah,PERSON,47,51
mdp.39015033095103,62,14,0,Near Eastern,NORP,51,63
mdp.39015033095103,62,16,0,the Prize Book,WORK_OF_ART,69,83
mdp.39015033095103,62,18,0,the Milky Way,LOC,82,95
mdp.39015033095103,62,18,1,Temple,FAC,145,151
mdp.39015033095103,62,19,0,Chaldea,GPE,57,64
mdp.39015033095103,62,20,0,the Prize Book,WORK_OF_ART,36,50
mdp.39015033095103,62,24,0,Osages,NORP,58,64
mdp.39015033095103,62,25,0,Oklahoma,GPE,75,83
mdp.39015033095103,63,7,0,Oklahoma,GPE,29,37
mdp.39015033095103,63,8,0,Eden,LOC,21,25
mdp.39015033095103,63,9,0,summer,DATE,28,34
mdp.39015033095103,63,27,0,The Moon and,PERSON,0,12
mdp.39015033095103,63,32,0,39,CARDINAL,101,103
mdp.39015033095103,64,7,0,two,CARDINAL,43,46
mdp.39015033095103,64,8,0,Mary,PERSON,21,25
mdp.39015033095103,64,8,1,Paul,PERSON,42,46
mdp.39015033095103,64,8,2,Crazy Horse,PERSON,62,73
mdp.39015033095103,64,9,0,Stone,PERSON,36,41
mdp.39015033095103,64,10,0,Mohammed,PERSON,4,12
mdp.39015033095103,64,10,1,Abraham,PERSON,31,38
mdp.39015033095103,64,10,2,Moses,PERSON,43,48
mdp.39015033095103,64,10,3,Confucius,PERSON,53,62
mdp.39015033095103,64,10,4,Emily Dickinson,PERSON,67,82
mdp.39015033095103,64,12,0,one,CARDINAL,33,36
mdp.39015033095103,64,14,0,Chickadee,PERSON,14,23
mdp.39015033095103,64,17,0,Chickadee,PERSON,12,21
mdp.39015033095103,67,1,0,U.S. Sixty,FAC,194,204
mdp.39015033095103,67,1,1,two,CARDINAL,303,306
mdp.39015033095103,67,2,0,Sand Creek Valley,LOC,60,77
mdp.39015033095103,67,2,1,Osage,GPE,104,109
mdp.39015033095103,67,2,2,Okesa,GPE,151,156
mdp.39015033095103,68,0,0,two,CARDINAL,100,103
mdp.39015033095103,68,0,1,thirty cents,MONEY,214,226
mdp.39015033095103,68,0,2,Sand Creek,LOC,268,278
mdp.39015033095103,68,0,3,first,ORDINAL,609,614
mdp.39015033095103,68,0,4,Sand Creek,LOC,1433,1443
mdp.39015033095103,68,0,5,this day,DATE,1456,1464
mdp.39015033095103,68,0,6,a few pennies,MONEY,1660,1673
mdp.39015033095103,71,0,0,October,DATE,0,7
mdp.39015033095103,71,0,1,Isle of Skye,GPE,9,21
mdp.39015033095103,71,1,0,Brunigill,LOC,10,19
mdp.39015033095103,72,0,0,newlit,NORP,59,65
mdp.39015033095103,73,0,0,Skye,LOC,11,15
mdp.39015033095103,74,0,0,two,CARDINAL,594,597
mdp.39015033095103,75,0,0,two,CARDINAL,282,285
mdp.39015033095103,75,0,1,Frankie,PERSON,402,409
mdp.39015033095103,75,0,2,Joe,PERSON,414,417
mdp.39015033095103,75,0,3,three-foot,QUANTITY,808,818
mdp.39015033095103,75,0,4,51,CARDINAL,1192,1194
mdp.39015033095103,76,1,0,Dunvegan Castle,FAC,98,113
mdp.39015033095103,76,1,1,Uist,LOC,324,328
mdp.39015033095103,76,1,2,Skye,LOC,495,499
mdp.39015033095103,76,1,3,Joe,PERSON,797,800
mdp.39015033095103,76,1,4,one,CARDINAL,821,824
mdp.39015033095103,76,1,5,fifty-foot,QUANTITY,953,963
mdp.39015033095103,76,1,6,one,CARDINAL,1074,1077
mdp.39015033095103,77,0,0,my fortieth year,DATE,280,296
mdp.39015033095103,79,0,0,Israel,GPE,14,20
mdp.39015033095103,79,0,1,Six hundred dark feet,QUANTITY,41,62
mdp.39015033095103,79,0,2,Atlantic,LOC,92,100
mdp.39015033095103,79,0,3,a million years,DATE,446,461
mdp.39015033095103,79,0,4,this morning,TIME,567,579
mdp.39015033095103,79,0,5,million,CARDINAL,584,591
mdp.39015033095103,79,0,6,Atlantic,LOC,975,983
mdp.39015033095103,79,0,7,noon-light,TIME,1151,1161
mdp.39015033095103,79,0,8,55,CARDINAL,1195,1197
mdp.39015033095103,81,0,0,the Isle of Skye,LOC,21,37
mdp.39015033095103,81,1,0,Frankie,PERSON,5,12
mdp.39015033095103,81,1,1,Maud,PERSON,14,18
mdp.39015033095103,81,1,2,Joe,PERSON,24,27
mdp.39015033095103,81,1,3,St. Louis,GPE,65,74
mdp.39015033095103,81,1,4,last night,TIME,92,102
mdp.39015033095103,81,2,0,the Isle of Skye,LOC,26,42
mdp.39015033095103,81,2,1,Joe,PERSON,78,81
mdp.39015033095103,81,2,2,one,CARDINAL,649,652
mdp.39015033095103,82,0,0,ten feet,QUANTITY,555,563
mdp.39015033095103,82,0,1,Viking,NORP,731,737
mdp.39015033095103,82,0,2,Joe,PERSON,876,879
mdp.39015033095103,82,1,0,Joe,PERSON,17,20
mdp.39015033095103,83,0,0,two,CARDINAL,253,256
mdp.39015033095103,83,0,1,Lorigill,LOC,350,358
mdp.39015033095103,83,0,2,two,CARDINAL,525,528
mdp.39015033095103,83,0,3,Elijah,PERSON,932,938
mdp.39015033095103,85,0,0,Santa Monica,GPE,9,21
mdp.39015033095103,85,1,0,midnight,TIME,5,13
mdp.39015033095103,85,1,1,Sunset Avenue,FAC,36,49
mdp.39015033095103,85,1,2,Mercedes,ORG,207,215
mdp.39015033095103,85,1,3,Diesel,ORG,292,298
mdp.39015033095103,85,2,0,Pacific,LOC,41,48
mdp.39015033095103,85,2,1,Palisades,LOC,61,70
mdp.39015033095103,85,2,2,two,CARDINAL,81,84
mdp.39015033095103,85,2,3,half,CARDINAL,262,266
mdp.39015033095103,87,0,0,January 15,DATE,0,10
mdp.39015033095103,87,0,1,Sixties,DATE,37,44
mdp.39015033095103,87,0,2,Blacks,NORP,109,115
mdp.39015033095103,87,0,3,Standing Bear's,PERSON,129,144
mdp.39015033095103,87,0,4,Martin Luther King's,PERSON,154,174
mdp.39015033095103,87,0,5,Caesar's Palace,FAC,204,219
mdp.39015033095103,87,1,0,Tahoe,GPE,3,8
mdp.39015033095103,87,2,0,first,ORDINAL,150,155
mdp.39015033095103,87,3,0,Sierras,LOC,17,24
mdp.39015033095103,87,3,1,Tahoe,GPE,47,52
mdp.39015033095103,87,3,2,the Carson Valley,LOC,126,143
mdp.39015033095103,87,5,0,Lombardy,NORP,80,88
mdp.39015033095103,88,0,0,A Legion Hall,ORG,59,72
mdp.39015033095103,88,1,0,one,CARDINAL,7,10
mdp.39015033095103,88,1,1,Las Vegas,GPE,20,29
mdp.39015033095103,88,1,2,fifty cents,MONEY,35,46
mdp.39015033095103,89,2,0,Browning,PERSON,61,69
mdp.39015033095103,89,2,1,Quacksalver's Quickies,WORK_OF_ART,71,93
mdp.39015033095103,89,2,2,2,CARDINAL,100,101
mdp.39015033095103,89,3,0,3,CARDINAL,0,1
mdp.39015033095103,89,4,0,4,CARDINAL,0,1
mdp.39015033095103,91,5,0,the Patent Office,ORG,9,26
mdp.39015033095103,91,6,0,First,ORDINAL,0,5
mdp.39015033095103,91,7,0,one,CARDINAL,122,125
mdp.39015033095103,93,0,0,Oxford,GPE,11,17
mdp.39015033095103,93,0,1,Oxford Castle,FAC,63,76
mdp.39015033095103,93,0,2,Cherwell,FAC,135,143
mdp.39015033095103,93,0,3,three,CARDINAL,542,547
mdp.39015033095103,93,3,0,the County Council,ORG,80,98
mdp.39015033095103,93,3,1,the Former Old Rectory,FAC,103,125
mdp.39015033095103,93,3,2,the Center for Further Education,ORG,131,163
mdp.39015033095103,93,3,3,Council,ORG,235,242
mdp.39015033095103,93,3,4,Cafeteria For The Council Staff,FAC,280,311
mdp.39015033095103,93,3,5,Castle Street,FAC,339,352
mdp.39015033095103,93,3,6,Paradise 69,FAC,369,380
mdp.39015033095103,94,0,0,Morrell,PERSON,11,18
mdp.39015033095103,94,0,1,Bonn Square,FAC,47,58
mdp.39015033095103,94,0,2,the Second Oxfordshire Light Infantry,ORG,91,128
mdp.39015033095103,94,0,3,Her Majesty's,PERSON,139,152
mdp.39015033095103,94,0,4,VGANDA,GPE,234,240
mdp.39015033095103,94,1,0,Queen Street,FAC,24,36
mdp.39015033095103,94,1,1,four,CARDINAL,71,75
mdp.39015033095103,94,1,2,the Marks and Spencer,ORG,251,272
mdp.39015033095103,94,1,3,the Star Jeans Shop,ORG,277,296
mdp.39015033095103,94,1,4,Shoppynge Playce,ORG,307,323
mdp.39015033095103,95,0,0,St. Louis,GPE,11,20
mdp.39015033095103,95,2,0,two,CARDINAL,348,351
mdp.39015033095103,95,4,0,St. Louis,GPE,90,99
mdp.39015033095103,95,4,1,Pacific,LOC,170,177
mdp.39015033095103,95,4,2,Hatteras,LOC,209,217
mdp.39015033095103,95,4,3,Colorado,GPE,295,303
mdp.39015033095103,95,4,4,weekend,DATE,342,349
mdp.39015033095103,96,0,0,Atlantic,LOC,102,110
mdp.39015033095103,96,1,0,daily,DATE,269,274
mdp.39015033095103,97,0,0,Gelogeny Revisited,PERSON,0,18
mdp.39015033095103,97,1,0,Siamese,NORP,36,43
mdp.39015033095103,97,1,1,Yellowstone National Park,FAC,327,352
mdp.39015033095103,97,1,2,six inches,QUANTITY,427,437
mdp.39015033095103,97,4,0,Rasha,PERSON,29,34
mdp.39015033095103,97,4,1,St. Louis,GPE,80,89
mdp.39015033095103,97,4,2,the next five years,DATE,132,151
mdp.39015033095103,97,6,0,German,NORP,60,66
mdp.39015033095103,97,6,1,Aachen,GPE,159,165
mdp.39015033095103,97,8,0,Volkswagen,ORG,43,53
mdp.39015033095103,97,9,0,Siamese,NORP,33,40
mdp.39015033095103,97,11,0,that night,TIME,10,20
mdp.39015033095103,97,11,1,Rhine,LOC,28,33
mdp.39015033095103,97,11,2,the International Driving,WORK_OF_ART,57,82
mdp.39015033095103,97,12,0,Stella,PERSON,82,88
mdp.39015033095103,97,14,0,fifteen,DATE,76,83
mdp.39015033095103,97,14,1,English,LANGUAGE,183,190
mdp.39015033095103,98,1,0,those days,DATE,3,13
mdp.39015033095103,98,6,0,the next day,DATE,288,300
mdp.39015033095103,98,8,0,German,NORP,11,17
mdp.39015033095103,98,9,0,Rasha,PERSON,14,19
mdp.39015033095103,99,0,0,Oxford,FAC,12,18
mdp.39015033095103,99,0,1,all night,TIME,197,206
mdp.39015033095103,99,0,2,Meister Eckhart's,PERSON,255,272
mdp.39015033095103,99,1,0,Breughel,PERSON,169,177
mdp.39015033095103,99,1,1,Adoration of the Magi,WORK_OF_ART,180,201
mdp.39015033095103,99,1,2,Christ,PERSON,227,233
mdp.39015033095103,99,3,0,Christ,PERSON,57,63
mdp.39015033095103,99,5,0,Mary,PERSON,50,54
mdp.39015033095103,99,5,1,Joseph,PERSON,59,65
mdp.39015033095103,99,6,0,Concrete,FAC,98,106
mdp.39015033095103,99,6,1,three,CARDINAL,118,123
mdp.39015033095103,99,10,0,Merton Meadows,LOC,149,163
mdp.39015033095103,100,2,0,morning,TIME,145,152
mdp.39015033095103,100,2,1,Oklahoma,GPE,165,173
mdp.39015033095103,100,3,0,September,DATE,162,171
mdp.39015033095103,100,5,0,one,CARDINAL,195,198
mdp.39015033095103,100,6,0,one,CARDINAL,175,178
mdp.39015033095103,100,6,1,one,CARDINAL,263,266
mdp.39015033095103,101,0,0,October,DATE,475,482
mdp.39015033095103,101,1,0,October day,DATE,5,16
mdp.39015033095103,101,2,0,two,CARDINAL,62,65
mdp.39015033095103,101,2,1,six feet,QUANTITY,218,226
mdp.39015033095103,101,2,2,four,CARDINAL,467,471
mdp.39015033095103,101,2,3,Bockius' Hill,LOC,595,608
mdp.39015033095103,101,2,4,Doe Creek,LOC,666,675
mdp.39015033095103,101,2,5,Buck Creek,LOC,688,698
mdp.39015033095103,102,1,0,first,ORDINAL,34,39
mdp.39015033095103,102,7,0,two,CARDINAL,25,28
mdp.39015033095103,102,8,0,June,DATE,171,175
mdp.39015033095103,102,8,1,That noon,TIME,371,380
mdp.39015033095103,103,0,0,July,DATE,21,25
mdp.39015033095103,103,1,0,Three twilights,TIME,0,15
mdp.39015033095103,103,5,0,May,DATE,17,20
mdp.39015033095103,103,5,1,five,TIME,58,62
mdp.39015033095103,103,6,0,Kendall,PERSON,69,76
mdp.39015033095103,103,8,0,the long mile,QUANTITY,8,21
mdp.39015033095103,103,8,1,three-mile,QUANTITY,218,228
mdp.39015033095103,104,0,0,one,CARDINAL,412,415
mdp.39015033095103,104,0,1,four years ago,DATE,492,506
mdp.39015033095103,104,0,2,one,CARDINAL,553,556
mdp.39015033095103,104,0,3,two whole Weeks,DATE,733,748
mdp.39015033095103,104,0,4,Roy,PERSON,860,863
mdp.39015033095103,104,0,5,August,DATE,871,877
mdp.39015033095103,104,0,6,one,CARDINAL,1187,1190
mdp.39015033095103,105,2,0,six,CARDINAL,74,77
mdp.39015033095103,105,6,0,March,DATE,7,12
mdp.39015033095103,105,7,0,one,CARDINAL,15,18
mdp.39015033095103,105,7,1,Granger's,PRODUCT,47,56
mdp.39015033095103,105,8,0,next morning,TIME,8,20
mdp.39015033095103,105,9,0,Six-thirty,TIME,0,10
mdp.39015033095103,105,10,0,Jersey,NORP,4,10
mdp.39015033095103,105,11,0,Mikey,PERSON,15,20
mdp.39015033095103,105,12,0,Bossy,PERSON,38,43
mdp.39015033095103,105,14,0,Grandpa,PERSON,25,32
mdp.39015033095103,105,16,0,Grandpa,PERSON,4,11
mdp.39015033095103,105,17,0,Jersey,PRODUCT,23,29
mdp.39015033095103,105,18,0,Grampa,PERSON,1,7
mdp.39015033095103,105,21,0,a minute,TIME,6,14
mdp.39015033095103,105,22,0,81,CARDINAL,72,74
mdp.39015033095103,106,1,0,this morning,TIME,17,29
mdp.39015033095103,106,4,0,March,DATE,9,14
mdp.39015033095103,106,9,0,two-by-fours,QUANTITY,142,154
mdp.39015033095103,106,10,0,Two gallons,QUANTITY,1,12
mdp.39015033095103,106,19,0,half,CARDINAL,13,17
mdp.39015033095103,107,1,0,March,DATE,203,208
mdp.39015033095103,107,2,0,Cherwell,PERSON,52,60
mdp.39015033095103,107,2,1,Magdalen tower,FAC,92,106
mdp.39015033095103,107,4,0,second,ORDINAL,82,88
mdp.39015033095103,107,4,1,St. Alban's,FAC,98,109
mdp.39015033095103,107,5,0,Gilbert Bray,PERSON,13,25
mdp.39015033095103,107,5,1,last night's,TIME,67,79
mdp.39015033095103,107,5,2,fifty,CARDINAL,265,270
mdp.39015033095103,107,5,3,Beowulf,WORK_OF_ART,280,287
mdp.39015033095103,111,0,0,Birch Canoe,GPE,0,11
mdp.39015033095103,113,0,0,first,ORDINAL,31,36
mdp.39015033095103,113,2,0,the Milky Way,LOC,100,113
mdp.39015033095103,115,1,0,millions of years,DATE,9,26
mdp.39015033095103,116,3,0,two,CARDINAL,163,166
mdp.39015033095103,116,3,1,two,CARDINAL,201,204
mdp.39015033095103,117,0,0,St. Louis,GPE,19,28
mdp.39015033095103,117,0,1,Stephen,PERSON,33,40
mdp.39015033095103,117,0,2,Geoffrey,PERSON,42,50
mdp.39015033095103,117,0,3,Vanessa,PERSON,52,59
mdp.39015033095103,117,0,4,Lawrence,PERSON,61,69
mdp.39015033095103,117,1,0,two hundred years ago,DATE,49,70
mdp.39015033095103,117,4,0,the last seconds,TIME,281,297
mdp.39015033095103,117,4,1,trillion,CARDINAL,463,471
mdp.39015033095103,117,4,2,this day,DATE,536,544
mdp.39015033095103,117,4,3,hundreds of years ago,DATE,1098,1119
mdp.39015033095103,117,5,0,93,CARDINAL,0,2
mdp.39015033095103,119,0,0,the Changing Light Brimming the trees,WORK_OF_ART,3,40
mdp.39015033095103,119,0,1,July,DATE,62,66
mdp.39015033095103,119,0,2,August,DATE,84,90
mdp.39015033095103,119,0,3,seventeen years or so,DATE,501,522
mdp.39015033095103,119,3,0,A. R. Luria's,PERSON,3,16
mdp.39015033095103,119,3,1,The Mind of a Mnemonist,WORK_OF_ART,22,45
mdp.39015033095103,121,0,0,Foetal Research,ORG,0,15
mdp.39015033095103,121,1,0,one,CARDINAL,47,50
mdp.39015033095103,121,3,0,Superman,PERSON,54,62
mdp.39015033095103,121,4,0,Christian,NORP,11,20
mdp.39015033095103,121,5,0,Jennifer,PERSON,47,55
mdp.39015033095103,121,5,1,Gerald,PERSON,57,63
mdp.39015033095103,121,5,2,William,PERSON,64,71
mdp.39015033095103,121,5,3,Hezekiah,PERSON,73,81
mdp.39015033095103,121,5,4,first,ORDINAL,107,112
mdp.39015033095103,121,6,0,Jeanie,PERSON,32,38
mdp.39015033095103,121,6,1,William Gerald,PERSON,40,54
mdp.39015033095103,121,6,2,Hazard Ira,PERSON,56,66
mdp.39015033095103,121,6,3,two,CARDINAL,78,81
mdp.39015033095103,121,6,4,first,ORDINAL,93,98
mdp.39015033095103,121,7,0,one,CARDINAL,72,75
mdp.39015033095103,121,7,1,Milwaukee,GPE,91,100
mdp.39015033095103,121,8,0,one,CARDINAL,56,59
mdp.39015033095103,121,8,1,Republican,NORP,60,70
mdp.39015033095103,121,8,2,Democrat,NORP,85,93
mdp.39015033095103,122,5,0,two,CARDINAL,7,10
mdp.39015033095103,122,6,0,Frankenstein,PERSON,17,29
mdp.39015033095103,122,6,1,the Nobel Prize,WORK_OF_ART,82,97
mdp.39015033095103,123,0,0,Lee Harvey Oswald,PERSON,8,25
mdp.39015033095103,123,0,1,Berchtesgaden,GPE,36,49
mdp.39015033095103,123,1,0,the late summer,DATE,27,42
mdp.39015033095103,123,2,0,Hitler,PERSON,88,94
mdp.39015033095103,123,12,0,Next morning,TIME,0,12
mdp.39015033095103,123,12,1,Hitler,PERSON,81,87
mdp.39015033095103,123,13,0,Bavarian,NORP,4,12
mdp.39015033095103,123,13,1,the night,TIME,62,71
mdp.39015033095103,123,14,0,English,LANGUAGE,24,31
mdp.39015033095103,123,14,1,German,NORP,36,42
mdp.39015033095103,123,15,0,der Fuehrers,ORG,12,24
mdp.39015033095103,123,16,0,Amerikanische General,ORG,0,21
mdp.39015033095103,123,18,0,GENERAL WALKER'S,PERSON,0,16
mdp.39015033095103,123,19,0,Oswald,PERSON,8,14
mdp.39015033095103,123,19,1,Kennedy,PERSON,56,63
mdp.39015033095103,123,20,0,Little Rock,GPE,35,46
mdp.39015033095103,123,22,0,WALKER,PERSON,8,14
mdp.39015033095103,123,22,1,Stars and Stripes,WORK_OF_ART,40,57
mdp.39015033095103,123,25,0,Clio,GPE,0,4
mdp.39015033095103,123,28,0,99,CARDINAL,7,9
mdp.39015033095103,124,0,0,American,NORP,52,60
mdp.39015033095103,124,3,0,Frankfurt,GPE,27,36
mdp.39015033095103,124,4,0,Munich,GPE,27,33
mdp.39015033095103,124,4,1,Dachau,GPE,59,65
mdp.39015033095103,124,7,0,Berliner,NORP,12,20
mdp.39015033095103,125,2,0,Indian,NORP,24,30
mdp.39015033095103,125,2,1,Martin Luther King,PERSON,102,120
mdp.39015033095103,125,2,2,Andrew Young,PERSON,154,166
mdp.39015033095103,125,2,3,Holocaust,EVENT,210,219
mdp.39015033095103,125,2,4,Lebensraum,GPE,246,256
mdp.39015033095103,125,2,5,Lebanon,GPE,260,267
mdp.39015033095103,125,2,6,Palestinians,NORP,273,285
mdp.39015033095103,125,2,7,these days,DATE,322,332
mdp.39015033095103,125,4,0,Acoma,ORG,36,41
mdp.39015033095103,125,4,1,Kerr-McGee,ORG,55,65
mdp.39015033095103,125,4,2,New Mexico,GPE,76,86
mdp.39015033095103,125,4,3,Iroquois,NORP,110,118
mdp.39015033095103,125,4,4,Adirondacks,LOC,132,143
mdp.39015033095103,125,4,5,the Chase Manhattan,ORG,179,198
mdp.39015033095103,125,4,6,Rupert Murdoch,PERSON,200,214
mdp.39015033095103,125,4,7,the Ivy League,ORG,220,234
mdp.39015033095103,126,3,0,Reagan,PERSON,116,122
mdp.39015033095103,126,3,1,Gorbachev,PERSON,124,133
mdp.39015033095103,126,3,2,Shamir,PERSON,135,141
mdp.39015033095103,126,3,3,Khaddafy,PERSON,143,151
mdp.39015033095103,126,3,4,Thatcher,PERSON,153,161
mdp.39015033095103,126,3,5,D'Aubuisson,PERSON,163,174
mdp.39015033095103,126,8,0,Summit,LOC,28,34
mdp.39015033095103,127,3,0,earth,LOC,24,29
mdp.39015033095103,127,6,0,103,CARDINAL,46,49
mdp.39015033095103,128,4,0,Roman,NORP,30,35
mdp.39015033095103,128,4,1,English,NORP,49,56
mdp.39015033095103,129,0,0,Shakespeare,PERSON,0,11
mdp.39015033095103,129,0,1,Robert Greene,PERSON,27,40
mdp.39015033095103,129,1,0,Shakespeare,PERSON,59,70
mdp.39015033095103,130,1,0,Michael Castro,PERSON,263,277
mdp.39015033095103,131,0,0,America,GPE,9,16
mdp.39015033095103,131,0,1,1,CARDINAL,17,18
mdp.39015033095103,131,1,0,Odysseus,PERSON,67,75
mdp.39015033095103,131,1,1,Dwight Eisenhower,PERSON,82,99
mdp.39015033095103,131,1,2,LaGuardia,FAC,156,165
mdp.39015033095103,131,1,3,Dante,PERSON,604,609
mdp.39015033095103,131,1,4,Paradiso,FAC,612,620
mdp.39015033095103,131,1,5,Earth,LOC,746,751
mdp.39015033095103,131,1,6,Marlowe,PERSON,870,877
mdp.39015033095103,131,1,7,Helen,PERSON,880,885
mdp.39015033095103,131,1,8,Shakespeare,PERSON,889,900
mdp.39015033095103,131,1,9,Cleopatra,PERSON,903,912
mdp.39015033095103,131,1,10,107,CARDINAL,1134,1137
mdp.39015033095103,132,3,0,Cleo,PERSON,80,84
mdp.39015033095103,132,3,1,Helen,PERSON,89,94
mdp.39015033095103,132,4,0,Broadway,FAC,196,204
mdp.39015033095103,132,4,1,night,TIME,223,228
mdp.39015033095103,132,5,0,Hesperides,LOC,109,119
mdp.39015033095103,132,5,1,Hesperidean,NORP,251,262
mdp.39015033095103,132,5,2,one,CARDINAL,292,295
mdp.39015033095103,132,5,3,the Big Apple,LOC,306,319
mdp.39015033095103,133,0,0,midnight,TIME,187,195
mdp.39015033095103,133,2,0,Cleo,PERSON,57,61
mdp.39015033095103,133,2,1,Times Square,FAC,285,297
mdp.39015033095103,133,2,2,Elysium,LOC,327,334
mdp.39015033095103,133,2,3,night,TIME,338,343
mdp.39015033095103,133,3,0,2,CARDINAL,0,1
mdp.39015033095103,133,3,1,New York,GPE,3,11
mdp.39015033095103,133,3,2,the Hotel Empire's,ORG,34,52
mdp.39015033095103,133,3,3,Sixty-Third,FAC,68,79
mdp.39015033095103,133,3,4,Broadway,FAC,84,92
mdp.39015033095103,133,3,5,Lincoln Center,FAC,105,119
mdp.39015033095103,133,3,6,Dante,PERSON,152,157
mdp.39015033095103,133,3,7,Stella,PERSON,234,240
mdp.39015033095103,133,3,8,109,CARDINAL,269,272
mdp.39015033095103,134,0,0,Strauss,PERSON,83,90
mdp.39015033095103,134,0,1,Stravinsky,PERSON,92,102
mdp.39015033095103,134,0,2,Berlioz,PERSON,104,111
mdp.39015033095103,134,0,3,the Hudson River,LOC,149,165
mdp.39015033095103,134,2,0,a day,DATE,7,12
mdp.39015033095103,134,2,1,Nightingale,PERSON,146,157
mdp.39015033095103,134,2,2,Makarova,PERSON,169,177
mdp.39015033095103,134,2,3,Fisherman,PERSON,187,196
mdp.39015033095103,134,2,4,Anthony Dowell,PERSON,208,222
mdp.39015033095103,134,2,5,Chinese,NORP,250,257
mdp.39015033095103,134,2,6,Stella,PERSON,556,562
mdp.39015033095103,134,2,7,Met,ORG,594,597
mdp.39015033095103,134,3,0,this Belmont Room,FAC,14,31
mdp.39015033095103,134,3,1,Alistair Cooke,PERSON,70,84
mdp.39015033095103,134,3,2,a Master Work,WORK_OF_ART,101,114
mdp.39015033095103,134,3,3,Our Gracious Study,WORK_OF_ART,132,150
mdp.39015033095103,134,4,0,one,CARDINAL,47,50
mdp.39015033095103,134,4,1,Coca-Cola,PRODUCT,51,60
mdp.39015033095103,134,4,2,St. Louis,GPE,69,78
mdp.39015033095103,134,4,3,New York,GPE,119,127
mdp.39015033095103,134,4,4,Byron,PERSON,145,150
mdp.39015033095103,134,5,0,two days,DATE,39,47
mdp.39015033095103,134,5,1,three nights,DATE,52,64
mdp.39015033095103,134,5,2,Amherst,GPE,149,156
mdp.39015033095103,134,5,3,Cuba,GPE,192,196
mdp.39015033095103,135,0,0,each morning,TIME,75,87
mdp.39015033095103,135,1,0,Dante,PERSON,51,56
mdp.39015033095103,135,1,1,Vergilian,NORP,301,310
mdp.39015033095103,135,1,2,Rome,GPE,311,315
mdp.39015033095103,135,1,3,Florence,GPE,330,338
mdp.39015033095103,135,1,4,America,GPE,362,369
mdp.39015033095103,135,2,0,3,CARDINAL,0,1
mdp.39015033095103,135,3,0,March,DATE,44,49
mdp.39015033095103,135,3,1,the Osage Reservation,LOC,67,88
mdp.39015033095103,135,3,2,Oklahoma,GPE,92,100
mdp.39015033095103,135,3,3,miles,CARDINAL,184,189
mdp.39015033095103,135,4,0,the Cold War,EVENT,109,121
mdp.39015033095103,135,5,0,Bartlesville,GPE,55,67
mdp.39015033095103,135,6,0,midnight dawn,TIME,39,52
mdp.39015033095103,136,0,0,weeknights,TIME,23,33
mdp.39015033095103,136,0,1,eleven,TIME,37,43
mdp.39015033095103,136,2,0,Volkswagens,PRODUCT,153,164
mdp.39015033095103,136,6,0,the Epic of America,WORK_OF_ART,84,103
mdp.39015033095103,136,8,0,the Osage Reservation,LOC,25,46
mdp.39015033095103,136,8,1,one,CARDINAL,55,58
mdp.39015033095103,136,8,2,six,CARDINAL,78,81
mdp.39015033095103,136,8,3,Pawhuska,GPE,120,128
mdp.39015033095103,136,9,0,St. Louis,GPE,25,34
mdp.39015033095103,136,9,1,Alex,PERSON,48,52
mdp.39015033095103,136,9,2,Old Beck,PERSON,72,80
mdp.39015033095103,136,9,3,Jude,PERSON,85,89
mdp.39015033095103,136,10,0,second,ORDINAL,72,78
mdp.39015033095103,136,10,1,Indian,NORP,162,168
mdp.39015033095103,137,0,0,Pawhuska,GPE,44,52
mdp.39015033095103,137,0,1,Osage Headright,GPE,190,205
mdp.39015033095103,137,1,0,Woody,PERSON,42,47
mdp.39015033095103,137,1,1,Thelma,PERSON,213,219
mdp.39015033095103,137,2,0,sixty miles an hour,QUANTITY,253,272
mdp.39015033095103,137,3,0,Indian Camp,LOC,52,63
mdp.39015033095103,137,3,1,Pawhuska,GPE,75,83
mdp.39015033095103,137,5,0,New York City,GPE,90,103
mdp.39015033095103,137,6,0,113,CARDINAL,39,42
mdp.39015033095103,138,0,0,the Osage Hills,LOC,13,28
mdp.39015033095103,138,0,1,summertime,DATE,94,104
mdp.39015033095103,138,0,2,one,CARDINAL,207,210
mdp.39015033095103,138,0,3,Babylon,GPE,248,255
mdp.39015033095103,138,0,4,Hudson,LOC,263,269
mdp.39015033095103,138,1,0,Reservation,FAC,48,59
mdp.39015033095103,138,1,1,Cherokees,NORP,74,83
mdp.39015033095103,138,1,2,only a hundred and twenty years ago,DATE,171,206
mdp.39015033095103,138,3,0,Indians,NORP,64,71
mdp.39015033095103,138,3,1,Bostonian,NORP,128,137
mdp.39015033095103,138,3,2,New Yorker,NORP,141,151
mdp.39015033095103,138,4,0,half,CARDINAL,113,117
mdp.39015033095103,138,4,1,that day,DATE,308,316
mdp.39015033095103,138,5,0,Forty-sixth Star,ORG,104,120
mdp.39015033095103,138,8,0,New York City's,GPE,54,69
mdp.39015033095103,139,2,0,Empire,GPE,11,17
mdp.39015033095103,139,2,1,Republic,ORG,86,94
mdp.39015033095103,139,2,2,Vergil,PERSON,142,148
mdp.39015033095103,139,2,3,Columbia,GPE,188,196
mdp.39015033095103,141,0,0,Bill,PERSON,53,57
mdp.39015033095103,141,0,1,Carole,PERSON,62,68
mdp.39015033095103,141,0,2,Oakland,GPE,73,80
mdp.39015033095103,141,0,3,April,DATE,82,87
mdp.39015033095103,141,1,0,April,DATE,685,690
mdp.39015033095103,141,1,1,Mozart,PERSON,981,987
mdp.39015033095103,141,2,0,two,CARDINAL,11,14
mdp.39015033095103,141,2,1,one,CARDINAL,18,21
mdp.39015033095103,141,2,2,117,CARDINAL,48,51
mdp.39015033095103,142,0,0,tomorrow,DATE,0,8
mdp.39015033095103,142,0,1,today,DATE,13,18
mdp.39015033095103,142,0,2,every day,DATE,396,405
mdp.39015033095103,143,0,0,University of Tulsa,ORG,33,52
mdp.39015033095103,143,0,1,4 May 1990,DATE,54,64
mdp.39015033095103,143,0,2,Don,PERSON,69,72
mdp.39015033095103,143,0,3,Mary Frances Hayden,PERSON,77,96
mdp.39015033095103,143,1,0,The Living World,WORK_OF_ART,107,123
mdp.39015033095103,143,3,0,months later,DATE,52,64
mdp.39015033095103,143,3,1,thousands of miles,QUANTITY,69,87
mdp.39015033095103,144,0,0,two,CARDINAL,175,178
mdp.39015033095103,144,0,1,three,CARDINAL,180,185
mdp.39015033095103,144,2,0,Tristan,PERSON,648,655
mdp.39015033095103,144,2,1,Isolde,PERSON,663,669
mdp.39015033095103,145,3,0,Voyager,PRODUCT,41,48
mdp.39015033095103,145,3,1,Navajo,NORP,132,138
mdp.39015033095103,145,4,0,three-day,DATE,46,55
mdp.39015033095103,145,4,1,Beethoven,PERSON,117,126
mdp.39015033095103,145,6,0,Beethoven,PERSON,38,47
mdp.39015033095103,145,6,1,Ninth,WORK_OF_ART,50,55
mdp.39015033095103,145,6,2,Ode to Joy,WORK_OF_ART,70,80
mdp.39015033095103,145,6,3,first,ORDINAL,153,158
mdp.39015033095103,145,6,4,Voyager,PRODUCT,183,190
mdp.39015033095103,145,7,0,Aztecs,NORP,14,20
mdp.39015033095103,145,7,1,Cortez,PRODUCT,51,57
mdp.39015033095103,145,8,0,Five hundred years ago,DATE,0,22
mdp.39015033095103,145,8,1,Five hundred years ago,DATE,37,59
mdp.39015033095103,145,8,2,Columbus,GPE,60,68
mdp.39015033095103,145,9,0,Mohicans,NORP,46,54
mdp.39015033095103,145,9,1,Civil Wars,EVENT,123,133
mdp.39015033095103,146,0,0,Dresden,GPE,56,63
mdp.39015033095103,146,0,1,Hue,GPE,65,68
mdp.39015033095103,146,0,2,Beirut,GPE,70,76
mdp.39015033095103,146,1,0,El SalvadorEL,GPE,0,13
mdp.39015033095103,146,2,0,Pulitzer Prizes,WORK_OF_ART,45,60
mdp.39015033095103,146,2,1,Easter Sunday,DATE,90,103
mdp.39015033095103,146,2,2,the Religious Channel,WORK_OF_ART,150,171
mdp.39015033095103,146,2,3,Savior,PERSON,218,224
mdp.39015033095103,146,2,4,Michaelangelo,PERSON,230,243
mdp.39015033095103,146,2,5,St. Peter's,FAC,323,334
mdp.39015033095103,146,2,6,Rome,GPE,344,348
mdp.39015033095103,147,0,0,Joy,PERSON,22,25
mdp.39015033095103,147,0,1,Daisy,PERSON,30,35
mdp.39015033095103,147,0,2,Simon,PERSON,55,60
mdp.39015033095103,147,0,3,Rainy Dawn,PERSON,79,89
mdp.39015033095103,147,0,4,Chris,PERSON,94,99
mdp.39015033095103,147,0,5,Krista Rae,PERSON,114,124
mdp.39015033095103,147,1,0,one,CARDINAL,167,170
mdp.39015033095103,147,2,0,this day,DATE,558,566
mdp.39015033095103,147,3,0,123,CARDINAL,0,3
mdp.39015033095103,148,1,0,Carter Revard,PERSON,0,13
mdp.39015033095103,148,1,1,Osage,NORP,20,25
mdp.39015033095103,148,1,2,Osage,NORP,62,67
mdp.39015033095103,148,1,3,1952,DATE,76,80
mdp.39015033095103,148,1,4,Pawhuska,GPE,84,92
mdp.39015033095103,148,1,5,Agency,ORG,98,104
mdp.39015033095103,148,1,6,Josephine Jump,PERSON,154,168
mdp.39015033095103,148,2,0,the Buck Creek Valley,LOC,14,35
mdp.39015033095103,148,2,1,twenty miles,QUANTITY,36,48
mdp.39015033095103,148,2,2,Pawhuska,GPE,57,65
mdp.39015033095103,148,2,3,six,CARDINAL,153,156
mdp.39015033095103,148,2,4,Buck Creek School,ORG,183,200
mdp.39015033095103,148,2,5,one,CARDINAL,202,205
mdp.39015033095103,148,2,6,eight,CARDINAL,212,217
mdp.39015033095103,148,2,7,their eighth grade year,DATE,278,301
mdp.39015033095103,148,3,0,Bartlesville College High,ORG,18,43
mdp.39015033095103,148,3,1,the University of Tulsa,ORG,81,104
mdp.39015033095103,148,3,2,B.A.,WORK_OF_ART,122,126
mdp.39015033095103,148,3,3,1952,DATE,130,134
mdp.39015033095103,148,4,0,Oxford University,ORG,25,42
mdp.39015033095103,148,4,1,a Rhodes Scholarship,WORK_OF_ART,60,80
mdp.39015033095103,148,4,2,Franklin Eikenberry,PERSON,108,127
mdp.39015033095103,148,4,3,the University of Tulsa,ORG,131,154
mdp.39015033095103,148,4,4,Ph.D.,WORK_OF_ART,187,192
mdp.39015033095103,148,4,5,Yale University,ORG,198,213
mdp.39015033095103,148,4,6,1959,DATE,217,221
mdp.39015033095103,148,5,0,1961,DATE,6,10
mdp.39015033095103,148,5,1,Washington University,ORG,28,49
mdp.39015033095103,148,5,2,St. Louis,GPE,51,60
mdp.39015033095103,148,5,3,the University of Tulsa,ORG,91,114
mdp.39015033095103,148,5,4,University of Oklahoma,ORG,119,141
mdp.39015033095103,148,6,0,English,LANGUAGE,40,47
mdp.39015033095103,148,6,1,American Indian,NORP,117,132
mdp.39015033095103,148,7,0,Two,CARDINAL,0,3
mdp.39015033095103,148,7,1,Point Riders Press,ORG,52,70
mdp.39015033095103,148,7,2,Oklahoma,GPE,74,82
mdp.39015033095103,148,7,3,Ponca War Dancers,WORK_OF_ART,84,101
mdp.39015033095103,148,7,4,1980,DATE,103,107
mdp.39015033095103,148,7,5,"Cowboys and Indians, Christmas Shopping",WORK_OF_ART,113,152
mdp.39015033095103,148,7,6,1992,DATE,154,158
mdp.39015033095103,148,8,0,Talking Leaves,WORK_OF_ART,77,91
mdp.39015033095103,148,8,1,Dell,ORG,93,97
mdp.39015033095103,148,8,2,1991,DATE,99,103
mdp.39015033095103,148,8,3,New Worlds of Literature,WORK_OF_ART,109,133
mdp.39015033095103,148,8,4,Norton,ORG,135,141
mdp.39015033095103,148,8,5,1989,DATE,143,147
mdp.39015033095103,150,0,0,1995,DATE,43,47
