vol_id,page,sentence_id,ent_id,entity,entity_type,start_char,end_char
mdp.39015037773101,1,0,0,1992,DATE,17,21
mdp.39015037773101,2,0,0,7,CARDINAL,28,29
mdp.39015037773101,5,0,0,NATIVE PEOPLE A NATIVE WAYS A SERIES,WORK_OF_ART,0,36
mdp.39015037773101,5,0,1,The Native American Book of Change,WORK_OF_ART,48,82
mdp.39015037773101,7,0,0,NATIVE PEOPLE A NATIVE WAYS A SERIES,WORK_OF_ART,0,36
mdp.39015037773101,7,0,1,III,CARDINAL,46,49
mdp.39015037773101,7,0,2,The Native American Book of Change,WORK_OF_ART,50,84
mdp.39015037773101,7,0,3,Shonto W. Begay,PERSON,131,146
mdp.39015037773101,7,0,4,A Beyond Words Publishing,ORG,147,172
mdp.39015037773101,8,1,0,"Beyond Words Publishing, Inc.",ORG,0,29
mdp.39015037773101,8,1,1,1999,DATE,30,34
mdp.39015037773101,8,1,2,Hillsboro,GPE,63,72
mdp.39015037773101,8,1,3,Oregon,GPE,74,80
mdp.39015037773101,8,2,0,503-647-5109,CARDINAL,7,19
mdp.39015037773101,8,2,1,1-800-284-9673,CARDINAL,30,44
mdp.39015037773101,8,3,0,1992,DATE,16,20
mdp.39015037773101,8,3,1,White Deer of,PERSON,24,37
mdp.39015037773101,8,3,2,1992,DATE,70,74
mdp.39015037773101,8,3,3,"Beyond Words Publishing, Inc.",ORG,78,107
mdp.39015037773101,8,6,0,the United States of America,GPE,65,93
mdp.39015037773101,8,6,1,Publishers Group,ORG,109,125
mdp.39015037773101,8,6,2,White Deer of Autumn,WORK_OF_ART,182,202
mdp.39015037773101,8,7,0,American,NORP,11,19
mdp.39015037773101,8,7,1,White Deer of Autumn,WORK_OF_ART,45,65
mdp.39015037773101,8,7,2,Shonto W. Begay,PERSON,81,96
mdp.39015037773101,8,10,0,"Native people, native ways series",WORK_OF_ART,1,34
mdp.39015037773101,8,10,1,3,CARDINAL,40,41
mdp.39015037773101,8,11,0,third,ORDINAL,14,19
mdp.39015037773101,8,11,1,four,CARDINAL,25,29
mdp.39015037773101,8,11,2,Native Americans,NORP,47,63
mdp.39015037773101,8,11,3,the centuries,DATE,95,108
mdp.39015037773101,8,12,0,0-941831-73-6,CARDINAL,5,18
mdp.39015037773101,8,12,1,3,CARDINAL,23,24
mdp.39015037773101,8,12,2,4.95,MONEY,28,32
mdp.39015037773101,8,12,3,1,CARDINAL,33,34
mdp.39015037773101,8,13,0,2,CARDINAL,0,1
mdp.39015037773101,8,14,0,3,CARDINAL,0,1
mdp.39015037773101,8,15,0,1,CARDINAL,1,2
mdp.39015037773101,8,16,0,Begay,PERSON,3,8
mdp.39015037773101,8,16,1,Shonto,PERSON,10,16
mdp.39015037773101,8,17,0,III,CARDINAL,11,14
mdp.39015037773101,8,17,1,White Deer of Autumn,WORK_OF_ART,24,44
mdp.39015037773101,8,18,0,3,CARDINAL,39,40
mdp.39015037773101,9,1,0,one,CARDINAL,38,41
mdp.39015037773101,11,0,0,1,CARDINAL,76,77
mdp.39015037773101,11,0,1,2,CARDINAL,111,112
mdp.39015037773101,11,0,2,3,CARDINAL,138,139
mdp.39015037773101,11,0,3,North American,NORP,140,154
mdp.39015037773101,11,0,4,4,CARDINAL,179,180
mdp.39015037773101,11,0,5,5,CARDINAL,223,224
mdp.39015037773101,11,0,6,29,CARDINAL,299,301
mdp.39015037773101,11,0,7,6,CARDINAL,310,311
mdp.39015037773101,11,0,8,Prophecies of Our Time A,WORK_OF_ART,312,336
mdp.39015037773101,11,0,9,2,CARDINAL,410,411
mdp.39015037773101,11,0,10,Making Shields a 57,WORK_OF_ART,412,431
mdp.39015037773101,11,0,11,3,CARDINAL,440,441
mdp.39015037773101,11,0,12,All I Know About Indians a 65 Chapter 4 Mr. Horn's Shield A 71 Chapter 5 Arrows of Truth A 75 About the Author a 82 Acknowledgments a 84,WORK_OF_ART,442,578
mdp.39015037773101,11,0,13,85,CARDINAL,612,614
mdp.39015037773101,11,0,14,88,CARDINAL,636,638
mdp.39015037773101,13,0,0,1,CARDINAL,5,6
mdp.39015037773101,15,0,0,1,CARDINAL,8,9
mdp.39015037773101,15,3,0,The Education of Little Tree,WORK_OF_ART,6,34
mdp.39015037773101,15,3,1,Forrest Carter W h at,PERSON,39,60
mdp.39015037773101,15,5,0,the American Indians,NORP,67,87
mdp.39015037773101,16,0,0,4,CARDINAL,0,1
mdp.39015037773101,16,10,0,Indian,NORP,0,6
mdp.39015037773101,17,0,0,5,CARDINAL,23,24
mdp.39015037773101,18,1,0,tons,CARDINAL,106,110
mdp.39015037773101,18,9,0,days,DATE,17,21
mdp.39015037773101,18,9,1,months,DATE,40,46
mdp.39015037773101,18,15,0,Europeans,NORP,30,39
mdp.39015037773101,18,15,1,the Native Americans,NORP,56,76
mdp.39015037773101,18,17,0,Native America,LOC,95,109
mdp.39015037773101,21,0,0,2,CARDINAL,8,9
mdp.39015037773101,21,4,0,Indian Love Letter,WORK_OF_ART,8,26
mdp.39015037773101,21,4,1,Soge,PERSON,32,36
mdp.39015037773101,21,4,2,Native,NORP,58,64
mdp.39015037773101,21,4,3,Deganawida,NORP,169,179
mdp.39015037773101,21,4,4,centuries,DATE,216,225
mdp.39015037773101,21,4,5,Europeans,NORP,231,240
mdp.39015037773101,22,0,0,10 A,CARDINAL,0,4
mdp.39015037773101,22,0,1,the Native Americans,NORP,86,106
mdp.39015037773101,22,1,0,Native,NORP,22,28
mdp.39015037773101,22,2,0,Mexico,GPE,3,9
mdp.39015037773101,22,2,1,Central and South America,LOC,17,42
mdp.39015037773101,22,2,2,a hundred years,DATE,72,87
mdp.39015037773101,22,2,3,Spanish,NORP,129,136
mdp.39015037773101,22,2,4,several million,CARDINAL,227,242
mdp.39015037773101,22,2,5,Native Americans,NORP,243,259
mdp.39015037773101,22,3,0,Europeans,NORP,57,66
mdp.39015037773101,22,3,1,Native American,NORP,106,121
mdp.39015037773101,22,4,0,Indian,NORP,12,18
mdp.39015037773101,22,5,0,Indians,NORP,4,11
mdp.39015037773101,22,6,0,European,NORP,6,14
mdp.39015037773101,22,6,1,Native Americans,NORP,63,79
mdp.39015037773101,22,7,0,Native,NORP,23,29
mdp.39015037773101,22,7,1,America,GPE,40,47
mdp.39015037773101,22,7,2,Christian,NORP,85,94
mdp.39015037773101,22,8,0,Native Americans,NORP,14,30
mdp.39015037773101,22,8,1,Christian,NORP,60,69
mdp.39015037773101,22,12,0,Spanish,NORP,19,26
mdp.39015037773101,22,12,1,Indians,NORP,67,74
mdp.39015037773101,22,13,0,Mayan,NORP,4,9
mdp.39015037773101,22,13,1,Cuceb,WORK_OF_ART,15,20
mdp.39015037773101,23,0,0,The Conquest A 11,EVENT,0,17
mdp.39015037773101,23,1,0,Chilam Balam,PERSON,84,96
mdp.39015037773101,23,4,0,American,NORP,29,37
mdp.39015037773101,23,4,1,Indian,NORP,38,44
mdp.39015037773101,23,7,0,Aztec,NORP,7,12
mdp.39015037773101,23,7,1,A Song for Huetzotzinco,WORK_OF_ART,19,42
mdp.39015037773101,23,8,0,Europeans,NORP,18,27
mdp.39015037773101,23,9,0,Aztecs,NORP,42,48
mdp.39015037773101,24,0,0,12,CARDINAL,0,2
mdp.39015037773101,24,2,0,Native America,LOC,44,58
mdp.39015037773101,24,2,1,Mayan,NORP,65,70
mdp.39015037773101,24,2,2,Nam Pech,PERSON,84,92
mdp.39015037773101,24,3,0,Mayan,NORP,40,45
mdp.39015037773101,24,3,1,Chichen Itza,GPE,54,66
mdp.39015037773101,24,3,2,the Yucatán Peninsula,LOC,79,100
mdp.39015037773101,24,4,0,Itza,GPE,10,14
mdp.39015037773101,24,4,1,Four,CARDINAL,78,82
mdp.39015037773101,24,4,2,fourth,ORDINAL,138,144
mdp.39015037773101,24,6,0,the Native Americans,NORP,34,54
mdp.39015037773101,24,6,1,first,ORDINAL,59,64
mdp.39015037773101,24,6,2,Europeans,NORP,77,86
mdp.39015037773101,24,7,0,Cortés,PERSON,17,23
mdp.39015037773101,24,7,1,Spanish,NORP,32,39
mdp.39015037773101,24,7,2,Quetzalcoatl,NORP,62,74
mdp.39015037773101,24,7,3,Indian,NORP,205,211
mdp.39015037773101,24,8,0,Indian,NORP,29,35
mdp.39015037773101,25,0,0,Europe,LOC,18,24
mdp.39015037773101,25,1,0,Indian Givers,WORK_OF_ART,22,35
mdp.39015037773101,25,1,1,Jack Weatherford,PERSON,40,56
mdp.39015037773101,25,1,2,Europe,LOC,121,127
mdp.39015037773101,25,1,3,200 million tons,QUANTITY,141,157
mdp.39015037773101,25,2,0,Aztec,NORP,0,5
mdp.39015037773101,25,2,1,at least two billion dollars,MONEY,45,73
mdp.39015037773101,25,3,0,Europeans,NORP,9,18
mdp.39015037773101,25,3,1,two,CARDINAL,105,108
mdp.39015037773101,25,4,0,Indians,NORP,0,7
mdp.39015037773101,25,6,0,Native Americans,NORP,0,16
mdp.39015037773101,25,7,0,Natives,NORP,5,12
mdp.39015037773101,25,8,0,Indian,NORP,45,51
mdp.39015037773101,25,9,0,Indians,NORP,4,11
mdp.39015037773101,25,9,1,Earth,LOC,92,97
mdp.39015037773101,25,12,0,Europeans,NORP,9,18
mdp.39015037773101,25,14,0,today,DATE,5,10
mdp.39015037773101,25,14,1,Indians,NORP,11,18
mdp.39015037773101,25,15,0,South America,LOC,35,48
mdp.39015037773101,26,0,0,14,CARDINAL,0,2
mdp.39015037773101,26,0,1,the Native Americans,NORP,43,63
mdp.39015037773101,26,1,0,Indian,NORP,59,65
mdp.39015037773101,26,2,0,Europe,LOC,99,105
mdp.39015037773101,26,4,0,Indians,NORP,70,77
mdp.39015037773101,26,4,1,Africans,NORP,112,120
mdp.39015037773101,26,5,0,Indian,NORP,11,17
mdp.39015037773101,26,5,1,Europeans,NORP,55,64
mdp.39015037773101,26,6,0,Indians,NORP,35,42
mdp.39015037773101,26,6,1,Europeans,NORP,57,66
mdp.39015037773101,26,8,0,Spanish,NORP,4,11
mdp.39015037773101,26,8,1,millions,CARDINAL,46,54
mdp.39015037773101,26,10,0,At least a million,CARDINAL,0,18
mdp.39015037773101,26,10,1,Carib Indians,NORP,19,32
mdp.39015037773101,26,10,2,ten years,DATE,63,72
mdp.39015037773101,26,10,3,Europeans,NORP,80,89
mdp.39015037773101,26,11,0,Today,DATE,0,5
mdp.39015037773101,26,11,1,the Caribbean Sea,LOC,6,23
mdp.39015037773101,26,11,2,the Caribbean Islands,LOC,28,49
mdp.39015037773101,26,12,0,Native American,NORP,16,31
mdp.39015037773101,26,13,0,Caribs,NORP,11,17
mdp.39015037773101,26,14,0,South America,LOC,16,29
mdp.39015037773101,26,15,0,Carib,NORP,15,20
mdp.39015037773101,26,15,1,Belize,GPE,124,130
mdp.39015037773101,26,16,0,the Western Hemisphere,LOC,16,38
mdp.39015037773101,26,16,1,Europeans,NORP,46,55
mdp.39015037773101,26,16,2,North America,LOC,76,89
mdp.39015037773101,26,17,0,Native,NORP,10,16
mdp.39015037773101,26,18,0,Aztec,NORP,9,14
mdp.39015037773101,26,18,1,Mayan,NORP,25,30
mdp.39015037773101,26,19,0,3,CARDINAL,31,32
mdp.39015037773101,27,0,0,3,CARDINAL,8,9
mdp.39015037773101,27,0,1,North American,NORP,10,24
mdp.39015037773101,27,2,0,Prophecy of Metacomet,WORK_OF_ART,6,27
mdp.39015037773101,27,2,1,Wampanoag,NORP,32,41
mdp.39015037773101,27,2,2,the Massasoit Osamekun,PERSON,70,92
mdp.39015037773101,27,2,3,Native,NORP,98,104
mdp.39015037773101,27,2,4,Pilgrims,NORP,154,162
mdp.39015037773101,27,2,5,etacomet,PERSON,176,184
mdp.39015037773101,27,3,0,English,LANGUAGE,56,63
mdp.39015037773101,28,0,0,16,CARDINAL,0,2
mdp.39015037773101,28,0,1,Philip,PERSON,59,65
mdp.39015037773101,28,1,0,Native American,NORP,91,106
mdp.39015037773101,28,3,0,U.S.,GPE,68,72
mdp.39015037773101,28,5,0,Native American,NORP,95,110
mdp.39015037773101,28,6,0,Christianity,ORG,28,40
mdp.39015037773101,28,6,1,Indians,NORP,121,128
mdp.39015037773101,28,7,0,Indian,NORP,39,45
mdp.39015037773101,28,8,0,Native Americans,NORP,21,37
mdp.39015037773101,28,8,1,Seneca,NORP,47,53
mdp.39015037773101,28,8,2,Red Jacket,PERSON,62,72
mdp.39015037773101,28,8,3,Indian,NORP,94,100
mdp.39015037773101,28,9,0,Red Jacket,PERSON,92,102
mdp.39015037773101,28,10,0,Native Americans,NORP,10,26
mdp.39015037773101,28,12,0,the Western Hemisphere,LOC,16,38
mdp.39015037773101,28,12,1,more than 400 years,DATE,44,63
mdp.39015037773101,28,13,0,"2,000",CARDINAL,17,22
mdp.39015037773101,28,13,1,Native American,NORP,23,38
mdp.39015037773101,28,13,2,1492,DATE,82,86
mdp.39015037773101,29,0,0,North American,NORP,0,14
mdp.39015037773101,29,0,1,17,CARDINAL,28,30
mdp.39015037773101,29,0,2,Columbus,PERSON,31,39
mdp.39015037773101,29,0,3,"1,700",CARDINAL,48,53
mdp.39015037773101,29,2,0,Calusa,GPE,33,39
mdp.39015037773101,29,2,1,Illinois,GPE,41,49
mdp.39015037773101,29,2,2,Peoria,GPE,51,57
mdp.39015037773101,29,4,0,the American Indians,NORP,24,44
mdp.39015037773101,29,5,0,North,LOC,64,69
mdp.39015037773101,29,5,1,Central,LOC,71,78
mdp.39015037773101,29,5,2,South America,LOC,83,96
mdp.39015037773101,29,6,0,Guatemala,GPE,3,12
mdp.39015037773101,29,6,1,El Salvador,GPE,14,25
mdp.39015037773101,29,6,2,Nicaragua,GPE,27,36
mdp.39015037773101,29,6,3,South America,LOC,42,55
mdp.39015037773101,29,6,4,Native Americans,NORP,71,87
mdp.39015037773101,29,8,0,this century,DATE,6,18
mdp.39015037773101,29,8,1,Brazil,GPE,23,29
mdp.39015037773101,29,8,2,a Native American,NORP,61,78
mdp.39015037773101,29,9,0,Indian,NORP,43,49
mdp.39015037773101,29,10,0,Oglala Sioux,NORP,4,16
mdp.39015037773101,29,10,1,Luther Standing Bear,PERSON,23,43
mdp.39015037773101,29,10,2,Indian,NORP,104,110
mdp.39015037773101,29,10,3,Indian,NORP,267,273
mdp.39015037773101,29,12,0,Indian,NORP,159,165
mdp.39015037773101,29,14,0,Luther Standing Bear,PERSON,5,25
mdp.39015037773101,29,14,1,Suquamish,NORP,37,46
mdp.39015037773101,29,14,2,Duwamish,NORP,51,59
mdp.39015037773101,29,14,3,Sealth,PERSON,66,72
mdp.39015037773101,29,14,4,Seattle,GPE,87,94
mdp.39015037773101,30,0,0,18,CARDINAL,0,2
mdp.39015037773101,30,0,1,Indian,NORP,47,53
mdp.39015037773101,30,1,0,Indians,NORP,24,31
mdp.39015037773101,30,2,0,Indians,NORP,5,12
mdp.39015037773101,30,6,0,Indians,NORP,6,13
mdp.39015037773101,30,8,0,Indians,NORP,5,12
mdp.39015037773101,30,9,0,Native,NORP,115,121
mdp.39015037773101,30,10,0,Indian,NORP,36,42
mdp.39015037773101,30,11,0,Indians,NORP,6,13
mdp.39015037773101,30,12,0,Indians,NORP,10,17
mdp.39015037773101,30,13,0,Indian,NORP,5,11
mdp.39015037773101,30,13,1,Mexico,GPE,15,21
mdp.39015037773101,30,13,2,La Malinche,PERSON,48,59
mdp.39015037773101,30,14,0,Dona Marina,PERSON,12,23
mdp.39015037773101,30,14,1,Cortés,PERSON,49,55
mdp.39015037773101,30,15,0,a Native American,NORP,5,22
mdp.39015037773101,30,15,1,Christianized,NORP,33,46
mdp.39015037773101,30,15,2,Mayan,NORP,100,105
mdp.39015037773101,30,15,3,Aztec,NORP,110,115
mdp.39015037773101,30,16,0,Cortés,PERSON,54,60
mdp.39015037773101,30,16,1,Mexico,GPE,113,119
mdp.39015037773101,30,16,2,Yucatán,GPE,128,135
mdp.39015037773101,30,17,0,this day,DATE,3,11
mdp.39015037773101,30,17,1,Mexico,GPE,55,61
mdp.39015037773101,30,17,2,La Malinche,PERSON,66,77
mdp.39015037773101,30,18,0,Sacajawea,NORP,0,9
mdp.39015037773101,30,18,1,Shoshone,NORP,19,27
mdp.39015037773101,30,18,2,Lewis,PERSON,70,75
mdp.39015037773101,30,18,3,Clark,PERSON,80,85
mdp.39015037773101,30,18,4,the Rocky Mountains,LOC,104,123
mdp.39015037773101,31,0,0,North American,NORP,0,14
mdp.39015037773101,31,0,1,United States,GPE,31,44
mdp.39015037773101,31,0,2,Indian,NORP,88,94
mdp.39015037773101,31,1,0,Keokuk,PERSON,0,6
mdp.39015037773101,31,1,1,Sauk,NORP,35,39
mdp.39015037773101,31,1,2,United States,GPE,54,67
mdp.39015037773101,31,1,3,Black Hawk,PERSON,101,111
mdp.39015037773101,31,2,0,U.S.,GPE,49,53
mdp.39015037773101,31,2,1,Keokuk,PERSON,88,94
mdp.39015037773101,31,3,0,age seventeen,DATE,3,16
mdp.39015037773101,31,3,1,Black Hawk,PERSON,18,28
mdp.39015037773101,31,3,2,U.S.,GPE,65,69
mdp.39015037773101,31,4,0,Wampanoag,NORP,9,18
mdp.39015037773101,31,4,1,Philip,PERSON,39,45
mdp.39015037773101,31,4,2,Black Hawk,PERSON,47,57
mdp.39015037773101,31,5,0,Black Hawk's,PERSON,14,26
mdp.39015037773101,31,6,0,Sauk,NORP,17,21
mdp.39015037773101,31,6,1,1832,DATE,63,67
mdp.39015037773101,31,7,0,Black Hawk,PERSON,79,89
mdp.39015037773101,31,9,0,Indians,NORP,32,39
mdp.39015037773101,31,12,0,Chronicles of American Indian Protest,WORK_OF_ART,13,50
mdp.39015037773101,31,12,1,the Interracial Council on Books for Children,ORG,55,100
mdp.39015037773101,31,12,2,Black Hawk,PERSON,102,112
mdp.39015037773101,31,12,3,U.S.,GPE,135,139
mdp.39015037773101,31,13,0,Sauk,NORP,76,80
mdp.39015037773101,31,14,0,1838,DATE,3,7
mdp.39015037773101,31,14,1,Black Hawk,PERSON,9,19
mdp.39015037773101,31,15,0,Black Hawk's,PERSON,17,29
mdp.39015037773101,31,15,1,Iowa,GPE,84,88
mdp.39015037773101,31,16,0,Keokuk,PERSON,4,10
mdp.39015037773101,31,17,0,Capitol,FAC,48,55
mdp.39015037773101,31,17,1,Washington D.C.,GPE,59,74
mdp.39015037773101,31,17,2,Iowa,GPE,89,93
mdp.39015037773101,32,0,0,20,CARDINAL,0,2
mdp.39015037773101,32,1,0,American Indians,NORP,9,25
mdp.39015037773101,32,2,0,Europeans,NORP,64,73
mdp.39015037773101,32,3,0,Twenty years,DATE,0,12
mdp.39015037773101,32,3,1,Black Hawk's,PERSON,19,31
mdp.39015037773101,32,3,2,Big Elk,PERSON,43,50
mdp.39015037773101,32,3,3,Omaha,GPE,58,63
mdp.39015037773101,32,5,0,Wakonda,LOC,23,30
mdp.39015037773101,32,7,0,Sealth,PERSON,6,12
mdp.39015037773101,32,7,1,Indians,NORP,37,44
mdp.39015037773101,32,8,0,Indian,NORP,35,41
mdp.39015037773101,32,9,0,the twentieth century,DATE,21,42
mdp.39015037773101,32,9,1,North American,NORP,65,79
mdp.39015037773101,32,10,0,"The White Man Will Never Be Alone,",WORK_OF_ART,23,57
mdp.39015037773101,32,10,1,Sealth,PERSON,65,71
mdp.39015037773101,33,0,0,North American,NORP,0,14
mdp.39015037773101,34,0,0,22,CARDINAL,0,2
mdp.39015037773101,34,1,0,night,TIME,3,8
mdp.39015037773101,34,2,0,Sealth,PERSON,12,18
mdp.39015037773101,34,2,1,the Native Americans,NORP,50,70
mdp.39015037773101,34,10,0,Mayan,NORP,35,40
mdp.39015037773101,34,10,1,Chilam Balam,PERSON,49,61
mdp.39015037773101,34,10,2,Pech,PERSON,66,70
mdp.39015037773101,34,11,0,Chichen Itza,GPE,143,155
mdp.39015037773101,34,12,0,Aztec,NORP,17,22
mdp.39015037773101,34,14,0,Metacomet,PERSON,26,35
mdp.39015037773101,34,14,1,Black Hawk,PERSON,37,47
mdp.39015037773101,34,14,2,Big Elk,PERSON,49,56
mdp.39015037773101,34,14,3,Chief Sealth,PERSON,62,74
mdp.39015037773101,35,0,0,4,CARDINAL,8,9
mdp.39015037773101,35,4,0,many winters ago,DATE,10,26
mdp.39015037773101,36,0,0,24,CARDINAL,0,2
mdp.39015037773101,36,2,0,Shawnee,NORP,24,31
mdp.39015037773101,36,2,1,Tecumtha,PERSON,39,47
mdp.39015037773101,36,2,2,Panther Lying in Wait,WORK_OF_ART,61,82
mdp.39015037773101,36,3,0,merican Indian,NORP,2,16
mdp.39015037773101,36,7,0,North America,LOC,18,31
mdp.39015037773101,36,10,0,1760,DATE,7,11
mdp.39015037773101,36,10,1,the Delaware Prophet,PERSON,53,73
mdp.39015037773101,36,10,2,the Ohio Valley,LOC,83,98
mdp.39015037773101,36,11,0,Indians,NORP,16,23
mdp.39015037773101,36,13,0,Indian,NORP,48,54
mdp.39015037773101,36,14,0,Delaware,GPE,4,12
mdp.39015037773101,37,0,0,25,CARDINAL,31,33
mdp.39015037773101,37,0,1,Indian,NORP,59,65
mdp.39015037773101,37,1,0,Years later,DATE,0,11
mdp.39015037773101,37,1,1,1810,DATE,20,24
mdp.39015037773101,37,1,2,the Ohio Valley,LOC,55,70
mdp.39015037773101,37,2,0,Northeast,LOC,42,51
mdp.39015037773101,37,2,1,Southeast,LOC,59,68
mdp.39015037773101,37,3,0,Florida,GPE,15,22
mdp.39015037773101,37,3,1,the Mississippi River,LOC,40,61
mdp.39015037773101,37,3,2,Indians,NORP,67,74
mdp.39015037773101,37,4,0,Elskwatawa,PERSON,0,10
mdp.39015037773101,37,5,0,Shawnee,NORP,7,14
mdp.39015037773101,37,6,0,Delaware,GPE,9,17
mdp.39015037773101,37,11,0,Tecumtha,PERSON,19,27
mdp.39015037773101,37,11,1,Indian,NORP,70,76
mdp.39015037773101,37,11,2,Tippecanoe,GPE,132,142
mdp.39015037773101,37,12,0,the Wabash River,LOC,31,47
mdp.39015037773101,37,12,1,Indiana,GPE,63,70
mdp.39015037773101,37,14,0,Elskwatawa,PERSON,18,28
mdp.39015037773101,37,14,1,Tecumtha,PERSON,58,66
mdp.39015037773101,37,14,2,Elskwatawa,PERSON,89,99
mdp.39015037773101,37,15,0,Tecumtha,PERSON,10,18
mdp.39015037773101,37,15,1,Elskwatawa,PERSON,44,54
mdp.39015037773101,37,15,2,United States,GPE,112,125
mdp.39015037773101,37,16,0,Elskwatawa,PERSON,0,10
mdp.39015037773101,37,16,1,William Henry Harrison,PERSON,118,140
mdp.39015037773101,37,16,2,1811,DATE,144,148
mdp.39015037773101,38,0,0,26,CARDINAL,0,2
mdp.39015037773101,38,0,1,Harrison,PERSON,41,49
mdp.39015037773101,38,0,2,Indian,NORP,82,88
mdp.39015037773101,38,0,3,Tippecanoe,GPE,110,120
mdp.39015037773101,38,1,0,Indian,NORP,37,43
mdp.39015037773101,38,1,1,one day,DATE,81,88
mdp.39015037773101,38,1,2,Harrison,PERSON,94,102
mdp.39015037773101,38,1,3,the United States,GPE,125,142
mdp.39015037773101,38,1,4,Tippecanoe,GPE,169,179
mdp.39015037773101,38,1,5,Tyler,PERSON,184,189
mdp.39015037773101,38,2,0,Tyler,PERSON,1,6
mdp.39015037773101,38,4,0,Ottawa,GPE,8,14
mdp.39015037773101,38,4,1,Pontiac,ORG,21,28
mdp.39015037773101,38,4,2,Delaware,GPE,93,101
mdp.39015037773101,38,4,3,thousands,CARDINAL,119,128
mdp.39015037773101,38,4,4,U.S.,GPE,161,165
mdp.39015037773101,38,5,0,Shawnee,NORP,10,17
mdp.39015037773101,38,5,1,Tecumtha,PERSON,25,33
mdp.39015037773101,38,5,2,Elskwatawa,PERSON,88,98
mdp.39015037773101,38,6,0,Pontiac,PERSON,9,16
mdp.39015037773101,38,6,1,Tecumtha,PERSON,21,29
mdp.39015037773101,38,10,0,N. Scott Momaday's,PERSON,16,34
mdp.39015037773101,38,10,1,Kiowa,NORP,50,55
mdp.39015037773101,38,10,2,The Way to Rainy Mountain,WORK_OF_ART,64,89
mdp.39015037773101,38,10,3,Kiowa,EVENT,111,116
mdp.39015037773101,38,10,4,one evening,TIME,118,129
mdp.39015037773101,38,10,5,the autumn of 1832,DATE,133,151
mdp.39015037773101,39,1,0,Tai,NORP,46,49
mdp.39015037773101,39,1,1,Kiowas,NORP,67,73
mdp.39015037773101,39,1,2,Osage,NORP,97,102
mdp.39015037773101,39,2,0,Kiowa,ORG,30,35
mdp.39015037773101,39,2,1,earth,LOC,81,86
mdp.39015037773101,39,4,0,Kiowas,NORP,36,42
mdp.39015037773101,39,5,0,Kiowas,NORP,59,65
mdp.39015037773101,39,5,1,first,ORDINAL,85,90
mdp.39015037773101,39,5,2,the United States,GPE,103,120
mdp.39015037773101,39,7,0,the United States,GPE,12,29
mdp.39015037773101,39,8,0,Today,DATE,0,5
mdp.39015037773101,39,8,1,Americans,NORP,11,20
mdp.39015037773101,39,9,0,Native Americans,NORP,5,21
mdp.39015037773101,39,10,0,the American Indians,NORP,37,57
mdp.39015037773101,39,11,0,Delaware,GPE,9,17
mdp.39015037773101,39,11,1,Elskwatawa,PERSON,30,40
mdp.39015037773101,39,15,0,Indian,NORP,12,18
mdp.39015037773101,40,6,0,A dozen years,DATE,0,13
mdp.39015037773101,40,6,1,the beginning of the twentieth century,DATE,21,59
mdp.39015037773101,41,0,0,5,CARDINAL,8,9
mdp.39015037773101,41,0,1,Wovoka,PERSON,61,67
mdp.39015037773101,41,0,2,Black Elk,PERSON,72,81
mdp.39015037773101,41,3,0,Héeye,PERSON,32,37
mdp.39015037773101,41,4,0,Héeye,PERSON,32,37
mdp.39015037773101,41,6,0,Héeye,PERSON,17,22
mdp.39015037773101,41,8,0,Héeye,PERSON,17,22
mdp.39015037773101,41,9,0,Héeye,PERSON,25,30
mdp.39015037773101,41,10,0,Héeye,PERSON,25,30
mdp.39015037773101,42,0,0,30,CARDINAL,0,2
mdp.39015037773101,42,1,0,Two,CARDINAL,0,3
mdp.39015037773101,42,1,1,Native American,NORP,72,87
mdp.39015037773101,42,2,0,the Paiute Indian,NORP,9,26
mdp.39015037773101,42,2,1,Wovoka,PERSON,34,40
mdp.39015037773101,42,2,2,the Oglala Sioux,NORP,45,61
mdp.39015037773101,42,2,3,Black Elk,PERSON,75,84
mdp.39015037773101,42,3,0,a thousand miles,QUANTITY,44,60
mdp.39015037773101,42,3,1,one,CARDINAL,65,68
mdp.39015037773101,42,3,2,Wovoka,PERSON,81,87
mdp.39015037773101,42,3,3,Black Elk,PERSON,92,101
mdp.39015037773101,42,3,4,two,CARDINAL,107,110
mdp.39015037773101,42,5,0,Indian,NORP,13,19
mdp.39015037773101,42,7,0,the end of the nineteenth century,DATE,7,40
mdp.39015037773101,42,7,1,Indians,NORP,60,67
mdp.39015037773101,42,8,0,North America,LOC,75,88
mdp.39015037773101,42,12,0,Big Elk,PERSON,3,10
mdp.39015037773101,43,0,0,31,CARDINAL,23,25
mdp.39015037773101,43,0,1,thousands,CARDINAL,60,69
mdp.39015037773101,43,6,0,the Great Plains,LOC,142,158
mdp.39015037773101,43,7,0,Native Americans,NORP,24,40
mdp.39015037773101,43,8,0,Kit Carson,PERSON,0,10
mdp.39015037773101,43,8,1,Navaho,NORP,86,92
mdp.39015037773101,43,9,0,Indians,NORP,0,7
mdp.39015037773101,43,11,0,Buffalo Bill,PERSON,0,12
mdp.39015037773101,43,12,0,Wild West Show,WORK_OF_ART,8,22
mdp.39015037773101,43,14,0,U.S.,GPE,113,117
mdp.39015037773101,43,14,1,Native American,NORP,134,149
mdp.39015037773101,43,14,2,Chinese,NORP,160,167
mdp.39015037773101,43,14,3,the Union Pacific Railroad,ORG,200,226
mdp.39015037773101,44,0,0,32,CARDINAL,0,2
mdp.39015037773101,44,0,1,2,CARDINAL,38,39
mdp.39015037773101,45,2,0,Years earlier,DATE,0,13
mdp.39015037773101,45,3,0,Elskwatawa,NORP,24,34
mdp.39015037773101,45,5,0,the end of the nineteenth century,DATE,5,38
mdp.39015037773101,45,6,0,Native American,NORP,4,19
mdp.39015037773101,45,7,0,The Native People,NORP,0,17
mdp.39015037773101,45,7,1,North America,LOC,21,34
mdp.39015037773101,45,10,0,Indians,NORP,89,96
mdp.39015037773101,45,11,0,Indian,NORP,59,65
mdp.39015037773101,45,11,1,miles away,TIME,79,89
mdp.39015037773101,45,12,0,U.S.,GPE,4,8
mdp.39015037773101,45,12,1,Gatling,PRODUCT,44,51
mdp.39015037773101,45,12,2,first,ORDINAL,62,67
mdp.39015037773101,45,14,0,The nineteenth century,DATE,0,22
mdp.39015037773101,45,15,0,The United States,GPE,0,17
mdp.39015037773101,45,15,1,American Indians,NORP,52,68
mdp.39015037773101,45,20,0,Indian,NORP,26,32
mdp.39015037773101,46,0,0,34,CARDINAL,0,2
mdp.39015037773101,46,0,1,Mississippi,GPE,38,49
mdp.39015037773101,46,1,0,Indians,NORP,21,28
mdp.39015037773101,46,3,0,Native American,NORP,4,19
mdp.39015037773101,46,3,1,West,LOC,34,38
mdp.39015037773101,46,4,0,Land of the Spotted Eagle,WORK_OF_ART,22,47
mdp.39015037773101,46,4,1,Luther Standing Bear,PERSON,55,75
mdp.39015037773101,46,4,2,Native,NORP,121,127
mdp.39015037773101,46,11,0,One,CARDINAL,0,3
mdp.39015037773101,46,12,0,one,CARDINAL,4,7
mdp.39015037773101,46,13,0,one,CARDINAL,4,7
mdp.39015037773101,46,14,0,the beginning of the twentieth century,DATE,21,59
mdp.39015037773101,46,15,0,Wovoka,PERSON,14,20
mdp.39015037773101,46,16,0,Tävibo,PERSON,27,33
mdp.39015037773101,46,17,0,a Paiute Indian,NORP,7,22
mdp.39015037773101,46,17,1,Mason Valley,LOC,63,75
mdp.39015037773101,46,17,2,Pyramid Lake,LOC,81,93
mdp.39015037773101,47,1,0,Christian,NORP,86,95
mdp.39015037773101,47,1,1,Jack Wilson,PERSON,116,127
mdp.39015037773101,47,2,0,Indian,NORP,34,40
mdp.39015037773101,47,3,0,the age of thirty-five,DATE,3,25
mdp.39015037773101,47,3,1,Wovoka,PERSON,27,33
mdp.39015037773101,47,6,0,Indians,NORP,28,35
mdp.39015037773101,47,8,0,James Mooney,PERSON,13,25
mdp.39015037773101,47,8,1,Wovoka,PERSON,139,145
mdp.39015037773101,47,8,2,Wovoka,PERSON,147,153
mdp.39015037773101,47,14,0,Wovoka,PERSON,71,77
mdp.39015037773101,47,16,0,Wovoka,PERSON,32,38
mdp.39015037773101,47,18,0,Wovoka,PERSON,3,9
mdp.39015037773101,47,18,1,the Ghost Dance,WORK_OF_ART,30,45
mdp.39015037773101,47,18,2,Native,NORP,85,91
mdp.39015037773101,48,0,0,36,CARDINAL,0,2
mdp.39015037773101,48,0,1,The Le Telu,ORG,56,67
mdp.39015037773101,49,1,0,Indians,NORP,10,17
mdp.39015037773101,49,1,1,Indian,NORP,142,148
mdp.39015037773101,49,2,0,Wovoka,PERSON,25,31
mdp.39015037773101,49,2,1,Mooney,PERSON,73,79
mdp.39015037773101,49,3,0,Wovoka,PERSON,0,6
mdp.39015037773101,49,3,1,five consecutive days,DATE,65,86
mdp.39015037773101,49,4,0,Indians,NORP,6,13
mdp.39015037773101,49,4,1,night,TIME,39,44
mdp.39015037773101,49,4,2,the day,DATE,141,148
mdp.39015037773101,49,7,0,Indians,NORP,0,7
mdp.39015037773101,49,7,1,Mississippi,LOC,59,70
mdp.39015037773101,49,7,2,Mason Valley,LOC,98,110
mdp.39015037773101,49,10,0,the Ghost Dance,WORK_OF_ART,75,90
mdp.39015037773101,49,11,0,the Native Americans,NORP,33,53
mdp.39015037773101,49,13,0,Wovoka,PERSON,0,6
mdp.39015037773101,49,14,0,the Native Americans,NORP,30,50
mdp.39015037773101,49,16,0,Indians,NORP,16,23
mdp.39015037773101,49,16,1,Wovoka,PERSON,52,58
mdp.39015037773101,50,0,0,38,CARDINAL,0,2
mdp.39015037773101,50,1,0,Pontiac,PERSON,9,16
mdp.39015037773101,50,1,1,Tecumtha,PERSON,71,79
mdp.39015037773101,50,1,2,Elskwatawa,PERSON,89,99
mdp.39015037773101,50,1,3,Kiowas,NORP,165,171
mdp.39015037773101,50,1,4,Cheyennes,NORP,173,182
mdp.39015037773101,50,1,5,Arapahoes,NORP,184,193
mdp.39015037773101,50,1,6,Sioux,NORP,199,204
mdp.39015037773101,50,1,7,Wovoka,PERSON,214,220
mdp.39015037773101,50,2,0,Wovoka,PERSON,80,86
mdp.39015037773101,50,4,0,Indian,NORP,48,54
mdp.39015037773101,50,5,0,Indians,NORP,72,79
mdp.39015037773101,50,6,0,one,CARDINAL,3,6
mdp.39015037773101,50,6,1,Kiowa,ORG,17,22
mdp.39015037773101,50,10,0,Black Elk,PERSON,0,9
mdp.39015037773101,50,10,1,Native American,NORP,13,28
mdp.39015037773101,50,10,2,the nineteenth and twentieth centuries,DATE,41,79
mdp.39015037773101,50,10,3,Wounded Knee,GPE,124,136
mdp.39015037773101,50,10,4,South Dakota,GPE,138,150
mdp.39015037773101,50,10,5,1890,DATE,155,159
mdp.39015037773101,50,11,0,Christmas Eve,DATE,7,20
mdp.39015037773101,51,1,0,39,CARDINAL,2,4
mdp.39015037773101,51,2,0,the Seventh Cavalry,ORG,61,80
mdp.39015037773101,51,2,1,the Ghost Dance,WORK_OF_ART,114,129
mdp.39015037773101,51,3,0,more than a hundred,CARDINAL,12,31
mdp.39015037773101,51,3,1,Indian,NORP,32,38
mdp.39015037773101,51,5,0,Indian,NORP,12,18
mdp.39015037773101,51,6,0,Black Elk,PERSON,0,9
mdp.39015037773101,51,6,1,Lakota,NORP,30,36
mdp.39015037773101,53,0,0,6,CARDINAL,8,9
mdp.39015037773101,53,0,1,Fifth,ORDINAL,63,68
mdp.39015037773101,53,2,0,Hopi,NORP,10,14
mdp.39015037773101,53,2,1,Frank Waters's,PERSON,27,41
mdp.39015037773101,53,2,2,Book of the Hopi,WORK_OF_ART,42,58
mdp.39015037773101,54,0,0,42,CARDINAL,0,2
mdp.39015037773101,54,1,0,One,CARDINAL,0,3
mdp.39015037773101,54,1,1,the last twenty years,DATE,48,69
mdp.39015037773101,54,1,2,Deganawida,PERSON,89,99
mdp.39015037773101,54,2,0,Peacemaker,PERSON,40,50
mdp.39015037773101,54,3,0,this century,DATE,76,88
mdp.39015037773101,54,4,0,Iroquoian,NORP,18,27
mdp.39015037773101,54,4,1,three,CARDINAL,38,43
mdp.39015037773101,54,7,0,Indian,NORP,25,31
mdp.39015037773101,54,7,1,Indian,NORP,117,123
mdp.39015037773101,54,8,0,two,CARDINAL,132,135
mdp.39015037773101,54,10,0,Indian,NORP,4,10
mdp.39015037773101,54,12,0,Indian,NORP,78,84
mdp.39015037773101,54,14,0,Indian,NORP,124,130
mdp.39015037773101,54,15,0,Indian,NORP,65,71
mdp.39015037773101,54,17,0,Indian,NORP,116,122
mdp.39015037773101,55,0,0,Our Time a 43,WORK_OF_ART,14,27
mdp.39015037773101,55,1,0,Deganawida,PERSON,26,36
mdp.39015037773101,55,1,1,Indian,NORP,83,89
mdp.39015037773101,55,2,0,this century,DATE,44,56
mdp.39015037773101,55,3,0,Hopi,NORP,4,8
mdp.39015037773101,55,5,0,Hopi,NORP,56,60
mdp.39015037773101,55,6,0,Hopi,NORP,29,33
mdp.39015037773101,55,8,0,Frank Waters's,PERSON,13,27
mdp.39015037773101,55,8,1,Book of the Hopi,WORK_OF_ART,28,44
mdp.39015037773101,55,8,2,the Middle East,LOC,72,87
mdp.39015037773101,55,8,3,China,GPE,109,114
mdp.39015037773101,55,10,0,the United States,GPE,27,44
mdp.39015037773101,55,10,1,fifth,ORDINAL,162,167
mdp.39015037773101,55,12,0,England,GPE,139,146
mdp.39015037773101,55,12,1,Russia,GPE,166,172
mdp.39015037773101,55,12,2,North America,LOC,196,209
mdp.39015037773101,55,13,0,Hopi,NORP,17,21
mdp.39015037773101,56,0,0,44,CARDINAL,0,2
mdp.39015037773101,56,2,0,twentiethcentury,DATE,41,57
mdp.39015037773101,56,2,1,Native American,NORP,58,73
mdp.39015037773101,56,2,2,Lame Deer,PERSON,89,98
mdp.39015037773101,56,3,0,the mid-1970s,DATE,20,33
mdp.39015037773101,56,3,1,Lame Deer's,PERSON,35,46
mdp.39015037773101,56,3,2,Richard Erdoes,PERSON,83,97
mdp.39015037773101,56,3,3,"Lame Deer, Seeker of Visions",WORK_OF_ART,121,149
mdp.39015037773101,56,4,0,Lame Deer,PERSON,18,27
mdp.39015037773101,56,6,0,Lame Deer,PERSON,5,14
mdp.39015037773101,56,11,0,Lame Deer,PERSON,0,9
mdp.39015037773101,56,11,1,the end of this century,DATE,51,74
mdp.39015037773101,56,13,0,Native American,NORP,40,55
mdp.39015037773101,56,19,0,Sealth,PERSON,74,80
mdp.39015037773101,56,19,1,more than a century ago,DATE,95,118
mdp.39015037773101,57,0,0,II,CARDINAL,5,7
mdp.39015037773101,59,0,0,1,CARDINAL,8,9
mdp.39015037773101,60,0,0,M r. Horn,PERSON,27,36
mdp.39015037773101,60,0,1,sixth,ORDINAL,53,58
mdp.39015037773101,60,6,0,Horn,PERSON,12,16
mdp.39015037773101,60,7,0,Wayne Cassidy,PERSON,21,34
mdp.39015037773101,60,8,0,Lincoln Crosswell,PERSON,13,30
mdp.39015037773101,60,10,0,Horn,PERSON,4,8
mdp.39015037773101,60,12,0,Wayne,PERSON,23,28
mdp.39015037773101,60,12,1,Lincoln,PERSON,33,40
mdp.39015037773101,60,13,0,Italians,NORP,15,23
mdp.39015037773101,60,13,1,Horn,PERSON,30,34
mdp.39015037773101,60,14,0,Mazzada,PERSON,12,19
mdp.39015037773101,60,14,1,Cassidy,PERSON,41,48
mdp.39015037773101,60,16,0,Horn,PERSON,4,8
mdp.39015037773101,60,16,1,David Mazzada,PERSON,20,33
mdp.39015037773101,60,17,0,Italian,NORP,30,37
mdp.39015037773101,60,18,0,Wayne,PERSON,21,26
mdp.39015037773101,60,20,0,Horn,PERSON,41,45
mdp.39015037773101,60,21,0,American Indians,NORP,42,58
mdp.39015037773101,60,21,1,Stephanie O'Neil,PERSON,67,83
mdp.39015037773101,60,23,0,Stephanie,PERSON,16,25
mdp.39015037773101,60,25,0,Wayne,PERSON,21,26
mdp.39015037773101,60,26,0,Italians,NORP,1,9
mdp.39015037773101,61,1,0,Stephanie,PERSON,13,22
mdp.39015037773101,61,2,0,The Mafia Father,WORK_OF_ART,29,45
mdp.39015037773101,61,3,0,The Godfather,WORK_OF_ART,18,31
mdp.39015037773101,61,3,1,Steph,PERSON,33,38
mdp.39015037773101,61,3,2,Horn,PERSON,50,54
mdp.39015037773101,61,4,0,Mafia,ORG,5,10
mdp.39015037773101,61,6,0,Stephanie,PERSON,60,69
mdp.39015037773101,61,8,0,Horn,PERSON,4,8
mdp.39015037773101,61,9,0,one,CARDINAL,31,34
mdp.39015037773101,61,10,0,Italians,NORP,10,18
mdp.39015037773101,61,12,0,Guinea,GPE,19,25
mdp.39015037773101,61,13,0,Cassidy,PERSON,0,7
mdp.39015037773101,61,13,1,one,CARDINAL,29,32
mdp.39015037773101,61,14,0,David Mazzada,PERSON,0,13
mdp.39015037773101,61,16,0,Horn,PERSON,4,8
mdp.39015037773101,61,17,0,first,ORDINAL,8,13
mdp.39015037773101,61,17,1,David,PERSON,20,25
mdp.39015037773101,61,17,2,Italian,NORP,79,86
mdp.39015037773101,61,21,0,night,TIME,95,100
mdp.39015037773101,61,22,0,Horn,PERSON,10,14
mdp.39015037773101,62,0,0,50,CARDINAL,0,2
mdp.39015037773101,62,3,0,Laurie Barnes,PERSON,20,33
mdp.39015037773101,62,4,0,Laurie,PERSON,0,6
mdp.39015037773101,62,8,0,Bernita,PERSON,42,49
mdp.39015037773101,62,9,0,Laurie,PERSON,6,12
mdp.39015037773101,62,9,1,Bernita,PERSON,37,44
mdp.39015037773101,62,10,0,Horn,PERSON,4,8
mdp.39015037773101,62,11,0,Bernita,PERSON,0,7
mdp.39015037773101,62,12,0,David Mazzada,PERSON,47,60
mdp.39015037773101,62,13,0,Lincoln Crosswell,PERSON,0,17
mdp.39015037773101,62,13,1,Italians,NORP,66,74
mdp.39015037773101,62,15,0,Horn,PERSON,31,35
mdp.39015037773101,62,18,0,Horn,PERSON,4,8
mdp.39015037773101,62,18,1,Lincoln Crosswell,PERSON,64,81
mdp.39015037773101,62,19,0,Wayne Cassidy,PERSON,22,35
mdp.39015037773101,62,20,0,Wayne,PERSON,0,5
mdp.39015037773101,62,20,1,Lincoln,ORG,74,81
mdp.39015037773101,62,21,0,Lincoln,PERSON,17,24
mdp.39015037773101,62,23,0,Bernita,PERSON,33,40
mdp.39015037773101,62,24,0,one,CARDINAL,13,16
mdp.39015037773101,63,1,0,Lincoln,PERSON,48,55
mdp.39015037773101,63,3,0,Asians,NORP,12,18
mdp.39015037773101,63,3,1,Orientals,NORP,23,32
mdp.39015037773101,63,4,0,Yang,PERSON,15,19
mdp.39015037773101,63,5,0,Horn,PERSON,4,8
mdp.39015037773101,63,5,1,Yang,PERSON,20,24
mdp.39015037773101,63,6,0,Yang,PERSON,0,4
mdp.39015037773101,63,6,1,the United States,GPE,32,49
mdp.39015037773101,63,6,2,Thai,NORP,55,59
mdp.39015037773101,63,6,3,Vietnamese,NORP,71,81
mdp.39015037773101,63,7,0,three,CARDINAL,20,25
mdp.39015037773101,63,7,1,the Vietnam War,EVENT,97,112
mdp.39015037773101,63,8,0,Horn,PERSON,4,8
mdp.39015037773101,63,8,1,Tai-Ling,PERSON,27,35
mdp.39015037773101,63,9,0,Chinese,NORP,8,15
mdp.39015037773101,63,10,0,Tai Ling's,PERSON,0,10
mdp.39015037773101,63,12,0,one,CARDINAL,24,27
mdp.39015037773101,63,19,0,Germans,NORP,1,8
mdp.39015037773101,63,19,1,Horn,PERSON,21,25
mdp.39015037773101,63,20,0,Wayne Cassidy,PERSON,17,30
mdp.39015037773101,63,20,1,Lincoln,PERSON,58,65
mdp.39015037773101,63,21,0,Puerto Ricans,NORP,1,14
mdp.39015037773101,63,25,0,Irish,NORP,9,14
mdp.39015037773101,63,26,0,one,CARDINAL,13,16
mdp.39015037773101,63,29,0,Stephanie,PERSON,23,32
mdp.39015037773101,63,33,0,Horn,PERSON,40,44
mdp.39015037773101,63,33,1,Yang,PERSON,54,58
mdp.39015037773101,64,0,0,52,CARDINAL,0,2
mdp.39015037773101,65,1,0,Horn,PERSON,4,8
mdp.39015037773101,65,2,0,Jewish,NORP,17,23
mdp.39015037773101,65,5,0,Stephanie,PERSON,65,74
mdp.39015037773101,65,6,0,Jews,NORP,25,29
mdp.39015037773101,65,6,1,Horn,PERSON,42,46
mdp.39015037773101,65,7,0,Jew,NORP,1,4
mdp.39015037773101,65,7,1,one,CARDINAL,19,22
mdp.39015037773101,65,10,0,Jamil,PERSON,12,17
mdp.39015037773101,65,11,0,Palestinian,NORP,16,27
mdp.39015037773101,65,11,1,Lebanese,NORP,32,40
mdp.39015037773101,65,12,0,One,CARDINAL,0,3
mdp.39015037773101,65,13,0,Lincoln,PERSON,25,32
mdp.39015037773101,65,15,0,Laurie,PERSON,42,48
mdp.39015037773101,65,17,0,Horn,PERSON,4,8
mdp.39015037773101,65,18,0,Laurie,PERSON,19,25
mdp.39015037773101,65,20,0,French,NORP,5,11
mdp.39015037773101,65,20,1,Horn,PERSON,54,58
mdp.39015037773101,65,21,0,Michael Roulet,PERSON,21,35
mdp.39015037773101,65,23,0,the United States,GPE,15,32
mdp.39015037773101,65,23,1,only a year,DATE,37,48
mdp.39015037773101,65,24,0,Cassidy,PERSON,19,26
mdp.39015037773101,65,26,0,French,NORP,17,23
mdp.39015037773101,65,27,0,Michael Roulet,PERSON,0,14
mdp.39015037773101,65,28,0,Horn,PERSON,35,39
mdp.39015037773101,66,0,0,54,CARDINAL,0,2
mdp.39015037773101,66,1,0,Horn,PERSON,4,8
mdp.39015037773101,66,1,1,Mexicans,NORP,23,31
mdp.39015037773101,66,2,0,Carlos Navales,PERSON,13,27
mdp.39015037773101,66,3,0,Carlos,PERSON,0,6
mdp.39015037773101,66,3,1,Horn,PERSON,60,64
mdp.39015037773101,66,4,0,Horn,PERSON,4,8
mdp.39015037773101,66,8,0,Carlos,PERSON,0,6
mdp.39015037773101,66,9,0,two,CARDINAL,7,10
mdp.39015037773101,66,9,1,four,CARDINAL,37,41
mdp.39015037773101,66,11,0,Steve Polawski,PERSON,0,14
mdp.39015037773101,66,12,0,Polish,NORP,27,33
mdp.39015037773101,66,13,0,Laurie Barnes,PERSON,12,25
mdp.39015037773101,66,14,0,Laurie,PERSON,4,10
mdp.39015037773101,66,17,0,Horn,PERSON,4,8
mdp.39015037773101,66,22,0,Bernita,PERSON,0,7
mdp.39015037773101,66,22,1,first,ORDINAL,14,19
mdp.39015037773101,66,23,0,Horn,PERSON,17,21
mdp.39015037773101,66,25,0,Bernita,PERSON,30,37
mdp.39015037773101,66,28,0,Horn,PERSON,4,8
mdp.39015037773101,67,5,0,a few moments,TIME,4,17
mdp.39015037773101,67,7,0,Tomorrow,DATE,1,9
mdp.39015037773101,67,9,0,one,CARDINAL,20,23
mdp.39015037773101,67,13,0,Horn,PERSON,26,30
mdp.39015037773101,69,0,0,2,CARDINAL,8,9
mdp.39015037773101,69,5,0,The next day,DATE,0,12
mdp.39015037773101,70,1,0,Horn,PERSON,4,8
mdp.39015037773101,70,2,0,American,NORP,71,79
mdp.39015037773101,70,4,0,One,CARDINAL,0,3
mdp.39015037773101,70,4,1,two,CARDINAL,8,11
mdp.39015037773101,70,6,0,One,CARDINAL,0,3
mdp.39015037773101,70,10,0,Horn,PERSON,4,8
mdp.39015037773101,70,10,1,Indians,NORP,62,69
mdp.39015037773101,70,11,0,Horn,PERSON,62,66
mdp.39015037773101,70,17,0,Indian,NORP,32,38
mdp.39015037773101,70,18,0,Horn,PERSON,28,32
mdp.39015037773101,70,20,0,Lincoln,PERSON,30,37
mdp.39015037773101,71,0,0,Shields,PERSON,7,14
mdp.39015037773101,71,1,0,Horn,PERSON,56,60
mdp.39015037773101,71,2,0,David Mazzada,PERSON,0,13
mdp.39015037773101,71,2,1,first,ORDINAL,19,24
mdp.39015037773101,71,3,0,four,CARDINAL,50,54
mdp.39015037773101,71,3,1,South,LOC,85,90
mdp.39015037773101,71,3,2,East,LOC,95,99
mdp.39015037773101,71,3,3,West,LOC,104,108
mdp.39015037773101,71,4,0,David,PERSON,0,5
mdp.39015037773101,71,4,1,Italian,NORP,21,28
mdp.39015037773101,71,4,2,Michelangelo,PERSON,37,49
mdp.39015037773101,71,4,3,Leonardo da Vinci,PERSON,54,71
mdp.39015037773101,71,5,0,Hall of Fame,ORG,18,30
mdp.39015037773101,71,5,1,Joe DiMaggio,PERSON,47,59
mdp.39015037773101,71,5,2,Dan Marino,PERSON,86,96
mdp.39015037773101,71,6,0,Laurie,PERSON,0,6
mdp.39015037773101,71,6,1,Barbara Walters,PERSON,51,66
mdp.39015037773101,71,9,0,Yang,PERSON,6,10
mdp.39015037773101,71,9,1,Vietnamese,NORP,20,30
mdp.39015037773101,71,9,2,Thai,NORP,35,39
mdp.39015037773101,71,11,0,Yang,PERSON,0,4
mdp.39015037773101,71,12,0,Tai-Ling,PERSON,0,8
mdp.39015037773101,71,12,1,Chinese,NORP,30,37
mdp.39015037773101,71,12,2,Confucius,PERSON,68,77
mdp.39015037773101,71,13,0,Chinese,NORP,19,26
mdp.39015037773101,71,13,1,Chinese,NORP,82,89
mdp.39015037773101,71,14,0,Tai-Ling,PERSON,0,8
mdp.39015037773101,71,14,1,two,CARDINAL,14,17
mdp.39015037773101,71,16,0,Bernita,PERSON,0,7
mdp.39015037773101,71,16,1,Nikki Giovanni,PERSON,22,36
mdp.39015037773101,71,16,2,Alice Walker,PERSON,84,96
mdp.39015037773101,71,16,3,Pulitzer Prize,WORK_OF_ART,100,114
mdp.39015037773101,71,19,0,Wayne Cassidy,PERSON,0,13
mdp.39015037773101,71,19,1,Martin Luther King,PERSON,82,100
mdp.39015037773101,71,19,2,Lincoln,PERSON,109,116
mdp.39015037773101,72,0,0,60 A DAD,DATE,0,8
mdp.39015037773101,72,0,1,an hour,TIME,67,74
mdp.39015037773101,72,0,2,Lincoln,PERSON,121,128
mdp.39015037773101,72,1,0,Wayne,PERSON,0,5
mdp.39015037773101,72,1,1,a Phantom F-4,PRODUCT,10,23
mdp.39015037773101,72,3,0,Horn,PERSON,77,81
mdp.39015037773101,72,4,0,Lincoln,PERSON,11,18
mdp.39015037773101,72,4,1,Wayne,PERSON,40,45
mdp.39015037773101,72,5,0,Wayne,PERSON,45,50
mdp.39015037773101,72,5,1,Wayne,PERSON,82,87
mdp.39015037773101,72,5,2,Wayne,PERSON,117,122
mdp.39015037773101,72,6,0,Wayne,PERSON,14,19
mdp.39015037773101,72,7,0,Lincoln,PERSON,18,25
mdp.39015037773101,72,8,0,Stephanie O'Neil,PERSON,0,16
mdp.39015037773101,72,8,1,Irish,NORP,41,46
mdp.39015037773101,72,10,0,William Butler Yeats,PERSON,29,49
mdp.39015037773101,72,11,0,Jamil,PERSON,7,12
mdp.39015037773101,72,12,0,Palestinian,NORP,25,36
mdp.39015037773101,72,14,0,Steve Polawski,PERSON,24,38
mdp.39015037773101,72,15,0,Polish,NORP,69,75
mdp.39015037773101,72,15,1,Copernicus,PERSON,86,96
mdp.39015037773101,72,16,0,Steve,PERSON,0,5
mdp.39015037773101,72,17,0,the day before,DATE,48,62
mdp.39015037773101,72,18,0,Judy Burnette,PERSON,18,31
mdp.39015037773101,72,20,0,Judy,PERSON,94,98
mdp.39015037773101,72,20,1,Jewish,NORP,109,115
mdp.39015037773101,72,20,2,thirty-five cents,MONEY,153,170
mdp.39015037773101,72,20,3,Wayne Cassidy,PERSON,174,187
mdp.39015037773101,72,20,4,that day,DATE,188,196
mdp.39015037773101,73,0,0,Shields,PERSON,7,14
mdp.39015037773101,74,0,0,62 A DAD'S,DATE,0,10
mdp.39015037773101,74,1,0,Yesterday,DATE,0,9
mdp.39015037773101,74,1,1,Horn,PERSON,23,27
mdp.39015037773101,74,4,0,Horn,PERSON,4,8
mdp.39015037773101,74,5,0,Today,DATE,0,5
mdp.39015037773101,74,10,0,One,CARDINAL,0,3
mdp.39015037773101,74,10,1,Horn,PERSON,30,34
mdp.39015037773101,74,16,0,yesterday,DATE,49,58
mdp.39015037773101,75,0,0,Shields,PERSON,7,14
mdp.39015037773101,75,1,0,American Indians,NORP,66,82
mdp.39015037773101,75,2,0,first,ORDINAL,23,28
mdp.39015037773101,75,5,0,Indians,NORP,59,66
mdp.39015037773101,75,7,0,Horn,PERSON,4,8
mdp.39015037773101,75,8,0,Cassidy,PERSON,24,31
mdp.39015037773101,75,9,0,Wayne Cassidy,PERSON,29,42
mdp.39015037773101,77,0,0,3,CARDINAL,8,9
mdp.39015037773101,77,1,0,Indians,NORP,17,24
mdp.39015037773101,77,1,1,Indians,NORP,40,47
mdp.39015037773101,77,2,0,Sheridan Tt,PERSON,8,19
mdp.39015037773101,77,2,1,the night,TIME,42,51
mdp.39015037773101,77,5,0,Horn,PERSON,4,8
mdp.39015037773101,77,6,0,Asian,NORP,72,77
mdp.39015037773101,77,6,1,American Indian,NORP,83,98
mdp.39015037773101,78,0,0,66,CARDINAL,0,2
mdp.39015037773101,78,0,1,Indians,NORP,33,40
mdp.39015037773101,78,3,0,one,CARDINAL,20,23
mdp.39015037773101,78,4,0,One,CARDINAL,1,4
mdp.39015037773101,78,4,1,Horn,PERSON,17,21
mdp.39015037773101,78,8,0,Horn,PERSON,4,8
mdp.39015037773101,78,13,0,one,CARDINAL,17,20
mdp.39015037773101,78,14,0,Horn,PERSON,22,26
mdp.39015037773101,78,17,0,Wayne Cassidy,PERSON,0,13
mdp.39015037773101,78,18,0,Laurie,PERSON,29,35
mdp.39015037773101,78,21,0,Lincoln,PERSON,36,43
mdp.39015037773101,78,21,1,Wayne,PERSON,66,71
mdp.39015037773101,78,25,0,Wayne,PERSON,0,5
mdp.39015037773101,78,26,0,Lincoln,PERSON,16,23
mdp.39015037773101,78,27,0,Wayne,PERSON,0,5
mdp.39015037773101,78,27,1,Indians,NORP,15,22
mdp.39015037773101,78,29,0,Horn,PERSON,4,8
mdp.39015037773101,78,31,0,Horn,PERSON,27,31
mdp.39015037773101,78,31,1,Wayne,PERSON,45,50
mdp.39015037773101,79,0,0,67,CARDINAL,27,29
mdp.39015037773101,80,0,0,68,CARDINAL,0,2
mdp.39015037773101,80,2,0,Horn,PERSON,2,6
mdp.39015037773101,80,3,0,Wayne,PERSON,27,32
mdp.39015037773101,80,5,0,Jamil,PERSON,0,5
mdp.39015037773101,80,6,0,Indians,NORP,21,28
mdp.39015037773101,80,8,0,Indians,NORP,21,28
mdp.39015037773101,80,9,0,Indians,NORP,11,18
mdp.39015037773101,80,9,1,Horn,PERSON,35,39
mdp.39015037773101,80,10,0,Stephanie,PERSON,0,9
mdp.39015037773101,80,10,1,Indians,NORP,34,41
mdp.39015037773101,80,10,2,Asia,LOC,52,56
mdp.39015037773101,80,12,0,Mongols,NORP,18,25
mdp.39015037773101,80,12,1,Mongolian,NORP,36,45
mdp.39015037773101,80,12,2,Horn,PERSON,59,63
mdp.39015037773101,80,13,0,Tai-Ling,PERSON,0,8
mdp.39015037773101,80,13,1,Indians,NORP,19,26
mdp.39015037773101,80,14,0,Wayne,PERSON,0,5
mdp.39015037773101,80,15,0,Indians,NORP,0,7
mdp.39015037773101,80,16,0,English,LANGUAGE,27,34
mdp.39015037773101,80,17,0,Lincoln,PERSON,15,22
mdp.39015037773101,80,19,0,Horn,PERSON,22,26
mdp.39015037773101,80,20,0,Judy Burnette,PERSON,38,51
mdp.39015037773101,80,21,0,Bernita,PERSON,75,82
mdp.39015037773101,80,23,0,Michael Roulet,PERSON,33,47
mdp.39015037773101,80,24,0,France,GPE,36,42
mdp.39015037773101,80,25,0,Horn,PERSON,17,21
mdp.39015037773101,80,28,0,the next day,DATE,35,47
mdp.39015037773101,80,28,1,two,CARDINAL,51,54
mdp.39015037773101,80,28,2,American Indians,NORP,77,93
mdp.39015037773101,80,29,0,an American Indian,NORP,42,60
mdp.39015037773101,80,32,0,Horn,PERSON,4,8
mdp.39015037773101,81,0,0,All I Know About Indians,WORK_OF_ART,0,24
mdp.39015037773101,81,4,0,Horn,PERSON,20,24
mdp.39015037773101,81,6,0,Horn,PERSON,29,33
mdp.39015037773101,81,9,0,Indian,NORP,61,67
mdp.39015037773101,81,10,0,the night,TIME,40,49
mdp.39015037773101,81,10,1,Horn,PERSON,55,59
mdp.39015037773101,81,10,2,first thing in the morning,TIME,93,119
mdp.39015037773101,83,0,0,4,CARDINAL,8,9
mdp.39015037773101,83,0,1,Horn,PERSON,14,18
mdp.39015037773101,83,3,0,Sitting Bull,PERSON,0,12
mdp.39015037773101,83,7,0,Horn,PERSON,4,8
mdp.39015037773101,84,0,0,72,CARDINAL,0,2
mdp.39015037773101,84,3,0,twenty-five years,DATE,65,82
mdp.39015037773101,84,7,0,twenty inches,QUANTITY,31,44
mdp.39015037773101,84,8,0,Four,CARDINAL,18,22
mdp.39015037773101,84,8,1,four,CARDINAL,104,108
mdp.39015037773101,84,10,0,First,ORDINAL,0,5
mdp.39015037773101,84,12,0,Horn,PERSON,4,8
mdp.39015037773101,84,14,0,East,LOC,16,20
mdp.39015037773101,84,17,0,East,LOC,13,17
mdp.39015037773101,84,20,0,South,LOC,47,52
mdp.39015037773101,84,21,0,Horn,PERSON,4,8
mdp.39015037773101,84,21,1,South,LOC,46,51
mdp.39015037773101,84,23,0,South,LOC,4,9
mdp.39015037773101,84,23,1,summer,DATE,70,76
mdp.39015037773101,84,24,0,East,LOC,33,37
mdp.39015037773101,84,24,1,West,LOC,46,50
mdp.39015037773101,84,25,0,Horn,PERSON,4,8
mdp.39015037773101,85,0,0,Horn,PERSON,4,8
mdp.39015037773101,85,1,0,the night,TIME,14,23
mdp.39015037773101,85,3,0,the autumn of,DATE,11,24
mdp.39015037773101,85,3,1,his years,DATE,25,34
mdp.39015037773101,85,3,2,the Mystery of Life,WORK_OF_ART,63,82
mdp.39015037773101,85,5,0,South,LOC,39,44
mdp.39015037773101,85,5,1,North,LOC,53,58
mdp.39015037773101,85,8,0,yearly,DATE,78,84
mdp.39015037773101,85,20,0,Horn,PERSON,4,8
mdp.39015037773101,86,4,0,today,DATE,34,39
mdp.39015037773101,86,9,0,Horn,PERSON,29,33
mdp.39015037773101,86,9,1,the next day,DATE,56,68
mdp.39015037773101,87,0,0,5,CARDINAL,8,9
mdp.39015037773101,87,3,0,"“A Chant to Lure Honor,",WORK_OF_ART,7,30
mdp.39015037773101,87,3,1,White Deer,PERSON,35,45
mdp.39015037773101,87,3,2,Horn,PERSON,84,88
mdp.39015037773101,87,5,0,Horn,PERSON,39,43
mdp.39015037773101,88,0,0,76,CARDINAL,0,2
mdp.39015037773101,88,1,0,Indians,NORP,65,72
mdp.39015037773101,88,2,0,David Mazzada,PERSON,0,13
mdp.39015037773101,88,2,1,Cleveland Indians,ORG,82,99
mdp.39015037773101,88,3,0,Lincoln Crosswell,PERSON,4,21
mdp.39015037773101,88,4,0,Washington Redskins,ORG,15,34
mdp.39015037773101,88,4,1,Doug Williams,PERSON,52,65
mdp.39015037773101,88,5,0,Lincoln,PERSON,0,7
mdp.39015037773101,88,5,1,Doug Williams,PERSON,28,41
mdp.39015037773101,88,5,2,Superbowl,EVENT,54,63
mdp.39015037773101,88,5,3,Redskins,ORG,72,80
mdp.39015037773101,88,5,4,that year,DATE,81,90
mdp.39015037773101,88,6,0,Horn,PERSON,4,8
mdp.39015037773101,88,9,0,Horn,PERSON,4,8
mdp.39015037773101,88,11,0,Indian,NORP,44,50
mdp.39015037773101,88,12,0,one,CARDINAL,13,16
mdp.39015037773101,88,13,0,Iroquois,NORP,41,49
mdp.39015037773101,88,14,0,French,NORP,4,10
mdp.39015037773101,88,18,0,Indian,NORP,24,30
mdp.39015037773101,88,18,1,Horn,PERSON,47,51
mdp.39015037773101,88,19,0,European,NORP,25,33
mdp.39015037773101,88,19,1,Indian,NORP,45,51
mdp.39015037773101,88,20,0,English,NORP,24,31
mdp.39015037773101,88,20,1,Indian,NORP,97,103
mdp.39015037773101,88,22,0,Horn,PERSON,4,8
mdp.39015037773101,88,22,1,Indians,NORP,56,63
mdp.39015037773101,88,22,2,Indians,NORP,72,79
mdp.39015037773101,88,23,0,Indians,NORP,42,49
mdp.39015037773101,89,0,0,Arrows of Truth A 77,ORG,0,20
mdp.39015037773101,89,0,1,Indians,NORP,73,80
mdp.39015037773101,89,1,0,Horn,PERSON,4,8
mdp.39015037773101,89,1,1,Doug Williams,PERSON,68,81
mdp.39015037773101,89,3,0,Lincoln,PERSON,0,7
mdp.39015037773101,89,5,0,Stephanie,PERSON,31,40
mdp.39015037773101,89,5,1,Washington,ORG,71,81
mdp.39015037773101,89,5,2,Blackskins,ORG,82,92
mdp.39015037773101,89,6,0,Horn,PERSON,26,30
mdp.39015037773101,89,6,1,Bernita,PERSON,39,46
mdp.39015037773101,89,7,0,the Washington Niggers,ORG,35,57
mdp.39015037773101,89,7,1,Washington Honkies,ORG,61,79
mdp.39015037773101,89,8,0,last night,TIME,14,24
mdp.39015037773101,89,8,1,Indians,NORP,30,37
mdp.39015037773101,89,10,0,Indians,NORP,41,48
mdp.39015037773101,89,11,0,Indians,NORP,5,12
mdp.39015037773101,89,11,1,Native Americans,NORP,31,47
mdp.39015037773101,89,12,0,Bernita,PERSON,12,19
mdp.39015037773101,89,12,1,Horn,PERSON,26,30
mdp.39015037773101,89,13,0,Indian,NORP,49,55
mdp.39015037773101,89,14,0,American Indian,NORP,3,18
mdp.39015037773101,89,14,1,the National Congress of American Indians,ORG,55,96
mdp.39015037773101,89,15,0,Horn,PERSON,4,8
mdp.39015037773101,89,18,0,a Native American,NORP,21,38
mdp.39015037773101,89,20,0,a Native American,NORP,63,80
mdp.39015037773101,90,0,0,78,CARDINAL,0,2
mdp.39015037773101,90,2,0,Indian,NORP,37,43
mdp.39015037773101,90,3,0,Horn,PERSON,18,22
mdp.39015037773101,90,5,0,Horn,PERSON,4,8
mdp.39015037773101,90,6,0,Dutch,NORP,76,81
mdp.39015037773101,90,6,1,French,NORP,83,89
mdp.39015037773101,90,6,2,English,NORP,94,101
mdp.39015037773101,90,7,0,European,NORP,14,22
mdp.39015037773101,90,7,1,Native Americans,NORP,55,71
mdp.39015037773101,90,10,0,Indian,NORP,35,41
mdp.39015037773101,90,10,1,Europeans,NORP,85,94
mdp.39015037773101,90,10,2,Indians,NORP,140,147
mdp.39015037773101,90,11,0,Indians,NORP,1,8
mdp.39015037773101,90,13,0,David Mazzada's,PERSON,11,26
mdp.39015037773101,90,13,1,Cleveland Indians,ORG,27,44
mdp.39015037773101,90,15,0,Indian,NORP,4,10
mdp.39015037773101,90,16,0,David,PERSON,0,5
mdp.39015037773101,90,18,0,Horn,PERSON,51,55
mdp.39015037773101,90,20,0,twenty years,DATE,4,16
mdp.39015037773101,90,20,1,Native Americans,NORP,17,33
mdp.39015037773101,90,20,2,Cleveland,GPE,64,73
mdp.39015037773101,90,21,0,Indian,NORP,11,17
mdp.39015037773101,90,24,0,Horn,PERSON,4,8
mdp.39015037773101,90,24,1,Indians,NORP,21,28
mdp.39015037773101,90,25,0,Hollywood,GPE,29,38
mdp.39015037773101,91,0,0,Arrows of Truth,WORK_OF_ART,0,15
mdp.39015037773101,91,0,1,79,CARDINAL,18,20
mdp.39015037773101,91,0,2,Plains Indians,NORP,21,35
mdp.39015037773101,91,1,0,Crazy Horse,PERSON,5,16
mdp.39015037773101,91,3,0,Indians,NORP,4,11
mdp.39015037773101,91,3,1,today,DATE,12,17
mdp.39015037773101,91,4,0,Indian,NORP,66,72
mdp.39015037773101,91,5,0,One,CARDINAL,1,4
mdp.39015037773101,91,5,1,Indian,NORP,28,34
mdp.39015037773101,91,5,2,Hollywood,GPE,45,54
mdp.39015037773101,91,5,3,Iron Eyes Cody,PERSON,59,73
mdp.39015037773101,91,6,0,Cody,PERSON,0,4
mdp.39015037773101,91,6,1,Indians,NORP,60,67
mdp.39015037773101,91,7,0,Horn,PERSON,4,8
mdp.39015037773101,91,7,1,one,CARDINAL,24,27
mdp.39015037773101,91,7,2,Indians,NORP,65,72
mdp.39015037773101,91,7,3,Puerto Ricans,NORP,92,105
mdp.39015037773101,91,7,4,Cubans,NORP,110,116
mdp.39015037773101,91,7,5,Indians,NORP,141,148
mdp.39015037773101,91,8,0,Indians,NORP,28,35
mdp.39015037773101,91,8,1,today,DATE,36,41
mdp.39015037773101,91,11,0,Indian,NORP,23,29
mdp.39015037773101,91,13,0,tens of thousands of years,DATE,40,66
mdp.39015037773101,91,14,0,Indians,NORP,39,46
mdp.39015037773101,91,16,0,One,CARDINAL,0,3
mdp.39015037773101,91,16,1,Cherokee,NORP,4,12
mdp.39015037773101,91,16,2,Tah-chee,PERSON,20,28
mdp.39015037773101,91,17,0,Tah-chee,PERSON,0,8
mdp.39015037773101,91,18,0,Tah-chee,PERSON,0,8
mdp.39015037773101,91,18,1,one,CARDINAL,13,16
mdp.39015037773101,91,18,2,Cherokee,NORP,24,32
mdp.39015037773101,91,19,0,Horn,PERSON,4,8
mdp.39015037773101,91,19,1,United States,GPE,37,50
mdp.39015037773101,91,19,2,Canadian,NORP,70,78
mdp.39015037773101,91,19,3,Native Americans,NORP,102,118
mdp.39015037773101,91,20,0,Indian,NORP,27,33
mdp.39015037773101,92,0,0,80,CARDINAL,0,2
mdp.39015037773101,92,1,0,Horn,PERSON,7,11
mdp.39015037773101,92,1,1,Four,CARDINAL,45,49
mdp.39015037773101,92,2,0,Horn,PERSON,4,8
mdp.39015037773101,92,2,1,Indians,NORP,53,60
mdp.39015037773101,92,3,0,Indian,NORP,8,14
mdp.39015037773101,92,4,0,Indian,NORP,6,12
mdp.39015037773101,92,4,1,Bible,WORK_OF_ART,43,48
mdp.39015037773101,92,4,2,Koran,WORK_OF_ART,56,61
mdp.39015037773101,92,7,0,Native Americans,NORP,56,72
mdp.39015037773101,92,8,0,Native Americans,NORP,77,93
mdp.39015037773101,92,9,0,United States,GPE,19,32
mdp.39015037773101,92,10,0,U.S.,GPE,57,61
mdp.39015037773101,92,10,1,about 400,CARDINAL,101,110
mdp.39015037773101,92,11,0,Horn,PERSON,49,53
mdp.39015037773101,92,12,0,Four Directions,ORG,17,32
mdp.39015037773101,92,13,0,David,PERSON,0,5
mdp.39015037773101,92,13,1,Lincoln,PERSON,10,17
mdp.39015037773101,92,13,2,Horn,PERSON,32,36
mdp.39015037773101,92,14,0,today,DATE,49,54
mdp.39015037773101,92,15,0,Horn,PERSON,4,8
mdp.39015037773101,93,0,0,Arrows of Truth,WORK_OF_ART,0,15
mdp.39015037773101,93,3,0,two,CARDINAL,10,13
mdp.39015037773101,93,6,0,Horn,PERSON,20,24
mdp.39015037773101,93,8,0,Horn,PERSON,4,8
mdp.39015037773101,94,1,0,Gabriel Horn,PERSON,26,38
mdp.39015037773101,94,1,1,Metacomet,PERSON,96,105
mdp.39015037773101,94,1,2,Nippawanock,NORP,110,121
mdp.39015037773101,94,1,3,Red Wing,PERSON,139,147
mdp.39015037773101,94,1,4,Narragansett,NORP,155,167
mdp.39015037773101,94,1,5,Wampanoag,NORP,175,184
mdp.39015037773101,94,2,0,American Indian Movement,ORG,38,62
mdp.39015037773101,94,3,0,the Red School House,ORG,57,77
mdp.39015037773101,94,3,1,St. Paul,GPE,81,89
mdp.39015037773101,94,3,2,Minnesota,GPE,91,100
mdp.39015037773101,94,4,0,the Minneapolis American Indian Center,ORG,33,71
mdp.39015037773101,94,4,1,1980 to 1982,DATE,77,89
mdp.39015037773101,94,4,2,the Minneapolis American Indian Art Gallery,ORG,111,154
mdp.39015037773101,94,4,3,the Living Traditions Museum,ORG,159,187
mdp.39015037773101,94,5,0,Indian,NORP,16,22
mdp.39015037773101,94,5,1,the Human Rights Award,WORK_OF_ART,52,74
mdp.39015037773101,94,5,2,Minnesota,GPE,91,100
mdp.39015037773101,94,6,0,Gabriel Horn,PERSON,0,12
mdp.39015037773101,94,6,1,English,LANGUAGE,38,45
mdp.39015037773101,94,7,0,Florida,GPE,19,26
mdp.39015037773101,94,7,1,the National Committee on American Indian History,ORG,50,99
mdp.39015037773101,94,7,2,Native American,NORP,122,137
mdp.39015037773101,94,7,3,Indigenous Thought,ORG,158,176
mdp.39015037773101,94,8,0,Florida,GPE,16,23
mdp.39015037773101,94,8,1,Simone,PERSON,45,51
mdp.39015037773101,94,8,2,Ojibway,NORP,56,63
mdp.39015037773101,95,1,0,Shonto Begay,PERSON,0,12
mdp.39015037773101,95,1,1,Native American,NORP,18,33
mdp.39015037773101,95,2,0,The Mud Pony,WORK_OF_ART,24,36
mdp.39015037773101,95,2,1,Native American,NORP,40,55
mdp.39015037773101,95,2,2,Lluvia,WORK_OF_ART,67,73
mdp.39015037773101,95,2,3,Hispanic,NORP,77,85
mdp.39015037773101,95,3,0,Kayenta,GPE,12,19
mdp.39015037773101,95,3,1,Arizona,GPE,21,28
mdp.39015037773101,95,4,0,"Native People, Native Ways",WORK_OF_ART,22,48
mdp.39015037773101,95,4,1,Native,NORP,134,140
mdp.39015037773101,95,4,2,Americas,LOC,178,186
mdp.39015037773101,96,1,0,"Native People, Native Ways”",WORK_OF_ART,5,32
mdp.39015037773101,96,1,1,Simone,PERSON,120,126
mdp.39015037773101,96,1,2,Ihasha,PERSON,175,181
mdp.39015037773101,96,1,3,Calusa,PERSON,183,189
mdp.39015037773101,96,1,4,Carises,PERSON,195,202
mdp.39015037773101,96,2,0,Jay Johnson's,PERSON,8,21
mdp.39015037773101,96,2,1,Paige Graham's,PERSON,44,58
mdp.39015037773101,96,2,2,Paige,PERSON,130,135
mdp.39015037773101,96,3,0,Beyond Words,ORG,39,51
mdp.39015037773101,96,3,1,Cynthia Black,PERSON,53,66
mdp.39015037773101,96,3,2,Richard Cohn,PERSON,71,83
mdp.39015037773101,96,4,0,Marvin Moore,PERSON,19,31
mdp.39015037773101,96,4,1,Native American,NORP,37,52
mdp.39015037773101,96,4,2,Chris Landon,PERSON,76,88
mdp.39015037773101,96,5,0,Fred Brady,PERSON,7,17
mdp.39015037773101,96,6,0,Sandra Martin,PERSON,48,61
mdp.39015037773101,96,7,0,Shonto Begay,PERSON,16,28
mdp.39015037773101,96,7,1,Native,NORP,88,94
mdp.39015037773101,96,7,2,Native,NORP,107,113
mdp.39015037773101,97,0,0,Native American,NORP,6,21
mdp.39015037773101,97,0,1,"Beyond Words Publishing, Inc.",ORG,44,73
mdp.39015037773101,97,1,0,THE NATIVE AMERICAN BOOK OF KNOWLEDGE,WORK_OF_ART,0,37
mdp.39015037773101,97,1,1,White Deer of Autumn,PERSON,46,66
mdp.39015037773101,97,1,2,Shonto Begay,PERSON,80,92
mdp.39015037773101,97,1,3,96,CARDINAL,93,95
mdp.39015037773101,97,1,4,4.95,MONEY,104,108
mdp.39015037773101,97,1,5,ages 10-12,DATE,120,130
mdp.39015037773101,97,2,0,Americas,LOC,37,45
mdp.39015037773101,97,2,1,Deganawida,NORP,57,67
mdp.39015037773101,97,2,2,Hyonwatha,PERSON,69,78
mdp.39015037773101,97,2,3,Native,NORP,143,149
mdp.39015037773101,97,3,0,THE NATIVE AMERICAN BOOK OF LIFE Author: White Deer of Autumn,WORK_OF_ART,0,61
mdp.39015037773101,97,3,1,Shonto Begay,PERSON,75,87
mdp.39015037773101,97,3,2,96,CARDINAL,88,90
mdp.39015037773101,97,3,3,4.95,MONEY,99,103
mdp.39015037773101,97,3,4,ages 10-12,DATE,115,125
mdp.39015037773101,97,3,5,Native,NORP,176,182
mdp.39015037773101,97,4,0,Native,NORP,53,59
mdp.39015037773101,98,1,0,THE NATIVE AMERICAN BOOK OF WISDOM,WORK_OF_ART,0,34
mdp.39015037773101,98,1,1,White Deer of Autumn,PERSON,43,63
mdp.39015037773101,98,1,2,Shonto Begay,PERSON,77,89
mdp.39015037773101,98,1,3,96,CARDINAL,90,92
mdp.39015037773101,98,1,4,4.95,MONEY,101,105
mdp.39015037773101,98,1,5,ages 10-12,DATE,117,127
mdp.39015037773101,98,3,0,White Deer of Autumn,PERSON,39,59
mdp.39015037773101,98,3,1,Daniel San Souci,PERSON,73,89
mdp.39015037773101,98,3,2,32,CARDINAL,90,92
mdp.39015037773101,98,3,3,6.95,MONEY,101,105
mdp.39015037773101,98,3,4,ages 6-10,DATE,117,126
mdp.39015037773101,98,3,5,nine-year-old,DATE,140,153
mdp.39015037773101,98,3,6,Native American,NORP,179,194
mdp.39015037773101,98,4,0,the “Circle of Life,WORK_OF_ART,105,124
mdp.39015037773101,98,5,0,Turtle,PERSON,7,13
mdp.39015037773101,98,5,1,Earth,LOC,71,76
mdp.39015037773101,99,0,0,THE GREAT CHANGE,WORK_OF_ART,0,16
mdp.39015037773101,99,0,1,White Deer of Autumn,PERSON,25,45
mdp.39015037773101,99,1,0,Carol Grigg,PERSON,13,24
mdp.39015037773101,99,1,1,32,CARDINAL,25,27
mdp.39015037773101,99,1,2,14.95,MONEY,36,41
mdp.39015037773101,99,1,3,ages 3-10,DATE,53,62
mdp.39015037773101,99,1,4,Native American,NORP,65,80
mdp.39015037773101,99,4,0,Carol Grigg,PERSON,62,73
mdp.39015037773101,99,5,0,Susan Strauss,PERSON,63,76
mdp.39015037773101,99,5,1,Gary Lund,PERSON,90,99
mdp.39015037773101,99,5,2,50,CARDINAL,100,102
mdp.39015037773101,99,5,3,10.95,MONEY,111,116
mdp.39015037773101,99,5,4,6.95,MONEY,129,133
mdp.39015037773101,99,5,5,ages 6-12,DATE,145,154
mdp.39015037773101,99,6,0,Susan Strauss,PERSON,12,25
mdp.39015037773101,99,6,1,Native American,NORP,43,58
mdp.39015037773101,99,6,2,Native,NORP,115,121
mdp.39015037773101,99,7,0,Native American,NORP,106,121
mdp.39015037773101,100,0,0,3 9015,CARDINAL,24,30
mdp.39015037773101,100,1,0,"Carter, Forrest",ORG,154,169
mdp.39015037773101,100,2,0,The Education of Little Tree,WORK_OF_ART,0,28
mdp.39015037773101,100,3,0,Albuquerque,GPE,0,11
mdp.39015037773101,100,3,1,New Mexico,GPE,13,23
mdp.39015037773101,100,3,2,University of New Mexico Press,ORG,25,55
mdp.39015037773101,100,3,3,1986,DATE,57,61
mdp.39015037773101,100,4,0,Neihardt,PERSON,0,8
mdp.39015037773101,100,4,1,John G. Black Elk,PERSON,10,27
mdp.39015037773101,100,5,0,Lincoln,GPE,0,7
mdp.39015037773101,100,5,1,Nebraska,GPE,9,17
mdp.39015037773101,100,5,2,University of Nebraska Press,ORG,19,47
mdp.39015037773101,100,5,3,1979,DATE,49,53
mdp.39015037773101,100,6,0,Standing Bear,PERSON,0,13
mdp.39015037773101,100,6,1,Luther,PERSON,15,21
mdp.39015037773101,100,7,0,Land of the Spotted Eagle,WORK_OF_ART,0,25
mdp.39015037773101,100,8,0,Lincoln,GPE,0,7
mdp.39015037773101,100,8,1,Nebraska,GPE,9,17
mdp.39015037773101,100,8,2,University of Nebraska Press,ORG,19,47
mdp.39015037773101,100,8,3,1969,DATE,49,53
mdp.39015037773101,100,9,0,Track,PERSON,0,5
mdp.39015037773101,100,9,1,Soge,PERSON,7,11
mdp.39015037773101,100,10,0,Indian Love Letter,WORK_OF_ART,1,19
mdp.39015037773101,100,11,0,South Dakota Review,ORG,0,19
mdp.39015037773101,100,11,1,1,CARDINAL,25,26
mdp.39015037773101,100,11,2,2,CARDINAL,32,33
mdp.39015037773101,100,11,3,1969,DATE,35,39
mdp.39015037773101,100,11,4,136,CARDINAL,45,48
mdp.39015037773101,100,12,0,Momaday,PERSON,18,25
mdp.39015037773101,100,12,1,N. Scott,PERSON,27,35
mdp.39015037773101,100,12,2,Way to Rainy Mountain,WORK_OF_ART,37,58
mdp.39015037773101,100,13,0,New York,GPE,0,8
mdp.39015037773101,100,13,1,Ballintine Books,ORG,10,26
mdp.39015037773101,100,13,2,1976,DATE,28,32
mdp.39015037773101,100,14,0,The Council on Interracial Books for Children,ORG,0,45
mdp.39015037773101,100,15,0,Chronicles of American Indian Protest,WORK_OF_ART,0,37
mdp.39015037773101,100,16,0,Greenwich,GPE,0,9
mdp.39015037773101,100,16,1,Connecticut,GPE,11,22
mdp.39015037773101,100,16,2,Fawcett Publications,ORG,24,44
mdp.39015037773101,100,16,3,1971,DATE,46,50
mdp.39015037773101,100,17,0,Brown,PERSON,0,5
mdp.39015037773101,100,17,1,Dee,PERSON,7,10
mdp.39015037773101,100,18,0,Bury My Heart at Wounded Knee,WORK_OF_ART,0,29
mdp.39015037773101,100,19,0,New York,GPE,0,8
mdp.39015037773101,100,19,1,"Holt, Rinehart & Winston, Inc.",ORG,10,40
mdp.39015037773101,100,19,2,1970,DATE,42,46
mdp.39015037773101,100,20,0,Goldman,PERSON,0,7
mdp.39015037773101,100,20,1,Jeffrey,PERSON,9,16
mdp.39015037773101,100,21,0,New York,GPE,0,8
mdp.39015037773101,100,21,1,Summit Books,ORG,10,22
mdp.39015037773101,100,21,2,1981,DATE,24,28
mdp.39015037773101,102,0,0,JUL 2 9 2003,DATE,44,56
mdp.39015037773101,102,0,1,AUG 14 2008,DATE,57,68
mdp.39015037773101,104,1,0,The Native American Book of Change The Circle of Life is,WORK_OF_ART,0,56
mdp.39015037773101,104,1,1,American Indian,NORP,60,75
mdp.39015037773101,104,1,2,Four,CARDINAL,91,95
mdp.39015037773101,104,2,0,four,CARDINAL,4,8
mdp.39015037773101,104,2,1,four,CARDINAL,30,34
mdp.39015037773101,104,2,2,winter,DATE,115,121
mdp.39015037773101,104,2,3,four,CARDINAL,131,135
mdp.39015037773101,104,3,0,Four,CARDINAL,12,16
mdp.39015037773101,104,4,0,East,LOC,16,20
mdp.39015037773101,104,4,1,South,LOC,35,40
mdp.39015037773101,104,5,0,The Native American Book of Change,WORK_OF_ART,0,34
mdp.39015037773101,104,5,1,the American Indians,NORP,63,83
mdp.39015037773101,104,5,2,Europeans,NORP,94,103
mdp.39015037773101,104,6,0,"Poets, Prophets, and Peacemakers After the Conquest",WORK_OF_ART,1,52
mdp.39015037773101,104,6,1,American Indian,NORP,83,98
mdp.39015037773101,104,7,0,"Dad's Signs, Now Mine",WORK_OF_ART,1,22
mdp.39015037773101,104,7,1,American Indian,NORP,43,58
mdp.39015037773101,104,9,0,0-941831-73-6,CARDINAL,5,18
mdp.39015037773101,104,10,0,The Native American Book of Knowledge The Native American Book of Life,WORK_OF_ART,28,98
mdp.39015037773101,104,10,1,The Native American Book of Wisdom 50 495,WORK_OF_ART,99,140
mdp.39015037773101,104,10,2,4.95,MONEY,149,153
mdp.39015037773101,104,10,3,5.5,CARDINAL,158,161
mdp.39015037773101,104,10,4,"Beyond Words Publishing, Inc.",ORG,162,191
