vol_id,page,sentence_id,ent_id,entity,entity_type,start_char,end_char
mdp.39015050047045,1,0,0,Duane Niatum,PERSON,69,81
mdp.39015050047045,4,0,0,1,CARDINAL,0,1
mdp.39015050047045,4,0,1,1,CARDINAL,2,3
mdp.39015050047045,5,0,0,The Crooked Beak of Love,PERSON,0,24
mdp.39015050047045,7,0,0,Duane Niatum,PERSON,25,37
mdp.39015050047045,8,1,0,Albatross,ORG,110,119
mdp.39015050047045,8,1,1,The Amicus Journal,ORG,121,139
mdp.39015050047045,8,1,2,Archae,ORG,141,147
mdp.39015050047045,8,1,3,Calapooya,ORG,149,158
mdp.39015050047045,8,1,4,Caliban,ORG,160,167
mdp.39015050047045,8,1,5,The Charitan Review,ORG,169,188
mdp.39015050047045,8,1,6,Chelsea,ORG,190,197
mdp.39015050047045,8,1,7,Chrysanthemum,ORG,199,212
mdp.39015050047045,8,1,8,Contact II,ORG,214,224
mdp.39015050047045,8,1,9,Crab Creek Review,ORG,226,243
mdp.39015050047045,8,1,10,Jeopardy,ORG,245,253
mdp.39015050047045,8,1,11,Left Bank,ORG,255,264
mdp.39015050047045,8,1,12,North Dakota Quarterly,ORG,266,288
mdp.39015050047045,8,1,13,Potlatch,ORG,290,298
mdp.39015050047045,8,1,14,Princeton Spectrum,ORG,300,318
mdp.39015050047045,8,1,15,Seattle Arts,ORG,320,332
mdp.39015050047045,8,1,16,Seattle Review,ORG,334,348
mdp.39015050047045,8,1,17,Spring Rain,ORG,350,361
mdp.39015050047045,8,1,18,Talus,ORG,367,372
mdp.39015050047045,8,2,0,Skagit Valley,LOC,1,14
mdp.39015050047045,8,2,1,Ascending Red Cedar Moon,WORK_OF_ART,39,63
mdp.39015050047045,8,2,2,The Rhythm,WORK_OF_ART,81,91
mdp.39015050047045,8,3,0,Digging Out the Roots,WORK_OF_ART,42,63
mdp.39015050047045,8,3,1,His Teacher,WORK_OF_ART,81,92
mdp.39015050047045,8,4,0,Crow's Fear of Growing White,WORK_OF_ART,23,51
mdp.39015050047045,8,4,1,Songs for the Harvester of Dreams,WORK_OF_ART,76,109
mdp.39015050047045,8,5,0,Stories of the Moon,WORK_OF_ART,1,20
mdp.39015050047045,8,5,1,Ascending Red Cedar Moon,WORK_OF_ART,45,69
mdp.39015050047045,8,5,2,Legends of the Moons,WORK_OF_ART,87,107
mdp.39015050047045,8,6,0,2000,DATE,2,6
mdp.39015050047045,8,6,1,Duane Niatum,PERSON,10,22
mdp.39015050047045,8,8,0,the United States of America,GPE,11,39
mdp.39015050047045,8,12,0,First,ORDINAL,0,5
mdp.39015050047045,8,12,1,February 2000,DATE,15,28
mdp.39015050047045,8,13,0,0-931122-96-1,CARDINAL,6,19
mdp.39015050047045,8,13,1,Nancy Woodard,PERSON,45,58
mdp.39015050047045,8,13,2,University of New Mexico Press,ORG,74,104
mdp.39015050047045,8,13,3,West End Press,ORG,105,119
mdp.39015050047045,8,13,4,27334,CARDINAL,131,136
mdp.39015050047045,8,13,5,Albuquerque,GPE,139,150
mdp.39015050047045,8,13,6,New Mexico,GPE,152,162
mdp.39015050047045,8,13,7,87125,CARDINAL,163,168
mdp.39015050047045,10,1,0,Albatross,ORG,110,119
mdp.39015050047045,10,1,1,The Amicus Journal,ORG,121,139
mdp.39015050047045,10,1,2,Archae,ORG,141,147
mdp.39015050047045,10,1,3,Calapooya,ORG,149,158
mdp.39015050047045,10,1,4,Caliban,ORG,160,167
mdp.39015050047045,10,1,5,The Charitan Review,ORG,169,188
mdp.39015050047045,10,1,6,Chelsea,ORG,190,197
mdp.39015050047045,10,1,7,Chrysanthemum,ORG,199,212
mdp.39015050047045,10,1,8,Contact II,ORG,214,224
mdp.39015050047045,10,1,9,Crab Creek Review,ORG,226,243
mdp.39015050047045,10,1,10,Jeopardy,ORG,245,253
mdp.39015050047045,10,1,11,Left Bank,ORG,255,264
mdp.39015050047045,10,1,12,North Dakota Quarterly,ORG,266,288
mdp.39015050047045,10,1,13,Potlatch,ORG,290,298
mdp.39015050047045,10,1,14,Princeton Spectrum,ORG,300,318
mdp.39015050047045,10,1,15,Seattle Arts,ORG,320,332
mdp.39015050047045,10,1,16,Seattle Review,ORG,334,348
mdp.39015050047045,10,1,17,Spring Rain,ORG,350,361
mdp.39015050047045,10,1,18,Talus,ORG,367,372
mdp.39015050047045,10,2,0,Skagit Valley,WORK_OF_ART,1,14
mdp.39015050047045,10,2,1,Ascending Red Cedar Moon,WORK_OF_ART,39,63
mdp.39015050047045,10,2,2,The Rhythm,WORK_OF_ART,81,91
mdp.39015050047045,10,3,0,Digging Out the Roots,WORK_OF_ART,42,63
mdp.39015050047045,10,3,1,His Teacher,WORK_OF_ART,81,92
mdp.39015050047045,10,4,0,Crow's Fear of Growing White,WORK_OF_ART,23,51
mdp.39015050047045,10,4,1,Songs for the Harvester of Dreams,WORK_OF_ART,76,109
mdp.39015050047045,10,5,0,Stories of the Moon,WORK_OF_ART,1,20
mdp.39015050047045,10,5,1,Ascending Red Cedar Moon,WORK_OF_ART,45,69
mdp.39015050047045,10,5,2,Legends of the Moons,WORK_OF_ART,87,107
mdp.39015050047045,10,6,0,2000,DATE,2,6
mdp.39015050047045,10,6,1,Duane Niatum,PERSON,10,22
mdp.39015050047045,10,8,0,the United States of America,GPE,11,39
mdp.39015050047045,10,11,0,First,ORDINAL,0,5
mdp.39015050047045,10,11,1,February 2000,DATE,15,28
mdp.39015050047045,10,12,0,0-931122-96-1,CARDINAL,6,19
mdp.39015050047045,10,12,1,Nancy Woodard,PERSON,45,58
mdp.39015050047045,10,12,2,University of New Mexico Press,ORG,74,104
mdp.39015050047045,10,12,3,West End Press,ORG,105,119
mdp.39015050047045,10,12,4,27334,CARDINAL,131,136
mdp.39015050047045,10,12,5,Albuquerque,GPE,139,150
mdp.39015050047045,10,12,6,New Mexico,GPE,152,162
mdp.39015050047045,10,12,7,87125,CARDINAL,163,168
mdp.39015050047045,11,0,0,GRAT 327972 Ence PSICO,PERSON,0,22
mdp.39015050047045,12,0,0,Duane Niatum,PERSON,9,21
mdp.39015050047045,12,0,1,Drawings of the Song Animals: New and Selected Poems,WORK_OF_ART,22,74
mdp.39015050047045,12,0,2,1991,DATE,76,80
mdp.39015050047045,12,0,3,Songs for the Harvester of Dreams,WORK_OF_ART,81,114
mdp.39015050047045,12,0,4,1981,DATE,116,120
mdp.39015050047045,12,0,5,Digging Out the Roots,WORK_OF_ART,121,142
mdp.39015050047045,12,0,6,1977,DATE,144,148
mdp.39015050047045,12,0,7,Ascending Red Cedar Moon,WORK_OF_ART,149,173
mdp.39015050047045,12,0,8,1974,DATE,175,179
mdp.39015050047045,12,0,9,After the Death of an Elder Klallam,WORK_OF_ART,180,215
mdp.39015050047045,12,0,10,1970,DATE,217,221
mdp.39015050047045,12,0,11,Harper's Anthology of 20th Century Native American Poetry,WORK_OF_ART,229,286
mdp.39015050047045,12,0,12,1988,DATE,288,292
mdp.39015050047045,12,0,13,Carriers of the Dream Wheel,WORK_OF_ART,293,320
mdp.39015050047045,12,0,14,1975,DATE,322,326
mdp.39015050047045,13,0,0,FIRST,ORDINAL,27,32
mdp.39015050047045,13,0,1,Crow's Fear of Growing White 3 His Medicine Man 4 Days We Need a Good Rain 6 Song of Breath and Water,WORK_OF_ART,40,141
mdp.39015050047045,13,0,2,November,DATE,146,154
mdp.39015050047045,13,0,3,Song of the Yellow Pine,WORK_OF_ART,171,194
mdp.39015050047045,13,0,4,12,CARDINAL,197,199
mdp.39015050047045,13,1,0,Muskogee Carrier of the Stories,WORK_OF_ART,0,31
mdp.39015050047045,13,2,0,We Sing in this Life So the Dead Come Home Son,WORK_OF_ART,0,46
mdp.39015050047045,13,4,0,27,CARDINAL,37,39
mdp.39015050047045,13,4,1,28,CARDINAL,50,52
mdp.39015050047045,13,4,2,The Washington Park Arboretum,FAC,53,82
mdp.39015050047045,13,4,3,29,CARDINAL,85,87
mdp.39015050047045,13,5,0,Fifty,CARDINAL,17,22
mdp.39015050047045,13,5,1,30,CARDINAL,25,27
mdp.39015050047045,13,5,2,Nelson Bentley,PERSON,31,45
mdp.39015050047045,13,7,0,Skagit Valley,GPE,38,51
mdp.39015050047045,13,8,0,35,CARDINAL,0,2
mdp.39015050047045,13,8,1,36,CARDINAL,25,27
mdp.39015050047045,13,10,0,37,CARDINAL,0,2
mdp.39015050047045,13,10,1,A Moment of Recollection,WORK_OF_ART,3,27
mdp.39015050047045,13,10,2,39,CARDINAL,30,32
mdp.39015050047045,13,10,3,40,CARDINAL,67,69
mdp.39015050047045,13,10,4,Chasing the Sun,WORK_OF_ART,70,85
mdp.39015050047045,13,10,5,43,CARDINAL,125,127
mdp.39015050047045,13,10,6,"In Your City of Stone, Sculpture and Ruin",WORK_OF_ART,128,169
mdp.39015050047045,13,10,7,49,CARDINAL,214,216
mdp.39015050047045,13,10,8,52,CARDINAL,255,257
mdp.39015050047045,13,10,9,53,CARDINAL,269,271
mdp.39015050047045,13,10,10,55,CARDINAL,301,303
mdp.39015050047045,13,10,11,Three,CARDINAL,304,309
mdp.39015050047045,13,10,12,56,CARDINAL,341,343
mdp.39015050047045,13,10,13,57,CARDINAL,371,373
mdp.39015050047045,13,11,0,58,CARDINAL,14,16
mdp.39015050047045,14,0,0,Moon of Crackling Branches,WORK_OF_ART,16,42
mdp.39015050047045,14,0,1,61,CARDINAL,45,47
mdp.39015050047045,14,0,2,Moon of Deep Snow,WORK_OF_ART,48,65
mdp.39015050047045,14,0,3,62,CARDINAL,66,68
mdp.39015050047045,14,0,4,Moon of Chinook Winds,WORK_OF_ART,69,90
mdp.39015050047045,14,0,5,63,CARDINAL,93,95
mdp.39015050047045,14,0,6,Moon of Flowers,WORK_OF_ART,96,111
mdp.39015050047045,14,0,7,64,CARDINAL,114,116
mdp.39015050047045,14,0,8,Moon of Ripe Berries,WORK_OF_ART,117,137
mdp.39015050047045,14,0,9,65,CARDINAL,140,142
mdp.39015050047045,14,0,10,Moon of Dry Grass,WORK_OF_ART,143,160
mdp.39015050047045,14,0,11,66,CARDINAL,163,165
mdp.39015050047045,14,0,12,Moon of Harvest,WORK_OF_ART,166,181
mdp.39015050047045,14,0,13,67,CARDINAL,184,186
mdp.39015050047045,14,0,14,Moon of Frost's Return,WORK_OF_ART,187,209
mdp.39015050047045,14,0,15,68,CARDINAL,212,214
mdp.39015050047045,14,0,16,Moon of Winter,WORK_OF_ART,215,229
mdp.39015050047045,14,0,17,69,CARDINAL,232,234
mdp.39015050047045,14,0,18,70,CARDINAL,243,245
mdp.39015050047045,15,1,0,American Indians,NORP,87,103
mdp.39015050047045,15,1,1,American Indian,NORP,141,156
mdp.39015050047045,15,1,2,only one,CARDINAL,214,222
mdp.39015050047045,15,2,0,Indians,NORP,102,109
mdp.39015050047045,15,3,0,Klallam,NORP,15,22
mdp.39015050047045,15,9,0,first,ORDINAL,5,10
mdp.39015050047045,15,9,1,December Rose,WORK_OF_ART,46,59
mdp.39015050047045,15,9,2,Rufous Hummingbird,WORK_OF_ART,66,84
mdp.39015050047045,15,9,3,Indian,NORP,130,136
mdp.39015050047045,15,10,0,one,CARDINAL,19,22
mdp.39015050047045,15,10,1,Song of the Yellow Pine,WORK_OF_ART,69,92
mdp.39015050047045,15,11,0,Hadlock,GPE,150,157
mdp.39015050047045,15,22,0,a moon ix,WORK_OF_ART,28,37
mdp.39015050047045,16,0,0,Ascending Red Cedar Moon,WORK_OF_ART,23,47
mdp.39015050047045,16,1,0,first,ORDINAL,73,78
mdp.39015050047045,16,3,0,five,CARDINAL,4,8
mdp.39015050047045,16,5,0,Gayle Bodorff,PERSON,22,35
mdp.39015050047045,16,5,1,Nelson Bentley,PERSON,40,54
mdp.39015050047045,16,6,0,Gayle,PERSON,0,5
mdp.39015050047045,17,0,0,FIRST,ORDINAL,2,7
mdp.39015050047045,18,0,0,1,CARDINAL,0,1
mdp.39015050047045,19,0,0,Crow,PERSON,0,4
mdp.39015050047045,19,2,0,blue jay,PERSON,495,503
mdp.39015050047045,19,2,1,Crow,PERSON,562,566
mdp.39015050047045,20,0,0,Medicine Man,PERSON,4,16
mdp.39015050047045,20,1,0,Old Grease Bowl,FAC,89,104
mdp.39015050047045,20,4,0,four,CARDINAL,102,106
mdp.39015050047045,20,5,0,decades ago,DATE,67,78
mdp.39015050047045,20,5,1,one,CARDINAL,139,142
mdp.39015050047045,22,0,0,Days,DATE,0,4
mdp.39015050047045,22,1,0,nights,DATE,32,38
mdp.39015050047045,22,1,1,days,DATE,75,79
mdp.39015050047045,22,2,0,days,DATE,10,14
mdp.39015050047045,22,3,0,Days,DATE,0,4
mdp.39015050047045,22,3,1,Pow Wow,EVENT,95,102
mdp.39015050047045,22,3,2,years ago,DATE,109,118
mdp.39015050047045,22,3,3,BIA,ORG,305,308
mdp.39015050047045,22,3,4,Pay N. Save,ORG,340,351
mdp.39015050047045,22,4,0,the days,DATE,13,21
mdp.39015050047045,22,5,0,The days,DATE,0,8
mdp.39015050047045,22,6,0,these days,DATE,3,13
mdp.39015050047045,23,0,0,Days,DATE,0,4
mdp.39015050047045,23,0,1,days,DATE,223,227
mdp.39015050047045,23,0,2,the blackberry brier whiskey seer,PERSON,233,266
mdp.39015050047045,24,0,0,Song of Breath and Water Ojibwa,WORK_OF_ART,0,31
mdp.39015050047045,24,0,1,Turtle,PERSON,301,307
mdp.39015050047045,24,1,0,Muskrat,LOC,225,232
mdp.39015050047045,24,1,1,four,CARDINAL,261,265
mdp.39015050047045,24,2,0,four seasons,DATE,83,95
mdp.39015050047045,24,4,0,first,ORDINAL,81,86
mdp.39015050047045,24,8,0,8,CARDINAL,0,1
mdp.39015050047045,25,0,0,Ojibwa,GPE,0,6
mdp.39015050047045,25,0,1,seven,CARDINAL,48,53
mdp.39015050047045,25,1,0,North Star,PERSON,0,10
mdp.39015050047045,25,2,0,Sky Bear,PERSON,0,8
mdp.39015050047045,25,2,1,Nishnaabeg,NORP,66,76
mdp.39015050047045,26,0,0,November,DATE,0,8
mdp.39015050047045,26,1,0,Earthmother,PERSON,3,14
mdp.39015050047045,26,4,0,early evening,TIME,3,16
mdp.39015050047045,26,7,0,a Pow Wow,EVENT,55,64
mdp.39015050047045,26,10,0,last summer,DATE,60,71
mdp.39015050047045,26,11,0,the Great Lakes,LOC,102,117
mdp.39015050047045,26,16,0,10,CARDINAL,38,40
mdp.39015050047045,27,0,0,winter,DATE,26,32
mdp.39015050047045,27,4,0,Wolf,PERSON,13,17
mdp.39015050047045,27,6,0,Turtle,LOC,144,150
mdp.39015050047045,27,7,0,North Wind,PERSON,20,30
mdp.39015050047045,27,9,0,li,PERSON,0,2
mdp.39015050047045,28,0,0,Song of the Yellow Pine,PERSON,0,23
mdp.39015050047045,28,1,0,Oatsa,PERSON,47,52
mdp.39015050047045,28,1,1,Hadlock,GPE,113,120
mdp.39015050047045,28,1,2,Young,PERSON,148,153
mdp.39015050047045,28,1,3,Lucy Patsy,PERSON,158,168
mdp.39015050047045,28,2,0,Oatsa,PERSON,119,124
mdp.39015050047045,28,2,1,Thunderbird and Crow,WORK_OF_ART,139,159
mdp.39015050047045,28,2,2,A Young Woman Marries a Sea Being,WORK_OF_ART,163,196
mdp.39015050047045,28,3,0,Tomorrow,DATE,2,10
mdp.39015050047045,28,3,1,Chemakum Creek,LOC,54,68
mdp.39015050047045,28,3,2,tyee,NORP,130,134
mdp.39015050047045,28,4,0,Oatsa,PERSON,138,143
mdp.39015050047045,28,4,1,the day,DATE,186,193
mdp.39015050047045,28,4,2,Niatum,PERSON,300,306
mdp.39015050047045,28,6,0,Skunk Island,LOC,128,140
mdp.39015050047045,28,7,0,12,CARDINAL,0,2
mdp.39015050047045,29,0,0,Mary Peters,PERSON,47,58
mdp.39015050047045,29,0,1,Klallam,NORP,129,136
mdp.39015050047045,29,1,0,the Hoko River,LOC,33,47
mdp.39015050047045,29,5,0,Transformer,PRODUCT,40,51
mdp.39015050047045,29,7,0,13,CARDINAL,62,64
mdp.39015050047045,30,2,0,Crow,PERSON,80,84
mdp.39015050047045,30,3,0,morning,TIME,49,56
mdp.39015050047045,30,3,1,Crow,PERSON,70,74
mdp.39015050047045,30,3,2,first,ORDINAL,76,81
mdp.39015050047045,30,3,3,the next moon,TIME,142,155
mdp.39015050047045,30,4,0,Thunderbird,PRODUCT,17,28
mdp.39015050047045,30,4,1,Wolf,PRODUCT,33,37
mdp.39015050047045,30,4,2,half,CARDINAL,164,168
mdp.39015050047045,30,4,3,half,CARDINAL,180,184
mdp.39015050047045,31,0,0,our days,DATE,33,41
mdp.39015050047045,32,0,0,Muskogee Carrier,PERSON,0,16
mdp.39015050047045,32,0,1,Louis Little Racoon Oliver,PERSON,37,63
mdp.39015050047045,32,0,2,1904-1991,DATE,65,74
mdp.39015050047045,32,1,0,Louis,PERSON,20,25
mdp.39015050047045,32,1,1,Koweta Town,GPE,29,40
mdp.39015050047045,32,2,0,Louis,PERSON,0,5
mdp.39015050047045,32,2,1,Yahola,PERSON,37,43
mdp.39015050047045,32,2,2,first,ORDINAL,45,50
mdp.39015050047045,32,2,3,Creeks,NORP,66,72
mdp.39015050047045,32,3,0,Yahola,PERSON,0,6
mdp.39015050047045,32,3,1,seven,CARDINAL,67,72
mdp.39015050047045,32,4,0,Louis,PERSON,19,24
mdp.39015050047045,32,4,1,Chukomako,GPE,45,54
mdp.39015050047045,32,5,0,Chatahoche,LOC,49,59
mdp.39015050047045,32,6,0,Tekapay'cha,NORP,0,11
mdp.39015050047045,32,6,1,the Okmulgee River,LOC,169,187
mdp.39015050047045,32,8,0,Louis,PERSON,53,58
mdp.39015050047045,32,9,0,Racoon,GPE,237,243
mdp.39015050047045,33,0,0,four,CARDINAL,50,54
mdp.39015050047045,33,2,0,the days,DATE,80,88
mdp.39015050047045,33,7,0,Thunder Being,PERSON,20,33
mdp.39015050047045,33,8,0,Raccoon,PRODUCT,7,14
mdp.39015050047045,33,12,0,17,CARDINAL,0,2
mdp.39015050047045,34,0,0,Raven the Great Toe,PERSON,0,19
mdp.39015050047045,34,2,0,Raven,PERSON,4,9
mdp.39015050047045,35,0,0,day,DATE,56,59
mdp.39015050047045,35,1,0,the night,TIME,9,18
mdp.39015050047045,35,1,1,one,CARDINAL,52,55
mdp.39015050047045,35,1,2,one,CARDINAL,88,91
mdp.39015050047045,35,4,0,19,CARDINAL,0,2
mdp.39015050047045,36,3,0,Crow,PERSON,13,17
mdp.39015050047045,36,5,0,all evening,TIME,14,25
mdp.39015050047045,36,6,0,One night,TIME,0,9
mdp.39015050047045,36,6,1,half,CARDINAL,69,73
mdp.39015050047045,36,7,0,three,CARDINAL,34,39
mdp.39015050047045,36,10,0,One morning,TIME,0,11
mdp.39015050047045,36,10,1,Patsy,PERSON,145,150
mdp.39015050047045,36,10,2,Wolf,PERSON,169,173
mdp.39015050047045,36,12,0,Spruce,PERSON,13,19
mdp.39015050047045,36,16,0,20,CARDINAL,0,2
mdp.39015050047045,37,0,0,Spruce,PERSON,7,13
mdp.39015050047045,37,0,1,the Fire Dancers,ORG,36,52
mdp.39015050047045,37,1,0,the Fire Dancers,ORG,21,37
mdp.39015050047045,37,2,0,III,CARDINAL,0,3
mdp.39015050047045,37,3,0,the Elwha River,LOC,22,37
mdp.39015050047045,37,5,0,the years,DATE,5,14
mdp.39015050047045,37,9,0,IV,CARDINAL,0,2
mdp.39015050047045,37,10,0,Neah Bay,LOC,10,18
mdp.39015050047045,37,11,0,Makah,NORP,4,9
mdp.39015050047045,37,11,1,each summer,DATE,17,28
mdp.39015050047045,37,14,0,a few hours,TIME,4,15
mdp.39015050047045,37,16,0,21,CARDINAL,0,2
mdp.39015050047045,38,1,0,Raven,PERSON,42,47
mdp.39015050047045,38,1,1,Raven,PERSON,49,54
mdp.39015050047045,38,2,0,tonight,TIME,122,129
mdp.39015050047045,38,4,0,22,CARDINAL,0,2
mdp.39015050047045,39,1,0,The-One-Who-Knows,WORK_OF_ART,98,115
mdp.39015050047045,39,2,0,these forty-eight years,DATE,88,111
mdp.39015050047045,39,2,1,days,DATE,136,140
mdp.39015050047045,39,2,2,decades,DATE,142,149
mdp.39015050047045,39,9,0,half,CARDINAL,99,103
mdp.39015050047045,39,9,1,Venus,LOC,113,118
mdp.39015050047045,39,11,0,23,CARDINAL,90,92
mdp.39015050047045,40,3,0,Klallam,NORP,153,160
mdp.39015050047045,40,5,0,four,CARDINAL,60,64
mdp.39015050047045,40,8,0,24,CARDINAL,0,2
mdp.39015050047045,41,0,0,II,CARDINAL,0,2
mdp.39015050047045,43,0,0,This Spring,DATE,0,11
mdp.39015050047045,43,3,0,morning,TIME,24,31
mdp.39015050047045,43,5,0,one,CARDINAL,18,21
mdp.39015050047045,43,9,0,27,CARDINAL,0,2
mdp.39015050047045,44,1,0,year,DATE,154,158
mdp.39015050047045,44,1,1,four,CARDINAL,173,177
mdp.39015050047045,44,2,0,last week,DATE,100,109
mdp.39015050047045,44,2,1,today,DATE,127,132
mdp.39015050047045,44,3,0,Seattle,GPE,229,236
mdp.39015050047045,44,3,1,28,CARDINAL,277,279
mdp.39015050047045,45,0,0,The Washington Park Arboretum,FAC,0,29
mdp.39015050047045,45,1,0,two,CARDINAL,36,39
mdp.39015050047045,45,2,0,Summer,DATE,143,149
mdp.39015050047045,45,3,0,29,CARDINAL,143,145
mdp.39015050047045,46,0,0,Survival Song at Fifty,WORK_OF_ART,0,22
mdp.39015050047045,46,2,0,day,DATE,4,7
mdp.39015050047045,46,3,0,Chopin,PERSON,281,287
mdp.39015050047045,46,4,0,week,DATE,43,47
mdp.39015050047045,46,4,1,John Keats,PERSON,83,93
mdp.39015050047045,46,4,2,Orpheus,PERSON,327,334
mdp.39015050047045,47,0,0,Nelson Bentley,PERSON,3,17
mdp.39015050047045,47,0,1,seven,CARDINAL,112,117
mdp.39015050047045,47,0,2,Seattle,GPE,127,134
mdp.39015050047045,47,0,3,78 miles per hour,QUANTITY,162,179
mdp.39015050047045,47,1,0,half the night,TIME,54,68
mdp.39015050047045,47,4,0,Nome,GPE,74,78
mdp.39015050047045,47,4,1,Alaska,GPE,80,86
mdp.39015050047045,47,4,2,Grand Folks,GPE,91,102
mdp.39015050047045,47,4,3,North Dakota,GPE,104,116
mdp.39015050047045,47,6,0,Salish,NORP,8,14
mdp.39015050047045,47,7,0,one,CARDINAL,81,84
mdp.39015050047045,47,10,0,first,ORDINAL,144,149
mdp.39015050047045,47,11,0,31,CARDINAL,0,2
mdp.39015050047045,50,0,0,1,CARDINAL,0,1
mdp.39015050047045,51,0,0,Skagit Valley,LOC,0,13
mdp.39015050047045,51,1,0,miles,CARDINAL,54,59
mdp.39015050047045,51,2,0,four,CARDINAL,70,74
mdp.39015050047045,51,4,0,Changer,PRODUCT,44,51
mdp.39015050047045,51,5,0,Skagits,NORP,22,29
mdp.39015050047045,51,5,1,morning,TIME,39,46
mdp.39015050047045,51,5,2,the Nooksack river,LOC,69,87
mdp.39015050047045,51,6,0,Komo Kulshan,PERSON,0,12
mdp.39015050047045,51,7,0,sunset,TIME,3,9
mdp.39015050047045,51,8,0,35,CARDINAL,0,2
mdp.39015050047045,52,0,0,Moonrise,WORK_OF_ART,0,8
mdp.39015050047045,52,0,1,Oak Bay,GPE,12,19
mdp.39015050047045,52,1,0,August,DATE,94,100
mdp.39015050047045,52,4,0,winter,DATE,62,68
mdp.39015050047045,52,5,0,Klallams,ORG,23,31
mdp.39015050047045,52,5,1,the day,DATE,105,112
mdp.39015050047045,52,6,0,one,CARDINAL,5,8
mdp.39015050047045,52,8,0,36,CARDINAL,0,2
mdp.39015050047045,53,1,0,autumn,DATE,67,73
mdp.39015050047045,53,3,0,five,CARDINAL,58,62
mdp.39015050047045,53,8,0,37,CARDINAL,201,203
mdp.39015050047045,54,2,0,the next day,DATE,48,60
mdp.39015050047045,54,6,0,38,CARDINAL,202,204
mdp.39015050047045,55,0,0,A Moment of Recollection,WORK_OF_ART,0,24
mdp.39015050047045,55,0,1,Natalie,PERSON,30,37
mdp.39015050047045,55,1,0,Euterpe,PERSON,16,23
mdp.39015050047045,55,1,1,Mnemosyne,PERSON,25,34
mdp.39015050047045,55,3,0,the sixteen years,DATE,5,22
mdp.39015050047045,55,7,0,summer,DATE,31,37
mdp.39015050047045,55,10,0,Bordeaux,PRODUCT,34,42
mdp.39015050047045,55,12,0,39,CARDINAL,0,2
mdp.39015050047045,56,0,0,Ode to the Daughter I Never Had,WORK_OF_ART,0,31
mdp.39015050047045,56,1,0,evening,TIME,53,60
mdp.39015050047045,56,4,0,One,CARDINAL,2,5
mdp.39015050047045,56,7,0,Ariadne,PERSON,31,38
mdp.39015050047045,56,7,1,Homer,PERSON,40,45
mdp.39015050047045,56,7,2,Keats,PERSON,47,52
mdp.39015050047045,56,7,3,Williams,PERSON,54,62
mdp.39015050047045,56,7,4,Bogan,PERSON,64,69
mdp.39015050047045,56,8,0,Sappho,PERSON,0,6
mdp.39015050047045,56,8,1,night,TIME,142,147
mdp.39015050047045,56,11,0,Emily Dickinson,PERSON,58,73
mdp.39015050047045,56,12,0,40,CARDINAL,0,2
mdp.39015050047045,57,3,0,41,CARDINAL,0,2
mdp.39015050047045,58,0,0,Chasing the Sun,WORK_OF_ART,0,15
mdp.39015050047045,58,1,0,Lake Duwamish,LOC,16,29
mdp.39015050047045,58,5,0,eight,CARDINAL,22,27
mdp.39015050047045,59,0,0,Rosa,PERSON,39,43
mdp.39015050047045,59,2,0,This spring,DATE,0,11
mdp.39015050047045,59,5,0,Eros,PERSON,157,161
mdp.39015050047045,59,7,0,43,CARDINAL,0,2
mdp.39015050047045,60,0,0,"Your City of Stone, Sculpture and Ruin",WORK_OF_ART,3,41
mdp.39015050047045,60,0,1,Rosa,PERSON,47,51
mdp.39015050047045,60,0,2,Tiberina Island,LOC,100,115
mdp.39015050047045,60,0,3,Tiber,LOC,176,181
mdp.39015050047045,60,1,0,Roma,GPE,50,54
mdp.39015050047045,60,2,0,Apollo,PERSON,47,53
mdp.39015050047045,60,2,1,twilight,TIME,117,125
mdp.39015050047045,60,3,0,today,DATE,4,9
mdp.39015050047045,60,4,0,Cézanne,PERSON,0,7
mdp.39015050047045,60,4,1,Olympia,GPE,32,39
mdp.39015050047045,60,4,2,Fontainebleau,GPE,82,95
mdp.39015050047045,60,6,0,Roman,NORP,44,49
mdp.39015050047045,60,6,1,half a dozen,CARDINAL,102,114
mdp.39015050047045,60,7,0,day,DATE,3,6
mdp.39015050047045,60,7,1,the Piazza di Bocca della Verità,FAC,111,143
mdp.39015050047045,60,8,0,France,GPE,30,36
mdp.39015050047045,60,8,1,the Seine River,LOC,185,200
mdp.39015050047045,60,8,2,Beaulieu,GPE,266,274
mdp.39015050047045,60,9,0,44,CARDINAL,0,2
mdp.39015050047045,61,0,0,the Piazza Navona,FAC,10,27
mdp.39015050047045,61,2,0,a summer,DATE,83,91
mdp.39015050047045,62,0,0,1,CARDINAL,0,1
mdp.39015050047045,62,0,1,1,CARDINAL,10,11
mdp.39015050047045,64,0,0,1,CARDINAL,0,1
mdp.39015050047045,64,0,1,1,CARDINAL,2,3
mdp.39015050047045,65,0,0,Barnacle a 1,PERSON,0,12
mdp.39015050047045,65,1,0,the day,DATE,6,13
mdp.39015050047045,65,2,0,First People's,ORG,45,59
mdp.39015050047045,65,3,0,Mount Takoma,LOC,24,36
mdp.39015050047045,65,4,0,Puget Sound,LOC,14,25
mdp.39015050047045,65,5,0,Chilkat,LOC,68,75
mdp.39015050047045,65,10,0,Elliot Bay,LOC,130,140
mdp.39015050047045,65,10,1,the Ho-Had-Huns,LOC,155,170
mdp.39015050047045,65,10,2,Northwest,LOC,175,184
mdp.39015050047045,65,12,0,Yellow Face's,PRODUCT,14,27
mdp.39015050047045,65,15,0,49,CARDINAL,29,31
mdp.39015050047045,67,0,0,Rufous Hummingbird,PERSON,0,18
mdp.39015050047045,67,6,0,51,CARDINAL,0,2
mdp.39015050047045,68,0,0,December,DATE,0,8
mdp.39015050047045,68,1,0,52,CARDINAL,0,2
mdp.39015050047045,69,1,0,the Elwha River,LOC,105,120
mdp.39015050047045,69,4,0,Hadlock,GPE,104,111
mdp.39015050047045,69,5,0,53,CARDINAL,0,2
mdp.39015050047045,70,0,0,North Rain,LOC,0,10
mdp.39015050047045,70,3,0,54,CARDINAL,0,2
mdp.39015050047045,71,0,0,Michigan,GPE,0,8
mdp.39015050047045,71,0,1,August,DATE,17,23
mdp.39015050047045,71,2,0,Plains,LOC,115,121
mdp.39015050047045,71,6,0,midnight,TIME,5,13
mdp.39015050047045,71,10,0,55,CARDINAL,0,2
mdp.39015050047045,72,0,0,Three,CARDINAL,0,5
mdp.39015050047045,72,1,0,the hours,TIME,42,51
mdp.39015050047045,72,2,0,one,CARDINAL,86,89
mdp.39015050047045,72,3,0,Oregon,GPE,22,28
mdp.39015050047045,72,4,0,Salish,NORP,94,100
mdp.39015050047045,72,6,0,half,CARDINAL,4,8
mdp.39015050047045,72,7,0,Northwestern,NORP,114,126
mdp.39015050047045,73,1,0,Canadian,NORP,8,16
mdp.39015050047045,73,3,0,Lake Michigan,LOC,10,23
mdp.39015050047045,73,3,1,one,CARDINAL,95,98
mdp.39015050047045,73,4,0,winter,DATE,158,164
mdp.39015050047045,73,5,0,57,CARDINAL,0,2
mdp.39015050047045,74,0,0,Sue,PERSON,19,22
mdp.39015050047045,74,6,0,1,CARDINAL,0,1
mdp.39015050047045,75,0,0,The Moon Stories,WORK_OF_ART,15,31
mdp.39015050047045,75,0,1,Annie Patsy Duncan,PERSON,54,72
mdp.39015050047045,75,0,2,Patsy,PERSON,111,116
mdp.39015050047045,75,1,0,Patsy,PERSON,6,11
mdp.39015050047045,75,1,1,two,CARDINAL,16,19
mdp.39015050047045,75,1,2,Indian,NORP,21,27
mdp.39015050047045,75,1,3,one,CARDINAL,39,42
mdp.39015050047045,75,1,4,Niatum,PERSON,47,53
mdp.39015050047045,75,2,0,1971,DATE,55,59
mdp.39015050047045,76,0,0,1,CARDINAL,0,1
mdp.39015050047045,77,0,0,Moon of Crackling Branches,PERSON,0,26
mdp.39015050047045,77,1,0,all winter,DATE,71,81
mdp.39015050047045,77,2,0,one,CARDINAL,65,68
mdp.39015050047045,77,3,0,Days,DATE,0,4
mdp.39015050047045,77,4,0,days,DATE,20,24
mdp.39015050047045,78,0,0,Moon of Deep Snow,WORK_OF_ART,0,17
mdp.39015050047045,78,2,0,first,ORDINAL,28,33
mdp.39015050047045,78,4,0,early morning,TIME,40,53
mdp.39015050047045,78,7,0,62,CARDINAL,0,2
mdp.39015050047045,79,0,0,Moon of Chinook Winds,PERSON,0,21
mdp.39015050047045,79,7,0,Seattle,GPE,77,84
mdp.39015050047045,79,7,1,Hoko,LOC,107,111
mdp.39015050047045,79,9,0,Joe,PERSON,28,31
mdp.39015050047045,79,9,1,Raven,PERSON,87,92
mdp.39015050047045,79,9,2,Killer Whale,PERSON,98,110
mdp.39015050047045,79,10,0,the Moon of Chinook Winds,WORK_OF_ART,7,32
mdp.39015050047045,79,10,1,the last night,TIME,104,118
mdp.39015050047045,80,0,0,Moon of Flowers,WORK_OF_ART,0,15
mdp.39015050047045,80,0,1,Jan,PERSON,21,24
mdp.39015050047045,80,0,2,Panos,PERSON,26,31
mdp.39015050047045,80,0,3,Marilyn,PERSON,37,44
mdp.39015050047045,80,1,0,Hurricane Ridge,LOC,12,27
mdp.39015050047045,80,2,0,evening,TIME,63,70
mdp.39015050047045,80,3,0,This spring,TIME,0,11
mdp.39015050047045,80,6,0,next morning,TIME,8,20
mdp.39015050047045,80,6,1,the night before,TIME,46,62
mdp.39015050047045,81,0,0,Moon of Ripe Berries Huckleberries,WORK_OF_ART,0,34
mdp.39015050047045,81,0,1,Cascade,LOC,57,64
mdp.39015050047045,81,1,0,one,CARDINAL,47,50
mdp.39015050047045,81,1,1,summer,DATE,51,57
mdp.39015050047045,81,2,0,Snoqualmie Falls,LOC,0,16
mdp.39015050047045,81,7,0,65,CARDINAL,0,2
mdp.39015050047045,82,0,0,Moon of Dry Grass,PERSON,0,17
mdp.39015050047045,82,2,0,noon,TIME,97,101
mdp.39015050047045,82,5,0,Sitka,GPE,86,91
mdp.39015050047045,83,0,0,Moon Of Harvest,WORK_OF_ART,0,15
mdp.39015050047045,83,1,0,the evening,TIME,24,35
mdp.39015050047045,84,0,0,Moon of Frost's Return I,WORK_OF_ART,0,24
mdp.39015050047045,84,1,0,Elwha River,LOC,44,55
mdp.39015050047045,84,1,1,Mats Mats Bay,LOC,121,134
mdp.39015050047045,84,2,0,Port Angeles,GPE,156,168
mdp.39015050047045,84,4,0,Memp-ch-ton,LOC,23,34
mdp.39015050047045,84,4,1,day,DATE,88,91
mdp.39015050047045,84,5,0,one,CARDINAL,52,55
mdp.39015050047045,84,8,0,68,CARDINAL,0,2
mdp.39015050047045,85,0,0,Moon of Winter,PERSON,0,14
mdp.39015050047045,85,1,0,Shupald,PERSON,50,57
mdp.39015050047045,85,1,1,Patsy,PERSON,63,68
mdp.39015050047045,85,8,0,Seattle,GPE,10,17
mdp.39015050047045,85,8,1,seven,CARDINAL,77,82
mdp.39015050047045,85,8,2,Klallam,NORP,83,90
mdp.39015050047045,85,8,3,Hadlock Bay,LOC,134,145
mdp.39015050047045,85,9,0,Raven,LOC,69,74
mdp.39015050047045,86,0,0,UNIVERSITY OF MICHIGAN,ORG,0,22
mdp.39015050047045,86,0,1,3 9015 05004 7045,CARDINAL,29,46
mdp.39015050047045,86,1,0,Chi-ah-ya-og Ojibwa,NORP,0,19
mdp.39015050047045,86,2,0,Ho-Had-Huns,NORP,0,11
mdp.39015050047045,86,2,1,the Olympic Mountains,LOC,31,52
mdp.39015050047045,86,3,0,Mount Takoma,PERSON,0,12
mdp.39015050047045,86,3,1,Coast Salish,NORP,15,27
mdp.39015050047045,86,3,2,Mount Rainier,LOC,44,57
mdp.39015050047045,86,4,0,Nishnaabeg,NORP,0,10
mdp.39015050047045,86,4,1,Ojibwa,NORP,20,26
mdp.39015050047045,86,5,0,Grizzly Bear Stars,PERSON,0,18
mdp.39015050047045,86,5,1,Salish,NORP,29,35
mdp.39015050047045,86,6,0,Lake Duwamish,LOC,0,13
mdp.39015050047045,86,6,1,Duwamish,NORP,27,35
mdp.39015050047045,86,6,2,Lake Washington,LOC,45,60
mdp.39015050047045,86,7,0,Oatsa,PERSON,0,5
mdp.39015050047045,86,7,1,Indian,NORP,51,57
mdp.39015050047045,86,7,2,Niatum,PERSON,67,73
mdp.39015050047045,86,7,3,Indian,NORP,110,116
mdp.39015050047045,86,8,0,White Trail in the Sky,WORK_OF_ART,0,22
mdp.39015050047045,86,8,1,Salish,NORP,23,29
mdp.39015050047045,86,8,2,the Milky Way,LOC,35,48
mdp.39015050047045,86,10,0,January,DATE,8,15
mdp.39015050047045,86,10,1,February,DATE,43,51
mdp.39015050047045,86,10,2,May Moon of Ripe Berries,DATE,114,138
mdp.39015050047045,86,10,3,July,DATE,148,152
mdp.39015050047045,86,10,4,November Moon,DATE,254,267
mdp.39015050047045,86,10,5,December 70,DATE,287,298
mdp.39015050047045,88,0,0,APR 2003,DATE,51,59
mdp.39015050047045,90,0,0,8.95,MONEY,2,6
mdp.39015050047045,90,0,1,0-931122-96-1,CARDINAL,47,60
mdp.39015050047045,90,1,0,Seattle,GPE,12,19
mdp.39015050047045,90,1,1,Klallam,NORP,63,70
mdp.39015050047045,90,1,2,Duane Niatum,PERSON,84,96
mdp.39015050047045,90,1,3,five,CARDINAL,109,113
mdp.39015050047045,90,2,0,eight,CARDINAL,17,22
mdp.39015050047045,90,2,1,American,NORP,23,31
mdp.39015050047045,90,2,2,the International Poetry Festival,ORG,112,145
mdp.39015050047045,90,2,3,the Library of Congress,ORG,150,173
mdp.39015050047045,90,3,0,Harper's Anthology of 20th Century Native American Poetry,WORK_OF_ART,19,76
mdp.39015050047045,90,4,0,Lesley Woodfin,PERSON,14,28
mdp.39015050047045,90,5,0,Duane Niatum,PERSON,0,12
mdp.39015050047045,90,5,1,American Indian,NORP,114,129
mdp.39015050047045,90,5,2,American,NORP,146,154
mdp.39015050047045,90,6,0,The Crooked Beak of Love,WORK_OF_ART,0,24
mdp.39015050047045,90,7,0,Rome,GPE,42,46
mdp.39015050047045,90,7,1,Neah Bay,LOC,90,98
mdp.39015050047045,90,7,2,Niatum,PERSON,100,106
mdp.39015050047045,90,10,0,-Joseph Bruchac Duane Niatum,PERSON,0,28
mdp.39015050047045,90,10,1,The Crooked Beak of Love,WORK_OF_ART,135,159
mdp.39015050047045,90,11,0,America,GPE,43,50
mdp.39015050047045,90,11,1,today,DATE,51,56
mdp.39015050047045,90,12,0,Jarold Ramsey,PERSON,11,24
mdp.39015050047045,90,12,1,University of Rochester,ORG,26,49
mdp.39015050047045,90,12,2,Alfredo Arreguin,PERSON,63,79
mdp.39015050047045,90,12,3,University of New Mexico Press,ORG,95,125
mdp.39015050047045,90,12,4,0-931122-96 1 50895,CARDINAL,131,150
mdp.39015050047045,90,13,0,27334,CARDINAL,24,29
mdp.39015050047045,90,13,1,Albuquerque,GPE,30,41
mdp.39015050047045,90,13,2,NM,GPE,43,45
mdp.39015050047045,90,13,3,"87125 9""780931""122965",CARDINAL,46,67
