vol_id,page,sentence_id,ent_id,entity,entity_type,start_char,end_char
mdp.39076002629785,1,0,0,jPN Lyon72,PERSON,1,11
mdp.39076002629785,1,0,1,LYONS Bone,PERSON,35,45
mdp.39076002629785,1,0,2,OREN LYONS,PERSON,85,95
mdp.39076002629785,2,0,0,OREN LYONS,PERSON,47,57
mdp.39076002629785,2,2,0,Indian,NORP,12,18
mdp.39076002629785,2,10,0,2 1 1,CARDINAL,0,5
mdp.39076002629785,2,10,1,1,CARDINAL,31,32
mdp.39076002629785,2,10,2,9,CARDINAL,33,34
mdp.39076002629785,2,10,3,5:3.95 1,CARDINAL,49,57
mdp.39076002629785,3,0,0,the Grand Rapids Public Library,ORG,12,43
mdp.39076002629785,3,0,1,The May G. Quigley Collection of Children's Literature,WORK_OF_ART,44,98
mdp.39076002629785,3,0,2,December 2001,DATE,99,112
mdp.39076002629785,3,0,3,The University of Michigan-Dearborn Mardigian Library,ORG,113,166
mdp.39076002629785,7,0,0,OREN LYONS,PERSON,37,47
mdp.39076002629785,7,0,1,Holiday House,ORG,48,61
mdp.39076002629785,7,0,2,New York,GPE,62,70
mdp.39076002629785,8,0,0,1973,DATE,12,16
mdp.39076002629785,8,0,1,Oren Lyons,PERSON,20,30
mdp.39076002629785,8,0,2,the United States of America,GPE,62,90
mdp.39076002629785,8,0,3,Library of Congress,ORG,91,110
mdp.39076002629785,9,0,0,Lonnie,PERSON,3,9
mdp.39076002629785,9,0,1,Rex,PERSON,14,17
mdp.39076002629785,11,1,0,first,ORDINAL,7,12
mdp.39076002629785,11,6,0,Indian,NORP,12,18
mdp.39076002629785,12,12,0,the last few weeks,DATE,35,53
mdp.39076002629785,12,27,0,8,CARDINAL,15,16
mdp.39076002629785,13,0,0,a couple of days,DATE,4,20
mdp.39076002629785,14,0,0,about a week and a half,DATE,10,33
mdp.39076002629785,14,2,0,about two weeks,DATE,6,21
mdp.39076002629785,14,4,0,one,CARDINAL,38,41
mdp.39076002629785,14,8,0,morning,TIME,26,33
mdp.39076002629785,14,8,1,night,TIME,40,45
mdp.39076002629785,14,12,0,every morning,TIME,19,32
mdp.39076002629785,15,1,0,today,DATE,13,18
mdp.39076002629785,15,1,1,the day,DATE,23,30
mdp.39076002629785,15,12,0,Bullet,PRODUCT,61,67
mdp.39076002629785,15,12,1,Smudgie,PERSON,168,175
mdp.39076002629785,15,13,0,Smudgepot,PERSON,23,32
mdp.39076002629785,15,15,0,Smudgie,PERSON,30,37
mdp.39076002629785,15,15,1,Smudgie,PERSON,97,104
mdp.39076002629785,16,4,0,more than nine or ten months,DATE,23,51
mdp.39076002629785,16,15,0,about ten minutes,TIME,6,23
mdp.39076002629785,16,20,0,first,ORDINAL,25,30
mdp.39076002629785,16,21,0,Smudgepot,PERSON,23,32
mdp.39076002629785,16,30,0,12,CARDINAL,0,2
mdp.39076002629785,17,4,0,ten-thirty in the morning,TIME,24,49
mdp.39076002629785,17,4,1,eleven o'clock,TIME,51,65
mdp.39076002629785,17,6,0,Smudgie,PERSON,26,33
mdp.39076002629785,17,6,1,about ten feet,QUANTITY,64,78
mdp.39076002629785,17,10,0,one,CARDINAL,33,36
mdp.39076002629785,17,10,1,one,CARDINAL,60,63
mdp.39076002629785,17,14,0,about four or five feet,QUANTITY,59,82
mdp.39076002629785,17,16,0,a few minutes,TIME,15,28
mdp.39076002629785,17,16,1,a few seconds,TIME,32,45
mdp.39076002629785,17,16,2,Smudgie,PERSON,74,81
mdp.39076002629785,17,19,0,Smudgie,PERSON,37,44
mdp.39076002629785,18,0,0,fourteen years old,DATE,100,118
mdp.39076002629785,18,0,1,fifteen,DATE,134,141
mdp.39076002629785,18,0,2,14,DATE,143,145
mdp.39076002629785,19,4,0,Smudgie,PERSON,34,41
mdp.39076002629785,19,7,0,at least two minutes,TIME,17,37
mdp.39076002629785,19,21,0,Smudgie,PERSON,0,7
mdp.39076002629785,20,15,0,ten feet,QUANTITY,16,24
mdp.39076002629785,20,17,0,one,CARDINAL,9,12
mdp.39076002629785,20,19,0,a minute,TIME,33,41
mdp.39076002629785,20,28,0,Smudgie,PERSON,4,11
mdp.39076002629785,20,32,0,16,CARDINAL,0,2
mdp.39076002629785,21,5,0,first,ORDINAL,47,52
mdp.39076002629785,21,5,1,six,CARDINAL,100,103
mdp.39076002629785,21,8,0,six,CARDINAL,6,9
mdp.39076002629785,21,8,1,one,CARDINAL,23,26
mdp.39076002629785,21,15,0,twelve,CARDINAL,23,29
mdp.39076002629785,21,25,0,Smudgie,PERSON,41,48
mdp.39076002629785,22,3,0,all seasons,DATE,13,24
mdp.39076002629785,22,4,0,months,DATE,53,59
mdp.39076002629785,22,4,1,years,DATE,63,68
mdp.39076002629785,22,4,2,years,DATE,107,112
mdp.39076002629785,22,5,0,the spring,DATE,3,13
mdp.39076002629785,22,19,0,Smudgie,PERSON,51,58
mdp.39076002629785,22,23,0,18,CARDINAL,44,46
mdp.39076002629785,23,10,0,Indians,NORP,16,23
mdp.39076002629785,23,10,1,Fishtracker,PERSON,47,58
mdp.39076002629785,23,12,0,one,CARDINAL,79,82
mdp.39076002629785,24,2,0,Smudgie,PERSON,36,43
mdp.39076002629785,24,6,0,two,CARDINAL,24,27
mdp.39076002629785,24,6,1,one,CARDINAL,40,43
mdp.39076002629785,24,12,0,Smudgie,PERSON,57,64
mdp.39076002629785,24,19,0,two,CARDINAL,67,70
mdp.39076002629785,24,21,0,Smudgie,PERSON,53,60
mdp.39076002629785,24,27,0,20,CARDINAL,73,75
mdp.39076002629785,25,9,0,one day,DATE,11,18
mdp.39076002629785,26,10,0,another cold night,TIME,11,29
mdp.39076002629785,26,13,0,about ten o'clock at night,TIME,7,33
mdp.39076002629785,26,15,0,Smudgie,PERSON,8,15
mdp.39076002629785,26,16,0,this night,TIME,6,16
mdp.39076002629785,27,5,0,two,CARDINAL,109,112
mdp.39076002629785,27,8,0,Smudgie,PERSON,99,106
mdp.39076002629785,28,6,0,two,CARDINAL,123,126
mdp.39076002629785,28,7,0,This one winter,DATE,0,15
mdp.39076002629785,28,8,0,four,CARDINAL,102,106
mdp.39076002629785,28,8,1,that day,DATE,114,122
mdp.39076002629785,28,9,0,Three,CARDINAL,0,5
mdp.39076002629785,28,9,1,one,CARDINAL,22,25
mdp.39076002629785,28,10,0,three,CARDINAL,19,24
mdp.39076002629785,28,10,1,three,CARDINAL,33,38
mdp.39076002629785,28,16,0,Smudgie,PERSON,0,7
mdp.39076002629785,28,18,0,that day,DATE,23,31
mdp.39076002629785,28,24,0,Smudgie,PERSON,0,7
mdp.39076002629785,29,5,0,Smudgie,PERSON,58,65
mdp.39076002629785,29,12,0,that day,DATE,99,107
mdp.39076002629785,29,12,1,the last second,TIME,115,130
mdp.39076002629785,29,14,0,Smudgie,PERSON,11,18
mdp.39076002629785,29,18,0,Smudgie,PERSON,18,25
mdp.39076002629785,29,25,0,25,CARDINAL,0,2
mdp.39076002629785,30,1,0,two hours,TIME,19,28
mdp.39076002629785,30,6,0,her hunting days,DATE,42,58
mdp.39076002629785,30,13,0,About a mile or two miles,QUANTITY,0,25
mdp.39076002629785,30,13,1,Smudgie,PERSON,51,58
mdp.39076002629785,31,6,0,another four or five minutes,TIME,33,61
mdp.39076002629785,31,7,0,another ten minutes,TIME,6,25
mdp.39076002629785,31,12,0,about forty feet,QUANTITY,118,134
mdp.39076002629785,31,24,0,two days,DATE,21,29
mdp.39076002629785,31,25,0,two days,DATE,35,43
mdp.39076002629785,31,31,0,27,CARDINAL,71,73
mdp.39076002629785,32,13,0,two,CARDINAL,168,171
mdp.39076002629785,32,16,0,Smudgie,PERSON,9,16
mdp.39076002629785,32,18,0,28,CARDINAL,29,31
mdp.39076002629785,34,6,0,Smudgie,PERSON,13,20
mdp.39076002629785,34,12,0,one,CARDINAL,50,53
mdp.39076002629785,34,13,0,Smudgie,PERSON,86,93
mdp.39076002629785,34,16,0,a few days,DATE,3,13
mdp.39076002629785,34,17,0,mid-winter,DATE,30,40
mdp.39076002629785,34,17,1,Smudgie,PERSON,47,54
mdp.39076002629785,34,17,2,all day,DATE,69,76
mdp.39076002629785,34,18,0,late at night,TIME,11,24
mdp.39076002629785,34,18,1,twelve o'clock,TIME,26,40
mdp.39076002629785,34,21,0,midnight,TIME,92,100
mdp.39076002629785,34,22,0,2 а 30,TIME,15,21
mdp.39076002629785,36,20,0,a good half an hour,TIME,50,69
mdp.39076002629785,36,36,0,32,CARDINAL,0,2
mdp.39076002629785,38,0,0,Lyon,PERSON,4,8
mdp.39076002629785,38,0,1,Lyons,PERSON,15,20
mdp.39076002629785,38,0,2,Oren,PERSON,22,26
mdp.39076002629785,38,0,3,JUN 2 9 2007,DATE,37,49
mdp.39076002629785,39,1,0,a OREN LYON'S,PERSON,0,13
mdp.39076002629785,39,1,1,Indian,NORP,14,20
mdp.39076002629785,39,1,2,Jo-agquis-ho,PERSON,29,41
mdp.39076002629785,39,2,0,the Turtle Clan of the Onondaga Nation,ORG,17,55
mdp.39076002629785,39,2,1,one,CARDINAL,57,60
mdp.39076002629785,39,2,2,six,CARDINAL,68,71
mdp.39076002629785,39,2,3,the Iroquois Confederacy,ORG,83,107
mdp.39076002629785,39,3,0,Lyons,PERSON,6,11
mdp.39076002629785,39,3,1,Syracuse University,ORG,56,75
mdp.39076002629785,39,3,2,a Bachelor of Fine Arts,WORK_OF_ART,95,118
mdp.39076002629785,39,4,0,American Studies,ORG,36,52
mdp.39076002629785,39,4,1,Indian,NORP,63,69
mdp.39076002629785,39,4,2,the State University of New York at Buffalo,ORG,81,124
mdp.39076002629785,39,5,0,two,CARDINAL,25,28
mdp.39076002629785,39,5,1,Jimmy Yellow Hawk,WORK_OF_ART,49,66
mdp.39076002629785,39,5,2,a Sioux -vk Sneve,PERSON,89,106
mdp.39076002629785,39,5,3,6,DATE,108,109
mdp.39076002629785,39,6,0,Nedi ✓ York,GPE,3,14
mdp.39076002629785,39,7,0,two,CARDINAL,20,23
