vol_id,page,sentence_id,ent_id,entity,entity_type,start_char,end_char
mdp.39015013291342,1,0,0,68,CARDINAL,1,3
mdp.39015013291342,6,0,0,1,CARDINAL,0,1
mdp.39015013291342,11,0,0,TICASUK,NORP,9,16
mdp.39015013291342,11,0,1,1904,DATE,67,71
mdp.39015013291342,11,0,2,Emily Ivanoff,PERSON,72,85
mdp.39015013291342,11,0,3,Ticasuk,WORK_OF_ART,93,100
mdp.39015013291342,11,0,4,Eugene C.,PERSON,117,126
mdp.39015013291342,11,0,5,Mary Lou Totten,PERSON,131,146
mdp.39015013291342,11,0,6,University of Alaska Press,ORG,147,173
mdp.39015013291342,12,0,0,1987,DATE,15,19
mdp.39015013291342,12,0,1,Elmer E. Rasmuson Library,ORG,20,45
mdp.39015013291342,12,0,2,Eskimo,NORP,108,114
mdp.39015013291342,12,1,0,1,CARDINAL,0,1
mdp.39015013291342,12,1,1,1987,DATE,75,79
mdp.39015013291342,12,1,2,the University of Alaska Press,ORG,83,113
mdp.39015013291342,12,2,0,1978,DATE,14,18
mdp.39015013291342,12,2,1,Eugene C.,PERSON,22,31
mdp.39015013291342,12,2,2,Mary Lou Totten,PERSON,36,51
mdp.39015013291342,12,4,0,First,ORDINAL,0,5
mdp.39015013291342,12,4,1,August 1987,DATE,16,27
mdp.39015013291342,12,5,0,Library of Congress,ORG,50,69
mdp.39015013291342,12,5,1,the University of Alaska-Fairbanks Printing Services,ORG,108,160
mdp.39015013291342,12,6,0,the United States,GPE,11,28
mdp.39015013291342,12,6,1,"Thomson-Shore, Inc.",ORG,32,51
mdp.39015013291342,12,7,0,Deborah Van Stone,PERSON,51,68
mdp.39015013291342,12,8,0,Eugene C.,PERSON,22,31
mdp.39015013291342,12,8,1,Mary Lou Totten,PERSON,36,51
mdp.39015013291342,12,9,0,Cathy Cunningham,PERSON,16,32
mdp.39015013291342,13,0,0,the Eskimo Stories,WORK_OF_ART,144,162
mdp.39015013291342,15,0,0,Mythology of Ayaatayat,WORK_OF_ART,129,151
mdp.39015013291342,15,0,1,"The Ogre Baby, Makkatahlungiq",WORK_OF_ART,154,183
mdp.39015013291342,15,0,2,The Battle Song of the Giants,WORK_OF_ART,187,216
mdp.39015013291342,15,0,3,Imitchaq's Hero 27 The Creation of the First Festival,WORK_OF_ART,220,273
mdp.39015013291342,15,0,4,Mythical Rolling Fire 35 Legend of the Aurora Borealis,WORK_OF_ART,277,331
mdp.39015013291342,15,0,5,"Wiilingiataq, a Girl Who Refuses to Marry",WORK_OF_ART,335,376
mdp.39015013291342,15,0,6,The Legend of Egg Island and Besboro Island 49 Legend of Tree Moss 53 vii,WORK_OF_ART,380,453
mdp.39015013291342,16,1,0,Johnny Niuqsik,PERSON,178,192
mdp.39015013291342,17,0,0,"Mythology of Ayaatayat 2 The Ogre Baby, Makkatahlungiq",WORK_OF_ART,22,76
mdp.39015013291342,17,0,1,The Battle Song of the Giants,WORK_OF_ART,80,109
mdp.39015013291342,17,0,2,Imitchaq's Hero 26 The Creation of the First Festival,WORK_OF_ART,113,166
mdp.39015013291342,17,0,3,Mythical Rolling Fire 34 Legend of the Aurora Borealis,WORK_OF_ART,170,224
mdp.39015013291342,17,0,4,"Wiilingiataq, a Girl Who Refuses to Marry",WORK_OF_ART,228,269
mdp.39015013291342,17,0,5,The Legend of Egg Island and Besboro Island 48,WORK_OF_ART,273,319
mdp.39015013291342,17,0,6,Legend of Tree Moss,WORK_OF_ART,320,339
mdp.39015013291342,17,0,7,"Eskimo Shaman's Flight to the Moon 64 Snow Igloos and Sod Igloos, A Modern Tale",WORK_OF_ART,363,442
mdp.39015013291342,17,0,8,"Raven, a Great Hunter",WORK_OF_ART,446,467
mdp.39015013291342,17,1,0,Ihlliagaq's Big Haul 84 ix,WORK_OF_ART,0,26
mdp.39015013291342,18,1,0,Johnny Niuqsik,PERSON,0,14
mdp.39015013291342,19,1,0,Emily Ivanoff Brown,PERSON,46,65
mdp.39015013291342,19,2,0,two,CARDINAL,31,34
mdp.39015013291342,19,2,1,Alaska,GPE,38,44
mdp.39015013291342,19,2,2,Christian,NORP,87,96
mdp.39015013291342,19,2,3,shamans,NORP,154,161
mdp.39015013291342,19,2,4,American,NORP,236,244
mdp.39015013291342,19,3,0,one,CARDINAL,132,135
mdp.39015013291342,19,4,0,the Norton Sound,LOC,16,32
mdp.39015013291342,19,4,1,Unaliq,LANGUAGE,44,50
mdp.39015013291342,19,4,2,Alaskan Yupik Eskimo,NORP,84,104
mdp.39015013291342,19,4,3,Inupiaq,LANGUAGE,110,117
mdp.39015013291342,19,4,4,Eskimo,NORP,128,134
mdp.39015013291342,19,5,0,French,LANGUAGE,139,145
mdp.39015013291342,19,5,1,Spanish,LANGUAGE,150,157
mdp.39015013291342,19,5,2,today,DATE,188,193
mdp.39015013291342,19,6,0,Emily Brown's,PERSON,40,53
mdp.39015013291342,19,6,1,English,LANGUAGE,86,93
mdp.39015013291342,19,6,2,one,CARDINAL,209,212
mdp.39015013291342,19,8,0,Eskimo,LANGUAGE,29,35
mdp.39015013291342,19,8,1,French,LANGUAGE,121,127
mdp.39015013291342,19,8,2,Danish,LANGUAGE,131,137
mdp.39015013291342,19,10,0,Lawrence Kaplan,PERSON,23,38
mdp.39015013291342,19,10,1,the Alaska Native Language Center,ORG,42,75
mdp.39015013291342,19,10,2,Eskimo,NORP,138,144
mdp.39015013291342,20,0,0,TICASUK,GPE,13,20
mdp.39015013291342,20,2,0,Ticasuk,GPE,46,53
mdp.39015013291342,20,3,0,K. Fiedler Morack,PERSON,9,26
mdp.39015013291342,20,4,0,Eugene C.,PERSON,47,56
mdp.39015013291342,20,4,1,Mary Lou Totten,PERSON,61,76
mdp.39015013291342,20,4,2,Emily,PERSON,94,99
mdp.39015013291342,20,5,0,Jimmy Bedford,PERSON,30,43
mdp.39015013291342,20,5,1,Emily,PERSON,62,67
mdp.39015013291342,20,6,0,Bedford,PERSON,12,19
mdp.39015013291342,20,7,0,University of Alaska Press,ORG,0,26
mdp.39015013291342,21,1,0,the years,DATE,34,43
mdp.39015013291342,21,1,1,Ticasuk,PERSON,47,54
mdp.39015013291342,21,1,2,Emily Ivanoff Brown,PERSON,144,163
mdp.39015013291342,21,2,0,"February 21, 1904",DATE,13,30
mdp.39015013291342,21,2,1,Unalakleet,GPE,35,45
mdp.39015013291342,21,2,2,Amelia,PERSON,68,74
mdp.39015013291342,21,2,3,Malquay,PERSON,76,83
mdp.39015013291342,21,2,4,Stephan Ivanoff,PERSON,89,104
mdp.39015013291342,21,3,0,Russian-AmericanEskimo,NORP,9,31
mdp.39015013291342,21,3,1,Covenant,ORG,81,89
mdp.39015013291342,21,4,0,Emily,PERSON,0,5
mdp.39015013291342,21,4,1,Eskimo,NORP,8,14
mdp.39015013291342,21,4,2,Ticasuk,PERSON,21,28
mdp.39015013291342,21,4,3,four,CARDINAL,77,81
mdp.39015013291342,21,4,4,Emily,PERSON,154,159
mdp.39015013291342,21,5,0,Emily,PERSON,0,5
mdp.39015013291342,21,5,1,Unalakleet,GPE,37,47
mdp.39015013291342,21,5,2,North,LOC,105,110
mdp.39015013291342,21,5,3,winter,DATE,114,120
mdp.39015013291342,21,5,4,Roots of Ticasuk,WORK_OF_ART,157,173
mdp.39015013291342,21,5,5,1981,DATE,188,192
mdp.39015013291342,21,5,6,Alaska Northwest Publishing Company,ORG,196,231
mdp.39015013291342,21,7,0,Emily,PERSON,138,143
mdp.39015013291342,21,8,0,Ivanoffs,PERSON,4,12
mdp.39015013291342,21,8,1,three,CARDINAL,71,76
mdp.39015013291342,21,8,2,3-year-old,DATE,86,96
mdp.39015013291342,21,8,3,Emily,PERSON,97,102
mdp.39015013291342,21,8,4,Shaktoolik,GPE,106,116
mdp.39015013291342,21,8,5,Norton Sound,LOC,145,157
mdp.39015013291342,21,9,0,Shaktoolik,GPE,15,25
mdp.39015013291342,21,9,1,Emily,PERSON,31,36
mdp.39015013291342,21,9,2,the spring of 1909,DATE,81,99
mdp.39015013291342,21,9,3,the age of 5,DATE,103,115
mdp.39015013291342,21,10,0,two,CARDINAL,35,38
mdp.39015013291342,21,11,0,Eskimo,NORP,40,46
mdp.39015013291342,21,11,1,Stephan,PERSON,63,70
mdp.39015013291342,21,12,0,about 15,DATE,13,21
mdp.39015013291342,21,12,1,Chemawa Indian School,ORG,39,60
mdp.39015013291342,21,12,2,Salem,GPE,64,69
mdp.39015013291342,21,12,3,Oregon,GPE,71,77
mdp.39015013291342,21,12,4,9 years,DATE,102,109
mdp.39015013291342,22,0,0,TICASUK,GPE,13,20
mdp.39015013291342,22,0,1,Alaska,GPE,128,134
mdp.39015013291342,22,0,2,Kotzebue,GPE,165,173
mdp.39015013291342,22,1,0,Ticasuk,PERSON,31,38
mdp.39015013291342,22,2,0,the Pacific Northwest,LOC,17,38
mdp.39015013291342,22,2,1,Seattle,GPE,59,66
mdp.39015013291342,22,3,0,Robert Brown,PERSON,58,70
mdp.39015013291342,22,3,1,Alaska,GPE,98,104
mdp.39015013291342,22,3,2,three,CARDINAL,120,125
mdp.39015013291342,22,4,0,Emily,PERSON,0,5
mdp.39015013291342,22,4,1,three,CARDINAL,133,138
mdp.39015013291342,22,5,0,1954,DATE,3,7
mdp.39015013291342,22,5,1,the age of,DATE,12,22
mdp.39015013291342,22,5,2,50,DATE,23,25
mdp.39015013291342,22,5,3,Emily,PERSON,27,32
mdp.39015013291342,22,5,4,10 years,DATE,39,47
mdp.39015013291342,22,5,5,summer,DATE,61,67
mdp.39015013291342,22,5,6,the academic years,DATE,177,195
mdp.39015013291342,22,6,0,"May 22, 1964",DATE,3,15
mdp.39015013291342,22,6,1,Ticasuk,PERSON,68,75
mdp.39015013291342,22,7,0,30 years,DATE,70,78
mdp.39015013291342,22,8,0,three,CARDINAL,33,38
mdp.39015013291342,22,9,0,Emily,PERSON,0,5
mdp.39015013291342,22,9,1,the fall of 1969,DATE,50,66
mdp.39015013291342,22,9,2,the University of Alaska,ORG,96,120
mdp.39015013291342,22,9,3,Fairbanks,GPE,124,133
mdp.39015013291342,22,9,4,each academic year,DATE,159,177
mdp.39015013291342,22,9,5,"May 3, 1982",DATE,197,208
mdp.39015013291342,22,10,0,her last semester,DATE,7,24
mdp.39015013291342,22,10,1,Eskimo,NORP,76,82
mdp.39015013291342,22,10,2,104 Wickersham Hall,FAC,176,195
mdp.39015013291342,22,11,0,spring semester,DATE,12,27
mdp.39015013291342,22,11,1,Fairbanks,GPE,31,40
mdp.39015013291342,22,11,2,Fairbanks Memorial Hospital,ORG,54,81
mdp.39015013291342,22,11,3,two,CARDINAL,94,97
mdp.39015013291342,22,11,4,Unalakleet,GPE,112,122
mdp.39015013291342,22,12,0,late March 1982,DATE,3,18
mdp.39015013291342,22,12,1,Anchorage,GPE,32,41
mdp.39015013291342,22,12,2,the Alaskan of the Year,EVENT,52,75
mdp.39015013291342,22,12,3,Alaskans,NORP,167,175
mdp.39015013291342,22,13,0,Paula,PERSON,76,81
mdp.39015013291342,22,14,0,Emily,PERSON,0,5
mdp.39015013291342,23,0,0,Richard Nixon,PERSON,26,39
mdp.39015013291342,23,0,1,American,NORP,94,102
mdp.39015013291342,23,1,0,Alaska,GPE,27,33
mdp.39015013291342,23,1,1,Alaska Native,NORP,66,79
mdp.39015013291342,23,2,0,Malimiut,LANGUAGE,76,84
mdp.39015013291342,23,2,1,Inupiaq Eskimo,NORP,100,114
mdp.39015013291342,23,3,0,Inupiaq,LANGUAGE,81,88
mdp.39015013291342,23,4,0,Kotzebue,GPE,40,48
mdp.39015013291342,23,4,1,Unalakleet,GPE,50,60
mdp.39015013291342,23,4,2,Shaktoolik,GPE,62,72
mdp.39015013291342,23,4,3,Meade River,LOC,77,88
mdp.39015013291342,23,6,0,Native,NORP,67,73
mdp.39015013291342,23,9,0,1973,DATE,3,7
mdp.39015013291342,23,10,0,1980,DATE,3,7
mdp.39015013291342,23,10,1,Inupiaq Eskimo,NORP,60,74
mdp.39015013291342,23,12,0,A year,DATE,0,6
mdp.39015013291342,23,12,1,more than three months,DATE,65,87
mdp.39015013291342,23,12,2,Emily,PERSON,107,112
mdp.39015013291342,23,14,0,August,DATE,93,99
mdp.39015013291342,23,14,1,another year,DATE,118,130
mdp.39015013291342,23,15,0,Unalakleet,ORG,15,25
mdp.39015013291342,23,15,1,that month,DATE,39,49
mdp.39015013291342,23,16,0,weekly,DATE,49,55
mdp.39015013291342,23,19,0,Emily,PERSON,15,20
mdp.39015013291342,23,20,0,my last year,DATE,9,21
mdp.39015013291342,24,0,0,TICASUK,GPE,13,20
mdp.39015013291342,24,1,0,weekly,DATE,35,41
mdp.39015013291342,24,4,0,December,DATE,3,11
mdp.39015013291342,24,4,1,one,CARDINAL,82,85
mdp.39015013291342,24,5,0,April 15,DATE,3,11
mdp.39015013291342,24,5,1,two-week,DATE,21,29
mdp.39015013291342,24,5,2,Unalakleet,ORG,38,48
mdp.39015013291342,24,5,3,Leonard,PERSON,70,77
mdp.39015013291342,24,5,4,Emily,PERSON,95,100
mdp.39015013291342,24,5,5,Fairbanks Memorial Hospital,ORG,113,140
mdp.39015013291342,24,6,0,a few days later,DATE,29,45
mdp.39015013291342,24,6,1,Emily,PERSON,47,52
mdp.39015013291342,24,9,0,First,ORDINAL,0,5
mdp.39015013291342,24,10,0,tomorrow,DATE,31,39
mdp.39015013291342,24,11,0,Emily,PERSON,18,23
mdp.39015013291342,24,15,0,summer,DATE,45,51
mdp.39015013291342,24,15,1,Unalakleet,GPE,82,92
mdp.39015013291342,24,15,2,early June,DATE,96,106
mdp.39015013291342,24,15,3,Eskimo,NORP,157,163
mdp.39015013291342,24,16,0,Unalakleet,GPE,50,60
mdp.39015013291342,24,19,0,A week later,DATE,0,12
mdp.39015013291342,24,21,0,Five days later,DATE,0,15
mdp.39015013291342,24,24,0,Patrick O'Rourke,PERSON,27,43
mdp.39015013291342,25,1,0,Eskimo,NORP,102,108
mdp.39015013291342,25,1,1,Fairbanks,ORG,176,185
mdp.39015013291342,25,2,0,Melvin Brown,PERSON,4,16
mdp.39015013291342,25,2,1,1967,DATE,20,24
mdp.39015013291342,25,2,2,May 9,DATE,87,92
mdp.39015013291342,25,3,0,Emily,PERSON,9,14
mdp.39015013291342,25,4,0,five,CARDINAL,38,42
mdp.39015013291342,25,4,1,first,ORDINAL,108,113
mdp.39015013291342,25,5,0,Eskimo,NORP,25,31
mdp.39015013291342,25,5,1,P.M. Ivey,PERSON,145,154
mdp.39015013291342,25,6,0,the University of Alaska Foundation,ORG,58,93
mdp.39015013291342,25,7,0,three,CARDINAL,20,25
mdp.39015013291342,25,7,1,Leonard,PERSON,32,39
mdp.39015013291342,25,7,2,Unalakleet,GPE,43,53
mdp.39015013291342,25,7,3,Stanley,PERSON,55,62
mdp.39015013291342,25,7,4,California,GPE,66,76
mdp.39015013291342,25,7,5,Melvin,PERSON,82,88
mdp.39015013291342,25,7,6,Anchorage,GPE,92,101
mdp.39015013291342,25,7,7,nine,CARDINAL,103,107
mdp.39015013291342,25,7,8,one,CARDINAL,127,130
mdp.39015013291342,25,8,0,Emily,PERSON,9,14
mdp.39015013291342,25,8,1,the University of Alaska Press,ORG,150,180
mdp.39015013291342,25,10,0,Jimmy Bedford,PERSON,0,13
mdp.39015013291342,27,0,0,Emily Brown,PERSON,21,32
mdp.39015013291342,27,0,1,the University of Alaska at Fairbanks,ORG,51,88
mdp.39015013291342,27,1,0,one,CARDINAL,293,296
mdp.39015013291342,27,3,0,Native,NORP,131,137
mdp.39015013291342,27,3,1,Ohio,GPE,292,296
mdp.39015013291342,27,4,0,several days,DATE,38,50
mdp.39015013291342,27,5,0,the U.S. Office of Education,ORG,103,131
mdp.39015013291342,27,5,1,Eskimo,NORP,177,183
mdp.39015013291342,27,5,2,Emily,PERSON,222,227
mdp.39015013291342,27,6,0,15year-old,DATE,5,15
mdp.39015013291342,27,6,1,BIA,ORG,29,32
mdp.39015013291342,27,6,2,Native,NORP,119,125
mdp.39015013291342,27,7,0,Alaska,GPE,8,14
mdp.39015013291342,27,8,0,English,LANGUAGE,57,64
mdp.39015013291342,27,9,0,Native,NORP,52,58
mdp.39015013291342,27,9,1,Christian xix,PERSON,130,143
mdp.39015013291342,28,3,0,Emily,PERSON,41,46
mdp.39015013291342,28,4,0,years,DATE,92,97
mdp.39015013291342,28,5,0,Native,NORP,38,44
mdp.39015013291342,28,6,0,Native,NORP,23,29
mdp.39015013291342,28,7,0,Eskimo,NORP,150,156
mdp.39015013291342,28,8,0,Eskimo,LANGUAGE,63,69
mdp.39015013291342,28,8,1,Eskimo,NORP,100,106
mdp.39015013291342,28,9,0,1982,DATE,58,62
mdp.39015013291342,28,10,0,second,ORDINAL,91,97
mdp.39015013291342,28,13,0,Eskimo,NORP,47,53
mdp.39015013291342,28,14,0,Emily,PERSON,8,13
mdp.39015013291342,28,15,0,Eliot Wigginton,PERSON,0,15
mdp.39015013291342,29,2,0,Unaliq,NORP,4,10
mdp.39015013291342,29,2,1,Eskimos,NORP,20,27
mdp.39015013291342,29,2,2,Unalit,NORP,33,39
mdp.39015013291342,29,2,3,Bering Sound,LOC,79,91
mdp.39015013291342,29,2,4,the Bering Sea,LOC,104,118
mdp.39015013291342,29,2,5,Unalakleet,GPE,134,144
mdp.39015013291342,29,2,6,Alaska,GPE,146,152
mdp.39015013291342,29,2,7,Uqpiktulik,GPE,201,211
mdp.39015013291342,29,2,8,Nome,GPE,279,283
mdp.39015013291342,29,2,9,Golovnin Bay,LOC,288,300
mdp.39015013291342,29,2,10,the Seward Peninsula,LOC,304,324
mdp.39015013291342,29,3,0,Eskimo,NORP,22,28
mdp.39015013291342,29,3,1,Unaliq,LANGUAGE,73,79
mdp.39015013291342,29,4,0,Eskimo,NORP,22,28
mdp.39015013291342,29,5,0,Unalit,NORP,4,10
mdp.39015013291342,29,7,0,Eskimos,NORP,31,38
mdp.39015013291342,29,8,0,One,CARDINAL,0,3
mdp.39015013291342,29,9,0,Unaliq,LANGUAGE,27,33
mdp.39015013291342,29,10,0,Unalit,NORP,89,95
mdp.39015013291342,29,11,0,Eskimos,NORP,18,25
mdp.39015013291342,29,11,1,Unalakleet,GPE,59,69
mdp.39015013291342,29,11,2,Alaska,GPE,71,77
mdp.39015013291342,29,12,0,Unalit,NORP,101,107
mdp.39015013291342,29,13,0,Inupiat,NORP,17,24
mdp.39015013291342,29,14,0,Unalit,NORP,31,37
mdp.39015013291342,29,14,1,Inupiat,NORP,48,55
mdp.39015013291342,29,14,2,Malimiut,PERSON,58,66
mdp.39015013291342,30,0,0,TICASUK,GPE,14,21
mdp.39015013291342,30,1,0,Unalit,NORP,24,30
mdp.39015013291342,30,1,1,Shaktoolik,GPE,46,56
mdp.39015013291342,30,1,2,Unalakleet,GPE,67,77
mdp.39015013291342,30,1,3,Norton Sound,LOC,81,93
mdp.39015013291342,30,1,4,Ayaatayat,GPE,95,104
mdp.39015013291342,30,1,5,Nukleet,GPE,109,116
mdp.39015013291342,30,1,6,the Cape Denbigh,LOC,120,136
mdp.39015013291342,30,1,7,Shaktoolik,GPE,156,166
mdp.39015013291342,30,1,8,Norton Bay,LOC,188,198
mdp.39015013291342,30,1,9,Ikngittuq,GPE,200,209
mdp.39015013291342,30,1,10,Rocky Point,LOC,230,241
mdp.39015013291342,30,1,11,the Bering Sea,LOC,245,259
mdp.39015013291342,30,1,12,Uqpiktulik,GPE,265,275
mdp.39015013291342,30,1,13,Ikngiituq,GPE,284,293
mdp.39015013291342,30,2,0,Uqpiktulik,GPE,0,10
mdp.39015013291342,30,2,1,Unalit,NORP,42,48
mdp.39015013291342,30,2,2,Minnie Tucker,PERSON,80,93
mdp.39015013291342,30,2,3,one,CARDINAL,95,98
mdp.39015013291342,30,2,4,Eskimo,NORP,113,119
mdp.39015013291342,30,2,5,the 1860s,DATE,143,152
mdp.39015013291342,30,2,6,Bering Sea,LOC,179,189
mdp.39015013291342,30,3,0,Ayaatayat,GPE,42,51
mdp.39015013291342,30,3,1,Cape Denbigh,GPE,53,65
mdp.39015013291342,30,4,0,"6,000 to 10,000 years old",DATE,48,73
mdp.39015013291342,30,5,0,Ihlliaraq,NORP,255,264
mdp.39015013291342,30,6,0,Eskimos,NORP,75,82
mdp.39015013291342,30,8,0,Malrui,PERSON,22,28
mdp.39015013291342,30,8,1,Malquay,PERSON,33,40
mdp.39015013291342,30,11,0,the following year,DATE,26,44
mdp.39015013291342,30,12,0,Eskimo,NORP,80,86
mdp.39015013291342,30,14,0,the age of 6,DATE,14,26
mdp.39015013291342,30,15,0,Malquay,NORP,88,95
mdp.39015013291342,31,1,0,Eskimos,NORP,4,11
mdp.39015013291342,31,5,0,Eskimo,NORP,4,10
mdp.39015013291342,31,6,0,26,CARDINAL,51,53
mdp.39015013291342,31,6,1,English,LANGUAGE,61,68
mdp.39015013291342,31,6,2,English,LANGUAGE,249,256
mdp.39015013291342,31,6,3,Eskimos,NORP,339,346
mdp.39015013291342,31,7,0,Yupik,NORP,74,79
mdp.39015013291342,31,7,1,Inupiaq,LANGUAGE,83,90
mdp.39015013291342,31,9,0,Eskimo,NORP,156,162
mdp.39015013291342,31,11,0,First,ORDINAL,0,5
mdp.39015013291342,31,11,1,Stephan,PERSON,42,49
mdp.39015013291342,31,11,2,Amelia Malquay Ivanoff,PERSON,54,76
mdp.39015013291342,31,12,0,Eskimo,NORP,35,41
mdp.39015013291342,31,14,0,one,CARDINAL,85,88
mdp.39015013291342,32,0,0,TICASUK,NORP,14,21
mdp.39015013291342,32,2,0,Eskimo,NORP,13,19
mdp.39015013291342,32,2,1,Unaliq,NORP,53,59
mdp.39015013291342,32,5,0,only 3 years old,DATE,35,51
mdp.39015013291342,32,12,0,English,LANGUAGE,127,134
mdp.39015013291342,32,13,0,English,LANGUAGE,54,61
mdp.39015013291342,32,13,1,Charles J. Keim,PERSON,77,92
mdp.39015013291342,32,13,2,first,ORDINAL,100,105
mdp.39015013291342,32,13,3,Charlie,PERSON,118,125
mdp.39015013291342,32,13,4,Charles,PERSON,131,138
mdp.39015013291342,32,16,0,Native,NORP,26,32
mdp.39015013291342,32,17,0,Abigail Kiiriq Eveb,PERSON,34,53
mdp.39015013291342,32,17,1,Shaktoolik,GPE,57,67
mdp.39015013291342,32,17,2,Frieda Goodwin,PERSON,74,88
mdp.39015013291342,32,17,3,Kotzebue,GPE,92,100
mdp.39015013291342,32,17,4,Amak Newsik,PERSON,107,118
mdp.39015013291342,32,17,5,Unalakleet,GPE,122,132
mdp.39015013291342,32,17,6,Minnie Tucker,PERSON,139,152
mdp.39015013291342,32,17,7,Fairbanks,GPE,156,165
mdp.39015013291342,32,17,8,Ruth Harris,PERSON,172,183
mdp.39015013291342,32,17,9,Kotzebue,GPE,187,195
mdp.39015013291342,32,17,10,Abraham Lincoln,PERSON,197,212
mdp.39015013291342,32,17,11,16th,ORDINAL,222,226
mdp.39015013291342,32,17,12,Kotzebue,GPE,246,254
mdp.39015013291342,32,17,13,Nasuk,PERSON,269,274
mdp.39015013291342,32,17,14,Kotzebue,GPE,362,370
mdp.39015013291342,32,17,15,Kiatcha,PERSON,380,387
mdp.39015013291342,32,17,16,Christmas,DATE,446,455
mdp.39015013291342,32,17,17,Daisy Shugluk,PERSON,507,520
mdp.39015013291342,32,17,18,Barrow,GPE,524,530
mdp.39015013291342,32,18,0,Oliver Everette,PERSON,23,38
mdp.39015013291342,33,0,0,Dorothy Jean Ray,PERSON,45,61
mdp.39015013291342,33,0,1,Eskimo,NORP,63,69
mdp.39015013291342,33,1,0,the University of Alaska,ORG,46,70
mdp.39015013291342,33,1,1,English,LANGUAGE,175,182
mdp.39015013291342,33,2,0,Maurice Langhorne,PERSON,27,44
mdp.39015013291342,33,2,1,Jimmy Bedford,PERSON,85,98
mdp.39015013291342,33,4,0,Emily Ivanoff Brown,PERSON,0,19
mdp.39015013291342,33,4,1,Ticasuk,WORK_OF_ART,21,28
mdp.39015013291342,36,0,0,1,CARDINAL,1,2
mdp.39015013291342,36,0,1,1,CARDINAL,3,4
mdp.39015013291342,36,0,2,1,CARDINAL,5,6
mdp.39015013291342,37,0,0,Ayaatayat Ayaatayat,GPE,13,32
mdp.39015013291342,37,0,1,Cape Denbigh,GPE,58,70
mdp.39015013291342,37,0,2,Eskimo,NORP,102,108
mdp.39015013291342,37,1,0,"10,000 years ago",DATE,68,84
mdp.39015013291342,37,2,0,Cape Denbigh,GPE,23,35
mdp.39015013291342,37,3,0,Kiiriq,PERSON,8,14
mdp.39015013291342,37,3,1,first,ORDINAL,51,56
mdp.39015013291342,37,5,0,One,CARDINAL,0,3
mdp.39015013291342,37,7,0,Unaliq,NORP,30,36
mdp.39015013291342,37,10,0,Cape Denbigh,LOC,100,112
mdp.39015013291342,37,11,0,Norton Bay,LOC,77,87
mdp.39015013291342,37,11,1,Shaktoolik,LOC,116,126
mdp.39015013291342,37,12,0,about eighteen miles,QUANTITY,58,78
mdp.39015013291342,37,13,0,Cape Denbigh Island,LOC,98,117
mdp.39015013291342,37,14,0,Many years,DATE,0,10
mdp.39015013291342,37,14,1,3,CARDINAL,43,44
mdp.39015013291342,38,0,0,funche hall,FAC,58,69
mdp.39015013291342,38,0,1,two,CARDINAL,132,135
mdp.39015013291342,39,0,0,Ayaatavat Ayaatayat,GPE,38,57
mdp.39015013291342,39,0,1,Cape Denbigh,GPE,83,95
mdp.39015013291342,39,0,2,Eskimo,NORP,122,128
mdp.39015013291342,39,1,0,"maybe 10,000 years",DATE,56,74
mdp.39015013291342,39,2,0,Cape Denbigh,GPE,22,34
mdp.39015013291342,39,3,0,Kirig,PERSON,8,13
mdp.39015013291342,39,5,0,chur,NORP,10,14
mdp.39015013291342,39,7,0,the Cape Denbigh pe,LOC,116,135
mdp.39015013291342,39,7,1,Norton Bay,LOC,184,194
mdp.39015013291342,39,7,2,Shakl,LOC,222,227
mdp.39015013291342,39,8,0,about eighteen miles,QUANTITY,32,52
mdp.39015013291342,39,12,0,first,ORDINAL,50,55
mdp.39015013291342,39,15,0,gry,PERSON,89,92
mdp.39015013291342,39,21,0,1,CARDINAL,63,64
mdp.39015013291342,39,26,0,ky,PERSON,0,2
mdp.39015013291342,39,26,1,1,CARDINAL,43,44
mdp.39015013291342,39,26,2,Iking,GPE,78,83
mdp.39015013291342,40,0,0,4 TALES,QUANTITY,0,7
mdp.39015013291342,40,0,1,TICASUK,GPE,11,18
mdp.39015013291342,40,1,0,first,ORDINAL,34,39
mdp.39015013291342,40,1,1,first,ORDINAL,78,83
mdp.39015013291342,40,1,2,tundra,LOC,120,126
mdp.39015013291342,40,1,3,eighteen-mile,QUANTITY,160,173
mdp.39015013291342,40,3,0,only one,CARDINAL,16,24
mdp.39015013291342,40,7,0,One evening,TIME,0,11
mdp.39015013291342,40,8,0,Ayaatayat,LOC,174,183
mdp.39015013291342,40,9,0,Ayaatayat,LOC,39,48
mdp.39015013291342,40,9,1,Nukleet,LOC,53,60
mdp.39015013291342,40,9,2,Cape Denbigh,LOC,85,97
mdp.39015013291342,40,10,0,Cape Denbigh,LOC,134,146
mdp.39015013291342,40,11,0,Unaliq,NORP,4,10
mdp.39015013291342,40,12,0,Cape Denbigh,LOC,6,18
mdp.39015013291342,40,12,1,two,CARDINAL,122,125
mdp.39015013291342,40,16,0,tundra,LOC,91,97
mdp.39015013291342,40,17,0,tundra,LOC,101,107
mdp.39015013291342,41,3,0,first,ORDINAL,86,91
mdp.39015013291342,41,21,0,Cape Denbigh,LOC,33,45
mdp.39015013291342,41,23,0,Piuřarin,PERSON,1,9
mdp.39015013291342,42,0,0,6 TALES,QUANTITY,0,7
mdp.39015013291342,42,1,0,Every day,DATE,0,9
mdp.39015013291342,42,9,0,Kunuřang,PERSON,29,37
mdp.39015013291342,42,11,0,Kunuřang,PERSON,111,119
mdp.39015013291342,42,18,0,Kunuřang,PERSON,38,46
mdp.39015013291342,43,4,0,Kunuřang,PERSON,30,38
mdp.39015013291342,43,9,0,Aapaang,PERSON,52,59
mdp.39015013291342,43,9,1,Aakaang,NORP,61,68
mdp.39015013291342,43,9,2,uvvaa anguniaqtigřavut,PERSON,70,92
mdp.39015013291342,43,10,0,Ki,PERSON,1,3
mdp.39015013291342,43,11,0,Kunuřang,PERSON,72,80
mdp.39015013291342,43,19,0,first,ORDINAL,152,157
mdp.39015013291342,43,21,0,Second,ORDINAL,0,6
mdp.39015013291342,44,0,0,8,CARDINAL,0,1
mdp.39015013291342,44,3,0,first,ORDINAL,4,9
mdp.39015013291342,44,3,1,Denbigh,GPE,26,33
mdp.39015013291342,44,3,2,that same evening,TIME,50,67
mdp.39015013291342,44,8,0,The next morning,TIME,0,16
mdp.39015013291342,44,9,0,Eskimo,NORP,30,36
mdp.39015013291342,44,10,0,the Cape Denbigh,LOC,104,120
mdp.39015013291342,44,13,0,Kunuřang,PERSON,40,48
mdp.39015013291342,44,14,0,first,ORDINAL,35,40
mdp.39015013291342,44,15,0,first,ORDINAL,27,32
mdp.39015013291342,44,15,1,Aakaang,PERSON,51,58
mdp.39015013291342,44,16,0,Kunuřang,PERSON,17,25
mdp.39015013291342,44,19,0,Irniaqa,PERSON,1,8
mdp.39015013291342,44,20,0,Unaliq,LANGUAGE,44,50
mdp.39015013291342,44,20,1,Paniing,PERSON,89,96
mdp.39015013291342,44,20,2,Unalit,NORP,176,182
mdp.39015013291342,45,1,0,Yupik Piqpagiyumain ilaqautigran,NORP,20,52
mdp.39015013291342,45,6,0,second,ORDINAL,2,8
mdp.39015013291342,45,7,0,tonight,TIME,22,29
mdp.39015013291342,45,10,0,Yuit,NORP,149,153
mdp.39015013291342,45,11,0,a year,DATE,21,27
mdp.39015013291342,45,12,0,Kunuřang,PERSON,0,8
mdp.39015013291342,45,21,0,Kunuřang,PERSON,30,38
mdp.39015013291342,45,23,0,the summer,DATE,78,88
mdp.39015013291342,46,0,0,10,CARDINAL,0,2
mdp.39015013291342,46,1,0,Kunuřang,PERSON,0,8
mdp.39015013291342,46,2,0,Kunuřang,PERSON,0,8
mdp.39015013291342,46,2,1,Chaxtuliq,GPE,139,148
mdp.39015013291342,46,2,2,Shaktoolik,NORP,167,177
mdp.39015013291342,46,3,0,Eskimos,NORP,73,80
mdp.39015013291342,46,4,0,Eagle-man,PERSON,13,22
mdp.39015013291342,46,4,1,Kunuřang,PERSON,67,75
mdp.39015013291342,46,5,0,Eagle-man,PERSON,4,13
mdp.39015013291342,46,5,1,one morning,TIME,24,35
mdp.39015013291342,46,8,0,Cape Denbigh,LOC,46,58
mdp.39015013291342,46,8,1,Shaktoolik,GPE,63,73
mdp.39015013291342,46,9,0,Kunuřang,PERSON,51,59
mdp.39015013291342,46,10,0,daily,DATE,21,26
mdp.39015013291342,46,11,0,Kunuřang,PERSON,0,8
mdp.39015013291342,46,13,0,Kunuřang,PERSON,0,8
mdp.39015013291342,46,15,0,Kunuřang,PERSON,0,8
mdp.39015013291342,46,19,0,Cape Denbigh,LOC,40,52
mdp.39015013291342,47,2,0,Ii-i,PERSON,1,5
mdp.39015013291342,47,3,0,Kunuřang,PERSON,0,8
mdp.39015013291342,47,7,0,several days,DATE,4,16
mdp.39015013291342,47,8,0,The day,DATE,0,7
mdp.39015013291342,47,16,0,tonight,TIME,13,20
mdp.39015013291342,47,16,1,tomorrow,DATE,78,86
mdp.39015013291342,47,19,0,the day,DATE,135,142
mdp.39015013291342,47,20,0,the day,DATE,49,56
mdp.39015013291342,47,22,0,Kunuřang,PERSON,0,8
mdp.39015013291342,48,0,0,12,CARDINAL,0,2
mdp.39015013291342,48,0,1,TICASUK,GPE,12,19
mdp.39015013291342,48,5,0,Kunuřang,PERSON,0,8
mdp.39015013291342,48,10,0,Silam Inua,PERSON,77,87
mdp.39015013291342,48,10,1,Universe,LOC,119,127
mdp.39015013291342,48,18,0,Ii-i,PERSON,1,5
mdp.39015013291342,48,24,0,only a few minutes,TIME,36,54
mdp.39015013291342,48,25,0,first,ORDINAL,32,37
mdp.39015013291342,48,28,0,The next day,DATE,0,12
mdp.39015013291342,48,28,1,today,DATE,46,51
mdp.39015013291342,49,4,0,Shaktoolik,LOC,27,37
mdp.39015013291342,49,6,0,Chinggiaq Sound,LOC,87,102
mdp.39015013291342,49,9,0,Kunuřang,PERSON,0,8
mdp.39015013291342,49,13,0,tomorrow,DATE,42,50
mdp.39015013291342,49,13,1,four,CARDINAL,66,70
mdp.39015013291342,49,15,0,tonight,TIME,82,89
mdp.39015013291342,49,18,0,tonight,TIME,66,73
mdp.39015013291342,49,28,0,the Unaliq Eskimos,NORP,162,180
mdp.39015013291342,50,0,0,E&M.L. Totten,PERSON,1,14
mdp.39015013291342,51,0,0,The Ogre Baby,PERSON,0,13
mdp.39015013291342,51,0,1,Makkatahlungiq T,PERSON,15,31
mdp.39015013291342,51,0,2,Ayaatayat,GPE,53,62
mdp.39015013291342,51,4,0,the Bering Sea,LOC,58,72
mdp.39015013291342,51,12,0,Ayaatayat 15,ORG,21,33
mdp.39015013291342,52,0,0,16 TALES OF,PERSON,0,11
mdp.39015013291342,52,0,1,one evening,TIME,36,47
mdp.39015013291342,52,2,0,just a few hours,TIME,49,65
mdp.39015013291342,52,3,0,about midnight,TIME,18,32
mdp.39015013291342,52,11,0,Eskimo,NORP,101,107
mdp.39015013291342,52,15,0,Silam Inua,PERSON,60,70
mdp.39015013291342,53,0,0,The Ogre Baby,PERSON,0,13
mdp.39015013291342,53,0,1,Makkatahlungiq 17,PERSON,15,32
mdp.39015013291342,53,1,0,twelve-mile,QUANTITY,65,76
mdp.39015013291342,53,4,0,Dexter Point,LOC,159,171
mdp.39015013291342,53,5,0,overnight,TIME,12,21
mdp.39015013291342,53,6,0,Tachiq,LOC,147,153
mdp.39015013291342,54,0,0,18,CARDINAL,0,2
mdp.39015013291342,54,0,1,TICASUK,GPE,12,19
mdp.39015013291342,54,6,0,Nukleet,GPE,136,143
mdp.39015013291342,54,8,0,first,ORDINAL,29,34
mdp.39015013291342,54,8,1,second,ORDINAL,60,66
mdp.39015013291342,54,8,2,one,CARDINAL,95,98
mdp.39015013291342,54,10,0,twelve-mile,QUANTITY,74,85
mdp.39015013291342,54,10,1,Shaktoolik,LOC,219,229
mdp.39015013291342,54,16,0,about ten feet,QUANTITY,77,91
mdp.39015013291342,55,0,0,Makkatahlungiq 19,PERSON,15,32
mdp.39015013291342,55,8,0,the Taguumaniq River,LOC,91,111
mdp.39015013291342,55,9,0,Silam Inua,PERSON,33,43
mdp.39015013291342,55,12,0,Ayaatayat,GPE,37,46
mdp.39015013291342,55,12,1,Gospel,WORK_OF_ART,75,81
mdp.39015013291342,55,12,2,Eskimo,NORP,109,115
mdp.39015013291342,55,13,0,Gospel,WORK_OF_ART,13,19
mdp.39015013291342,56,0,0,.&M.L. Totten,PERSON,2,15
mdp.39015013291342,57,0,0,The Battle Song of the Giants,WORK_OF_ART,0,29
mdp.39015013291342,57,1,0,Many thousands of years ago,DATE,0,27
mdp.39015013291342,57,1,1,Alaska,GPE,95,101
mdp.39015013291342,57,2,0,Eskimos,NORP,4,11
mdp.39015013291342,57,3,0,Eskimos,NORP,12,19
mdp.39015013291342,57,3,1,Nunamiut,NORP,27,35
mdp.39015013291342,57,6,0,Eskimo,NORP,4,10
mdp.39015013291342,57,7,0,some Inupiaq Eskimos,NORP,29,49
mdp.39015013291342,57,9,0,one,CARDINAL,27,30
mdp.39015013291342,57,14,0,One day,DATE,0,7
mdp.39015013291342,57,14,1,two,CARDINAL,29,32
mdp.39015013291342,57,16,0,three,CARDINAL,53,58
mdp.39015013291342,57,17,0,21,CARDINAL,0,2
mdp.39015013291342,58,0,0,22,CARDINAL,0,2
mdp.39015013291342,58,1,0,Inuuraq,PERSON,46,53
mdp.39015013291342,58,3,0,Nengzurluung,PERSON,93,105
mdp.39015013291342,58,3,1,Grandma,PERSON,112,119
mdp.39015013291342,58,8,0,Inuuraq,PERSON,47,54
mdp.39015013291342,58,12,0,three,CARDINAL,60,65
mdp.39015013291342,58,13,0,Inuuraq,PERSON,40,47
mdp.39015013291342,58,15,0,Ahmiyuah,PERSON,0,8
mdp.39015013291342,58,19,0,Silam Inua,PERSON,64,74
mdp.39015013291342,58,19,1,Inuuraq,PERSON,93,100
mdp.39015013291342,58,20,0,Inuuraq,PERSON,10,17
mdp.39015013291342,58,20,1,this evening,TIME,31,43
mdp.39015013291342,58,22,0,Ataniq,PERSON,5,11
mdp.39015013291342,58,24,0,Inuuraq,PERSON,0,7
mdp.39015013291342,58,25,0,early tomorrow morning,TIME,32,54
mdp.39015013291342,58,28,0,Inuuraq,PERSON,0,7
mdp.39015013291342,59,0,0,The Battle Song of the Giants 23,WORK_OF_ART,0,32
mdp.39015013291342,59,1,0,the next day,DATE,6,18
mdp.39015013291342,59,1,1,Inuuřaq,PERSON,20,27
mdp.39015013291342,59,2,0,Inuuřaq,PERSON,44,51
mdp.39015013291342,59,5,0,Late one evening,TIME,0,16
mdp.39015013291342,59,6,0,many days,DATE,17,26
mdp.39015013291342,59,7,0,Inuuraq,PERSON,41,48
mdp.39015013291342,59,8,0,one particular evening,TIME,3,25
mdp.39015013291342,59,15,0,Inuuřaq,PERSON,0,7
mdp.39015013291342,59,18,0,Inuuřaq,PERSON,31,38
mdp.39015013291342,59,23,0,The next day,DATE,0,12
mdp.39015013291342,60,0,0,24 TALES,QUANTITY,0,8
mdp.39015013291342,60,0,1,TICASUK,NORP,12,19
mdp.39015013291342,60,1,0,one,CARDINAL,18,21
mdp.39015013291342,60,2,0,first,ORDINAL,31,36
mdp.39015013291342,60,5,0,Inuuraq,PERSON,0,7
mdp.39015013291342,60,5,1,Inuuřaq,PERSON,147,154
mdp.39015013291342,60,14,0,Inuuraq,PERSON,0,7
mdp.39015013291342,60,15,0,Inuuřaq,PERSON,0,7
mdp.39015013291342,60,25,0,Inuuřaq,PERSON,37,44
mdp.39015013291342,60,26,0,Inuuřaq,PERSON,106,113
mdp.39015013291342,61,0,0,The Battle Song of the Giants 25,WORK_OF_ART,0,32
mdp.39015013291342,61,1,0,Inuuraq,PERSON,0,7
mdp.39015013291342,61,3,0,three,CARDINAL,35,40
mdp.39015013291342,61,4,0,Inuuřaq,PERSON,3,10
mdp.39015013291342,61,6,0,Inuuraq,PERSON,0,7
mdp.39015013291342,61,7,0,two,CARDINAL,10,13
mdp.39015013291342,61,7,1,one,CARDINAL,36,39
mdp.39015013291342,61,9,0,Inuuřaq,PERSON,0,7
mdp.39015013291342,61,9,1,Mummak,PERSON,33,39
mdp.39015013291342,61,13,0,Mummak,PERSON,0,6
mdp.39015013291342,61,14,0,tenth,ORDINAL,23,28
mdp.39015013291342,61,18,0,four,CARDINAL,9,13
mdp.39015013291342,61,19,0,Inuuřaq,PERSON,0,7
mdp.39015013291342,61,20,0,that particular night,TIME,23,44
mdp.39015013291342,62,0,0,M&Totten,PERSON,1,9
mdp.39015013291342,63,0,0,Imitchaq,GPE,0,8
mdp.39015013291342,63,0,1,Imitchaq,NORP,21,29
mdp.39015013291342,63,1,0,One,CARDINAL,0,3
mdp.39015013291342,63,1,1,Indians,NORP,155,162
mdp.39015013291342,63,2,0,Imitchaq,GPE,18,26
mdp.39015013291342,63,4,0,many years ago,DATE,17,31
mdp.39015013291342,63,8,0,every summer,DATE,39,51
mdp.39015013291342,63,13,0,Ilaganiq,PERSON,35,43
mdp.39015013291342,63,13,1,Imitchaq village,GPE,76,92
mdp.39015013291342,63,16,0,27,CARDINAL,0,2
mdp.39015013291342,64,0,0,28,CARDINAL,0,2
mdp.39015013291342,64,1,0,Ilaganiq,PERSON,0,8
mdp.39015013291342,64,2,0,Ilaganiq,PERSON,8,16
mdp.39015013291342,64,3,0,Aapaang,PERSON,61,68
mdp.39015013291342,64,3,1,two,CARDINAL,93,96
mdp.39015013291342,64,9,0,Ilaganiq,PERSON,10,18
mdp.39015013291342,64,10,0,Ilaganiq,PERSON,0,8
mdp.39015013291342,64,11,0,Silam Inua,PERSON,92,102
mdp.39015013291342,64,11,1,Eskimos,NORP,170,177
mdp.39015013291342,64,13,0,Ilaganiq,PERSON,0,8
mdp.39015013291342,64,14,0,Tonight,TIME,41,48
mdp.39015013291342,64,16,0,The next day,DATE,0,12
mdp.39015013291342,64,17,0,Ilaganiq,PERSON,97,105
mdp.39015013291342,64,20,0,Ilaganiq,PERSON,27,35
mdp.39015013291342,64,22,0,Ilaganiq,PERSON,50,58
mdp.39015013291342,65,0,0,Imitchaq,GPE,0,8
mdp.39015013291342,65,0,1,Hero 29,PRODUCT,11,18
mdp.39015013291342,65,0,2,third,ORDINAL,32,37
mdp.39015013291342,65,3,0,Imitchaq,GPE,94,102
mdp.39015013291342,65,3,1,the Bering Sea,LOC,139,153
mdp.39015013291342,66,0,0,Totten,PERSON,5,11
mdp.39015013291342,67,0,0,The Creation of the First Festival,WORK_OF_ART,0,34
mdp.39015013291342,67,1,0,first,ORDINAL,113,118
mdp.39015013291342,67,18,0,31,CARDINAL,89,91
mdp.39015013291342,68,0,0,32 TALES,QUANTITY,0,8
mdp.39015013291342,68,0,1,TICASUK,GPE,12,19
mdp.39015013291342,68,2,0,two,CARDINAL,76,79
mdp.39015013291342,68,11,0,Tomorrow,DATE,1,9
mdp.39015013291342,68,12,0,first,ORDINAL,4,9
mdp.39015013291342,68,12,1,three,CARDINAL,78,83
mdp.39015013291342,68,13,0,two,CARDINAL,19,22
mdp.39015013291342,68,13,1,three,CARDINAL,71,76
mdp.39015013291342,68,14,0,about one,CARDINAL,31,40
mdp.39015013291342,68,19,0,one-half inch to one inch,QUANTITY,31,56
mdp.39015013291342,68,24,0,about six inches,QUANTITY,6,22
mdp.39015013291342,68,28,0,many days,DATE,4,13
mdp.39015013291342,69,0,0,The Creation of the First Festival 33,WORK_OF_ART,0,37
mdp.39015013291342,69,4,0,two,CARDINAL,193,196
mdp.39015013291342,69,4,1,first,ORDINAL,249,254
mdp.39015013291342,69,5,0,first,ORDINAL,38,43
mdp.39015013291342,69,5,1,This spring,DATE,105,116
mdp.39015013291342,69,5,2,first,ORDINAL,160,165
mdp.39015013291342,69,5,3,the year,DATE,181,189
mdp.39015013291342,69,9,0,Inupiat,NORP,76,83
mdp.39015013291342,69,9,1,Eskimo,NORP,150,156
mdp.39015013291342,71,1,0,Eskimos,NORP,8,15
mdp.39015013291342,71,9,0,Mythical Rolling Fire,WORK_OF_ART,25,46
mdp.39015013291342,71,10,0,Unaliq,NORP,25,31
mdp.39015013291342,71,11,0,Shaktoolik River,LOC,42,58
mdp.39015013291342,71,11,1,Bering Sea,LOC,66,76
mdp.39015013291342,71,11,2,about six miles,QUANTITY,83,98
mdp.39015013291342,71,11,3,Cape Denbigh,LOC,107,119
mdp.39015013291342,71,12,0,the spring,DATE,39,49
mdp.39015013291342,71,14,0,355,CARDINAL,0,3
mdp.39015013291342,72,0,0,36,CARDINAL,0,2
mdp.39015013291342,72,1,0,Iluperaq,PERSON,13,21
mdp.39015013291342,72,2,0,ruffians,NORP,42,50
mdp.39015013291342,72,2,1,night,TIME,106,111
mdp.39015013291342,72,7,0,Late one evening,TIME,0,16
mdp.39015013291342,72,7,1,ruffians,NORP,28,36
mdp.39015013291342,72,9,0,One,CARDINAL,0,3
mdp.39015013291342,72,9,1,Iluperaq,PERSON,26,34
mdp.39015013291342,72,10,0,ruffians,NORP,42,50
mdp.39015013291342,72,12,0,Iluperaq,PERSON,80,88
mdp.39015013291342,72,14,0,Iluperaq,PERSON,61,69
mdp.39015013291342,72,14,1,Iluperaq,PERSON,99,107
mdp.39015013291342,72,14,2,Patagmek,PERSON,143,151
mdp.39015013291342,72,17,0,ruffians,NORP,4,12
mdp.39015013291342,72,19,0,Iluperaq,PERSON,66,74
mdp.39015013291342,73,1,0,Iluperaq,PERSON,0,8
mdp.39015013291342,73,4,0,Iluperaq,PERSON,46,54
mdp.39015013291342,73,12,0,Iluperaq,PERSON,0,8
mdp.39015013291342,74,0,0,Z,PERSON,1,2
mdp.39015013291342,74,0,1,ML Totten,PERSON,5,14
mdp.39015013291342,75,1,0,The Inupiaq Eskimos,NORP,0,19
mdp.39015013291342,75,2,0,Eskimo,NORP,47,53
mdp.39015013291342,75,9,0,one evening,TIME,6,17
mdp.39015013291342,75,11,0,Tusuk,PERSON,38,43
mdp.39015013291342,75,13,0,Tusuk,PERSON,29,34
mdp.39015013291342,75,14,0,One wintry,TIME,27,37
mdp.39015013291342,75,14,1,many years ago,DATE,45,59
mdp.39015013291342,75,14,2,two,CARDINAL,67,70
mdp.39015013291342,75,14,3,late at night,TIME,98,111
mdp.39015013291342,76,0,0,40 TALES,QUANTITY,0,8
mdp.39015013291342,76,0,1,Kiguruyat,PERSON,20,29
mdp.39015013291342,76,12,0,one,CARDINAL,43,46
mdp.39015013291342,76,17,0,two,CARDINAL,116,119
mdp.39015013291342,76,19,0,Qweexoxok,PERSON,16,25
mdp.39015013291342,76,20,0,Qweexoxok,PERSON,24,33
mdp.39015013291342,77,0,0,the Aurora Borealis,LOC,10,29
mdp.39015013291342,77,5,0,Qweexoxok,PERSON,1,10
mdp.39015013291342,79,0,0,Wiilingiataq,PERSON,0,12
mdp.39015013291342,79,0,1,Bering Sound,LOC,59,71
mdp.39015013291342,79,0,2,two,CARDINAL,112,115
mdp.39015013291342,79,0,3,Eskimo,NORP,116,122
mdp.39015013291342,79,1,0,Wiilingiataq,PERSON,0,12
mdp.39015013291342,79,1,1,Taguumaniq River,LOC,55,71
mdp.39015013291342,79,2,0,Chulung,PERSON,49,56
mdp.39015013291342,79,3,0,Chulung,PERSON,0,7
mdp.39015013291342,79,4,0,Chulung,PERSON,20,27
mdp.39015013291342,79,6,0,Chulung,PERSON,0,7
mdp.39015013291342,79,6,1,every day,DATE,57,66
mdp.39015013291342,79,14,0,First,ORDINAL,29,34
mdp.39015013291342,80,0,0,44,CARDINAL,0,2
mdp.39015013291342,80,0,1,second,ORDINAL,93,99
mdp.39015013291342,80,0,2,Eskimo,NORP,175,181
mdp.39015013291342,80,6,0,Tomorrow,DATE,1,9
mdp.39015013291342,80,6,1,morning,TIME,10,17
mdp.39015013291342,80,6,2,Chulung,PERSON,91,98
mdp.39015013291342,80,8,0,Chulung,PERSON,27,34
mdp.39015013291342,80,9,0,Chulung,PERSON,50,57
mdp.39015013291342,80,11,0,the day,DATE,73,80
mdp.39015013291342,80,15,0,Chulung,PERSON,0,7
mdp.39015013291342,80,17,0,the night,TIME,24,33
mdp.39015013291342,80,17,1,the next day,DATE,62,74
mdp.39015013291342,80,17,2,early tomorrow morning,TIME,90,112
mdp.39015013291342,80,21,0,Wiilingiataq,PERSON,30,42
mdp.39015013291342,81,0,0,Wiilingiataq,PERSON,0,12
mdp.39015013291342,81,0,1,45,DATE,42,44
mdp.39015013291342,81,8,0,Wiilingiataq,PERSON,48,60
mdp.39015013291342,81,17,0,early morning,TIME,54,67
mdp.39015013291342,81,22,0,Chulung,PERSON,0,7
mdp.39015013291342,81,23,0,Wiilingiataq,PERSON,6,18
mdp.39015013291342,82,0,0,46,CARDINAL,0,2
mdp.39015013291342,82,0,1,TICASUK,GPE,12,19
mdp.39015013291342,82,0,2,Aapaang,GPE,20,27
mdp.39015013291342,82,0,3,nuk ku chaktoing gah,PERSON,29,49
mdp.39015013291342,82,2,0,Nunam eel lqah,PERSON,0,14
mdp.39015013291342,82,2,1,tug gong qoh,PERSON,15,27
mdp.39015013291342,82,4,0,Qarrain,GPE,0,7
mdp.39015013291342,82,4,1,qilamik,PERSON,9,16
mdp.39015013291342,82,5,0,Chulung,PERSON,26,33
mdp.39015013291342,82,7,0,half,CARDINAL,12,16
mdp.39015013291342,82,15,0,Eskimo,NORP,71,77
mdp.39015013291342,84,0,0,D&M.L. totter,PERSON,1,14
mdp.39015013291342,85,0,0,The Legend of Egg Island and,WORK_OF_ART,0,28
mdp.39015013291342,85,0,1,Besboro Island,LOC,29,43
mdp.39015013291342,85,2,0,Eskimo,NORP,4,10
mdp.39015013291342,85,3,0,The Unaliq Eskimos,NORP,0,18
mdp.39015013291342,85,3,1,Norton Sound,LOC,56,68
mdp.39015013291342,85,4,0,two,CARDINAL,14,17
mdp.39015013291342,85,4,1,one,CARDINAL,26,29
mdp.39015013291342,85,4,2,St. Michael,LOC,44,55
mdp.39015013291342,85,4,3,fifteen miles,QUANTITY,86,99
mdp.39015013291342,85,4,4,Norton Sound,LOC,107,119
mdp.39015013291342,85,4,5,Eskimo,NORP,134,140
mdp.39015013291342,85,4,6,Unalakleet,LOC,153,163
mdp.39015013291342,85,4,7,Egavik,GPE,165,171
mdp.39015013291342,85,4,8,Shaktoolik,GPE,177,187
mdp.39015013291342,85,5,0,one,CARDINAL,8,11
mdp.39015013291342,85,5,1,Eskimo,NORP,27,33
mdp.39015013291342,85,5,2,two,CARDINAL,68,71
mdp.39015013291342,85,5,3,Norton Sound,LOC,124,136
mdp.39015013291342,85,7,0,Siberia,LOC,45,52
mdp.39015013291342,85,15,0,49,CARDINAL,98,100
mdp.39015013291342,86,0,0,50 TALES,QUANTITY,0,8
mdp.39015013291342,86,0,1,TICASUK,GPE,12,19
mdp.39015013291342,86,3,0,One,CARDINAL,0,3
mdp.39015013291342,86,6,0,St. Michael,GPE,134,145
mdp.39015013291342,86,9,0,Today,DATE,0,5
mdp.39015013291342,86,9,1,Egg Island,LOC,27,37
mdp.39015013291342,86,10,0,Shaktoolik,LOC,41,51
mdp.39015013291342,86,10,1,Eskimos,NORP,143,150
mdp.39015013291342,86,10,2,Russians,NORP,190,198
mdp.39015013291342,86,10,3,Besboro Island,LOC,206,220
mdp.39015013291342,86,11,0,Akkamii,GPE,0,7
mdp.39015013291342,88,0,0,E&ML Totten,ORG,1,12
mdp.39015013291342,89,2,0,Eskimos,NORP,41,48
mdp.39015013291342,89,3,0,Eskimo,NORP,21,27
mdp.39015013291342,89,5,0,two,CARDINAL,27,30
mdp.39015013291342,89,5,1,Eskimo,NORP,41,47
mdp.39015013291342,89,6,0,winter,DATE,39,45
mdp.39015013291342,89,6,1,"the cold, dark, long winter months",DATE,125,159
mdp.39015013291342,89,8,0,summer,DATE,52,58
mdp.39015013291342,89,10,0,two,CARDINAL,4,7
mdp.39015013291342,89,14,0,Early one morning,TIME,0,17
mdp.39015013291342,89,20,0,53,CARDINAL,5,7
mdp.39015013291342,90,0,0,54,CARDINAL,0,2
mdp.39015013291342,90,0,1,TICASUK,GPE,12,19
mdp.39015013291342,90,1,0,the day,DATE,42,49
mdp.39015013291342,90,3,0,winter,DATE,39,45
mdp.39015013291342,90,8,0,two,CARDINAL,4,7
mdp.39015013291342,90,8,1,one,CARDINAL,62,65
mdp.39015013291342,90,15,0,first,ORDINAL,71,76
mdp.39015013291342,90,17,0,two,CARDINAL,4,7
mdp.39015013291342,90,19,0,one,CARDINAL,55,58
mdp.39015013291342,91,1,0,half,CARDINAL,42,46
mdp.39015013291342,91,1,1,one,CARDINAL,57,60
mdp.39015013291342,91,2,0,Needlefish,PERSON,24,34
mdp.39015013291342,91,11,0,two,CARDINAL,85,88
mdp.39015013291342,93,0,0,Eskimo,NORP,31,37
mdp.39015013291342,93,1,0,the Unaliq Eskimos,NORP,20,38
mdp.39015013291342,93,1,1,Shaktoolik,GPE,52,62
mdp.39015013291342,93,1,2,the Norton Sound,LOC,66,82
mdp.39015013291342,93,1,3,four miles,QUANTITY,89,99
mdp.39015013291342,93,4,0,today,DATE,48,53
mdp.39015013291342,93,5,0,over one hundred,CARDINAL,10,26
mdp.39015013291342,93,6,0,later years,DATE,29,40
mdp.39015013291342,93,9,0,Native,NORP,34,40
mdp.39015013291342,93,9,1,Eskimo,NORP,151,157
mdp.39015013291342,93,10,0,Shaktoolik,NORP,73,83
mdp.39015013291342,93,12,0,the late afternoon,TIME,66,84
mdp.39015013291342,93,15,0,57,CARDINAL,0,2
mdp.39015013291342,94,0,0,58 TALES,QUANTITY,0,8
mdp.39015013291342,94,1,0,Nengzuung,PERSON,43,52
mdp.39015013291342,94,1,1,tonight,TIME,98,105
mdp.39015013291342,94,8,0,Nengzurluung,PERSON,99,111
mdp.39015013291342,94,9,0,Aang,PERSON,1,5
mdp.39015013291342,94,9,1,Nengzuung,PERSON,12,21
mdp.39015013291342,94,22,0,a few minutes,TIME,7,20
mdp.39015013291342,94,24,0,two,CARDINAL,13,16
mdp.39015013291342,94,25,0,Tutgarrluung,PERSON,32,44
mdp.39015013291342,94,25,1,Tutgaq,PERSON,54,60
mdp.39015013291342,95,5,0,one,CARDINAL,26,29
mdp.39015013291342,95,9,0,one,CARDINAL,57,60
mdp.39015013291342,95,11,0,one,CARDINAL,27,30
mdp.39015013291342,95,13,0,Akkamii,NORP,0,7
mdp.39015013291342,95,15,0,Eskimos,NORP,28,35
mdp.39015013291342,96,0,0,1,CARDINAL,1,2
mdp.39015013291342,96,0,1,M.L. Catter,PERSON,8,19
mdp.39015013291342,97,1,0,two,CARDINAL,23,26
mdp.39015013291342,97,1,1,Eskimo,NORP,27,33
mdp.39015013291342,97,1,2,one,CARDINAL,73,76
mdp.39015013291342,97,2,0,Eskimo,NORP,70,76
mdp.39015013291342,97,3,0,two,CARDINAL,6,9
mdp.39015013291342,97,4,0,one,CARDINAL,83,86
mdp.39015013291342,97,8,0,two,CARDINAL,4,7
mdp.39015013291342,97,15,0,two,CARDINAL,18,21
mdp.39015013291342,97,19,0,61,CARDINAL,9,11
mdp.39015013291342,98,0,0,62,CARDINAL,0,2
mdp.39015013291342,98,0,1,TICASUK,GPE,12,19
mdp.39015013291342,98,3,0,one,CARDINAL,74,77
mdp.39015013291342,98,4,0,Several days later,DATE,0,18
mdp.39015013291342,98,9,0,every day,DATE,42,51
mdp.39015013291342,98,16,0,two,CARDINAL,19,22
mdp.39015013291342,98,23,0,two,CARDINAL,45,48
mdp.39015013291342,99,0,0,Ptarmigan Legend,PERSON,0,16
mdp.39015013291342,99,0,1,Silam Inua,PERSON,51,61
mdp.39015013291342,100,0,0,.&.Md. Totten,PERSON,2,15
mdp.39015013291342,101,0,0,Eskimo Shaman's Flight to the Moon,WORK_OF_ART,0,34
mdp.39015013291342,101,2,0,Eskimo,NORP,34,40
mdp.39015013291342,101,2,1,Kotzebue,GPE,52,60
mdp.39015013291342,101,2,2,three or more weeks,DATE,65,84
mdp.39015013291342,101,6,0,every year,DATE,56,66
mdp.39015013291342,101,7,0,this particular night,TIME,4,25
mdp.39015013291342,101,9,0,the month of January,DATE,6,26
mdp.39015013291342,102,0,0,66,CARDINAL,0,2
mdp.39015013291342,102,0,1,TICASUK,GPE,12,19
mdp.39015013291342,102,2,0,earth,LOC,42,47
mdp.39015013291342,102,4,0,this very night,TIME,45,60
mdp.39015013291342,103,0,0,Eskimo Shaman's Flight to the Moon,WORK_OF_ART,0,34
mdp.39015013291342,103,0,1,67,CARDINAL,35,37
mdp.39015013291342,103,8,0,"Nakin aggiqpich,",PERSON,1,17
mdp.39015013291342,103,8,1,Illuuq,PERSON,18,24
mdp.39015013291342,103,10,0,Pikunga,LOC,56,63
mdp.39015013291342,103,13,0,Illuuq,LOC,29,35
mdp.39015013291342,103,14,0,last night,TIME,24,34
mdp.39015013291342,103,18,0,Point Hope,LOC,18,28
mdp.39015013291342,103,24,0,Kotzebue,NORP,4,12
mdp.39015013291342,103,25,0,Illuuq,NORP,12,18
mdp.39015013291342,103,28,0,the month of Kusugaqturvik,DATE,16,42
mdp.39015013291342,103,28,1,February,DATE,44,52
mdp.39015013291342,103,28,2,a month,DATE,62,69
mdp.39015013291342,103,31,0,Kotzebue,GPE,5,13
mdp.39015013291342,104,0,0,68,CARDINAL,0,2
mdp.39015013291342,104,8,0,Eskimo,NORP,68,74
mdp.39015013291342,106,0,0,E. &M.L. Totter,PERSON,2,17
mdp.39015013291342,107,0,0,Alaska,GPE,70,76
mdp.39015013291342,107,0,1,Fairbanks,GPE,87,96
mdp.39015013291342,107,1,0,Eskimo,NORP,23,29
mdp.39015013291342,107,4,0,one,CARDINAL,29,32
mdp.39015013291342,107,15,0,Alaskan,NORP,23,30
mdp.39015013291342,107,16,0,Alaskan,NORP,86,93
mdp.39015013291342,107,17,0,Alaska,GPE,38,44
mdp.39015013291342,107,17,1,Eskimo,NORP,68,74
mdp.39015013291342,107,18,0,summer,DATE,7,13
mdp.39015013291342,107,19,0,Alaska,GPE,32,38
mdp.39015013291342,107,19,1,January,DATE,42,49
mdp.39015013291342,107,20,0,Wien Alaska Airlines,ORG,17,37
mdp.39015013291342,107,21,0,Arctic,LOC,39,45
mdp.39015013291342,107,22,0,Inupiat,NORP,4,11
mdp.39015013291342,107,23,0,Eskimo,NORP,32,38
mdp.39015013291342,108,0,0,72 TALES,QUANTITY,0,8
mdp.39015013291342,108,0,1,TICASUK,GPE,12,19
mdp.39015013291342,108,1,0,Inupiat,NORP,69,76
mdp.39015013291342,108,4,0,Inupiat,NORP,11,18
mdp.39015013291342,108,5,0,second,ORDINAL,47,53
mdp.39015013291342,108,5,1,cheechako,NORP,54,63
mdp.39015013291342,108,9,0,one,CARDINAL,37,40
mdp.39015013291342,108,10,0,Eskimo,NORP,11,17
mdp.39015013291342,108,12,0,days,DATE,122,126
mdp.39015013291342,108,12,1,days,DATE,131,135
mdp.39015013291342,108,13,0,Fifty years ago,DATE,0,15
mdp.39015013291342,108,13,1,Eskimos,NORP,16,23
mdp.39015013291342,108,16,0,two,CARDINAL,4,7
mdp.39015013291342,108,16,1,About seventy years ago,DATE,107,130
mdp.39015013291342,108,16,2,Inupiat,NORP,135,142
mdp.39015013291342,108,16,3,Inupiaq,NORP,201,208
mdp.39015013291342,108,20,0,the old days,DATE,3,15
mdp.39015013291342,108,20,1,Inupiaq,NORP,19,26
mdp.39015013291342,108,20,2,early in the morning,TIME,39,59
mdp.39015013291342,108,22,0,Inupiat,NORP,18,25
mdp.39015013291342,108,23,0,50 degrees below zero,QUANTITY,45,66
mdp.39015013291342,108,25,0,Inupiat,NORP,17,24
mdp.39015013291342,108,25,1,the old days,DATE,66,78
mdp.39015013291342,108,26,0,Eskimo,NORP,23,29
mdp.39015013291342,109,6,0,Inupiaq,NORP,3,10
mdp.39015013291342,109,7,0,Inupiaq,NORP,26,33
mdp.39015013291342,109,8,0,tundra,LOC,51,57
mdp.39015013291342,109,9,0,one,CARDINAL,71,74
mdp.39015013291342,109,11,0,60 degrees below zero,QUANTITY,115,136
mdp.39015013291342,109,17,0,one,CARDINAL,17,20
mdp.39015013291342,109,21,0,four,CARDINAL,28,32
mdp.39015013291342,110,0,0,74,CARDINAL,0,2
mdp.39015013291342,110,0,1,TICASUK,NORP,12,19
mdp.39015013291342,110,0,2,Inupiat,NORP,20,27
mdp.39015013291342,110,1,0,onesquare-foot,QUANTITY,9,23
mdp.39015013291342,110,2,0,Alaska,GPE,74,80
mdp.39015013291342,110,3,0,one,CARDINAL,19,22
mdp.39015013291342,110,4,0,Inupiat,NORP,19,26
mdp.39015013291342,110,5,0,Arctic,LOC,11,17
mdp.39015013291342,110,6,0,Native,NORP,159,165
mdp.39015013291342,110,7,0,Meade River,LOC,3,14
mdp.39015013291342,110,7,1,two years,DATE,35,44
mdp.39015013291342,110,8,0,first,ORDINAL,7,12
mdp.39015013291342,110,10,0,one,CARDINAL,46,49
mdp.39015013291342,110,13,0,seventy years ago,DATE,6,23
mdp.39015013291342,110,13,1,Inupiat,NORP,28,35
mdp.39015013291342,110,16,0,the spring,DATE,4,14
mdp.39015013291342,110,17,0,the summer,DATE,22,32
mdp.39015013291342,110,19,0,cheechakos,NORP,6,16
mdp.39015013291342,110,19,1,two,CARDINAL,62,65
mdp.39015013291342,110,19,2,Inupiaq,NORP,83,90
mdp.39015013291342,110,19,3,Alaska,GPE,104,110
mdp.39015013291342,110,22,0,America,GPE,116,123
mdp.39015013291342,111,0,0,Sod Igloos,PERSON,16,26
mdp.39015013291342,111,2,0,Eskimo,NORP,36,42
mdp.39015013291342,111,4,0,Greenland,GPE,59,68
mdp.39015013291342,111,4,1,Alaska,GPE,73,79
mdp.39015013291342,111,5,0,The French Canadians,NORP,60,80
mdp.39015013291342,111,5,1,Canadian,NORP,91,99
mdp.39015013291342,111,5,2,Eskimos,NORP,109,116
mdp.39015013291342,111,6,0,Alaska,GPE,56,62
mdp.39015013291342,111,8,0,many years,DATE,18,28
mdp.39015013291342,111,8,1,Inupiat,NORP,47,54
mdp.39015013291342,111,9,0,Eskimo,NORP,27,33
mdp.39015013291342,111,14,0,Inupiat,NORP,13,20
mdp.39015013291342,111,14,1,several months,DATE,63,77
mdp.39015013291342,111,19,0,Eskimo,NORP,32,38
mdp.39015013291342,111,21,0,Eskimo,NORP,1,7
mdp.39015013291342,111,23,0,Eskimo,NORP,0,6
mdp.39015013291342,111,25,0,Eskimo,NORP,4,10
mdp.39015013291342,111,27,0,Eskimo,NORP,20,26
mdp.39015013291342,111,28,0,Inupiaq,NORP,99,106
mdp.39015013291342,111,29,0,one,CARDINAL,57,60
mdp.39015013291342,112,0,0,76,CARDINAL,0,2
mdp.39015013291342,112,0,1,TICASUK,PERSON,12,19
mdp.39015013291342,112,1,0,Inupiaq,NORP,9,16
mdp.39015013291342,112,1,1,Unalakleet,GPE,22,32
mdp.39015013291342,112,2,0,Ticasuk,PERSON,11,18
mdp.39015013291342,112,6,0,Inupiaq,NORP,63,70
mdp.39015013291342,112,6,1,English,LANGUAGE,118,125
mdp.39015013291342,112,7,0,first,ORDINAL,38,43
mdp.39015013291342,112,9,0,Inupiaq,NORP,41,48
mdp.39015013291342,112,10,0,part-Russian,NORP,3,15
mdp.39015013291342,112,12,0,American,NORP,30,38
mdp.39015013291342,115,0,0,Raven,PERSON,0,5
mdp.39015013291342,115,1,0,Raven,PERSON,7,12
mdp.39015013291342,115,2,0,Raven,PERSON,3,8
mdp.39015013291342,115,3,0,Raven,PERSON,12,17
mdp.39015013291342,115,6,0,this morning,TIME,22,34
mdp.39015013291342,115,11,0,Bird,PERSON,24,28
mdp.39015013291342,115,12,0,a beautiful day,DATE,11,26
mdp.39015013291342,115,15,0,Mamma,PERSON,17,22
mdp.39015013291342,115,21,0,spring,DATE,51,57
mdp.39015013291342,115,23,0,one pleasant evening,TIME,6,26
mdp.39015013291342,115,23,1,Raven,PERSON,34,39
mdp.39015013291342,116,0,0,80,CARDINAL,0,2
mdp.39015013291342,116,0,1,TICASUK,GPE,12,19
mdp.39015013291342,116,2,0,Raven,PERSON,0,5
mdp.39015013291342,116,3,0,that day on,DATE,5,16
mdp.39015013291342,116,4,0,five,CARDINAL,80,84
mdp.39015013291342,116,5,0,Three,CARDINAL,0,5
mdp.39015013291342,116,5,1,two,CARDINAL,50,53
mdp.39015013291342,116,7,0,Raven,PERSON,8,13
mdp.39015013291342,116,7,1,three,CARDINAL,93,98
mdp.39015013291342,116,7,2,two,CARDINAL,152,155
mdp.39015013291342,116,10,0,One cold day,DATE,0,12
mdp.39015013291342,116,10,1,Raven,PERSON,19,24
mdp.39015013291342,116,10,2,summer,DATE,109,115
mdp.39015013291342,116,10,3,winter,DATE,127,133
mdp.39015013291342,116,12,0,all year,DATE,35,43
mdp.39015013291342,116,13,0,this evening,TIME,47,59
mdp.39015013291342,116,14,0,early tomorrow morning,TIME,12,34
mdp.39015013291342,116,19,0,the summer,DATE,38,48
mdp.39015013291342,116,22,0,Tikiraq,GPE,64,71
mdp.39015013291342,116,22,1,Point Hope,LOC,73,83
mdp.39015013291342,116,22,2,the Bering Strait,LOC,114,131
mdp.39015013291342,116,23,0,Dad,PERSON,6,9
mdp.39015013291342,116,24,0,next morning,TIME,14,26
mdp.39015013291342,116,25,0,five hours,TIME,13,23
mdp.39015013291342,116,25,1,Tikiraq,GPE,33,40
mdp.39015013291342,116,25,2,Eskimos,NORP,52,59
mdp.39015013291342,116,26,0,the evening,TIME,7,18
mdp.39015013291342,116,26,1,Raven,PERSON,27,32
mdp.39015013291342,117,0,0,Raven,PERSON,0,5
mdp.39015013291342,117,1,0,Raven,PERSON,4,9
mdp.39015013291342,117,4,0,Raven,PERSON,31,36
mdp.39015013291342,117,5,0,the winter,DATE,66,76
mdp.39015013291342,117,10,0,Raven,PERSON,87,92
mdp.39015013291342,117,15,0,Raven,PERSON,40,45
mdp.39015013291342,117,17,0,Raven,PERSON,0,5
mdp.39015013291342,117,23,0,Raven,PERSON,5,10
mdp.39015013291342,117,24,0,Raven,PERSON,21,26
mdp.39015013291342,118,0,0,82,CARDINAL,0,2
mdp.39015013291342,118,1,0,every few minutes,TIME,86,103
mdp.39015013291342,118,4,0,hundredth,ORDINAL,51,60
mdp.39015013291342,118,9,0,Raven,PERSON,5,10
mdp.39015013291342,118,11,0,Raven,PERSON,0,5
mdp.39015013291342,118,18,0,that very minute,TIME,39,55
mdp.39015013291342,119,0,0,1,CARDINAL,0,1
mdp.39015013291342,120,1,0,M. Totten,PERSON,4,13
mdp.39015013291342,121,0,0,Ihlliagaq,PERSON,0,9
mdp.39015013291342,121,0,1,Big Haul,PERSON,12,20
mdp.39015013291342,121,0,2,any years ago,DATE,21,34
mdp.39015013291342,121,0,3,Eskimo,NORP,38,44
mdp.39015013291342,121,0,4,Ihlliagaq,PERSON,50,59
mdp.39015013291342,121,6,0,Ihlliagaq,PERSON,0,9
mdp.39015013291342,121,8,0,Ihlliagaq,PERSON,0,9
mdp.39015013291342,121,12,0,today,DATE,58,63
mdp.39015013291342,121,14,0,Ihlliagaq,PERSON,16,25
mdp.39015013291342,122,0,0,86 TALES,QUANTITY,0,8
mdp.39015013291342,122,0,1,TICASUK,NORP,12,19
mdp.39015013291342,122,4,0,Ahytygtul' luku Caniqiirturlaku Igkaku,PERSON,67,105
mdp.39015013291342,122,19,0,winter,DATE,96,102
mdp.39015013291342,122,24,0,Ihlliagaq,PERSON,0,9
mdp.39015013291342,123,0,0,Ihlliagaq,PERSON,0,9
mdp.39015013291342,123,3,0,Ihlliagaq,PERSON,0,9
mdp.39015013291342,124,0,0,88,CARDINAL,0,2
mdp.39015013291342,124,2,0,Ihlliagaq,PERSON,5,14
mdp.39015013291342,124,2,1,first,ORDINAL,46,51
mdp.39015013291342,124,2,2,that morning,TIME,80,92
mdp.39015013291342,124,4,0,Ihlliagaq,PERSON,0,9
mdp.39015013291342,124,13,0,Ihlliagaq,PERSON,50,59
mdp.39015013291342,124,20,0,Ihlliagaq,PERSON,16,25
mdp.39015013291342,124,26,0,a whole winter,DATE,30,44
mdp.39015013291342,124,27,0,Ihlliagaq,PERSON,1,10
mdp.39015013291342,124,29,0,Ih H dow ope,PERSON,0,12
mdp.39015013291342,125,0,0,Ihlliagaq,PERSON,0,9
mdp.39015013291342,125,2,0,Ihlliagaq,PERSON,0,9
mdp.39015013291342,125,6,0,Unaliq,NORP,33,39
mdp.39015013291342,125,6,1,Ihlliagaq,PERSON,136,145
mdp.39015013291342,126,0,0,Tom Yo Whe,PERSON,60,70
mdp.39015013291342,127,0,0,Yonge,PERSON,0,5
mdp.39015013291342,127,0,1,Eskimo,NORP,35,41
mdp.39015013291342,127,0,2,six years old,DATE,59,72
mdp.39015013291342,127,1,0,six years old,DATE,157,170
mdp.39015013291342,127,4,0,tomorrow,DATE,54,62
mdp.39015013291342,127,6,0,Aakaang,PERSON,40,47
mdp.39015013291342,127,6,1,tomorrow,DATE,81,89
mdp.39015013291342,127,9,0,Yonge,PERSON,34,39
mdp.39015013291342,127,10,0,Tomcod,PERSON,139,145
mdp.39015013291342,127,13,0,early in the morning,TIME,24,44
mdp.39015013291342,127,13,1,Tomcod,PERSON,54,60
mdp.39015013291342,127,14,0,Yonge,PERSON,0,5
mdp.39015013291342,127,15,0,twenty,CARDINAL,55,61
mdp.39015013291342,127,17,0,91,CARDINAL,3,5
mdp.39015013291342,128,0,0,92,CARDINAL,0,2
mdp.39015013291342,128,0,1,TICASUK,GPE,12,19
mdp.39015013291342,128,1,0,Yonge,PERSON,0,5
mdp.39015013291342,128,3,0,Yonge,PERSON,0,5
mdp.39015013291342,128,5,0,Yonge,PERSON,0,5
mdp.39015013291342,128,6,0,a few minutes,TIME,3,16
mdp.39015013291342,128,7,0,Yonge,PERSON,54,59
mdp.39015013291342,128,10,0,Yonge,PERSON,0,5
mdp.39015013291342,128,13,0,Yonge,PERSON,0,5
mdp.39015013291342,128,16,0,Yonge,PERSON,0,5
mdp.39015013291342,128,20,0,Yonge,PERSON,0,5
mdp.39015013291342,128,21,0,Yonge,PERSON,46,51
mdp.39015013291342,128,30,0,Yonge,PERSON,0,5
mdp.39015013291342,128,32,0,Yonge,PERSON,0,5
mdp.39015013291342,128,33,0,Yonge,PERSON,0,5
mdp.39015013291342,130,0,0,Ef,PERSON,1,3
mdp.39015013291342,130,0,1,ML Totten,PERSON,6,15
mdp.39015013291342,131,0,0,Johnny Niuqsik,PERSON,0,14
mdp.39015013291342,131,0,1,J 'ohnny Niuqsik,PERSON,32,48
mdp.39015013291342,131,0,2,the spring,DATE,127,137
mdp.39015013291342,131,1,0,Johnny,PERSON,0,6
mdp.39015013291342,131,1,1,first day,DATE,9,18
mdp.39015013291342,131,3,0,Niuqsik,PERSON,43,50
mdp.39015013291342,131,5,0,Niuqsik,PERSON,5,12
mdp.39015013291342,131,5,1,Johnny,PERSON,17,23
mdp.39015013291342,131,11,0,Johnny,PERSON,0,6
mdp.39015013291342,131,13,0,Grandfather,PERSON,17,28
mdp.39015013291342,131,18,0,Grandmother,PERSON,15,26
mdp.39015013291342,131,24,0,Grandmother,PERSON,10,21
mdp.39015013291342,131,25,0,Johnny,PERSON,35,41
mdp.39015013291342,131,30,0,Johnny,PERSON,32,38
mdp.39015013291342,131,31,0,95,CARDINAL,0,2
mdp.39015013291342,132,0,0,96,CARDINAL,0,2
mdp.39015013291342,132,0,1,TICASUK,GPE,12,19
mdp.39015013291342,132,3,0,Grandmother,PERSON,95,106
mdp.39015013291342,132,10,0,Johnny,PERSON,0,6
mdp.39015013291342,132,10,1,Grandfather,PERSON,47,58
mdp.39015013291342,132,13,0,Grandmother,PERSON,40,51
mdp.39015013291342,132,17,0,Johnny,PERSON,0,6
mdp.39015013291342,132,19,0,Grandmother,PERSON,8,19
mdp.39015013291342,132,23,0,only three or five,CARDINAL,8,26
mdp.39015013291342,132,25,0,Eskimos,NORP,0,7
mdp.39015013291342,132,28,0,Johnny,PERSON,0,6
mdp.39015013291342,132,35,0,Johnny,PERSON,0,6
mdp.39015013291342,132,37,0,First,ORDINAL,0,5
mdp.39015013291342,132,41,0,Johnny,PERSON,71,77
mdp.39015013291342,132,42,0,Grandmother,PERSON,26,37
mdp.39015013291342,133,0,0,Johnny Niuqsik,PERSON,0,14
mdp.39015013291342,133,5,0,two,CARDINAL,16,19
mdp.39015013291342,133,7,0,Johnny,PERSON,36,42
mdp.39015013291342,133,7,1,Grandmother,PERSON,45,56
mdp.39015013291342,133,8,0,Grandmother,PERSON,6,17
mdp.39015013291342,133,9,0,Johnny,PERSON,19,25
mdp.39015013291342,133,10,0,Grandmother,PERSON,13,24
mdp.39015013291342,133,10,1,tomorrow,DATE,85,93
mdp.39015013291342,133,12,0,Grandmother,PERSON,0,11
mdp.39015013291342,133,13,0,tomorrow,DATE,41,49
mdp.39015013291342,133,16,0,Johnny,PERSON,67,73
mdp.39015013291342,133,21,0,Johnny,PERSON,35,41
mdp.39015013291342,133,21,1,Grandmother,PERSON,50,61
mdp.39015013291342,133,23,0,Grandmother,PERSON,5,16
mdp.39015013291342,133,23,1,Johnny,PERSON,27,33
mdp.39015013291342,133,24,0,Grandmother,PERSON,42,53
mdp.39015013291342,133,25,0,Eskimo,NORP,37,43
mdp.39015013291342,135,0,0,Ugruk,NORP,0,5
mdp.39015013291342,135,2,0,Eskimo,NORP,0,6
mdp.39015013291342,135,9,0,Today,DATE,0,5
mdp.39015013291342,135,14,0,Eskimo,NORP,19,25
mdp.39015013291342,135,15,0,Eskimo,NORP,0,6
mdp.39015013291342,135,18,0,the evening,TIME,3,14
mdp.39015013291342,135,21,0,the morning,TIME,46,57
mdp.39015013291342,135,22,0,O ne day,DATE,0,8
mdp.39015013291342,135,22,1,two,CARDINAL,9,12
mdp.39015013291342,135,22,2,Eskimo,NORP,27,33
mdp.39015013291342,135,23,0,Niuqsik,PERSON,23,30
mdp.39015013291342,135,25,0,Niuqsik,PERSON,19,26
mdp.39015013291342,135,25,1,tomorrow morning,TIME,29,45
mdp.39015013291342,135,27,0,Johnny,PERSON,8,14
mdp.39015013291342,135,29,0,99,CARDINAL,18,20
mdp.39015013291342,136,0,0,100 TALES,QUANTITY,0,9
mdp.39015013291342,136,0,1,TICASUK,GPE,13,20
mdp.39015013291342,136,3,0,Johnny,PERSON,0,6
mdp.39015013291342,136,3,1,early tonight,TIME,22,35
mdp.39015013291342,136,5,0,Johnny,PERSON,18,24
mdp.39015013291342,136,7,0,Johnny,PERSON,10,16
mdp.39015013291342,136,11,0,Johnny,PERSON,12,18
mdp.39015013291342,136,15,0,Johnny,PERSON,5,11
mdp.39015013291342,136,18,0,Early in the morning,TIME,0,20
mdp.39015013291342,136,18,1,Johnny,PERSON,22,28
mdp.39015013291342,136,21,0,Johnny,PERSON,16,22
mdp.39015013291342,136,27,0,ugřuk,NORP,41,46
mdp.39015013291342,136,29,0,Johnny,PERSON,1,7
mdp.39015013291342,136,30,0,only eight,CARDINAL,11,21
mdp.39015013291342,136,30,1,today,DATE,27,32
mdp.39015013291342,136,31,0,first,ORDINAL,21,26
mdp.39015013291342,136,32,0,Skippy,PERSON,0,6
mdp.39015013291342,136,33,0,Dad,PERSON,6,9
mdp.39015013291342,136,33,1,Johnny,PERSON,21,27
mdp.39015013291342,136,35,0,Johnny,PERSON,22,28
mdp.39015013291342,136,37,0,Johnny,PERSON,47,53
mdp.39015013291342,136,38,0,Niuqsik,PERSON,7,14
mdp.39015013291342,136,38,1,Johnny,PERSON,19,25
mdp.39015013291342,136,39,0,Johnny,PERSON,17,23
mdp.39015013291342,137,0,0,Ugruk Hunters,PRODUCT,0,13
mdp.39015013291342,137,4,0,Johnny,PERSON,38,44
mdp.39015013291342,137,5,0,Dad,PERSON,6,9
mdp.39015013291342,137,9,0,Johnny,PERSON,15,21
mdp.39015013291342,137,11,0,Skippy,PERSON,6,12
mdp.39015013291342,137,12,0,Johnny,PERSON,0,6
mdp.39015013291342,137,14,0,Skippy,PERSON,9,15
mdp.39015013291342,137,22,0,Niuqsik,PERSON,41,48
mdp.39015013291342,137,22,1,Johnny,PERSON,54,60
mdp.39015013291342,137,23,0,Johnny,PERSON,1,7
mdp.39015013291342,137,28,0,Ugřuk,NORP,0,5
mdp.39015013291342,137,29,0,Johnny,PERSON,17,23
mdp.39015013291342,137,31,0,one,CARDINAL,10,13
mdp.39015013291342,137,37,0,Dad,PERSON,11,14
mdp.39015013291342,137,37,1,Johnny,PERSON,22,28
mdp.39015013291342,137,44,0,Niuqsik,PERSON,4,11
mdp.39015013291342,137,46,0,Johnny,PERSON,0,6
mdp.39015013291342,137,49,0,Johnny,PERSON,0,6
mdp.39015013291342,137,52,0,Niuqsik,PERSON,28,35
mdp.39015013291342,138,0,0,102,CARDINAL,0,3
mdp.39015013291342,138,2,0,Johnny,PERSON,17,23
mdp.39015013291342,138,5,0,Johnny,PERSON,5,11
mdp.39015013291342,138,6,0,Johnny,PERSON,0,6
mdp.39015013291342,138,7,0,Johnny,PERSON,1,7
mdp.39015013291342,138,9,0,Johnny,PERSON,18,24
mdp.39015013291342,138,19,0,Niuqsik,PERSON,4,11
mdp.39015013291342,138,20,0,Johnny,PERSON,27,33
mdp.39015013291342,138,21,0,Johnny,PERSON,0,6
mdp.39015013291342,138,24,0,Johnny,PERSON,0,6
mdp.39015013291342,138,25,0,Johnny,PERSON,50,56
mdp.39015013291342,138,30,0,Johnny,PERSON,29,35
mdp.39015013291342,138,35,0,Johnny,PERSON,0,6
mdp.39015013291342,138,36,0,Johnny,PERSON,10,16
mdp.39015013291342,138,37,0,Johnny,PERSON,3,9
mdp.39015013291342,141,0,0,Eskimo,NORP,38,44
mdp.39015013291342,141,4,0,Ayagghsramik ata pikia,PERSON,14,36
mdp.39015013291342,141,4,1,Ayagghsra,PERSON,46,55
mdp.39015013291342,141,5,0,Ayagghsra,PERSON,55,64
mdp.39015013291342,141,10,0,Ayagghsra,PERSON,10,19
mdp.39015013291342,141,15,0,Eskimo,NORP,27,33
mdp.39015013291342,141,16,0,Akkamii,NORP,0,7
mdp.39015013291342,143,14,0,today,DATE,92,97
mdp.39015013291342,143,15,0,Mousie,PERSON,79,85
mdp.39015013291342,143,18,0,107,CARDINAL,0,3
mdp.39015013291342,144,0,0,108,CARDINAL,0,3
mdp.39015013291342,144,0,1,TICASUK,GPE,13,20
mdp.39015013291342,147,0,0,Little Seal,LOC,11,22
mdp.39015013291342,147,0,1,Island,LOC,36,42
mdp.39015013291342,147,0,2,Little Diomede,LOC,53,67
mdp.39015013291342,147,0,3,Big Diomede,LOC,72,83
mdp.39015013291342,147,0,4,three and one-half miles,QUANTITY,149,173
mdp.39015013291342,147,0,5,the Bering Strait,LOC,231,248
mdp.39015013291342,147,2,0,two,CARDINAL,11,14
mdp.39015013291342,147,3,0,Nukaqhliq,PERSON,21,30
mdp.39015013291342,147,3,1,four,CARDINAL,50,54
mdp.39015013291342,147,3,2,Little Diomede Island,LOC,87,108
mdp.39015013291342,147,3,3,American,NORP,126,134
mdp.39015013291342,147,4,0,Angayukhliq,PERSON,19,30
mdp.39015013291342,147,4,1,Big Diomede Island,LOC,64,82
mdp.39015013291342,147,4,2,Russian,NORP,108,115
mdp.39015013291342,147,5,0,Angayukhliq,PERSON,0,11
mdp.39015013291342,147,5,1,Big Diomede,LOC,68,79
mdp.39015013291342,147,6,0,Angayukhliq,PERSON,118,129
mdp.39015013291342,147,7,0,Angayukhliq,PERSON,11,22
mdp.39015013291342,147,7,1,the darkest and coldest months,DATE,100,130
mdp.39015013291342,147,8,0,"many, many days",DATE,94,109
mdp.39015013291342,147,12,0,111,CARDINAL,0,3
mdp.39015013291342,148,0,0,112,CARDINAL,0,3
mdp.39015013291342,148,0,1,TICASUK,GPE,13,20
mdp.39015013291342,148,1,0,the year,DATE,35,43
mdp.39015013291342,148,1,1,Angayukhliq,PERSON,49,60
mdp.39015013291342,148,2,0,Angayukhliq,PERSON,5,16
mdp.39015013291342,148,2,1,Nukaqhliq,PERSON,36,45
mdp.39015013291342,148,3,0,the same year,DATE,7,20
mdp.39015013291342,148,3,1,Little Diomede,LOC,58,72
mdp.39015013291342,148,6,0,Nukaqhliq,PERSON,0,9
mdp.39015013291342,148,7,0,daily,DATE,4,9
mdp.39015013291342,148,8,0,Big Diomede Island,LOC,53,71
mdp.39015013291342,148,9,0,this past week,DATE,94,108
mdp.39015013291342,148,12,0,Nukaqhliq,PERSON,0,9
mdp.39015013291342,148,14,0,Quyaana,PERSON,1,8
mdp.39015013291342,148,26,0,three,CARDINAL,38,43
mdp.39015013291342,149,26,0,Nukaqhliq,PERSON,24,33
mdp.39015013291342,149,29,0,first,ORDINAL,66,71
mdp.39015013291342,150,0,0,114,CARDINAL,0,3
mdp.39015013291342,150,1,0,the morning,TIME,21,32
mdp.39015013291342,150,10,0,Eskimo,NORP,105,111
mdp.39015013291342,150,11,0,Silam Inua,PERSON,81,91
mdp.39015013291342,150,11,1,Universe,LOC,110,118
mdp.39015013291342,150,12,0,Silam Inua,PERSON,37,47
mdp.39015013291342,150,15,0,Tomorrow,DATE,27,35
mdp.39015013291342,151,0,0,Miraculous Little Seal Poke,PERSON,0,27
mdp.39015013291342,151,1,0,One,CARDINAL,0,3
mdp.39015013291342,151,1,1,Aakaang,PERSON,19,26
mdp.39015013291342,151,4,0,the day before,DATE,63,77
mdp.39015013291342,151,8,0,this spring,DATE,104,115
mdp.39015013291342,151,10,0,that day,DATE,5,13
mdp.39015013291342,151,16,0,the Little Diomede Island,LOC,249,274
mdp.39015013291342,151,18,0,Little Diomede,LOC,46,60
mdp.39015013291342,151,18,1,Big Diomede,LOC,65,76
mdp.39015013291342,151,19,0,Nukaqhliq,PERSON,38,47
mdp.39015013291342,151,19,1,three,CARDINAL,99,104
mdp.39015013291342,152,0,0,116,CARDINAL,0,3
mdp.39015013291342,152,1,0,three,CARDINAL,13,18
mdp.39015013291342,152,4,0,three,CARDINAL,49,54
mdp.39015013291342,152,7,0,the spring days,DATE,16,31
mdp.39015013291342,155,13,0,Walrus,PERSON,12,18
mdp.39015013291342,155,15,0,Ptarmigan,PERSON,17,26
mdp.39015013291342,155,22,0,Walrus,PERSON,10,16
mdp.39015013291342,155,25,0,119,CARDINAL,0,3
mdp.39015013291342,156,0,0,120 TALES,QUANTITY,0,9
mdp.39015013291342,156,0,1,TICASUK,GPE,13,20
mdp.39015013291342,156,1,0,Walrus,PERSON,28,34
mdp.39015013291342,156,4,0,a minute,TIME,5,13
mdp.39015013291342,156,5,0,Ptarmigan,PERSON,43,52
mdp.39015013291342,156,9,0,Walrus,PERSON,16,22
mdp.39015013291342,156,12,0,that afternoon,TIME,36,50
mdp.39015013291342,156,15,0,that day,DATE,5,13
mdp.39015013291342,158,0,0,&.&M. Totten,PERSON,1,13
mdp.39015013291342,159,0,0,Kotzebue Village,GPE,10,26
mdp.39015013291342,159,0,1,Angilararnailaq,GPE,27,42
mdp.39015013291342,159,0,2,umiak,PRODUCT,105,110
mdp.39015013291342,159,4,0,late evening,TIME,21,33
mdp.39015013291342,159,9,0,the morning,TIME,13,24
mdp.39015013291342,159,15,0,the morning,TIME,3,14
mdp.39015013291342,159,19,0,123,CARDINAL,39,42
mdp.39015013291342,160,0,0,124,CARDINAL,0,3
mdp.39015013291342,160,0,1,TICASUK,GPE,13,20
mdp.39015013291342,160,4,0,the winter,DATE,107,117
mdp.39015013291342,160,5,0,spring,DATE,7,13
mdp.39015013291342,160,12,0,Kangiq,LOC,66,72
mdp.39015013291342,160,15,0,One evening,TIME,0,11
mdp.39015013291342,160,15,1,one,CARDINAL,13,16
mdp.39015013291342,160,18,0,one,CARDINAL,42,45
mdp.39015013291342,160,19,0,Kangirmiut,NORP,17,27
mdp.39015013291342,160,20,0,Early one morning,TIME,0,17
mdp.39015013291342,160,23,0,two,CARDINAL,56,59
mdp.39015013291342,161,0,0,Kotzebue Village,FAC,10,26
mdp.39015013291342,161,3,0,tomorrow,DATE,73,81
mdp.39015013291342,161,3,1,morning,TIME,82,89
mdp.39015013291342,161,5,0,Eskimo,NORP,10,16
mdp.39015013291342,161,7,0,Kangirmiut,GPE,3,13
mdp.39015013291342,161,7,1,Nailaq,PERSON,33,39
mdp.39015013291342,161,8,0,Angil,PERSON,26,31
mdp.39015013291342,161,12,0,two,CARDINAL,106,109
mdp.39015013291342,161,14,0,only one,CARDINAL,10,18
mdp.39015013291342,161,15,0,Kangirmiut,GPE,14,24
mdp.39015013291342,161,15,1,first,ORDINAL,63,68
mdp.39015013291342,161,17,0,first,ORDINAL,48,53
mdp.39015013291342,161,18,0,overnight,TIME,34,43
mdp.39015013291342,161,19,0,Kangiq,LOC,13,19
mdp.39015013291342,161,20,0,two,CARDINAL,49,52
mdp.39015013291342,161,22,0,Lockhart Point,LOC,70,84
mdp.39015013291342,161,23,0,Nailaq,PERSON,0,6
mdp.39015013291342,162,0,0,126,CARDINAL,0,3
mdp.39015013291342,162,4,0,Angil,PERSON,6,11
mdp.39015013291342,162,4,1,Nailaq,PERSON,48,54
mdp.39015013291342,162,14,0,Nailaq,PERSON,35,41
mdp.39015013291342,162,15,0,a whole winter,DATE,81,95
mdp.39015013291342,162,17,0,spring,DATE,7,13
mdp.39015013291342,162,17,1,Angil,PERSON,35,40
mdp.39015013291342,162,19,0,Kangirmiut,GPE,47,57
mdp.39015013291342,162,21,0,Nailaq,PERSON,0,6
mdp.39015013291342,162,22,0,One evening,TIME,0,11
mdp.39015013291342,162,22,1,Nailaq,PERSON,82,88
mdp.39015013291342,162,22,2,tomorrow,DATE,115,123
mdp.39015013291342,162,24,0,tomorrow,DATE,33,41
mdp.39015013291342,163,0,0,Kotzebue Village,GPE,10,26
mdp.39015013291342,163,1,0,the following morning,TIME,21,42
mdp.39015013291342,163,2,0,Nailaq,PERSON,30,36
mdp.39015013291342,163,4,0,two,CARDINAL,6,9
mdp.39015013291342,163,8,0,Nailaq,PERSON,16,22
mdp.39015013291342,163,8,1,Kangirmiut,GPE,76,86
mdp.39015013291342,163,12,0,the year,DATE,43,51
mdp.39015013291342,163,13,0,Nailaq,ORG,0,6
mdp.39015013291342,163,13,1,two,CARDINAL,13,16
mdp.39015013291342,163,14,0,only four,CARDINAL,94,103
mdp.39015013291342,163,15,0,four,CARDINAL,17,21
mdp.39015013291342,163,16,0,a few days,DATE,7,17
mdp.39015013291342,163,17,0,the night,TIME,26,35
mdp.39015013291342,163,22,0,Nailaq,PERSON,0,6
mdp.39015013291342,163,25,0,One late evening,TIME,0,16
mdp.39015013291342,163,27,0,Nailaq,PERSON,0,6
mdp.39015013291342,163,29,0,Nailaq,PERSON,0,6
mdp.39015013291342,163,29,1,this night,TIME,40,50
mdp.39015013291342,163,32,0,Nailaq,PERSON,40,46
mdp.39015013291342,164,0,0,128,CARDINAL,0,3
mdp.39015013291342,164,0,1,TICASUK,GPE,13,20
mdp.39015013291342,164,2,0,year,DATE,11,15
mdp.39015013291342,164,2,1,Nailaq,PERSON,16,22
mdp.39015013291342,164,3,0,Angil,PERSON,0,5
mdp.39015013291342,164,3,1,Nailaq,PERSON,10,16
mdp.39015013291342,164,3,2,two,CARDINAL,22,25
mdp.39015013291342,164,3,3,Eskimos,NORP,58,65
mdp.39015013291342,164,4,0,Eskimo,NORP,9,15
mdp.39015013291342,164,5,0,at least one,CARDINAL,57,69
mdp.39015013291342,164,7,0,Napariaq,PERSON,0,8
mdp.39015013291342,164,7,1,two,CARDINAL,50,53
mdp.39015013291342,164,12,0,spring,DATE,14,20
mdp.39015013291342,164,16,0,Late one evening,TIME,0,16
mdp.39015013291342,164,18,0,the early morning,TIME,97,114
mdp.39015013291342,164,19,0,Itivyaaq,GPE,18,26
mdp.39015013291342,164,19,1,Kangirmiut,GPE,43,53
mdp.39015013291342,164,19,2,Tikirayuatchiaq,LOC,146,161
mdp.39015013291342,164,19,3,Pipe's Spit,LOC,165,176
mdp.39015013291342,164,20,0,Napariaq,PERSON,0,8
mdp.39015013291342,164,20,1,Kangirmiut,GPE,31,41
mdp.39015013291342,164,21,0,Tikirayuatchiaq,LOC,21,36
mdp.39015013291342,164,22,0,Napariaq,PERSON,44,52
mdp.39015013291342,165,0,0,Kotzebue Village,GPE,10,26
mdp.39015013291342,165,4,0,Angil,GPE,70,75
mdp.39015013291342,165,5,0,two,CARDINAL,11,14
mdp.39015013291342,165,11,0,Napariaq,PERSON,0,8
mdp.39015013291342,165,14,0,Napariaq,PERSON,0,8
mdp.39015013291342,165,18,0,first,ORDINAL,49,54
mdp.39015013291342,165,20,0,first,ORDINAL,55,60
mdp.39015013291342,165,21,0,one,CARDINAL,14,17
mdp.39015013291342,165,25,0,Napariaq,PERSON,0,8
mdp.39015013291342,166,0,0,130 TALES,QUANTITY,0,9
mdp.39015013291342,166,1,0,Angil,PERSON,25,30
mdp.39015013291342,166,3,0,Napariaq,PERSON,0,8
mdp.39015013291342,166,5,0,Angil,PERSON,28,33
mdp.39015013291342,166,6,0,Kangirmiut,GPE,73,83
mdp.39015013291342,166,7,0,Eskimos,NORP,4,11
mdp.39015013291342,166,10,0,Napariaq,PERSON,0,8
mdp.39015013291342,166,12,0,The next day,DATE,0,12
mdp.39015013291342,166,12,1,evening,TIME,20,27
mdp.39015013291342,166,13,0,Napariaq,PERSON,0,8
mdp.39015013291342,166,14,0,Napariaq,PERSON,0,8
mdp.39015013291342,166,15,0,tomorrow,DATE,52,60
mdp.39015013291342,166,15,1,evening,TIME,61,68
mdp.39015013291342,166,15,2,second,ORDINAL,84,90
mdp.39015013291342,166,19,0,every day,DATE,20,29
mdp.39015013291342,166,19,1,night,TIME,94,99
mdp.39015013291342,166,22,0,Napariaq,PERSON,46,54
mdp.39015013291342,167,0,0,Kotzebue Village 131,FAC,10,30
mdp.39015013291342,167,3,0,Napariaq,PERSON,29,37
mdp.39015013291342,167,5,0,Napariaq,PERSON,0,8
mdp.39015013291342,167,6,0,Kangiq,NORP,4,10
mdp.39015013291342,167,8,0,Napariaq,PERSON,0,8
mdp.39015013291342,167,8,1,Kangiq,GPE,83,89
mdp.39015013291342,167,10,0,Nailaq,PERSON,0,6
mdp.39015013291342,167,13,0,Nailaq,PERSON,0,6
mdp.39015013291342,167,15,0,Nailaq,PERSON,43,49
mdp.39015013291342,167,15,1,two,CARDINAL,62,65
mdp.39015013291342,167,16,0,Napariaq,PERSON,0,8
mdp.39015013291342,167,18,0,two,CARDINAL,9,12
mdp.39015013291342,167,21,0,Nailaq,PERSON,31,37
mdp.39015013291342,167,24,0,Nailaq,PERSON,0,6
mdp.39015013291342,167,25,0,Napariaq,PERSON,0,8
mdp.39015013291342,167,26,0,first,ORDINAL,65,70
mdp.39015013291342,167,29,0,Napariaq,PERSON,0,8
mdp.39015013291342,168,0,0,132,CARDINAL,0,3
mdp.39015013291342,168,0,1,TICASUK,NORP,13,20
mdp.39015013291342,168,3,0,Napariaq,PERSON,0,8
mdp.39015013291342,168,3,1,Nailaq,PERSON,45,51
mdp.39015013291342,168,3,2,first,ORDINAL,52,57
mdp.39015013291342,168,4,0,Napariaq,PERSON,51,59
mdp.39015013291342,168,4,1,Nailaq,PERSON,68,74
mdp.39015013291342,168,7,0,Napariaq,PERSON,11,19
mdp.39015013291342,168,11,0,Napariaq,PERSON,5,13
mdp.39015013291342,168,13,0,Napariaq,PERSON,0,8
mdp.39015013291342,168,14,0,several days,DATE,77,89
mdp.39015013291342,168,15,0,several years,DATE,44,57
mdp.39015013291342,168,19,0,Napariaq,PERSON,8,16
mdp.39015013291342,168,19,1,one moonlit,TIME,57,68
mdp.39015013291342,168,23,0,the night,TIME,33,42
mdp.39015013291342,168,25,0,a whole year,DATE,30,42
mdp.39015013291342,169,0,0,Kotzebue Village,GPE,10,26
mdp.39015013291342,169,1,0,One evening,TIME,0,11
mdp.39015013291342,169,1,1,year-old,DATE,80,88
mdp.39015013291342,169,10,0,One late evening,TIME,0,16
mdp.39015013291342,169,10,1,second,ORDINAL,34,40
mdp.39015013291342,169,14,0,second,ORDINAL,25,31
mdp.39015013291342,169,14,1,Angil,PERSON,130,135
mdp.39015013291342,169,14,2,Nailaq,PERSON,140,146
mdp.39015013291342,169,15,0,second,ORDINAL,25,31
mdp.39015013291342,169,16,0,Napariaq,PERSON,27,35
mdp.39015013291342,169,17,0,first,ORDINAL,59,64
mdp.39015013291342,169,17,1,Kangirmiut,NORP,77,87
mdp.39015013291342,169,17,2,the People of Kotzebue,PERSON,128,150
mdp.39015013291342,169,19,0,Eskimo,LANGUAGE,38,44
mdp.39015013291342,169,21,0,Abe Lincoln,PERSON,29,40
mdp.39015013291342,169,21,1,Kotzebue,GPE,44,52
mdp.39015013291342,169,22,0,Eskimo,NORP,13,19
mdp.39015013291342,169,22,1,Civil Aeronautics Administration,ORG,51,83
mdp.39015013291342,169,23,0,Kotzebue,GPE,101,109
mdp.39015013291342,169,24,0,Cyrus Adams,PERSON,58,69
mdp.39015013291342,169,24,1,Arthur Field,PERSON,74,86
mdp.39015013291342,169,25,0,Jerry Coppack,PERSON,49,62
mdp.39015013291342,169,25,1,Herbert Norton,PERSON,67,81
mdp.39015013291342,170,0,0,134,CARDINAL,0,3
mdp.39015013291342,170,0,1,TICASUK,GPE,13,20
mdp.39015013291342,170,1,0,first,ORDINAL,4,9
mdp.39015013291342,170,1,1,Qikiqtarřuk,LOC,37,48
mdp.39015013291342,170,2,0,Kotzebue,GPE,44,52
mdp.39015013291342,170,3,0,Otto Van Kotzebue,PERSON,38,55
mdp.39015013291342,170,4,0,One,CARDINAL,0,3
mdp.39015013291342,170,4,1,Natives,NORP,18,25
mdp.39015013291342,170,4,2,Abraham Lincoln,PERSON,32,47
mdp.39015013291342,170,5,0,Native,NORP,42,48
mdp.39015013291342,170,5,1,Kotzebue,PERSON,68,76
mdp.39015013291342,170,5,2,four,CARDINAL,103,107
mdp.39015013291342,170,5,3,one,CARDINAL,149,152
mdp.39015013291342,170,6,0,Abraham Lincoln,PERSON,0,15
mdp.39015013291342,176,0,0,DEC 0 7,DATE,50,57
mdp.39015013291342,176,0,1,1988,DATE,58,62
mdp.39015013291342,176,0,2,APR 12,DATE,85,91
