vol_id,page,sentence_id,ent_id,entity,entity_type,start_char,end_char
mdp.39015001660789,2,1,0,HIGAN,GPE,32,37
mdp.39015001660789,2,3,0,LIBRA,GPE,0,5
mdp.39015001660789,2,6,0,CHIGAN,GPE,0,6
mdp.39015001660789,2,8,0,CHIGAN CHIGAN,GPE,0,13
mdp.39015001660789,2,8,1,CHIGAN,GPE,18,24
mdp.39015001660789,2,12,0,TCHIGAN HIGAN,GPE,19,32
mdp.39015001660789,2,17,0,LIBE 1817,DATE,0,9
mdp.39015001660789,2,17,1,MICA BRARIE,NORP,13,24
mdp.39015001660789,2,17,2,1817 RSD,DATE,57,65
mdp.39015001660789,2,17,3,CHIGAN CHIGAN,NORP,79,92
mdp.39015001660789,2,19,0,VIBRARL,GPE,10,17
mdp.39015001660789,3,0,0,LIO AN.SE,GPE,0,9
mdp.39015001660789,3,0,1,CHIGA CHIGAN,GPE,49,61
mdp.39015001660789,3,0,2,MICHIG,GPE,69,75
mdp.39015001660789,3,3,0,IBRABUS,GPE,41,48
mdp.39015001660789,3,3,1,CHIGAN,GPE,106,112
mdp.39015001660789,3,3,2,HIGAN,GPE,120,125
mdp.39015001660789,3,4,0,VIHIN NIVER,PERSON,19,30
mdp.39015001660789,3,16,0,UNIVEL KIVERSO,PERSON,38,52
mdp.39015001660789,3,16,1,M MICHIG ACHIGAN,PERSON,53,69
mdp.39015001660789,3,16,2,RAHL SOLAGANO,PERSON,86,99
mdp.39015001660789,3,17,0,SALU,NORP,18,22
mdp.39015001660789,3,21,0,THE HINO HO,PERSON,20,31
mdp.39015001660789,9,1,0,Oklahoma,GPE,35,43
mdp.39015001660789,9,1,1,Cherokees,NORP,44,53
mdp.39015001660789,9,1,2,JACK FREDERICK,PERSON,54,68
mdp.39015001660789,9,1,3,KILPATRICK BUDETUDIN,PERSON,92,112
mdp.39015001660789,9,1,4,Southern Methodist University,ORG,113,142
mdp.39015001660789,9,1,5,Dallas,GPE,151,157
mdp.39015001660789,10,0,0,1967,DATE,15,19
mdp.39015001660789,10,0,1,SOUTHERN METHODIST UNIVERSITY PRESS,ORG,22,57
mdp.39015001660789,10,0,2,DALLAS,GPE,58,64
mdp.39015001660789,10,0,3,TEXAS Library of Congress,ORG,66,91
mdp.39015001660789,10,0,4,1977,DATE,156,160
mdp.39015001660789,11,0,0,Frederick Kilpatrick,PERSON,17,37
mdp.39015001660789,11,0,1,1915-1967,DATE,39,48
mdp.39015001660789,11,0,2,"FEBRUARY 22, 1967",DATE,72,89
mdp.39015001660789,11,1,0,Jack Frederick Kilpatrick,PERSON,0,25
mdp.39015001660789,11,1,1,Muskogee,GPE,59,67
mdp.39015001660789,11,1,2,Oklahoma,GPE,69,77
mdp.39015001660789,11,1,3,only a few miles,QUANTITY,79,95
mdp.39015001660789,11,1,4,Stilwell,GPE,101,109
mdp.39015001660789,11,1,5,"September 23, 1915",DATE,132,150
mdp.39015001660789,11,2,0,the Echota Cemetery,FAC,39,58
mdp.39015001660789,11,2,1,Cherokee,NORP,148,156
mdp.39015001660789,11,2,2,Cherokee,NORP,184,192
mdp.39015001660789,11,3,0,Jack Kilpatrick,PERSON,0,15
mdp.39015001660789,11,4,0,the Bachelor of Music,WORK_OF_ART,43,64
mdp.39015001660789,11,4,1,the University of Redlands,ORG,77,103
mdp.39015001660789,11,4,2,the Master of Music,WORK_OF_ART,105,124
mdp.39015001660789,11,4,3,the Catholic University of America,ORG,130,164
mdp.39015001660789,11,4,4,the Doctor of Music,WORK_OF_ART,170,189
mdp.39015001660789,11,4,5,Redlands,GPE,195,203
mdp.39015001660789,11,5,0,Leopold Stokowski,PERSON,72,89
mdp.39015001660789,11,5,1,America,GPE,101,108
mdp.39015001660789,11,6,0,168,CARDINAL,34,37
mdp.39015001660789,11,6,1,six,CARDINAL,90,93
mdp.39015001660789,12,0,0,Indians,NORP,147,154
mdp.39015001660789,12,0,1,the United States,GPE,160,177
mdp.39015001660789,12,1,0,second,ORDINAL,4,10
mdp.39015001660789,12,2,0,Southern Methodist University,ORG,31,60
mdp.39015001660789,12,2,1,1946,DATE,64,68
mdp.39015001660789,12,2,2,the Department of Music,ORG,150,173
mdp.39015001660789,12,2,3,the College of Arts and Sciences,ORG,177,209
mdp.39015001660789,12,3,0,1963,DATE,3,7
mdp.39015001660789,12,3,1,S.M.U.,ORG,8,14
mdp.39015001660789,12,3,2,Phi Beta Kappa,ORG,28,42
mdp.39015001660789,12,3,3,1964,DATE,86,90
mdp.39015001660789,12,3,4,Alumni Association,ORG,108,126
mdp.39015001660789,12,7,0,Cherokees,NORP,122,131
mdp.39015001660789,12,8,0,third,ORDINAL,35,40
mdp.39015001660789,12,9,0,the years,DATE,3,12
mdp.39015001660789,12,9,1,Cherokee,NORP,88,96
mdp.39015001660789,12,9,2,Cherokee,NORP,208,216
mdp.39015001660789,13,0,0,the Encyclopaedia Britannica,WORK_OF_ART,68,96
mdp.39015001660789,13,0,1,American,NORP,112,120
mdp.39015001660789,13,0,2,Mexico,GPE,138,144
mdp.39015001660789,13,0,3,the past five years alone,DATE,183,208
mdp.39015001660789,13,0,4,some ten thousand,CARDINAL,283,300
mdp.39015001660789,13,0,5,Hafiz,PERSON,358,363
mdp.39015001660789,13,0,6,a Li Tai Po,PERSON,367,378
mdp.39015001660789,13,1,0,Anna,PERSON,15,19
mdp.39015001660789,13,2,0,Friends of Thunder,WORK_OF_ART,17,35
mdp.39015001660789,13,2,1,Walk in Your Soul,WORK_OF_ART,77,94
mdp.39015001660789,13,2,2,only a few days,DATE,178,193
mdp.39015001660789,13,3,0,The Shadow of Sequoyah,WORK_OF_ART,60,82
mdp.39015001660789,13,5,0,ten thousand,CARDINAL,26,38
mdp.39015001660789,13,7,0,1959,DATE,3,7
mdp.39015001660789,13,7,1,Jack Frederick Kilpatrick,PERSON,9,34
mdp.39015001660789,13,7,2,second,ORDINAL,48,54
mdp.39015001660789,13,7,3,the Cherokee Nation,ORG,78,97
mdp.39015001660789,13,7,4,the Cherokee Nation,ORG,217,236
mdp.39015001660789,13,8,0,first,ORDINAL,4,9
mdp.39015001660789,13,8,1,1824,DATE,39,43
mdp.39015001660789,13,8,2,Sequoyah,PERSON,59,67
mdp.39015001660789,13,8,3,Cherokees,NORP,101,110
mdp.39015001660789,13,9,0,second,ORDINAL,18,24
mdp.39015001660789,13,9,1,more than a century later,DATE,34,59
mdp.39015001660789,13,9,2,CO,ORG,61,63
mdp.39015001660789,14,0,0,Cherokees,NORP,39,48
mdp.39015001660789,14,0,1,Sequoyah,GPE,64,72
mdp.39015001660789,14,0,2,Cherokees,NORP,94,103
mdp.39015001660789,14,1,0,Sequoyah of Earth and Intellect,WORK_OF_ART,36,67
mdp.39015001660789,14,1,1,Jack Kilpatrick,PERSON,69,84
mdp.39015001660789,14,1,2,Cherokees,NORP,178,187
mdp.39015001660789,14,2,0,Sequoyah,GPE,27,35
mdp.39015001660789,14,3,0,Cherokee,NORP,111,119
mdp.39015001660789,14,8,0,Jack Kilpatrick,PERSON,3,18
mdp.39015001660789,14,10,0,MARGARET L. HARTLEY,PERSON,0,19
mdp.39015001660789,14,10,1,Southern Methodist University,ORG,20,49
mdp.39015001660789,14,10,2,"March 23, 1967",DATE,50,64
mdp.39015001660789,15,1,0,the National Science Foundation,ORG,165,196
mdp.39015001660789,15,2,0,JACK FREDERICK KILPATRICK,PERSON,0,25
mdp.39015001660789,15,2,1,ANNA GRITTS KILPATRICK,PERSON,26,48
mdp.39015001660789,17,0,0,Cherokee,NORP,36,44
mdp.39015001660789,18,0,0,VI.,CARDINAL,9,12
mdp.39015001660789,18,1,0,Adam,PERSON,222,226
mdp.39015001660789,20,0,0,187,CARDINAL,142,145
mdp.39015001660789,20,0,1,195,CARDINAL,159,162
mdp.39015001660789,23,0,0,Cherokee,NORP,23,31
mdp.39015001660789,23,1,0,WELL over a hundred years,DATE,4,29
mdp.39015001660789,23,1,1,Oklahoma Cherokees,NORP,34,52
mdp.39015001660789,23,1,2,Sequoyah,NORP,104,112
mdp.39015001660789,23,2,0,the Union Army,ORG,42,56
mdp.39015001660789,23,2,1,U. S. Grant,PERSON,196,207
mdp.39015001660789,23,3,0,Cherokees,NORP,91,100
mdp.39015001660789,24,0,0,Sequoyan,LANGUAGE,265,273
mdp.39015001660789,24,0,1,English,LANGUAGE,287,294
mdp.39015001660789,24,0,2,Cherokees,NORP,362,371
mdp.39015001660789,24,1,0,the Baptist Church,ORG,151,169
mdp.39015001660789,24,3,0,Cherokees,NORP,27,36
mdp.39015001660789,24,7,0,Christian,NORP,37,46
mdp.39015001660789,25,0,0,weekday,DATE,91,98
mdp.39015001660789,25,3,0,Cherokees,NORP,16,25
mdp.39015001660789,25,3,1,Christianity,ORG,34,46
mdp.39015001660789,25,4,0,two,CARDINAL,30,33
mdp.39015001660789,25,5,0,Cherokee,NORP,12,20
mdp.39015001660789,25,6,0,Christian,NORP,23,32
mdp.39015001660789,25,11,0,One,CARDINAL,0,3
mdp.39015001660789,26,1,0,Christian,NORP,18,27
mdp.39015001660789,26,2,0,Christians,NORP,40,50
mdp.39015001660789,26,2,1,pagans,NORP,55,61
mdp.39015001660789,26,4,0,Cherokee,NORP,30,38
mdp.39015001660789,26,5,0,Cherokee,NORP,28,36
mdp.39015001660789,26,6,0,Cherokee,NORP,291,299
mdp.39015001660789,26,7,0,Cherokee,NORP,42,50
mdp.39015001660789,26,7,1,Roman Catholic,NORP,74,88
mdp.39015001660789,27,0,0,Cherokee,NORP,77,85
mdp.39015001660789,27,1,0,Cherokee,NORP,30,38
mdp.39015001660789,27,1,1,the Middle Ages,DATE,180,195
mdp.39015001660789,27,2,0,four,CARDINAL,98,102
mdp.39015001660789,27,2,1,seven,CARDINAL,163,168
mdp.39015001660789,27,4,0,one,CARDINAL,107,110
mdp.39015001660789,28,0,0,RUN TOWARD THE NIGHTLAND of,WORK_OF_ART,0,27
mdp.39015001660789,28,0,1,Cherokee,NORP,28,36
mdp.39015001660789,28,6,0,Cherokees,NORP,36,45
mdp.39015001660789,28,7,0,today,DATE,23,28
mdp.39015001660789,28,8,0,Oklahoma,GPE,112,120
mdp.39015001660789,28,8,1,these days,DATE,129,139
mdp.39015001660789,28,9,0,Cherokees,NORP,24,33
mdp.39015001660789,28,10,0,VW,ORG,0,2
mdp.39015001660789,29,2,0,Christmas Day,DATE,25,38
mdp.39015001660789,29,2,1,St. Valentine's Day,DATE,42,61
mdp.39015001660789,29,3,0,the day,DATE,29,36
mdp.39015001660789,29,4,0,only a minute,TIME,78,91
mdp.39015001660789,29,10,0,Dawn,TIME,0,4
mdp.39015001660789,30,1,0,dusk,TIME,109,113
mdp.39015001660789,30,1,1,midnight,TIME,117,125
mdp.39015001660789,30,7,0,dawn,TIME,32,36
mdp.39015001660789,30,10,0,four,CARDINAL,144,148
mdp.39015001660789,30,11,0,seven,CARDINAL,24,29
mdp.39015001660789,30,12,0,four,CARDINAL,132,136
mdp.39015001660789,30,12,1,four or seven successive days,DATE,184,213
mdp.39015001660789,31,1,0,morning,TIME,26,33
mdp.39015001660789,31,5,0,four,CARDINAL,150,154
mdp.39015001660789,31,7,0,sundown,TIME,42,49
mdp.39015001660789,31,7,1,midnight,TIME,53,61
mdp.39015001660789,31,7,2,dawn,TIME,70,74
mdp.39015001660789,32,0,0,12,CARDINAL,0,2
mdp.39015001660789,32,0,1,two,CARDINAL,148,151
mdp.39015001660789,32,0,2,one,CARDINAL,198,201
mdp.39015001660789,32,1,0,two,CARDINAL,2,5
mdp.39015001660789,32,8,0,one,CARDINAL,40,43
mdp.39015001660789,32,8,1,four,CARDINAL,47,51
mdp.39015001660789,33,0,0,CHEROKEE,NORP,0,8
mdp.39015001660789,33,1,0,Cherokee,NORP,15,23
mdp.39015001660789,33,3,0,Frans M. Olbrechts,PERSON,99,117
mdp.39015001660789,33,5,0,Cherokee,NORP,62,70
mdp.39015001660789,33,5,1,Cherokee,NORP,106,114
mdp.39015001660789,33,7,0,seven,CARDINAL,129,134
mdp.39015001660789,34,1,0,Cherokee,LANGUAGE,19,27
mdp.39015001660789,34,1,1,gawé:sdi,NORP,67,75
mdp.39015001660789,34,2,0,English,LANGUAGE,8,15
mdp.39015001660789,34,2,1,Seven,CARDINAL,61,66
mdp.39015001660789,34,2,2,Cherokee,LANGUAGE,116,124
mdp.39015001660789,34,3,0,i:gawé:sdi,NORP,38,48
mdp.39015001660789,37,1,0,Oklahoma,GPE,4,12
mdp.39015001660789,37,1,1,Cherokees,NORP,13,22
mdp.39015001660789,37,2,0,Cherokees,NORP,110,119
mdp.39015001660789,38,0,0,18,CARDINAL,0,2
mdp.39015001660789,38,1,0,the night,TIME,62,71
mdp.39015001660789,38,2,0,the following morning,TIME,45,66
mdp.39015001660789,38,2,1,one,CARDINAL,235,238
mdp.39015001660789,38,2,2,Cherokee,NORP,262,270
mdp.39015001660789,38,2,3,Cherokee,NORP,329,337
mdp.39015001660789,38,3,0,autumn,DATE,13,19
mdp.39015001660789,38,5,0,Natchez,NORP,35,42
mdp.39015001660789,38,5,1,Cherokees,NORP,67,76
mdp.39015001660789,38,5,2,the middle of the eighteenth century,DATE,83,119
mdp.39015001660789,38,6,0,Natchez,NORP,13,20
mdp.39015001660789,38,6,1,Tenkiller Lake,LOC,63,77
mdp.39015001660789,38,6,2,Cherokees,NORP,148,157
mdp.39015001660789,38,6,3,Muskogean,NORP,187,196
mdp.39015001660789,38,6,4,Natchez,NORP,213,220
mdp.39015001660789,38,6,5,Natchez,NORP,278,285
mdp.39015001660789,38,7,0,Cherokee,PERSON,13,21
mdp.39015001660789,39,0,0,96,DATE,26,28
mdp.39015001660789,39,1,0,sdifatsasiga,NORP,0,12
mdp.39015001660789,39,1,1,tsihlahibetsinoma,GPE,24,41
mdp.39015001660789,39,2,0,tsihlahibetsinoma,GPE,24,41
mdp.39015001660789,39,2,1,tsihlahibetsinoma,GPE,42,59
mdp.39015001660789,39,3,0,Gi:dhahyó:,LOC,39,49
mdp.39015001660789,39,3,1,Stilwell,GPE,62,70
mdp.39015001660789,39,3,2,Adair County,GPE,75,87
mdp.39015001660789,39,4,0,four,CARDINAL,35,39
mdp.39015001660789,40,0,0,20,CARDINAL,0,2
mdp.39015001660789,40,2,0,Delaware County,GPE,57,72
mdp.39015001660789,40,2,1,Cherokees,NORP,153,162
mdp.39015001660789,40,2,2,one,CARDINAL,212,215
mdp.39015001660789,40,3,0,the North Carolina,NORP,6,24
mdp.39015001660789,40,3,1,Cherokees,NORP,25,34
mdp.39015001660789,40,3,2,Oklahoma,GPE,180,188
mdp.39015001660789,40,6,0,this i:gawé:,WORK_OF_ART,30,42
mdp.39015001660789,40,6,1,today,DATE,73,78
mdp.39015001660789,40,6,2,four,CARDINAL,224,228
mdp.39015001660789,40,7,0,the Brown Missiles,WORK_OF_ART,57,75
mdp.39015001660789,40,8,0,the Mask of Darkness,WORK_OF_ART,47,67
mdp.39015001660789,40,9,0,The Purple One,PERSON,0,14
mdp.39015001660789,41,3,0,four,CARDINAL,1,5
mdp.39015001660789,41,5,0,night,TIME,175,180
mdp.39015001660789,41,7,0,Cherokee,NORP,4,12
mdp.39015001660789,41,8,0,a couple of generations or so ago,DATE,40,73
mdp.39015001660789,41,8,1,the Cherokee Nation,GPE,135,154
mdp.39015001660789,41,8,2,Baron Fork Creek,LOC,164,180
mdp.39015001660789,41,8,3,Adair County,GPE,184,196
mdp.39015001660789,41,8,4,winter,DATE,234,240
mdp.39015001660789,41,9,0,Cherokees,NORP,4,13
mdp.39015001660789,42,4,0,first,ORDINAL,18,23
mdp.39015001660789,42,4,1,four,CARDINAL,60,64
mdp.39015001660789,42,17,0,Fishinghawk,PRODUCT,11,22
mdp.39015001660789,42,18,0,seven,CARDINAL,48,53
mdp.39015001660789,42,18,1,Cherokees,NORP,77,86
mdp.39015001660789,42,20,0,Fishinghawk,PRODUCT,21,32
mdp.39015001660789,42,21,0,Fishinghawk,PERSON,79,90
mdp.39015001660789,43,0,0,Beaver,PERSON,18,24
mdp.39015001660789,43,1,0,Eagle,PERSON,0,5
mdp.39015001660789,43,2,0,four,CARDINAL,37,41
mdp.39015001660789,43,4,0,four,CARDINAL,43,47
mdp.39015001660789,43,6,0,Beaver,PERSON,50,56
mdp.39015001660789,43,6,1,Sequoyah,NORP,101,109
mdp.39015001660789,43,7,0,Cherokees,NORP,5,14
mdp.39015001660789,44,3,0,seven,CARDINAL,17,22
mdp.39015001660789,44,4,0,Red Fishinghawk,PERSON,0,15
mdp.39015001660789,44,4,1,seven,CARDINAL,54,59
mdp.39015001660789,44,5,0,seven,CARDINAL,1,6
mdp.39015001660789,44,6,0,Red Kingfisher,PERSON,5,19
mdp.39015001660789,44,6,1,seven,CARDINAL,58,63
mdp.39015001660789,44,7,0,seven,CARDINAL,1,6
mdp.39015001660789,44,8,0,four,CARDINAL,13,17
mdp.39015001660789,44,10,0,seven,CARDINAL,4,9
mdp.39015001660789,44,11,0,James Mooney,PERSON,0,12
mdp.39015001660789,44,11,1,North Carolina,GPE,68,82
mdp.39015001660789,44,11,2,Cherokees,NORP,83,92
mdp.39015001660789,44,11,3,the 1880's,DATE,96,106
mdp.39015001660789,44,12,0,twentieth-century,DATE,47,64
mdp.39015001660789,44,12,1,Delaware County,GPE,95,110
mdp.39015001660789,44,12,2,Cherokee County,GPE,128,143
mdp.39015001660789,45,2,0,Mooney,PERSON,1,7
mdp.39015001660789,45,3,0,Delaware County,GPE,4,19
mdp.39015001660789,45,4,0,Oklahoma,GPE,85,93
mdp.39015001660789,45,6,0,Mooney,PERSON,0,6
mdp.39015001660789,45,6,1,North Carolina,GPE,68,82
mdp.39015001660789,45,7,0,Oklahoma,GPE,6,14
mdp.39015001660789,49,2,0,Southeast,LOC,59,68
mdp.39015001660789,49,2,1,Cherokees,NORP,83,92
mdp.39015001660789,49,2,2,Oklahoma,GPE,133,141
mdp.39015001660789,50,1,0,Cherokee,NORP,5,13
mdp.39015001660789,51,6,0,four,CARDINAL,42,46
mdp.39015001660789,51,8,0,four,CARDINAL,1,5
mdp.39015001660789,51,10,0,four,CARDINAL,1,5
mdp.39015001660789,51,12,0,four,CARDINAL,1,5
mdp.39015001660789,51,14,0,four,CARDINAL,1,5
mdp.39015001660789,51,15,0,Bluebird,PERSON,264,272
mdp.39015001660789,51,17,0,Cherokees,NORP,31,40
mdp.39015001660789,51,17,1,Appalachians,LOC,171,183
mdp.39015001660789,51,18,0,North Carolina,GPE,8,22
mdp.39015001660789,51,18,1,Oklahoma,GPE,66,74
mdp.39015001660789,51,18,2,first,ORDINAL,175,180
mdp.39015001660789,52,0,0,32,CARDINAL,0,2
mdp.39015001660789,52,3,0,One,CARDINAL,0,3
mdp.39015001660789,52,3,1,seven,CARDINAL,65,70
mdp.39015001660789,52,6,0,some four or five feet,QUANTITY,27,49
mdp.39015001660789,52,10,0,three,CARDINAL,60,65
mdp.39015001660789,52,12,0,one,CARDINAL,31,34
mdp.39015001660789,53,0,0,three,CARDINAL,25,30
mdp.39015001660789,53,1,0,fourth,ORDINAL,37,43
mdp.39015001660789,53,1,1,seven,CARDINAL,121,126
mdp.39015001660789,53,2,0,sundown,TIME,33,40
mdp.39015001660789,53,2,1,midnight,TIME,48,56
mdp.39015001660789,53,2,2,three,CARDINAL,76,81
mdp.39015001660789,53,2,3,four successive days,DATE,110,130
mdp.39015001660789,53,8,0,Terrapin,PRODUCT,4,12
mdp.39015001660789,53,15,0,four consecutive mornings,DATE,24,49
mdp.39015001660789,57,2,0,shamans,NORP,76,83
mdp.39015001660789,57,2,1,decades ago,DATE,210,221
mdp.39015001660789,57,3,0,Cherokee County,GPE,28,43
mdp.39015001660789,57,5,0,37,CARDINAL,0,2
mdp.39015001660789,58,2,0,Cherokee,LANGUAGE,60,68
mdp.39015001660789,58,6,0,four,CARDINAL,80,84
mdp.39015001660789,58,8,0,four,CARDINAL,22,26
mdp.39015001660789,58,9,0,Cherokee,NORP,107,115
mdp.39015001660789,59,0,0,our day,DATE,18,25
mdp.39015001660789,63,1,0,Europe,LOC,163,169
mdp.39015001660789,63,2,0,four,CARDINAL,36,40
mdp.39015001660789,63,2,1,Cherokees,NORP,224,233
mdp.39015001660789,64,0,0,44,CARDINAL,0,2
mdp.39015001660789,64,3,0,the Red Mountain Lion,PERSON,16,37
mdp.39015001660789,64,6,0,White Pathways,FAC,3,17
mdp.39015001660789,64,8,0,White Pathways,FAC,3,17
mdp.39015001660789,64,12,0,Du,PERSON,0,2
mdp.39015001660789,64,16,0,four,CARDINAL,35,39
mdp.39015001660789,64,16,1,the White Mountains,LOC,123,142
mdp.39015001660789,64,17,0,White Pathways,FAC,3,17
mdp.39015001660789,64,18,0,Pathway,FAC,67,74
mdp.39015001660789,65,1,0,Pathway,FAC,26,33
mdp.39015001660789,65,2,0,I am a Little Man,WORK_OF_ART,15,32
mdp.39015001660789,65,4,0,Cherokee,NORP,3,11
mdp.39015001660789,65,5,0,night,TIME,83,88
mdp.39015001660789,65,14,0,Red Man,PERSON,61,68
mdp.39015001660789,65,22,0,i:gawé:sdi,ORG,41,51
mdp.39015001660789,66,15,0,four,CARDINAL,33,37
mdp.39015001660789,66,16,0,Cherokees,NORP,32,41
mdp.39015001660789,66,17,0,ten or fifteen,CARDINAL,35,49
mdp.39015001660789,66,17,1,the corner minute market,FAC,131,155
mdp.39015001660789,67,1,0,Sequoyah County,GPE,4,19
mdp.39015001660789,67,8,0,Leech,PERSON,0,5
mdp.39015001660789,67,10,0,Hummingbird,PERSON,0,11
mdp.39015001660789,67,11,0,Dayi,PERSON,0,4
mdp.39015001660789,67,12,0,English,LANGUAGE,22,29
mdp.39015001660789,67,12,1,Cherokee,LANGUAGE,69,77
mdp.39015001660789,67,12,2,Leech,PERSON,168,173
mdp.39015001660789,67,14,0,Cherokee County,GPE,34,49
mdp.39015001660789,67,14,1,96,DATE,69,71
mdp.39015001660789,68,0,0,Unehlatsiyvwi tsinanv.,PERSON,25,47
mdp.39015001660789,68,15,0,"Nvidade:gwa,",PERSON,0,12
mdp.39015001660789,68,15,1,the month of November,DATE,27,48
mdp.39015001660789,68,15,2,Cherokee,LANGUAGE,148,156
mdp.39015001660789,71,0,0,VI,CARDINAL,0,2
mdp.39015001660789,73,2,0,Walk in Your Soul,WORK_OF_ART,48,65
mdp.39015001660789,73,2,1,11,CARDINAL,70,72
mdp.39015001660789,73,5,0,two,CARDINAL,4,7
mdp.39015001660789,73,6,0,53,CARDINAL,0,2
mdp.39015001660789,74,0,0,54,CARDINAL,0,2
mdp.39015001660789,74,1,0,two,CARDINAL,38,41
mdp.39015001660789,74,3,0,four,CARDINAL,89,93
mdp.39015001660789,74,9,0,two,CARDINAL,9,12
mdp.39015001660789,74,10,0,Cherokee,NORP,17,25
mdp.39015001660789,74,11,0,four days,DATE,85,94
mdp.39015001660789,74,18,0,Seven,CARDINAL,21,26
mdp.39015001660789,75,6,0,the White Chair,PERSON,14,29
mdp.39015001660789,75,8,0,seven,CARDINAL,107,112
mdp.39015001660789,75,8,1,Cherokee,NORP,179,187
mdp.39015001660789,75,11,0,early in the morning,TIME,89,109
mdp.39015001660789,75,11,1,four,CARDINAL,164,168
mdp.39015001660789,76,2,0,Cherokeean,NORP,30,40
mdp.39015001660789,76,6,0,four,CARDINAL,214,218
mdp.39015001660789,76,12,0,Red Cardinal,PERSON,43,55
mdp.39015001660789,76,15,0,Red Hummingbird,PERSON,4,19
mdp.39015001660789,77,2,0,Red Tsugu:tsala:la,PERSON,0,18
mdp.39015001660789,77,2,1,the Seven Clan,LOC,74,88
mdp.39015001660789,77,5,0,Red Di:,PERSON,0,7
mdp.39015001660789,77,5,1,sdi,PERSON,7,10
mdp.39015001660789,77,7,0,the Seven Clan Districts,LOC,20,44
mdp.39015001660789,77,10,0,the Red Di:sdi,PERSON,21,35
mdp.39015001660789,77,11,0,the Seven Clan,LOC,61,75
mdp.39015001660789,77,13,0,Seven,CARDINAL,71,76
mdp.39015001660789,77,17,0,North Carolina,GPE,61,75
mdp.39015001660789,77,17,1,Mooney,PERSON,76,82
mdp.39015001660789,77,17,2,Olbrechts,PERSON,87,96
mdp.39015001660789,78,0,0,Oklahoma,GPE,120,128
mdp.39015001660789,78,4,0,four,CARDINAL,62,66
mdp.39015001660789,78,12,0,Wren,PERSON,0,4
mdp.39015001660789,78,14,0,White Eyes,WORK_OF_ART,27,37
mdp.39015001660789,79,22,0,Yellow Mockingbird,PERSON,0,18
mdp.39015001660789,79,24,0,Oriental,NORP,19,27
mdp.39015001660789,79,25,0,Robin,PERSON,23,28
mdp.39015001660789,80,6,0,dawn,TIME,23,27
mdp.39015001660789,80,6,1,midmorning,TIME,29,39
mdp.39015001660789,80,6,2,midafternoon,TIME,41,53
mdp.39015001660789,80,6,3,dusk,TIME,59,63
mdp.39015001660789,80,14,0,Bluebird,PERSON,0,8
mdp.39015001660789,81,2,0,four,CARDINAL,12,16
mdp.39015001660789,81,3,0,four,CARDINAL,6,10
mdp.39015001660789,81,6,0,dawn,TIME,46,50
mdp.39015001660789,81,7,0,four,CARDINAL,140,144
mdp.39015001660789,81,8,0,noon,TIME,24,28
mdp.39015001660789,81,8,1,dusk,TIME,36,40
mdp.39015001660789,81,9,0,four days,DATE,24,33
mdp.39015001660789,81,17,0,Seven,CARDINAL,0,5
mdp.39015001660789,81,19,0,tonight,TIME,4,11
mdp.39015001660789,81,19,1,Seven,TIME,12,17
mdp.39015001660789,81,22,0,seven,CARDINAL,19,24
mdp.39015001660789,82,1,0,Insuring Success With Girls at a Dance,WORK_OF_ART,5,43
mdp.39015001660789,82,1,1,decades,DATE,56,63
mdp.39015001660789,82,1,2,Cherokee,NORP,74,82
mdp.39015001660789,82,1,3,Oklahoma,GPE,115,123
mdp.39015001660789,82,2,0,today,DATE,13,18
mdp.39015001660789,82,2,1,"the Keetoowah Society,'and",ORG,68,94
mdp.39015001660789,82,2,2,Creeks,NORP,216,222
mdp.39015001660789,82,2,3,Natchez,NORP,228,235
mdp.39015001660789,82,3,0,Cherokee,NORP,31,39
mdp.39015001660789,82,3,1,Blackgum Mountain,LOC,221,238
mdp.39015001660789,82,3,2,Tenkiller Lake,LOC,260,274
mdp.39015001660789,82,4,0,the previous dawn,TIME,143,160
mdp.39015001660789,82,4,1,four,CARDINAL,197,201
mdp.39015001660789,82,5,0,seven,CARDINAL,113,118
mdp.39015001660789,83,2,0,Hige:hya Gu,PERSON,45,56
mdp.39015001660789,83,13,0,Cherokees,NORP,10,19
mdp.39015001660789,83,13,1,Indians,NORP,161,168
mdp.39015001660789,83,14,0,Creeks,NORP,4,10
mdp.39015001660789,83,15,0,Negro,NORP,4,9
mdp.39015001660789,83,16,0,Creek,NORP,0,5
mdp.39015001660789,83,16,1,Cherokee,NORP,118,126
mdp.39015001660789,83,17,0,Cherokee,NORP,11,19
mdp.39015001660789,84,0,0,64,CARDINAL,0,2
mdp.39015001660789,84,1,0,four,CARDINAL,151,155
mdp.39015001660789,84,3,0,four,CARDINAL,20,24
mdp.39015001660789,84,7,0,the night,TIME,19,28
mdp.39015001660789,84,8,0,Mooney,PERSON,19,25
mdp.39015001660789,84,8,1,Olbrechts,PERSON,30,39
mdp.39015001660789,84,8,2,North Carolina,GPE,59,73
mdp.39015001660789,84,9,0,Mooney,PERSON,51,57
mdp.39015001660789,84,9,1,Olbrechts,PERSON,62,71
mdp.39015001660789,84,9,2,Cherokees,NORP,104,113
mdp.39015001660789,84,9,3,North Carolina,GPE,117,131
mdp.39015001660789,84,9,4,West,LOC,173,177
mdp.39015001660789,84,9,5,one,CARDINAL,292,295
mdp.39015001660789,85,0,0,65,CARDINAL,5,7
mdp.39015001660789,85,4,0,four,CARDINAL,161,165
mdp.39015001660789,85,6,0,dawn,TIME,192,196
mdp.39015001660789,85,6,1,noon,TIME,198,202
mdp.39015001660789,85,6,2,dusk,TIME,208,212
mdp.39015001660789,85,6,3,four consecutive days,DATE,218,239
mdp.39015001660789,85,8,0,Two,CARDINAL,85,88
mdp.39015001660789,86,2,0,Two,CARDINAL,42,45
mdp.39015001660789,86,3,0,the Red Knife,PRODUCT,67,80
mdp.39015001660789,86,4,0,the Red Stick!15,PRODUCT,66,82
mdp.39015001660789,86,5,0,two,CARDINAL,41,44
mdp.39015001660789,86,7,0,two,CARDINAL,64,67
mdp.39015001660789,86,8,0,Cherokee,NORP,4,12
mdp.39015001660789,86,10,0,second,ORDINAL,22,28
mdp.39015001660789,86,10,1,first,ORDINAL,171,176
mdp.39015001660789,86,11,0,1,CARDINAL,0,1
mdp.39015001660789,86,15,0,Red Velvettail Rattlesnake,PERSON,0,26
mdp.39015001660789,86,15,1,Sunland,LOC,57,64
mdp.39015001660789,86,17,0,Pathway,FAC,45,52
mdp.39015001660789,87,1,0,Ha,PERSON,52,54
mdp.39015001660789,87,12,0,Yellow Copperhead,PERSON,0,17
mdp.39015001660789,87,12,1,Southland,LOC,48,57
mdp.39015001660789,87,15,0,Pathway,FAC,45,52
mdp.39015001660789,91,4,0,71,DATE,87,89
mdp.39015001660789,92,0,0,72,CARDINAL,0,2
mdp.39015001660789,92,1,0,Seven,CARDINAL,76,81
mdp.39015001660789,92,6,0,four,CARDINAL,42,46
mdp.39015001660789,92,7,0,"November 12, 1899",DATE,46,63
mdp.39015001660789,92,13,0,One,CARDINAL,0,3
mdp.39015001660789,93,0,0,Adair County,GPE,70,82
mdp.39015001660789,93,0,1,Cherokeeia,LOC,118,128
mdp.39015001660789,93,3,0,Tsugv:,PERSON,0,6
mdp.39015001660789,93,6,0,la,PERSON,0,2
mdp.39015001660789,93,11,0,one half,CARDINAL,5,13
mdp.39015001660789,93,15,0,One,CARDINAL,45,48
mdp.39015001660789,93,16,0,one,CARDINAL,25,28
mdp.39015001660789,94,0,0,74,CARDINAL,0,2
mdp.39015001660789,94,1,0,four,CARDINAL,228,232
mdp.39015001660789,94,2,0,dusk,TIME,54,58
mdp.39015001660789,94,2,1,four days,DATE,63,72
mdp.39015001660789,94,12,0,four,CARDINAL,1,5
mdp.39015001660789,94,14,0,four,CARDINAL,1,5
mdp.39015001660789,94,16,0,four,CARDINAL,1,5
mdp.39015001660789,94,18,0,four,CARDINAL,1,5
mdp.39015001660789,95,0,0,MARRIAGE,PERSON,0,8
mdp.39015001660789,95,12,0,the Sparrow Hawk,PRODUCT,22,38
mdp.39015001660789,96,0,0,76,CARDINAL,0,2
mdp.39015001660789,99,0,0,three,CARDINAL,282,287
mdp.39015001660789,99,0,1,two,CARDINAL,305,308
mdp.39015001660789,99,0,2,three,CARDINAL,426,431
mdp.39015001660789,99,0,3,four,CARDINAL,435,439
mdp.39015001660789,99,1,0,Cherokee,NORP,13,21
mdp.39015001660789,99,1,1,today,DATE,161,166
mdp.39015001660789,99,2,0,idi:gawé:sdi,NORP,15,27
mdp.39015001660789,99,2,1,79,CARDINAL,49,51
mdp.39015001660789,100,0,0,80,CARDINAL,0,2
mdp.39015001660789,100,6,0,four,CARDINAL,87,91
mdp.39015001660789,100,7,0,four,CARDINAL,38,42
mdp.39015001660789,100,9,0,four,CARDINAL,22,26
mdp.39015001660789,101,1,0,Yellow Mockingbird,PERSON,0,18
mdp.39015001660789,101,2,0,four,CARDINAL,6,10
mdp.39015001660789,101,13,0,Seven,CARDINAL,0,5
mdp.39015001660789,102,0,0,82,CARDINAL,0,2
mdp.39015001660789,102,1,0,Seven,CARDINAL,45,50
mdp.39015001660789,102,5,0,Cherokee,LANGUAGE,56,64
mdp.39015001660789,102,5,1,American,NORP,145,153
mdp.39015001660789,102,12,0,the Seven Clans,ORG,6,21
mdp.39015001660789,102,13,0,Sunland,LOC,89,96
mdp.39015001660789,102,14,0,the Seven Clans,ORG,56,71
mdp.39015001660789,103,0,0,Mooney,PERSON,48,54
mdp.39015001660789,103,0,1,Venus,LOC,91,96
mdp.39015001660789,103,0,2,Mooney,PERSON,130,136
mdp.39015001660789,103,0,3,Olbrechts,GPE,141,150
mdp.39015001660789,103,1,0,Cherokees,NORP,42,51
mdp.39015001660789,103,1,1,two,CARDINAL,72,75
mdp.39015001660789,103,2,0,North Carolina,GPE,53,67
mdp.39015001660789,103,2,1,the Oklahoma Cherokees,NORP,261,283
mdp.39015001660789,103,3,0,Oklahoma,GPE,3,11
mdp.39015001660789,103,4,0,two,CARDINAL,57,60
mdp.39015001660789,103,4,1,one,CARDINAL,101,104
mdp.39015001660789,103,6,0,Oklahoma,GPE,39,47
mdp.39015001660789,103,6,1,North Carolina,GPE,85,99
mdp.39015001660789,103,6,2,Cherokee,NORP,138,146
mdp.39015001660789,103,6,3,Qualla,LOC,159,165
mdp.39015001660789,103,7,0,a half-inch to two inches,QUANTITY,64,89
mdp.39015001660789,104,0,0,84,CARDINAL,0,2
mdp.39015001660789,104,5,0,night,TIME,72,77
mdp.39015001660789,104,6,0,daybreak,TIME,36,44
mdp.39015001660789,104,6,1,four,CARDINAL,206,210
mdp.39015001660789,104,8,0,Sunland,LOC,16,23
mdp.39015001660789,104,11,0,Seven,CARDINAL,26,31
mdp.39015001660789,104,12,0,Sunrays,LOC,31,38
mdp.39015001660789,105,8,0,night,TIME,40,45
mdp.39015001660789,105,10,0,four,CARDINAL,27,31
mdp.39015001660789,105,14,0,Red Moon,PERSON,0,8
mdp.39015001660789,105,18,0,the White House,FAC,64,79
mdp.39015001660789,106,1,0,Wizards,NORP,44,51
mdp.39015001660789,106,3,0,Seven,CARDINAL,4,9
mdp.39015001660789,106,5,0,Seven,CARDINAL,0,5
mdp.39015001660789,106,6,0,Adam,PERSON,26,30
mdp.39015001660789,106,9,0,four,CARDINAL,148,152
mdp.39015001660789,106,10,0,One,CARDINAL,0,3
mdp.39015001660789,106,10,1,four,CARDINAL,76,80
mdp.39015001660789,107,7,0,Mooney,PERSON,79,85
mdp.39015001660789,107,7,1,his day,DATE,116,123
mdp.39015001660789,107,12,0,Adam-and,FAC,27,35
mdp.39015001660789,108,0,0,88,CARDINAL,0,2
mdp.39015001660789,108,3,0,Oklahoma,GPE,34,42
mdp.39015001660789,108,4,0,Adam,LOC,13,17
mdp.39015001660789,108,6,0,Sunland,LOC,20,27
mdp.39015001660789,108,9,0,Seven,CARDINAL,27,32
mdp.39015001660789,108,11,0,Adam-andEve,PERSON,0,11
mdp.39015001660789,108,15,0,White Swan,PERSON,0,10
mdp.39015001660789,108,16,0,The Eyes of a Person,PERSON,0,20
mdp.39015001660789,111,1,0,these days,DATE,96,106
mdp.39015001660789,111,1,1,about a generation ago,DATE,121,143
mdp.39015001660789,111,1,2,Cherokee,NORP,219,227
mdp.39015001660789,111,3,0,the night,TIME,104,113
mdp.39015001660789,111,4,0,as much as $200,MONEY,10,25
mdp.39015001660789,111,4,1,twenty,CARDINAL,78,84
mdp.39015001660789,112,1,0,about two feet,QUANTITY,47,61
mdp.39015001660789,112,1,1,two feet,QUANTITY,68,76
mdp.39015001660789,112,1,2,two feet,QUANTITY,87,95
mdp.39015001660789,112,1,3,two hundred,CARDINAL,114,125
mdp.39015001660789,112,2,0,One,CARDINAL,0,3
mdp.39015001660789,112,4,0,One,CARDINAL,0,3
mdp.39015001660789,112,4,1,one,CARDINAL,84,87
mdp.39015001660789,112,5,0,first,ORDINAL,4,9
mdp.39015001660789,112,5,1,Team A,ORG,20,26
mdp.39015001660789,112,5,2,first,ORDINAL,103,108
mdp.39015001660789,112,5,3,Team B.,ORG,119,126
mdp.39015001660789,112,6,0,forty,CARDINAL,10,15
mdp.39015001660789,112,6,1,as many as 150,CARDINAL,139,153
mdp.39015001660789,112,9,0,Cherokee,NORP,48,56
mdp.39015001660789,112,10,0,seven,CARDINAL,13,18
mdp.39015001660789,112,11,0,two,CARDINAL,27,30
mdp.39015001660789,112,12,0,first,ORDINAL,112,117
mdp.39015001660789,112,12,1,second,ORDINAL,122,128
mdp.39015001660789,113,2,0,Black Spider,PERSON,0,12
mdp.39015001660789,113,8,0,four,CARDINAL,23,27
mdp.39015001660789,113,14,0,Cherokees,NORP,57,66
mdp.39015001660789,113,15,0,Oklahoma,GPE,145,153
mdp.39015001660789,113,17,0,One,CARDINAL,0,3
mdp.39015001660789,113,22,0,Seven,CARDINAL,62,67
mdp.39015001660789,114,1,0,four,CARDINAL,142,146
mdp.39015001660789,114,4,0,Fishinghawk,PERSON,0,11
mdp.39015001660789,114,10,0,Fishinghawk,PERSON,0,11
mdp.39015001660789,114,12,0,Brown Tobacco,PERSON,0,13
mdp.39015001660789,114,14,0,Cherokees,NORP,144,153
mdp.39015001660789,114,14,1,North American,NORP,218,232
mdp.39015001660789,114,14,2,Indians,NORP,233,240
mdp.39015001660789,114,16,0,these days,DATE,40,50
mdp.39015001660789,114,20,0,one,CARDINAL,66,69
mdp.39015001660789,115,2,0,four,CARDINAL,59,63
mdp.39015001660789,115,3,0,Red Lightning,PERSON,19,32
mdp.39015001660789,115,7,0,four,CARDINAL,154,158
mdp.39015001660789,115,10,0,Sparrow Hawk!,PERSON,0,13
mdp.39015001660789,116,0,0,96,CARDINAL,0,2
mdp.39015001660789,116,7,0,White Medicine,PERSON,9,23
mdp.39015001660789,117,2,0,Dhla:nuwa,PERSON,30,39
mdp.39015001660789,121,0,0,Oklahoma,GPE,81,89
mdp.39015001660789,121,0,1,Cherokees,NORP,137,146
mdp.39015001660789,121,0,2,Cherokees,NORP,243,252
mdp.39015001660789,121,0,3,Cherokees,NORP,282,291
mdp.39015001660789,121,0,4,Cherokees,NORP,299,308
mdp.39015001660789,121,1,0,Cherokees,NORP,0,9
mdp.39015001660789,121,4,0,One,CARDINAL,0,3
mdp.39015001660789,121,4,1,101,CARDINAL,53,56
mdp.39015001660789,122,0,0,102,CARDINAL,0,3
mdp.39015001660789,122,6,0,four,CARDINAL,112,116
mdp.39015001660789,122,7,0,thirty days,DATE,87,98
mdp.39015001660789,122,9,0,Fishinghawk,PERSON,0,11
mdp.39015001660789,123,1,0,Thicket,WORK_OF_ART,5,12
mdp.39015001660789,123,3,0,midnight,TIME,21,29
mdp.39015001660789,123,3,1,four,CARDINAL,110,114
mdp.39015001660789,123,3,2,seven,CARDINAL,166,171
mdp.39015001660789,123,4,0,three,CARDINAL,23,28
mdp.39015001660789,124,0,0,104,CARDINAL,0,3
mdp.39015001660789,124,7,0,Adair County,GPE,118,130
mdp.39015001660789,124,24,0,Muz ne СО Assisting Prisoners,NORP,0,29
mdp.39015001660789,125,1,0,two,CARDINAL,4,7
mdp.39015001660789,125,1,1,one,CARDINAL,60,63
mdp.39015001660789,125,2,0,the Wolf Clan,ORG,71,84
mdp.39015001660789,125,2,1,Wolf Clan,ORG,227,236
mdp.39015001660789,125,4,0,four,CARDINAL,149,153
mdp.39015001660789,125,5,0,seven,CARDINAL,69,74
mdp.39015001660789,125,6,0,four,CARDINAL,79,83
mdp.39015001660789,126,0,0,106,CARDINAL,0,3
mdp.39015001660789,126,0,1,Little Wolf,LOC,45,56
mdp.39015001660789,126,2,0,the Seven Clan Districts,LOC,14,38
mdp.39015001660789,126,3,0,Cherokee,NORP,182,190
mdp.39015001660789,126,3,1,Seven,CARDINAL,264,269
mdp.39015001660789,126,3,2,Seven,CARDINAL,282,287
mdp.39015001660789,126,4,0,four,CARDINAL,88,92
mdp.39015001660789,126,6,0,four,CARDINAL,6,10
mdp.39015001660789,126,7,0,Rock,LOC,30,34
mdp.39015001660789,126,9,0,four,CARDINAL,6,10
mdp.39015001660789,126,10,0,Little Rock,LOC,16,27
mdp.39015001660789,126,12,0,four,CARDINAL,6,10
mdp.39015001660789,126,13,0,Little White Wolf,LOC,16,33
mdp.39015001660789,127,1,0,one,CARDINAL,139,142
mdp.39015001660789,127,2,0,Sugar Mountain,LOC,99,113
mdp.39015001660789,127,2,1,Tenkiller Lake,LOC,137,151
mdp.39015001660789,127,3,0,Cherokee,NORP,24,32
mdp.39015001660789,127,5,0,Cherokee,NORP,60,68
mdp.39015001660789,127,6,0,Sugar Mountain,LOC,16,30
mdp.39015001660789,127,6,1,Black Yellow Mockingbird,WORK_OF_ART,53,77
mdp.39015001660789,128,0,0,108,CARDINAL,0,3
mdp.39015001660789,128,0,1,the Cherokee Hills,LOC,78,96
mdp.39015001660789,128,2,0,Cherokees,NORP,4,13
mdp.39015001660789,128,3,0,Cherokee,NORP,41,49
mdp.39015001660789,128,3,1,a century,DATE,62,71
mdp.39015001660789,128,3,2,Removal,EVENT,82,89
mdp.39015001660789,128,3,3,Cherokees,NORP,144,153
mdp.39015001660789,128,4,0,Southeast,LOC,54,63
mdp.39015001660789,128,4,1,West,LOC,110,114
mdp.39015001660789,128,6,0,the Cherokee Nation,ORG,33,52
mdp.39015001660789,128,6,1,the United States,GPE,108,125
mdp.39015001660789,128,6,2,Indian,NORP,163,169
mdp.39015001660789,128,7,0,the days,DATE,16,24
mdp.39015001660789,128,7,1,the Great Depression,EVENT,28,48
mdp.39015001660789,128,7,2,Cherokee,NORP,138,146
mdp.39015001660789,128,8,0,Cherokee Nation,ORG,11,26
mdp.39015001660789,129,3,0,four,CARDINAL,9,13
mdp.39015001660789,129,11,0,Wolfplaces,ORG,39,49
mdp.39015001660789,129,18,0,Seven,CARDINAL,0,5
mdp.39015001660789,130,0,0,110,CARDINAL,0,3
mdp.39015001660789,130,13,0,Screech Owl,PERSON,0,11
mdp.39015001660789,130,21,0,Brown Screech Owl,PERSON,0,17
mdp.39015001660789,130,24,0,Brown Screech Owl,PERSON,0,17
mdp.39015001660789,133,1,0,Cherokee,NORP,37,45
mdp.39015001660789,133,4,0,113,DATE,164,167
mdp.39015001660789,134,9,0,One,CARDINAL,0,3
mdp.39015001660789,135,3,0,You Ancient White One,PERSON,11,32
mdp.39015001660789,135,5,0,four,CARDINAL,16,20
mdp.39015001660789,135,6,0,two,CARDINAL,32,35
mdp.39015001660789,135,6,1,one,CARDINAL,99,102
mdp.39015001660789,135,7,0,four,CARDINAL,44,48
mdp.39015001660789,135,9,0,two,CARDINAL,7,10
mdp.39015001660789,135,9,1,two,CARDINAL,44,47
mdp.39015001660789,135,12,0,Two,CARDINAL,4,7
mdp.39015001660789,135,14,0,Two,CARDINAL,4,7
mdp.39015001660789,135,16,0,Pathway,FAC,26,33
mdp.39015001660789,135,16,1,Two,CARDINAL,39,42
mdp.39015001660789,135,16,2,Two,CARDINAL,60,63
mdp.39015001660789,135,18,0,Wizards,NORP,24,31
mdp.39015001660789,135,18,1,Two,CARDINAL,48,51
mdp.39015001660789,135,20,0,Pathway,FAC,26,33
mdp.39015001660789,135,22,0,Two,CARDINAL,19,22
mdp.39015001660789,135,22,1,Quarry,FAC,44,50
mdp.39015001660789,136,0,0,116,CARDINAL,0,3
mdp.39015001660789,136,2,0,two,CARDINAL,54,57
mdp.39015001660789,136,3,0,four,CARDINAL,75,79
mdp.39015001660789,136,4,0,One,CARDINAL,0,3
mdp.39015001660789,136,4,1,about four inches,QUANTITY,197,214
mdp.39015001660789,136,4,2,about a foot,QUANTITY,243,255
mdp.39015001660789,136,11,0,one,CARDINAL,21,24
mdp.39015001660789,137,0,0,DIVINING 117,PERSON,0,12
mdp.39015001660789,137,5,0,Pathway,FAC,33,40
mdp.39015001660789,137,8,0,about two or three feet,QUANTITY,169,192
mdp.39015001660789,137,10,0,daybreak,TIME,46,54
mdp.39015001660789,137,10,1,one,CARDINAL,91,94
mdp.39015001660789,137,11,0,approximately half,CARDINAL,106,124
mdp.39015001660789,137,11,1,four,CARDINAL,169,173
mdp.39015001660789,137,11,2,about two feet,QUANTITY,199,213
mdp.39015001660789,137,11,3,one,CARDINAL,286,289
mdp.39015001660789,137,13,0,one,CARDINAL,125,128
mdp.39015001660789,138,6,0,Wahhya hi:nadu,PERSON,0,14
mdp.39015001660789,138,7,0,four,CARDINAL,6,10
mdp.39015001660789,138,13,0,four,CARDINAL,6,10
mdp.39015001660789,139,5,0,morning,TIME,26,33
mdp.39015001660789,140,0,0,120,CARDINAL,0,3
mdp.39015001660789,140,3,0,the Water Strider,PRODUCT,84,101
mdp.39015001660789,140,6,0,Cherokee,NORP,48,56
mdp.39015001660789,140,7,0,Oklahoma,GPE,33,41
mdp.39015001660789,140,7,1,Cherokeeia,NORP,42,52
mdp.39015001660789,140,9,0,One,CARDINAL,0,3
mdp.39015001660789,140,9,1,the 1880's,DATE,49,59
mdp.39015001660789,140,9,2,four,CARDINAL,181,185
mdp.39015001660789,141,4,0,a half dollar,MONEY,53,66
mdp.39015001660789,145,0,0,THE NORTH CAROLINA,GPE,39,57
mdp.39015001660789,145,1,0,Cherokee,NORP,0,8
mdp.39015001660789,145,1,1,Oklahoma,GPE,96,104
mdp.39015001660789,145,5,0,four successive mornings,DATE,43,67
mdp.39015001660789,145,6,0,125,CARDINAL,43,46
mdp.39015001660789,146,0,0,126,CARDINAL,0,3
mdp.39015001660789,146,0,1,the entire last day,DATE,35,54
mdp.39015001660789,146,21,0,Sunland,LOC,15,22
mdp.39015001660789,146,21,1,Red,NORP,38,41
mdp.39015001660789,147,0,0,Red Mountain Lion,PERSON,12,29
mdp.39015001660789,147,2,0,Nightland,LOC,50,59
mdp.39015001660789,147,6,0,four,CARDINAL,127,131
mdp.39015001660789,147,11,0,Nightland,LOC,36,45
mdp.39015001660789,147,16,0,Prairie,LOC,46,53
mdp.39015001660789,147,18,0,Nightland,LOC,29,38
mdp.39015001660789,151,0,0,War XIII,EVENT,0,8
mdp.39015001660789,151,0,1,idi:gawé:sdi,NORP,50,62
mdp.39015001660789,151,0,2,Cherokees,NORP,133,142
mdp.39015001660789,151,1,0,Cherokee Hills,LOC,77,91
mdp.39015001660789,151,2,0,131,CARDINAL,164,167
mdp.39015001660789,152,3,0,the old days,DATE,3,15
mdp.39015001660789,152,5,0,four,CARDINAL,22,26
mdp.39015001660789,152,6,0,all day,DATE,10,17
mdp.39015001660789,152,18,0,One,CARDINAL,0,3
mdp.39015001660789,152,18,1,World War II,EVENT,101,113
mdp.39015001660789,152,19,0,Wizards,NORP,129,136
mdp.39015001660789,153,0,0,133,CARDINAL,15,18
mdp.39015001660789,153,1,0,four,CARDINAL,59,63
mdp.39015001660789,153,4,0,Two,CARDINAL,4,7
mdp.39015001660789,153,5,0,Sunland,LOC,50,57
mdp.39015001660789,153,7,0,Dayi,PERSON,0,4
mdp.39015001660789,153,13,0,Red Lightning!,PERSON,0,14
mdp.39015001660789,154,0,0,134,CARDINAL,0,3
mdp.39015001660789,154,1,0,two,CARDINAL,145,148
mdp.39015001660789,154,3,0,four,CARDINAL,46,50
mdp.39015001660789,154,4,0,One,CARDINAL,0,3
mdp.39015001660789,154,11,0,Seven,CARDINAL,80,85
mdp.39015001660789,154,13,0,1,CARDINAL,19,20
mdp.39015001660789,154,18,0,2,CARDINAL,0,1
mdp.39015001660789,155,5,0,3,CARDINAL,0,1
mdp.39015001660789,155,5,1,Red Mountain Lion,PERSON,3,20
mdp.39015001660789,155,13,0,1,CARDINAL,129,130
mdp.39015001660789,155,20,0,Seven,CARDINAL,29,34
mdp.39015001660789,155,21,0,2,CARDINAL,23,24
mdp.39015001660789,156,0,0,136,CARDINAL,0,3
mdp.39015001660789,156,2,0,3,CARDINAL,24,25
mdp.39015001660789,156,10,0,4,CARDINAL,24,25
mdp.39015001660789,159,1,0,Cherokee,NORP,72,80
mdp.39015001660789,159,4,0,Cherokees,NORP,0,9
mdp.39015001660789,160,5,0,four,CARDINAL,82,86
mdp.39015001660789,160,9,0,four,CARDINAL,47,51
mdp.39015001660789,161,5,0,Black Yellow Mockingbird,PERSON,0,24
mdp.39015001660789,161,7,0,the “Great Thicket,LOC,167,185
mdp.39015001660789,161,7,1,Mountains,LOC,206,215
mdp.39015001660789,161,8,0,two,CARDINAL,64,67
mdp.39015001660789,161,8,1,four,CARDINAL,128,132
mdp.39015001660789,162,1,0,The Seven Clans,ORG,0,15
mdp.39015001660789,162,3,0,The Little Man,PERSON,0,14
mdp.39015001660789,162,4,0,The Seven Clans,ORG,0,15
mdp.39015001660789,162,7,0,digughé:hw(i)sdo?dhi:yi idi:gawé:sdi,NORP,5,41
mdp.39015001660789,162,8,0,One,CARDINAL,0,3
mdp.39015001660789,162,8,1,four,CARDINAL,31,35
mdp.39015001660789,162,8,2,four days,DATE,58,67
mdp.39015001660789,162,8,3,The White Wild Geese,NORP,166,186
mdp.39015001660789,162,13,0,four,CARDINAL,43,47
mdp.39015001660789,163,6,0,1,CARDINAL,0,1
mdp.39015001660789,163,8,0,Sunland,LOC,29,36
mdp.39015001660789,163,12,0,2,CARDINAL,0,1
mdp.39015001660789,163,15,0,Coldland,LOC,29,37
mdp.39015001660789,163,22,0,Nightland,LOC,29,38
mdp.39015001660789,164,3,0,4,CARDINAL,0,1
mdp.39015001660789,164,6,0,Southland,LOC,29,38
mdp.39015001660789,164,11,0,four,CARDINAL,52,56
mdp.39015001660789,165,0,0,145,CARDINAL,27,30
mdp.39015001660789,165,2,0,White Pathway,PERSON,0,13
mdp.39015001660789,165,3,0,Black Yellow Mockingbird,PERSON,0,24
mdp.39015001660789,165,4,0,Black Yellow Mockingbird,PERSON,0,24
mdp.39015001660789,165,5,0,Red Thread,PERSON,0,10
mdp.39015001660789,165,5,1,all night,TIME,68,77
mdp.39015001660789,165,9,0,The Black Men,PERSON,39,52
mdp.39015001660789,165,9,1,Nightland,LOC,96,105
mdp.39015001660789,165,10,0,Seven,CARDINAL,0,5
mdp.39015001660789,165,12,0,Seven,CARDINAL,32,37
mdp.39015001660789,165,14,0,Seven,CARDINAL,0,5
mdp.39015001660789,166,0,0,146,CARDINAL,0,3
mdp.39015001660789,166,1,0,Seven,CARDINAL,0,5
mdp.39015001660789,166,2,0,Wizards,NORP,27,34
mdp.39015001660789,166,3,0,Seven,CARDINAL,0,5
mdp.39015001660789,166,4,0,six,CARDINAL,27,30
mdp.39015001660789,166,4,1,seven,CARDINAL,65,70
mdp.39015001660789,166,5,0,Seven,CARDINAL,38,43
mdp.39015001660789,166,5,1,four,CARDINAL,81,85
mdp.39015001660789,167,0,0,AX Wood,ORG,0,7
mdp.39015001660789,169,2,0,one,CARDINAL,14,17
mdp.39015001660789,169,4,0,four,CARDINAL,58,62
mdp.39015001660789,169,5,0,149,CARDINAL,24,27
mdp.39015001660789,170,0,0,150,CARDINAL,0,3
mdp.39015001660789,170,1,0,Brown Spider,PERSON,0,12
mdp.39015001660789,170,2,0,Black Spider,PERSON,0,12
mdp.39015001660789,170,3,0,Blue Spider,PERSON,0,11
mdp.39015001660789,170,4,0,Red Spider,PERSON,0,10
mdp.39015001660789,170,5,0,South,LOC,142,147
mdp.39015001660789,170,5,1,West,LOC,180,184
mdp.39015001660789,170,5,2,North,LOC,196,201
mdp.39015001660789,170,5,3,East,LOC,239,243
mdp.39015001660789,170,9,0,Yellow Mockingbird,PERSON,0,18
mdp.39015001660789,170,13,0,Seven,CARDINAL,23,28
mdp.39015001660789,171,4,0,the Brown Tobacco,ORG,41,58
mdp.39015001660789,171,8,0,White Yellow Mockingbird,PERSON,0,24
mdp.39015001660789,171,11,0,the Great Wind,PERSON,26,40
mdp.39015001660789,171,11,1,Four,CARDINAL,50,54
mdp.39015001660789,171,16,0,Yellow Mockingbird,PERSON,4,22
mdp.39015001660789,171,20,0,The Seven Clan Districts,ORG,0,24
mdp.39015001660789,172,0,0,one,CARDINAL,95,98
mdp.39015001660789,172,4,0,Brown Tobacco,ORG,23,36
mdp.39015001660789,172,4,1,Seven,CARDINAL,46,51
mdp.39015001660789,172,5,0,Seven,CARDINAL,16,21
mdp.39015001660789,172,8,0,Kingfisher,PERSON,0,10
mdp.39015001660789,172,9,0,Wizard,NORP,16,22
mdp.39015001660789,172,16,0,Wizards,NORP,24,31
mdp.39015001660789,172,17,0,sam u,PERSON,0,5
mdp.39015001660789,173,2,0,Kingfisher,PRODUCT,4,14
mdp.39015001660789,173,2,1,Cherokee,NORP,50,58
mdp.39015001660789,173,10,0,Wizards,NORP,20,27
mdp.39015001660789,173,15,0,Red Ugh(a)dhe:n(a,PERSON,0,17
mdp.39015001660789,173,16,0,Seven,CARDINAL,75,80
mdp.39015001660789,173,18,0,the Great Red Ugh(a)dhe:n(a),PERSON,16,44
mdp.39015001660789,173,23,0,Seven,CARDINAL,4,9
mdp.39015001660789,177,1,0,Cherokees,NORP,133,142
mdp.39015001660789,177,3,0,four,CARDINAL,48,52
mdp.39015001660789,177,3,1,seven,CARDINAL,87,92
mdp.39015001660789,178,0,0,158,CARDINAL,0,3
mdp.39015001660789,178,0,1,four,CARDINAL,70,74
mdp.39015001660789,178,12,0,midday,TIME,74,80
mdp.39015001660789,178,12,1,dusk,TIME,86,90
mdp.39015001660789,178,12,2,early in the evening,TIME,115,135
mdp.39015001660789,178,14,0,one,CARDINAL,22,25
mdp.39015001660789,178,17,0,Seven,CARDINAL,29,34
mdp.39015001660789,179,4,0,Clay,PERSON,10,14
mdp.39015001660789,179,7,0,Cherokee,NORP,82,90
mdp.39015001660789,179,7,1,several nights,DATE,102,116
mdp.39015001660789,179,7,2,several consecutive days,DATE,210,234
mdp.39015001660789,179,9,0,one,CARDINAL,163,166
mdp.39015001660789,179,10,0,One,CARDINAL,0,3
mdp.39015001660789,179,11,0,three successive nights,DATE,89,112
mdp.39015001660789,179,12,0,the fourth night,TIME,19,35
mdp.39015001660789,180,0,0,160,CARDINAL,0,3
mdp.39015001660789,180,1,0,four,CARDINAL,52,56
mdp.39015001660789,180,9,0,three,CARDINAL,6,11
mdp.39015001660789,181,6,0,Seven,CARDINAL,39,44
mdp.39015001660789,185,1,0,last-century,DATE,60,72
mdp.39015001660789,185,1,1,Zeke Proctor,PERSON,90,102
mdp.39015001660789,185,1,2,Billy Pigeon,PERSON,104,116
mdp.39015001660789,185,1,3,Ned Christie,PERSON,122,134
mdp.39015001660789,185,2,0,three,CARDINAL,23,28
mdp.39015001660789,185,4,0,Billy Pigeon,PERSON,0,12
mdp.39015001660789,185,4,1,165,CARDINAL,52,55
mdp.39015001660789,186,0,0,166,CARDINAL,0,3
mdp.39015001660789,186,1,0,four,CARDINAL,36,40
mdp.39015001660789,186,6,0,Sequoyah,NORP,68,76
mdp.39015001660789,186,6,1,four,CARDINAL,228,232
mdp.39015001660789,186,9,0,Black Mole,PERSON,0,10
mdp.39015001660789,186,11,0,one,CARDINAL,25,28
mdp.39015001660789,186,12,0,Tenkiller Lake,LOC,203,217
mdp.39015001660789,187,3,0,Ga,NORP,25,27
mdp.39015001660789,187,3,1,Cherokee,NORP,115,123
mdp.39015001660789,187,9,0,Deer,PERSON,15,19
mdp.39015001660789,187,10,0,Wizards,NORP,4,11
mdp.39015001660789,187,12,0,Deer,PERSON,10,14
mdp.39015001660789,187,16,0,UICI Suppressing Slander,PERSON,0,24
mdp.39015001660789,188,0,0,168 RUN TOWARD THE NIGHTLAND,WORK_OF_ART,0,28
mdp.39015001660789,188,1,0,antislander,NORP,38,49
mdp.39015001660789,188,1,1,Cherokee,NORP,125,133
mdp.39015001660789,188,2,0,four,CARDINAL,19,23
mdp.39015001660789,188,5,0,Wizards,NORP,29,36
mdp.39015001660789,188,9,0,four,CARDINAL,45,49
mdp.39015001660789,188,9,1,four,CARDINAL,120,124
mdp.39015001660789,188,11,0,Red Mountain Lion,PERSON,0,17
mdp.39015001660789,189,0,0,169,CARDINAL,11,14
mdp.39015001660789,189,6,0,one,CARDINAL,29,32
mdp.39015001660789,189,6,1,two,CARDINAL,36,39
mdp.39015001660789,189,8,0,four,CARDINAL,31,35
mdp.39015001660789,189,13,0,the White Mountains,LOC,5,24
mdp.39015001660789,189,19,0,two,CARDINAL,23,26
mdp.39015001660789,189,19,1,two,CARDINAL,47,50
mdp.39015001660789,189,21,0,the White Mountains,LOC,3,22
mdp.39015001660789,189,22,0,White Pathways,FAC,3,17
mdp.39015001660789,189,23,0,Pathway,FAC,28,35
mdp.39015001660789,190,0,0,170,CARDINAL,0,3
mdp.39015001660789,190,0,1,Pathway,FAC,95,102
mdp.39015001660789,190,7,0,Cherokees,NORP,4,13
mdp.39015001660789,190,9,0,Cherokee,NORP,45,53
mdp.39015001660789,191,5,0,2,CARDINAL,2,3
mdp.39015001660789,191,15,0,3,CARDINAL,0,1
mdp.39015001660789,191,25,0,4,CARDINAL,7,8
mdp.39015001660789,191,28,0,Yellowish Man,PERSON,0,13
mdp.39015001660789,191,36,0,four,CARDINAL,62,66
mdp.39015001660789,192,0,0,172,CARDINAL,0,3
mdp.39015001660789,192,1,0,Big Deer,PERSON,0,8
mdp.39015001660789,192,3,0,Big Deer,PERSON,33,41
mdp.39015001660789,192,6,0,Big Deer,PERSON,28,36
mdp.39015001660789,192,7,0,one,CARDINAL,18,21
mdp.39015001660789,192,10,0,Four,CARDINAL,0,4
mdp.39015001660789,192,10,1,four days,DATE,23,32
mdp.39015001660789,192,15,0,Seven,CARDINAL,14,19
mdp.39015001660789,192,16,0,Seven,CARDINAL,79,84
mdp.39015001660789,192,19,0,a Brown Whippoorwill,PERSON,25,45
mdp.39015001660789,193,3,0,Cherokee,NORP,77,85
mdp.39015001660789,193,8,0,The Wizard People,PERSON,0,17
mdp.39015001660789,193,8,1,Seven,CARDINAL,95,100
mdp.39015001660789,193,9,0,One,CARDINAL,43,46
mdp.39015001660789,194,0,0,174,CARDINAL,0,3
mdp.39015001660789,194,1,0,Indian,NORP,94,100
mdp.39015001660789,194,3,0,Cheroe,NORP,166,172
mdp.39015001660789,194,4,0,Negroes,NORP,8,15
mdp.39015001660789,194,6,0,four,CARDINAL,113,117
mdp.39015001660789,194,7,0,four successive mornings,DATE,153,177
mdp.39015001660789,194,8,0,four,CARDINAL,23,27
mdp.39015001660789,194,8,1,one day,DATE,37,44
mdp.39015001660789,194,8,2,four,CARDINAL,49,53
mdp.39015001660789,194,8,3,four days,DATE,72,81
mdp.39015001660789,194,9,0,dawn,TIME,54,58
mdp.39015001660789,194,9,1,dusk,TIME,90,94
mdp.39015001660789,195,4,0,Adair County,GPE,22,34
mdp.39015001660789,195,4,1,four mornings,DATE,128,141
mdp.39015001660789,195,6,0,four,CARDINAL,1,5
mdp.39015001660789,195,8,0,four,CARDINAL,1,5
mdp.39015001660789,195,15,0,four,CARDINAL,1,5
mdp.39015001660789,195,17,0,Cherokee,LANGUAGE,26,34
mdp.39015001660789,195,17,1,Cherokee,NORP,113,121
mdp.39015001660789,195,18,0,The Black Crow,PERSON,61,75
mdp.39015001660789,196,0,0,176,CARDINAL,0,3
mdp.39015001660789,196,1,0,The Black Yellow Mockingbird,PERSON,0,28
mdp.39015001660789,196,4,0,the Seven Clan,LOC,33,47
mdp.39015001660789,196,8,0,Sunland,LOC,42,49
mdp.39015001660789,196,10,0,Seven,CARDINAL,9,14
mdp.39015001660789,196,13,0,Cherokees,NORP,97,106
mdp.39015001660789,197,0,0,177,CARDINAL,11,14
mdp.39015001660789,197,4,0,One,CARDINAL,0,3
mdp.39015001660789,197,4,1,a half-inch,QUANTITY,135,146
mdp.39015001660789,197,6,0,about a foot,QUANTITY,34,46
mdp.39015001660789,197,10,0,sundown,TIME,3,10
mdp.39015001660789,198,0,0,178,CARDINAL,0,3
mdp.39015001660789,198,0,1,four,CARDINAL,132,136
mdp.39015001660789,198,0,2,about an acre,QUANTITY,154,167
mdp.39015001660789,198,3,0,approximately six months,DATE,84,108
mdp.39015001660789,198,5,0,four,CARDINAL,58,62
mdp.39015001660789,199,0,0,179,CARDINAL,11,14
mdp.39015001660789,199,0,1,the Two Sons of Thunder,ORG,114,137
mdp.39015001660789,199,9,0,the night,TIME,159,168
mdp.39015001660789,199,10,0,night,TIME,55,60
mdp.39015001660789,200,0,0,180,CARDINAL,0,3
mdp.39015001660789,200,2,0,Red Velvettail Rattlesnake,PERSON,0,26
mdp.39015001660789,200,2,1,Sunland,LOC,44,51
mdp.39015001660789,200,4,0,Seven,CARDINAL,19,24
mdp.39015001660789,200,13,0,Red Tobacco,PERSON,0,11
mdp.39015001660789,200,15,0,Pathway,FAC,62,69
mdp.39015001660789,201,6,0,the Oklahoma Cherokees,NORP,42,64
mdp.39015001660789,201,6,1,the Little Deer,WORK_OF_ART,97,112
mdp.39015001660789,201,6,2,Friends of Thunder,WORK_OF_ART,116,134
mdp.39015001660789,201,6,3,141,CARDINAL,140,143
mdp.39015001660789,201,6,4,44,CARDINAL,144,146
mdp.39015001660789,202,0,0,182,CARDINAL,0,3
mdp.39015001660789,202,3,0,3,CARDINAL,0,1
mdp.39015001660789,202,9,0,4,CARDINAL,0,1
mdp.39015001660789,203,0,0,183,CARDINAL,11,14
mdp.39015001660789,203,0,1,6,CARDINAL,15,16
mdp.39015001660789,203,6,0,7,CARDINAL,0,1
mdp.39015001660789,203,8,0,One,CARDINAL,6,9
mdp.39015001660789,203,12,0,one,CARDINAL,40,43
mdp.39015001660789,203,14,0,first,ORDINAL,20,25
mdp.39015001660789,203,18,0,Little Deer,PERSON,78,89
mdp.39015001660789,204,0,0,184,CARDINAL,0,3
mdp.39015001660789,204,1,0,night,TIME,118,123
mdp.39015001660789,204,2,0,non-Cherokeean,NORP,59,73
mdp.39015001660789,204,3,0,Tsusgo:dag(a),PERSON,13,26
mdp.39015001660789,204,3,1,Cherokee,LANGUAGE,79,87
mdp.39015001660789,204,5,0,seven days,DATE,254,264
mdp.39015001660789,207,0,0,1,CARDINAL,16,17
mdp.39015001660789,207,1,0,Cherokee,NORP,4,12
mdp.39015001660789,207,1,1,Floyd G. Lounsbury,PERSON,106,124
mdp.39015001660789,207,1,2,Yale University,ORG,128,143
mdp.39015001660789,207,2,0,2,CARDINAL,0,1
mdp.39015001660789,207,3,0,Cherokee,NORP,63,71
mdp.39015001660789,207,5,0,3,CARDINAL,0,1
mdp.39015001660789,207,6,0,English,LANGUAGE,14,21
mdp.39015001660789,207,6,1,Cherokees,NORP,27,36
mdp.39015001660789,207,7,0,4,CARDINAL,0,1
mdp.39015001660789,207,7,1,Kilpatrick,PERSON,3,13
mdp.39015001660789,207,7,2,Kilpatrick,PERSON,18,28
mdp.39015001660789,207,7,3,4,CARDINAL,53,54
mdp.39015001660789,207,7,4,5,CARDINAL,55,56
mdp.39015001660789,207,12,0,6,CARDINAL,0,1
mdp.39015001660789,207,15,0,Mooney,PERSON,5,11
mdp.39015001660789,207,15,1,Olbrechts,PERSON,16,25
mdp.39015001660789,207,15,2,The Swimmer Manuscript,WORK_OF_ART,27,49
mdp.39015001660789,207,15,3,North Carolina,GPE,76,90
mdp.39015001660789,207,15,4,187,CARDINAL,205,208
mdp.39015001660789,208,0,0,188,CARDINAL,0,3
mdp.39015001660789,208,0,1,Eastern Cherokees,NORP,29,46
mdp.39015001660789,208,1,0,Oklahoma,GPE,3,11
mdp.39015001660789,208,1,1,North Carolina,GPE,67,81
mdp.39015001660789,208,2,0,8,CARDINAL,0,1
mdp.39015001660789,208,3,0,these days,DATE,49,59
mdp.39015001660789,208,4,0,9,CARDINAL,0,1
mdp.39015001660789,208,7,0,Cherokees,NORP,96,105
mdp.39015001660789,208,8,0,Christian,NORP,35,44
mdp.39015001660789,208,14,0,Vide Witthoft,PERSON,0,13
mdp.39015001660789,208,14,1,Hadlock,PERSON,18,25
mdp.39015001660789,208,14,2,Cherokee-Iroquois,NORP,28,45
mdp.39015001660789,208,14,3,"Kilpatrick and Kilpatrick, Friends of Thunder",WORK_OF_ART,74,119
mdp.39015001660789,208,14,4,79,CARDINAL,125,127
mdp.39015001660789,208,15,0,13,CARDINAL,0,2
mdp.39015001660789,208,16,0,"Kilpatrick and Kilpatrick, Eastern Cherokee Folktales",WORK_OF_ART,13,66
mdp.39015001660789,208,16,1,403,CARDINAL,71,74
mdp.39015001660789,208,16,2,14,CARDINAL,76,78
mdp.39015001660789,208,17,0,Vide,PERSON,0,4
mdp.39015001660789,208,17,1,Rebeautifying Oneself,WORK_OF_ART,11,32
mdp.39015001660789,208,18,0,1,CARDINAL,11,12
mdp.39015001660789,208,19,0,North Carolina,GPE,88,102
mdp.39015001660789,208,19,1,Cherokees,NORP,103,112
mdp.39015001660789,208,19,2,Speck,PERSON,118,123
mdp.39015001660789,208,19,3,Broom,PERSON,128,133
mdp.39015001660789,208,19,4,Cherokee Dance and Drama,WORK_OF_ART,135,159
mdp.39015001660789,208,19,5,85,CARDINAL,165,167
mdp.39015001660789,208,20,0,2,CARDINAL,0,1
mdp.39015001660789,208,22,0,Cherokee,NORP,123,131
mdp.39015001660789,208,22,1,3,CARDINAL,141,142
mdp.39015001660789,208,23,0,Cherokee,LANGUAGE,60,68
mdp.39015001660789,208,23,1,English,LANGUAGE,83,90
mdp.39015001660789,208,24,0,4,CARDINAL,0,1
mdp.39015001660789,208,25,0,North Carolina,GPE,15,29
mdp.39015001660789,208,25,1,Cherokee,NORP,30,38
mdp.39015001660789,208,25,2,Mooney,PERSON,57,63
mdp.39015001660789,208,25,3,Sacred Formulas of the Cherokees,WORK_OF_ART,66,98
mdp.39015001660789,208,25,4,369,CARDINAL,105,108
mdp.39015001660789,208,25,5,374,CARDINAL,110,113
mdp.39015001660789,208,25,6,Speck and Broom,ORG,122,137
mdp.39015001660789,208,25,7,87,CARDINAL,153,155
mdp.39015001660789,208,26,0,Oklahoma,GPE,23,31
mdp.39015001660789,208,26,1,Kilpatrick,PERSON,50,60
mdp.39015001660789,208,26,2,Kilpatrick,PERSON,65,75
mdp.39015001660789,208,26,3,Muskogean Charm Songs among the Oklahoma Cherokees,WORK_OF_ART,78,128
mdp.39015001660789,208,27,0,5,CARDINAL,0,1
mdp.39015001660789,208,28,0,Mooney,PERSON,0,6
mdp.39015001660789,208,28,1,Sacred Formulas of the Cherokees,WORK_OF_ART,9,41
mdp.39015001660789,208,28,2,374,CARDINAL,48,51
mdp.39015001660789,208,29,0,6,CARDINAL,0,1
mdp.39015001660789,208,30,0,Cherokee,NORP,112,120
mdp.39015001660789,208,31,0,7,CARDINAL,0,1
mdp.39015001660789,208,31,1,Virginia,GPE,30,38
mdp.39015001660789,208,32,0,8,CARDINAL,0,1
mdp.39015001660789,208,33,0,9,CARDINAL,0,1
mdp.39015001660789,209,0,0,189,CARDINAL,6,9
mdp.39015001660789,209,0,1,1,CARDINAL,22,23
mdp.39015001660789,209,1,0,Oklahoma,GPE,89,97
mdp.39015001660789,209,1,1,Mooney,PERSON,152,158
mdp.39015001660789,209,1,2,Sacred Formulas of the Cherokees,WORK_OF_ART,161,193
mdp.39015001660789,209,1,3,387,CARDINAL,200,203
mdp.39015001660789,209,2,0,Oklahoma,GPE,45,53
mdp.39015001660789,209,2,1,Kilpatrick,PERSON,59,69
mdp.39015001660789,209,2,2,Kilpatrick,PERSON,74,84
mdp.39015001660789,209,2,3,A Note on Cherokee Wind-Controlling Magic,WORK_OF_ART,87,128
mdp.39015001660789,209,2,4,204,CARDINAL,134,137
mdp.39015001660789,209,3,0,2,CARDINAL,0,1
mdp.39015001660789,209,4,0,one,CARDINAL,9,12
mdp.39015001660789,209,4,1,one,CARDINAL,34,37
mdp.39015001660789,209,4,2,the Sons of Thunder,ORG,41,60
mdp.39015001660789,209,4,3,Mooney,PERSON,66,72
mdp.39015001660789,209,4,4,Olbrechts,PERSON,77,86
mdp.39015001660789,209,4,5,The Swimmer Manuscript,WORK_OF_ART,88,110
mdp.39015001660789,209,4,6,23,CARDINAL,116,118
mdp.39015001660789,209,5,0,3,CARDINAL,0,1
mdp.39015001660789,209,6,0,4,CARDINAL,0,1
mdp.39015001660789,209,8,0,5,CARDINAL,0,1
mdp.39015001660789,209,10,0,93.24,CARDINAL,0,5
mdp.39015001660789,209,11,0,1,CARDINAL,10,11
mdp.39015001660789,209,12,0,Vide Mooney,PERSON,0,11
mdp.39015001660789,209,12,1,Myths of the Cherokee,WORK_OF_ART,13,34
mdp.39015001660789,209,12,2,297,CARDINAL,40,43
mdp.39015001660789,209,12,3,458,CARDINAL,49,52
mdp.39015001660789,209,12,4,Kilpatrick,PERSON,57,67
mdp.39015001660789,209,12,5,Kilpatrick,PERSON,72,82
mdp.39015001660789,209,12,6,43,CARDINAL,108,110
mdp.39015001660789,209,13,0,2,CARDINAL,0,1
mdp.39015001660789,209,15,0,3,CARDINAL,0,1
mdp.39015001660789,209,16,0,Cherokees,NORP,4,13
mdp.39015001660789,209,18,0,4,CARDINAL,0,1
mdp.39015001660789,209,19,0,5,CARDINAL,0,1
mdp.39015001660789,209,22,0,igawé:sdi,NORP,48,57
mdp.39015001660789,209,22,1,four,CARDINAL,100,104
mdp.39015001660789,209,22,2,seven,CARDINAL,108,113
mdp.39015001660789,209,23,0,6,CARDINAL,0,1
mdp.39015001660789,209,24,0,7,CARDINAL,0,1
mdp.39015001660789,209,24,1,One,CARDINAL,3,6
mdp.39015001660789,209,25,0,VI,CARDINAL,8,10
mdp.39015001660789,209,25,1,1,CARDINAL,11,12
mdp.39015001660789,209,26,0,Oklahoma,GPE,51,59
mdp.39015001660789,209,26,1,Cherokee,NORP,60,68
mdp.39015001660789,209,26,2,Kilpatrick,PERSON,88,98
mdp.39015001660789,209,26,3,Kilpatrick,PERSON,103,113
mdp.39015001660789,209,26,4,94,CARDINAL,139,141
mdp.39015001660789,209,27,0,2,CARDINAL,0,1
mdp.39015001660789,209,28,0,Haas,PERSON,0,4
mdp.39015001660789,209,28,1,Cherokee,NORP,60,68
mdp.39015001660789,209,28,2,seven,CARDINAL,78,83
mdp.39015001660789,209,28,3,Creek,NORP,106,111
mdp.39015001660789,209,28,4,Cherokee,NORP,144,152
mdp.39015001660789,209,28,5,Haas,PERSON,213,217
mdp.39015001660789,209,28,6,Floyd G. Lounsbury's,PERSON,230,250
mdp.39015001660789,209,28,7,Iroquois-Cherokee Linguistic Relations,WORK_OF_ART,252,290
mdp.39015001660789,209,28,8,22,CARDINAL,296,298
mdp.39015001660789,209,29,0,seven,CARDINAL,63,68
mdp.39015001660789,210,0,0,190,CARDINAL,0,3
mdp.39015001660789,210,0,1,3,CARDINAL,29,30
mdp.39015001660789,210,1,0,Mooney,PERSON,20,26
mdp.39015001660789,210,1,1,Myths of the Cherokee,WORK_OF_ART,28,49
mdp.39015001660789,210,1,2,315,CARDINAL,55,58
mdp.39015001660789,210,1,3,16,CARDINAL,59,61
mdp.39015001660789,210,1,4,466,CARDINAL,63,66
mdp.39015001660789,210,2,0,4,CARDINAL,0,1
mdp.39015001660789,210,15,0,Thomas,PERSON,34,40
mdp.39015001660789,210,17,0,Mooney,PERSON,139,145
mdp.39015001660789,210,17,1,Olbrechts,PERSON,150,159
mdp.39015001660789,210,17,2,The Swimmer Manuscript,WORK_OF_ART,161,183
mdp.39015001660789,210,17,3,20,CARDINAL,188,190
mdp.39015001660789,210,18,0,Oklahoma,GPE,0,8
mdp.39015001660789,210,18,1,Cherokee,NORP,9,17
mdp.39015001660789,210,19,0,one,CARDINAL,59,62
mdp.39015001660789,210,19,1,Cherokee,LANGUAGE,149,157
mdp.39015001660789,210,20,0,One,CARDINAL,0,3
mdp.39015001660789,210,21,0,12,CARDINAL,0,2
mdp.39015001660789,210,23,0,13,CARDINAL,0,2
mdp.39015001660789,210,26,0,Mooney,PERSON,0,6
mdp.39015001660789,210,26,1,Olbrechts,PERSON,11,20
mdp.39015001660789,210,26,2,The Swimmer Manuscript,WORK_OF_ART,22,44
mdp.39015001660789,210,26,3,155,CARDINAL,49,52
mdp.39015001660789,210,29,0,VII,CARDINAL,8,11
mdp.39015001660789,210,29,1,1,CARDINAL,12,13
mdp.39015001660789,210,31,0,2,CARDINAL,0,1
mdp.39015001660789,210,32,0,VIII,CARDINAL,8,12
mdp.39015001660789,210,32,1,1,CARDINAL,13,14
mdp.39015001660789,210,33,0,Mooney,PERSON,0,6
mdp.39015001660789,210,33,1,Sacred Formulas of the Cherokees,WORK_OF_ART,9,41
mdp.39015001660789,210,33,2,374,CARDINAL,47,50
mdp.39015001660789,210,34,0,2,CARDINAL,0,1
mdp.39015001660789,210,34,1,Mooney,PERSON,3,9
mdp.39015001660789,210,34,2,Olbrechts,PERSON,14,23
mdp.39015001660789,210,34,3,The Swimmer Manuscript,WORK_OF_ART,25,47
mdp.39015001660789,210,34,4,101,CARDINAL,52,55
mdp.39015001660789,210,35,0,3,CARDINAL,0,1
mdp.39015001660789,210,37,0,4,CARDINAL,0,1
mdp.39015001660789,210,39,0,5,CARDINAL,0,1
mdp.39015001660789,210,40,0,6,CARDINAL,0,1
mdp.39015001660789,210,40,1,Mooney,PERSON,3,9
mdp.39015001660789,210,40,2,Myths of the Cherokee,WORK_OF_ART,11,32
mdp.39015001660789,210,40,3,426,CARDINAL,38,41
mdp.39015001660789,210,41,0,7,CARDINAL,0,1
mdp.39015001660789,210,42,0,8,CARDINAL,0,1
mdp.39015001660789,210,44,0,9,CARDINAL,0,1
mdp.39015001660789,210,45,0,3,CARDINAL,9,10
mdp.39015001660789,210,45,1,IX 1,CARDINAL,27,31
mdp.39015001660789,210,46,0,Gilbert,PERSON,18,25
mdp.39015001660789,210,46,1,The Eastern Cherokees,WORK_OF_ART,27,48
mdp.39015001660789,210,46,2,268,CARDINAL,54,57
mdp.39015001660789,210,46,3,69,CARDINAL,58,60
mdp.39015001660789,210,46,4,337,CARDINAL,62,65
mdp.39015001660789,211,0,0,191,CARDINAL,6,9
mdp.39015001660789,211,2,0,2,CARDINAL,0,1
mdp.39015001660789,211,3,0,Mooney,PERSON,42,48
mdp.39015001660789,211,3,1,Myths of the Cherokee,WORK_OF_ART,50,71
mdp.39015001660789,211,3,2,311,CARDINAL,77,80
mdp.39015001660789,211,4,0,X 1,CARDINAL,8,11
mdp.39015001660789,211,5,0,first,ORDINAL,50,55
mdp.39015001660789,211,9,0,3,CARDINAL,0,1
mdp.39015001660789,211,10,0,Thunder,PERSON,84,91
mdp.39015001660789,211,11,0,4,CARDINAL,0,1
mdp.39015001660789,211,12,0,5,CARDINAL,0,1
mdp.39015001660789,211,20,0,XI,CARDINAL,8,10
mdp.39015001660789,211,20,1,1,CARDINAL,11,12
mdp.39015001660789,211,21,0,2,CARDINAL,0,1
mdp.39015001660789,211,22,0,Thunder,PERSON,12,19
mdp.39015001660789,211,23,0,3,CARDINAL,0,1
mdp.39015001660789,211,24,0,XII,CARDINAL,8,11
mdp.39015001660789,211,24,1,1,CARDINAL,12,13
mdp.39015001660789,211,25,0,Mooney,PERSON,4,10
mdp.39015001660789,211,25,1,Sacred Formulas of the Cherokees,WORK_OF_ART,13,45
mdp.39015001660789,211,25,2,391,CARDINAL,52,55
mdp.39015001660789,211,26,0,2,CARDINAL,0,1
mdp.39015001660789,211,27,0,3,CARDINAL,0,1
mdp.39015001660789,211,29,0,XIII,CARDINAL,8,12
mdp.39015001660789,211,29,1,1,CARDINAL,13,14
mdp.39015001660789,211,30,0,English,LANGUAGE,14,21
mdp.39015001660789,211,31,0,2,CARDINAL,0,1
mdp.39015001660789,211,32,0,3,CARDINAL,0,1
mdp.39015001660789,211,33,0,4,CARDINAL,0,1
mdp.39015001660789,211,34,0,two,CARDINAL,10,13
mdp.39015001660789,211,34,1,Kilpatrick,PERSON,44,54
mdp.39015001660789,211,34,2,The Siquanid Diltidegi Collection,WORK_OF_ART,56,89
mdp.39015001660789,211,34,3,5,CARDINAL,95,96
mdp.39015001660789,211,35,0,XIV,CARDINAL,8,11
mdp.39015001660789,211,35,1,1,CARDINAL,12,13
mdp.39015001660789,211,36,0,Vide Mooney,PERSON,0,11
mdp.39015001660789,211,36,1,Olbrechts,PERSON,16,25
mdp.39015001660789,211,36,2,The Swimmer Manuscript,WORK_OF_ART,27,49
mdp.39015001660789,211,36,3,28,CARDINAL,55,57
mdp.39015001660789,211,38,0,2,CARDINAL,0,1
mdp.39015001660789,211,40,0,XVI,CARDINAL,8,11
mdp.39015001660789,211,40,1,1,CARDINAL,12,13
mdp.39015001660789,212,0,0,192,CARDINAL,0,3
mdp.39015001660789,212,0,1,1,CARDINAL,42,43
mdp.39015001660789,212,1,0,Billy Pigeon's,PERSON,18,32
mdp.39015001660789,212,1,1,Shirley,PERSON,55,62
mdp.39015001660789,212,1,2,Law West of Fort Smith,WORK_OF_ART,64,86
mdp.39015001660789,212,1,3,56,CARDINAL,91,93
mdp.39015001660789,212,3,0,2,CARDINAL,0,1
mdp.39015001660789,212,4,0,Vide,PERSON,0,4
mdp.39015001660789,212,5,0,3,CARDINAL,0,1
mdp.39015001660789,212,8,0,4,CARDINAL,0,1
mdp.39015001660789,212,9,0,Vide Kilpatrick,PERSON,0,15
mdp.39015001660789,212,9,1,Kilpatrick,PERSON,20,30
mdp.39015001660789,212,9,2,141,CARDINAL,56,59
mdp.39015001660789,212,10,0,5,CARDINAL,0,1
mdp.39015001660789,212,12,0,6,CARDINAL,0,1
mdp.39015001660789,212,13,0,Vide Kilpatrick,PERSON,0,15
mdp.39015001660789,212,13,1,Kilpatrick,PERSON,20,30
mdp.39015001660789,212,13,2,141,CARDINAL,46,49
mdp.39015001660789,212,14,0,7,CARDINAL,0,1
mdp.39015001660789,212,15,0,Vide Mooney,PERSON,0,11
mdp.39015001660789,212,15,1,The Cherokee River Cult,WORK_OF_ART,14,37
mdp.39015001660789,212,16,0,8,CARDINAL,0,1
mdp.39015001660789,212,17,0,American Indian,NORP,152,167
mdp.39015001660789,212,17,1,Cherokee,NORP,203,211
mdp.39015001660789,212,18,0,Cherokee,NORP,105,113
mdp.39015001660789,212,18,1,Kilpatrick,PERSON,122,132
mdp.39015001660789,212,18,2,Kilpatrick,PERSON,137,147
mdp.39015001660789,212,18,3,The Foundation of Life,WORK_OF_ART,151,173
mdp.39015001660789,215,0,0,GILBERT,PERSON,13,20
mdp.39015001660789,215,0,1,WILLIAM HARLEN,PERSON,22,36
mdp.39015001660789,215,0,2,1943,DATE,42,46
mdp.39015001660789,215,1,0,The Eastern Cherokees,PERSON,0,21
mdp.39015001660789,215,2,0,"Anthropological Papers No. 23,",WORK_OF_ART,0,30
mdp.39015001660789,215,2,1,Bureau of American Ethnology,ORG,31,59
mdp.39015001660789,215,2,2,133,CARDINAL,70,73
mdp.39015001660789,215,2,3,169,CARDINAL,79,82
mdp.39015001660789,215,3,0,Washington,GPE,0,10
mdp.39015001660789,215,3,1,D.C. HAAS,GPE,12,21
mdp.39015001660789,215,3,2,MARY R.,PERSON,23,30
mdp.39015001660789,215,3,3,1961,DATE,31,35
mdp.39015001660789,215,4,0,Floyd G. Lounsbury's,PERSON,11,31
mdp.39015001660789,215,4,1,IroquoisCherokee Linguistic Relations,WORK_OF_ART,33,70
mdp.39015001660789,215,5,0,Symposium on Cherokee and Iroquois Culture,WORK_OF_ART,3,45
mdp.39015001660789,215,5,1,William N. Fenton,PERSON,47,64
mdp.39015001660789,215,5,2,John Gulick,PERSON,69,80
mdp.39015001660789,215,5,3,Bureau of American Ethnology,ORG,87,115
mdp.39015001660789,215,5,4,180,CARDINAL,126,129
mdp.39015001660789,215,5,5,19,CARDINAL,135,137
mdp.39015001660789,215,6,0,Washington,GPE,0,10
mdp.39015001660789,215,6,1,D. C. KILPATRICK,PERSON,12,28
mdp.39015001660789,215,6,2,JACK FREDERICK,PERSON,30,44
mdp.39015001660789,215,6,3,1962,DATE,45,49
mdp.39015001660789,215,8,0,Bridwell,ORG,0,8
mdp.39015001660789,215,8,1,195,CARDINAL,9,12
mdp.39015001660789,216,0,0,196 RUN TOWARD THE NIGHTLAND 1 Library,WORK_OF_ART,0,38
mdp.39015001660789,216,0,1,Southern Methodist University,ORG,40,69
mdp.39015001660789,216,0,2,Dallas,GPE,71,77
mdp.39015001660789,216,0,3,Texas,GPE,79,84
mdp.39015001660789,216,1,0,KILPATRICK,PERSON,0,10
mdp.39015001660789,216,1,1,"JACK F.,",PERSON,12,20
mdp.39015001660789,216,1,2,KILPATRICK,PERSON,25,35
mdp.39015001660789,216,1,3,ANNA G. 1964,DATE,37,49
mdp.39015001660789,216,2,0,Friends of Thunder,WORK_OF_ART,0,18
mdp.39015001660789,216,3,0,Southern Methodist University Press,ORG,0,35
mdp.39015001660789,216,3,1,Dallas,GPE,37,43
mdp.39015001660789,216,3,2,Texas,GPE,45,50
mdp.39015001660789,216,4,0,1964,DATE,0,4
mdp.39015001660789,216,5,0,The Foundation of Life,WORK_OF_ART,2,24
mdp.39015001660789,216,6,0,American Anthropologist,ORG,0,23
mdp.39015001660789,216,6,1,66,CARDINAL,30,32
mdp.39015001660789,216,6,2,6,CARDINAL,38,39
mdp.39015001660789,216,6,3,1,CARDINAL,45,46
mdp.39015001660789,216,6,4,1386,CARDINAL,52,56
mdp.39015001660789,216,7,0,1965,DATE,0,4
mdp.39015001660789,216,8,0,A Note on Cherokee Wind-Controlling Magic,WORK_OF_ART,1,42
mdp.39015001660789,216,8,1,Southern Folklore Quarterly,ORG,45,72
mdp.39015001660789,216,8,2,29,CARDINAL,79,81
mdp.39015001660789,216,8,3,3,CARDINAL,87,88
mdp.39015001660789,216,8,4,204,CARDINAL,94,97
mdp.39015001660789,216,9,0,1965,DATE,0,4
mdp.39015001660789,216,10,0,Walk in Your Soul: Love Incantations of the Oklahoma Cherokees,WORK_OF_ART,0,62
mdp.39015001660789,216,11,0,Southern Methodist University Press,ORG,0,35
mdp.39015001660789,216,11,1,Dallas,GPE,37,43
mdp.39015001660789,216,11,2,Texas,GPE,45,50
mdp.39015001660789,216,12,0,1966,DATE,0,4
mdp.39015001660789,216,13,0,Eastern Cherokee Folktales: Reconstructed from the Field Notes of Frans M. Olbrechts,WORK_OF_ART,0,84
mdp.39015001660789,216,14,0,"Anthropological Papers No. 80,",WORK_OF_ART,0,30
mdp.39015001660789,216,14,1,Bureau of American Ethnology,ORG,31,59
mdp.39015001660789,216,14,2,196,CARDINAL,70,73
mdp.39015001660789,216,14,3,379,CARDINAL,79,82
mdp.39015001660789,216,15,0,1967,DATE,0,4
mdp.39015001660789,216,16,0,Muskogean Charm Songs among the Oklahoma Cherokees,WORK_OF_ART,0,50
mdp.39015001660789,216,17,0,Smithsonian Contributions to Anthropology,ORG,0,41
mdp.39015001660789,216,17,1,2,CARDINAL,48,49
mdp.39015001660789,216,17,2,3,CARDINAL,55,56
mdp.39015001660789,216,17,3,29,CARDINAL,62,64
mdp.39015001660789,216,18,0,MOONEY,PERSON,0,6
mdp.39015001660789,216,18,1,JAMES 1891,DATE,8,18
mdp.39015001660789,216,19,0,Sacred Formulas of the Cherokees,WORK_OF_ART,1,33
mdp.39015001660789,216,20,0,"Seventh Annual Report, Bureau of American Ethnology",WORK_OF_ART,0,51
mdp.39015001660789,216,20,1,307,CARDINAL,57,60
mdp.39015001660789,216,21,0,Washington,GPE,0,10
mdp.39015001660789,216,21,1,D. C.,GPE,12,17
mdp.39015001660789,216,21,2,1900,DATE,18,22
mdp.39015001660789,216,22,0,Myths of the Cherokee,WORK_OF_ART,0,21
mdp.39015001660789,216,23,0,Nineteenth Annual Report,WORK_OF_ART,0,24
mdp.39015001660789,216,23,1,1,CARDINAL,30,31
mdp.39015001660789,216,23,2,Bureau of American Ethnology,ORG,33,61
mdp.39015001660789,216,23,3,3,CARDINAL,67,68
mdp.39015001660789,216,24,0,Washington,GPE,0,10
mdp.39015001660789,216,24,1,D. C.,GPE,12,17
mdp.39015001660789,216,24,2,1900,DATE,18,22
mdp.39015001660789,216,25,0,The Cherokee River Cult,WORK_OF_ART,1,24
mdp.39015001660789,216,26,0,Journal of American Folklore,WORK_OF_ART,0,28
mdp.39015001660789,216,26,1,13,CARDINAL,35,37
mdp.39015001660789,216,26,2,1,CARDINAL,43,44
mdp.39015001660789,216,27,0,MOONEY,PERSON,0,6
mdp.39015001660789,216,27,1,JAMES,PERSON,8,13
mdp.39015001660789,216,27,2,OLBRECHTS,PERSON,19,28
mdp.39015001660789,216,27,3,1932,DATE,39,43
mdp.39015001660789,216,28,0,The Swimmer Manuscript,WORK_OF_ART,0,22
mdp.39015001660789,216,29,0,Bureau of American Ethnology,ORG,0,28
mdp.39015001660789,216,29,1,99,CARDINAL,39,41
mdp.39015001660789,216,30,0,Washington,GPE,0,10
mdp.39015001660789,216,30,1,D. C.,GPE,12,17
mdp.39015001660789,217,0,0,SHIRLEY,PERSON,17,24
mdp.39015001660789,217,0,1,GLENN,PERSON,26,31
mdp.39015001660789,217,0,2,1961,DATE,32,36
mdp.39015001660789,217,1,0,Law West of Fort Smith,ORG,0,22
mdp.39015001660789,217,2,0,Collier Books,ORG,0,13
mdp.39015001660789,217,2,1,New York,GPE,15,23
mdp.39015001660789,217,3,0,SPECK,PERSON,0,5
mdp.39015001660789,217,3,1,"FRANK G.,",PERSON,7,16
mdp.39015001660789,217,3,2,BROOM,PERSON,21,26
mdp.39015001660789,217,3,3,LEONARD,PERSON,28,35
mdp.39015001660789,217,3,4,1951,DATE,36,40
mdp.39015001660789,217,4,0,Cherokee,NORP,0,8
mdp.39015001660789,217,5,0,University of California Press,ORG,0,30
mdp.39015001660789,217,5,1,Berkeley,GPE,32,40
mdp.39015001660789,217,5,2,Los Angeles,GPE,45,56
mdp.39015001660789,217,5,3,California,GPE,58,68
mdp.39015001660789,217,6,0,THOMAS,PERSON,0,6
mdp.39015001660789,217,6,1,ROBERT K. 1961,PERSON,8,22
mdp.39015001660789,217,7,0,The Redbird Smith Movement,WORK_OF_ART,1,27
mdp.39015001660789,217,8,0,Symposium on Cherokee and Iroquois Culture,WORK_OF_ART,3,45
mdp.39015001660789,217,8,1,William N. Fenton,PERSON,47,64
mdp.39015001660789,217,8,2,John Gulick,PERSON,69,80
mdp.39015001660789,217,9,0,Bureau of American Ethnology,ORG,0,28
mdp.39015001660789,217,9,1,180,CARDINAL,39,42
mdp.39015001660789,217,9,2,15966,CARDINAL,48,53
mdp.39015001660789,217,10,0,Washington,GPE,0,10
mdp.39015001660789,217,10,1,D. C.,PERSON,12,17
mdp.39015001660789,217,10,2,WITTHOFT,PERSON,18,26
mdp.39015001660789,217,10,3,JOHN,PERSON,28,32
mdp.39015001660789,217,10,4,HADLOCK,PERSON,38,45
mdp.39015001660789,217,10,5,WENDELL S. 1946,PERSON,47,62
mdp.39015001660789,217,11,0,Cherokee-Iroquois,NORP,1,18
mdp.39015001660789,217,12,0,Journal of American Folklore,ORG,0,28
mdp.39015001660789,217,12,1,59,CARDINAL,35,37
mdp.39015001660789,217,12,2,413,CARDINAL,43,46
mdp.39015001660789,222,0,0,MICHY MICHT,PERSON,61,72
mdp.39015001660789,222,0,1,DEC 182003,DATE,153,163
mdp.39015001660789,222,2,0,1817 GAN,DATE,56,64
mdp.39015001660789,222,4,0,APR 25,DATE,0,6
mdp.39015001660789,222,5,0,SCOTT NIVERS,PERSON,11,23
