vol_id,page,sentence_id,ent_id,entity,entity_type,start_char,end_char
mdp.39015041858088,3,0,0,A SEASON OF LOSS  O,WORK_OF_ART,0,19
mdp.39015041858088,3,0,1,Jim Barnes,PERSON,29,39
mdp.39015041858088,4,1,0,MICHIGAN,GPE,1,9
mdp.39015041858088,9,0,0,Jim Barnes,PERSON,26,36
mdp.39015041858088,9,0,1,West Lafayette,GPE,61,75
mdp.39015041858088,9,0,2,Indiana,GPE,77,84
mdp.39015041858088,10,0,0,1985,DATE,24,28
mdp.39015041858088,10,0,1,Purdue Research Foundation,ORG,32,58
mdp.39015041858088,10,0,2,West Lafayette,GPE,60,74
mdp.39015041858088,10,0,3,Indiana,GPE,76,83
mdp.39015041858088,10,0,4,47907,CARDINAL,84,89
mdp.39015041858088,10,3,0,1985,DATE,10,14
mdp.39015041858088,10,3,1,Library of Congress,ORG,15,34
mdp.39015041858088,10,3,2,Barnes,PERSON,66,72
mdp.39015041858088,10,3,3,Jim,PERSON,74,77
mdp.39015041858088,10,4,0,the United States of America,GPE,77,105
mdp.39015041858088,11,0,0,Carolyn,PERSON,10,17
mdp.39015041858088,12,0,0,3,CARDINAL,46,47
mdp.39015041858088,12,0,1,La Plata,GPE,52,60
mdp.39015041858088,12,0,2,Missouri,GPE,62,70
mdp.39015041858088,12,0,3,November,DATE,78,86
mdp.39015041858088,12,0,4,Crater Lake,LOC,111,122
mdp.39015041858088,12,0,5,Nevada,GPE,143,149
mdp.39015041858088,12,0,6,"September 26, 1874",DATE,259,277
mdp.39015041858088,12,0,7,the Oregon Coast,LOC,312,328
mdp.39015041858088,12,1,0,"Poison Spider Creek,",LOC,47,67
mdp.39015041858088,12,1,1,Wyoming,GPE,68,75
mdp.39015041858088,12,1,2,Four,CARDINAL,112,116
mdp.39015041858088,12,1,3,Choctaw Cemetery,FAC,141,157
mdp.39015041858088,12,1,4,19,CARDINAL,158,160
mdp.39015041858088,12,1,5,20,CARDINAL,169,171
mdp.39015041858088,12,2,0,24,CARDINAL,61,63
mdp.39015041858088,12,2,1,"A Sunday Dreamer's Guide to Yarrow, Missouri",WORK_OF_ART,83,127
mdp.39015041858088,12,2,2,27,CARDINAL,145,147
mdp.39015041858088,12,2,3,A Song for All of Them,WORK_OF_ART,148,170
mdp.39015041858088,12,2,4,A Season of Sun Dogs,WORK_OF_ART,174,194
mdp.39015041858088,12,2,5,29 26,CARDINAL,195,200
mdp.39015041858088,13,0,0,The Roundup Tavern,FAC,112,130
mdp.39015041858088,13,1,0,The Sentence 41 Notes for a Love Letter from Mid-America,WORK_OF_ART,90,146
mdp.39015041858088,13,1,1,"For Geoffrey Firmin, in Hell",WORK_OF_ART,172,200
mdp.39015041858088,13,1,2,"Surviving the Storm 50 Autobiography, Chapter X: Circus in the Blood 51 On Location at Tongue River 52",WORK_OF_ART,204,306
mdp.39015041858088,13,1,3,The Captive Stone 58 Parable 59 Accident at Three Mile Island 60,WORK_OF_ART,357,421
mdp.39015041858088,13,1,4,Season's End,DATE,525,537
mdp.39015041858088,13,1,5,66,CARDINAL,538,540
mdp.39015041858088,15,0,0,Seven,WORK_OF_ART,121,126
mdp.39015041858088,15,0,1,Bone Yard,WORK_OF_ART,129,138
mdp.39015041858088,15,0,2,West Coast Poetry Review:,ORG,141,166
mdp.39015041858088,15,0,3,"Paiute Ponies,",WORK_OF_ART,168,182
mdp.39015041858088,15,0,4,Thunderstorm in a Nevada Ghost Town,WORK_OF_ART,185,220
mdp.39015041858088,15,0,5,"Concerning Poetry: """,WORK_OF_ART,223,243
mdp.39015041858088,15,0,6,Halcyon Days,WORK_OF_ART,243,255
mdp.39015041858088,15,0,7,Beliot Poetry Journal,ORG,258,279
mdp.39015041858088,15,0,8,Near Crater Lake,WORK_OF_ART,282,298
mdp.39015041858088,15,0,9,A Rannaigheacht Ghairid on Spring Burning,WORK_OF_ART,331,372
mdp.39015041858088,15,0,10,Nimrod,WORK_OF_ART,375,381
mdp.39015041858088,15,0,11,Song of I-see-o,WORK_OF_ART,384,399
mdp.39015041858088,15,0,12,Long Pond Review,ORG,413,429
mdp.39015041858088,15,0,13,At the Burn on the Oregon Coast,WORK_OF_ART,432,463
mdp.39015041858088,15,0,14,CutBank,ORG,466,473
mdp.39015041858088,15,0,15,On the Mountain,WORK_OF_ART,476,491
mdp.39015041858088,15,0,16,"Sunday Clothes: """,WORK_OF_ART,494,511
mdp.39015041858088,15,0,17,"Right Place, Wrong Time,",WORK_OF_ART,511,535
mdp.39015041858088,15,0,18,Rabbits,WORK_OF_ART,538,545
mdp.39015041858088,15,0,19,"Postcard from Poison Spider Creek, Wyoming",WORK_OF_ART,561,603
mdp.39015041858088,15,0,20,Four Things Choctaw,WORK_OF_ART,607,626
mdp.39015041858088,15,0,21,Mississippi Review,ORG,629,647
mdp.39015041858088,15,0,22,"Trying to Hide Out on Rich Mountain,",WORK_OF_ART,650,686
mdp.39015041858088,15,0,23,Sweating It Out,WORK_OF_ART,689,704
mdp.39015041858088,15,0,24,Winding Stair Mountain,LOC,708,730
mdp.39015041858088,15,0,25,Choctaw Cemetery,WORK_OF_ART,744,760
mdp.39015041858088,15,0,26,Black Mesa Nocturn,WORK_OF_ART,764,782
mdp.39015041858088,15,0,27,Southwest Review,ORG,785,801
mdp.39015041858088,15,0,28,Black Mesa Sundown,WORK_OF_ART,804,822
mdp.39015041858088,15,0,29,Badlands Mirage,WORK_OF_ART,838,853
mdp.39015041858088,15,0,30,"A Sunday Dreamer's Guide to Yarrow, Missouri",WORK_OF_ART,863,907
mdp.39015041858088,15,0,31,A Song for All of Them,WORK_OF_ART,911,933
mdp.39015041858088,15,0,32,A Season of Loss,WORK_OF_ART,956,972
mdp.39015041858088,15,0,33,Pacific Quarterly Moana,ORG,975,998
mdp.39015041858088,15,0,34,A Season of Sun Dogs,WORK_OF_ART,1001,1021
mdp.39015041858088,15,0,35,The Arlington Quarterly,ORG,1024,1047
mdp.39015041858088,15,0,36,Dog Days,WORK_OF_ART,1050,1058
mdp.39015041858088,15,0,37,Southern Poetry Review,ORG,1061,1083
mdp.39015041858088,15,0,38,Rest Stop at Horse Thief Spring,WORK_OF_ART,1086,1117
mdp.39015041858088,15,0,39,Three Rivers Poetry Journal,ORG,1120,1147
mdp.39015041858088,15,0,40,Return to The Roundup Tavern,WORK_OF_ART,1150,1178
mdp.39015041858088,15,0,41,The Laurel Review,ORG,1181,1198
mdp.39015041858088,15,0,42,The Long Lone Nevada Night Highway,WORK_OF_ART,1201,1235
mdp.39015041858088,15,0,43,Yuma: The Greyhound Depot,WORK_OF_ART,1251,1276
mdp.39015041858088,15,0,44,Chicago Review,ORG,1279,1293
mdp.39015041858088,15,0,45,Notes for Love Letter from Mid-,WORK_OF_ART,1296,1327
mdp.39015041858088,15,0,46,River Styx:,WORK_OF_ART,1337,1348
mdp.39015041858088,15,0,47,Sundays,WORK_OF_ART,1350,1357
mdp.39015041858088,15,0,48,Twigs,WORK_OF_ART,1360,1365
mdp.39015041858088,15,0,49,"For Geoffrey Firmin, in Hell",WORK_OF_ART,1368,1396
mdp.39015041858088,15,0,50,On Location at Tongue River,WORK_OF_ART,1409,1436
mdp.39015041858088,15,0,51,Georgia,GPE,1439,1446
mdp.39015041858088,15,0,52,Prairie Schooner,ORG,1468,1484
mdp.39015041858088,15,0,53,Ghost Fog,WORK_OF_ART,1487,1496
mdp.39015041858088,15,0,54,St. Andrews Review,ORG,1499,1517
mdp.39015041858088,15,0,55,The Captive Stone,WORK_OF_ART,1520,1537
mdp.39015041858088,15,0,56,Accident at Three Mile Island,WORK_OF_ART,1554,1583
mdp.39015041858088,15,0,57,"La Plata, Missouri",GPE,1587,1605
mdp.39015041858088,15,0,58,Clear November Night,WORK_OF_ART,1607,1627
mdp.39015041858088,15,0,59,Cimarron Review,ORG,1630,1645
mdp.39015041858088,15,0,60,5,CARDINAL,1648,1649
mdp.39015041858088,15,0,61,Green River Review,ORG,1680,1698
mdp.39015041858088,15,0,62,Call It Going with the Sun,WORK_OF_ART,1701,1727
mdp.39015041858088,15,0,63,Rocky Mountain Review,ORG,1730,1751
mdp.39015041858088,15,0,64,"The Sentence,",WORK_OF_ART,1754,1767
mdp.39015041858088,15,0,65,"Autobiography, Chapter X: Circus in the Blood",WORK_OF_ART,1770,1815
mdp.39015041858088,15,0,66,"In Memory of a Day Nobody Remembers: September 26, 1874",WORK_OF_ART,1819,1874
mdp.39015041858088,15,0,67,"Coyote's Journal: """,WORK_OF_ART,1877,1896
mdp.39015041858088,15,0,68,Crow,WORK_OF_ART,1896,1900
mdp.39015041858088,15,0,69,Kentucky Poetry Review,ORG,1903,1925
mdp.39015041858088,15,0,70,Agni Review,ORG,1938,1949
mdp.39015041858088,15,0,71,Toy Soldiers,WORK_OF_ART,1952,1964
mdp.39015041858088,15,0,72,North Dakota Quarterly,ORG,1967,1989
mdp.39015041858088,15,0,73,"Decades,",WORK_OF_ART,1992,2000
mdp.39015041858088,15,0,74,Surviving the Storm,WORK_OF_ART,2003,2022
mdp.39015041858088,15,0,75,Texas Review,ORG,2025,2037
mdp.39015041858088,15,0,76,The Drowning,WORK_OF_ART,2040,2052
mdp.39015041858088,15,0,77,Poetry East,ORG,2055,2066
mdp.39015041858088,15,0,78,Dirge,WORK_OF_ART,2069,2074
mdp.39015041858088,15,0,79,The Point Riders Great Plains Poetry Anthology,ORG,2081,2127
mdp.39015041858088,15,0,80,January Wind,WORK_OF_ART,2130,2142
mdp.39015041858088,16,0,0,Carriers of the Dream Wheel: Contemporary Native American Poetry,WORK_OF_ART,37,101
mdp.39015041858088,16,0,1,Harper & Row,ORG,103,115
mdp.39015041858088,16,0,2,1975,DATE,117,121
mdp.39015041858088,16,0,3,Sweating It Out,WORK_OF_ART,125,140
mdp.39015041858088,16,0,4,The Captive Stone,WORK_OF_ART,170,187
mdp.39015041858088,16,0,5,Bone Yard,WORK_OF_ART,191,200
mdp.39015041858088,16,0,6,Paiute Ponies,WORK_OF_ART,204,217
mdp.39015041858088,16,0,7,Halcyon Days,WORK_OF_ART,225,237
mdp.39015041858088,16,1,0,"A Sunday Dreamer's Guide to Yarrow, Missouri",WORK_OF_ART,1,45
mdp.39015041858088,16,1,1,Heartland II: Poets of the Midwest,WORK_OF_ART,64,98
mdp.39015041858088,16,1,2,Northern Illinois University Press,ORG,100,134
mdp.39015041858088,16,1,3,1975,DATE,136,140
mdp.39015041858088,16,2,0,the National Endowment for the Arts,ORG,41,76
mdp.39015041858088,16,2,1,1978,DATE,90,94
mdp.39015041858088,16,2,2,Fellowship in Poetry,ORG,95,115
mdp.39015041858088,17,0,0,1,CARDINAL,0,1
mdp.39015041858088,19,0,0,Bone Yard,PERSON,3,12
mdp.39015041858088,19,3,0,-N. Scott Momaday,PERSON,0,17
mdp.39015041858088,19,3,1,The Way to Rainy Mountain,WORK_OF_ART,19,44
mdp.39015041858088,21,0,0,BONE YARD A hundred buffalo,QUANTITY,0,27
mdp.39015041858088,21,6,0,winter,DATE,16,22
mdp.39015041858088,21,7,0,3,CARDINAL,0,1
mdp.39015041858088,22,1,0,Winnemucca,GPE,111,121
mdp.39015041858088,22,3,0,the night,TIME,18,27
mdp.39015041858088,22,4,0,summer,DATE,60,66
mdp.39015041858088,22,5,0,centuries,DATE,55,64
mdp.39015041858088,22,9,0,centuries,DATE,72,81
mdp.39015041858088,23,0,0,LA PLATA,GPE,0,8
mdp.39015041858088,23,0,1,MISSOURI,GPE,10,18
mdp.39015041858088,23,0,2,NOVEMBER NIGHT,DATE,26,40
mdp.39015041858088,23,0,3,Dagmar Nick,PERSON,45,56
mdp.39015041858088,23,1,0,Last night,TIME,0,10
mdp.39015041858088,23,1,1,La Plata,GPE,14,22
mdp.39015041858088,23,1,2,the Santa Fe,PRODUCT,110,122
mdp.39015041858088,23,2,0,last night,TIME,23,33
mdp.39015041858088,23,2,1,Leonids,NORP,38,45
mdp.39015041858088,23,2,2,Amish,NORP,99,104
mdp.39015041858088,23,9,0,November,DATE,41,49
mdp.39015041858088,23,10,0,5,CARDINAL,0,1
mdp.39015041858088,24,0,0,HALCYON DAYS,DATE,0,12
mdp.39015041858088,24,0,1,Charlie Wolf,PERSON,13,25
mdp.39015041858088,24,0,2,winter,DATE,96,102
mdp.39015041858088,24,1,0,Rhode Island,GPE,147,159
mdp.39015041858088,24,3,0,Charlie,PERSON,4,11
mdp.39015041858088,24,3,1,Choctaw,NORP,139,146
mdp.39015041858088,24,4,0,Charlie,PERSON,30,37
mdp.39015041858088,24,4,1,Arkansas,LOC,74,82
mdp.39015041858088,24,5,0,Christmas,DATE,81,90
mdp.39015041858088,26,0,0,NEVADA,GPE,18,24
mdp.39015041858088,26,1,0,Winnemucca,GPE,53,63
mdp.39015041858088,26,6,0,morning,TIME,62,69
mdp.39015041858088,26,7,0,Hong Kong,GPE,43,52
mdp.39015041858088,26,7,1,Himalayan,NORP,61,70
mdp.39015041858088,26,10,0,8,CARDINAL,0,1
mdp.39015041858088,27,0,0,SPRING,DATE,27,33
mdp.39015041858088,27,4,0,spring,DATE,38,44
mdp.39015041858088,27,8,0,spring,DATE,16,22
mdp.39015041858088,28,0,0,SONG OF I-SEE-O,PERSON,0,15
mdp.39015041858088,28,3,0,winter,DATE,37,43
mdp.39015041858088,28,4,0,Quohada,GPE,49,56
mdp.39015041858088,28,6,0,the Moon of Falling Leaves,WORK_OF_ART,36,62
mdp.39015041858088,28,8,0,Maman-ti,PERSON,38,46
mdp.39015041858088,28,9,0,Satanta,GPE,30,37
mdp.39015041858088,28,9,1,Gui-pah-go,GPE,42,52
mdp.39015041858088,28,10,0,the Moon of Going Geese,LOC,22,45
mdp.39015041858088,28,10,1,Tay-nay-angopte,PERSON,51,66
mdp.39015041858088,28,11,0,Rainy Mountain,LOC,25,39
mdp.39015041858088,28,14,0,Tahbone-mah,PERSON,3,14
mdp.39015041858088,28,17,0,nights,TIME,29,35
mdp.39015041858088,28,18,0,the Great Milky Way,LOC,85,104
mdp.39015041858088,28,19,0,Rainy Mountain,LOC,25,39
mdp.39015041858088,28,20,0,Tahbone-mah,PERSON,6,17
mdp.39015041858088,28,20,1,I-see-o.,PERSON,32,40
mdp.39015041858088,28,21,0,"March 11, 1927",DATE,5,19
mdp.39015041858088,28,22,0,Kiowa,NORP,0,5
mdp.39015041858088,28,22,1,Scott,PERSON,49,54
mdp.39015041858088,28,23,0,one,CARDINAL,10,13
mdp.39015041858088,28,23,1,Kiowa,NORP,27,32
mdp.39015041858088,28,24,0,Gui-pah-go,PERSON,32,42
mdp.39015041858088,28,24,1,Tay-nay-angopte,PERSON,60,75
mdp.39015041858088,28,24,2,Kiowa,NORP,96,101
mdp.39015041858088,28,25,0,the Days of Many Horses,EVENT,3,26
mdp.39015041858088,28,25,1,Kiowas,NORP,36,42
mdp.39015041858088,28,25,2,Comanches,ORG,47,56
mdp.39015041858088,28,25,3,Rainy Mountain,LOC,58,72
mdp.39015041858088,28,25,4,Rainy Mountain Creek,LOC,77,97
mdp.39015041858088,28,25,5,Oklahoma,GPE,114,122
mdp.39015041858088,28,25,6,10,CARDINAL,225,227
mdp.39015041858088,29,0,0,5,CARDINAL,2,3
mdp.39015041858088,29,1,0,"September 26, 1874",DATE,37,55
mdp.39015041858088,29,2,0,Buffalo,PERSON,50,57
mdp.39015041858088,29,3,0,days,DATE,13,17
mdp.39015041858088,29,4,0,Indians,NORP,5,12
mdp.39015041858088,29,4,1,Chock,PRODUCT,22,27
mdp.39015041858088,29,4,2,Thunderbird,PRODUCT,32,43
mdp.39015041858088,29,5,0,Tule Creek,LOC,58,68
mdp.39015041858088,29,8,0,Isatai,PERSON,0,6
mdp.39015041858088,29,8,1,Adobe Walls,FAC,41,52
mdp.39015041858088,29,9,0,Maman-ti,PERSON,3,11
mdp.39015041858088,29,9,1,Tay-nay-angopte,PERSON,51,66
mdp.39015041858088,29,12,0,just one,CARDINAL,25,33
mdp.39015041858088,29,12,1,two,CARDINAL,37,40
mdp.39015041858088,29,13,0,Palo Duro Canyon,LOC,0,16
mdp.39015041858088,29,14,0,K'ya-been's,FAC,0,11
mdp.39015041858088,29,16,0,the night of the 26th,TIME,4,25
mdp.39015041858088,29,16,1,Mackenzie,PERSON,35,44
mdp.39015041858088,29,16,2,Fort Sill,FAC,65,74
mdp.39015041858088,29,16,3,Kiowas,NORP,120,126
mdp.39015041858088,29,16,4,Comanches,NORP,131,140
mdp.39015041858088,29,16,5,Buffalo,PERSON,155,162
mdp.39015041858088,29,18,0,The next day,DATE,0,12
mdp.39015041858088,29,18,1,"between 1,000 ind 1,400",CARDINAL,38,61
mdp.39015041858088,29,18,2,Indian,NORP,62,68
mdp.39015041858088,29,18,3,Tule Creek,LOC,94,104
mdp.39015041858088,29,19,0,11,CARDINAL,0,2
mdp.39015041858088,30,0,0,JANUARY,DATE,0,7
mdp.39015041858088,30,5,0,January,DATE,31,38
mdp.39015041858088,30,6,0,12,CARDINAL,0,2
mdp.39015041858088,31,0,0,THE OREGON Coast,LOC,15,31
mdp.39015041858088,31,3,0,the day,DATE,77,84
mdp.39015041858088,31,5,0,13,CARDINAL,0,2
mdp.39015041858088,32,8,0,14,CARDINAL,0,2
mdp.39015041858088,33,1,0,two,CARDINAL,59,62
mdp.39015041858088,33,2,0,-Black Elk,PERSON,0,10
mdp.39015041858088,33,2,1,an Oglala Sioux,NORP,12,27
mdp.39015041858088,33,3,0,Lame Johnny's,PERSON,3,16
mdp.39015041858088,33,3,1,one,CARDINAL,35,38
mdp.39015041858088,33,3,2,Sioux,NORP,53,58
mdp.39015041858088,33,3,3,Hermosa,GPE,101,108
mdp.39015041858088,33,5,0,four,CARDINAL,13,17
mdp.39015041858088,33,7,0,Lame Johnny's,PERSON,0,13
mdp.39015041858088,33,7,1,one,CARDINAL,14,17
mdp.39015041858088,33,8,0,all day,DATE,10,17
mdp.39015041858088,33,8,1,Lame Johnny,PERSON,25,36
mdp.39015041858088,34,0,0,POISON SPIDER CREEK,LOC,14,33
mdp.39015041858088,34,0,1,WYOMING,GPE,35,42
mdp.39015041858088,34,3,0,70 plus,CARDINAL,93,100
mdp.39015041858088,34,7,0,16,CARDINAL,0,2
mdp.39015041858088,35,0,0,RICH MOUNTAIN,LOC,22,35
mdp.39015041858088,35,7,0,One year's,DATE,0,10
mdp.39015041858088,35,7,1,Dutchmen,NORP,72,80
mdp.39015041858088,35,7,2,Wilhelmina,PERSON,100,110
mdp.39015041858088,35,10,0,Forty years,DATE,0,11
mdp.39015041858088,35,10,1,Caterpiller,PRODUCT,181,192
mdp.39015041858088,35,11,0,The day,DATE,0,7
mdp.39015041858088,35,15,0,The day,DATE,0,7
mdp.39015041858088,35,16,0,Weekend,DATE,0,7
mdp.39015041858088,35,16,1,Tulsa,GPE,24,29
mdp.39015041858088,35,17,0,Four,CARDINAL,0,4
mdp.39015041858088,35,17,1,Hot Springs,LOC,53,64
mdp.39015041858088,35,18,0,The day,DATE,0,7
mdp.39015041858088,35,22,0,Indians,NORP,25,32
mdp.39015041858088,35,23,0,17,CARDINAL,0,2
mdp.39015041858088,36,0,0,FOUR,CARDINAL,0,4
mdp.39015041858088,36,0,1,1,CARDINAL,20,21
mdp.39015041858088,36,1,0,Nashoba,GPE,0,7
mdp.39015041858088,36,2,0,Wolf,PERSON,38,42
mdp.39015041858088,36,2,1,2,CARDINAL,94,95
mdp.39015041858088,36,3,0,Isuba,PRODUCT,0,5
mdp.39015041858088,36,4,0,one,CARDINAL,11,14
mdp.39015041858088,36,4,1,less than twenty,CARDINAL,15,31
mdp.39015041858088,36,6,0,Chahta isuba cheli.,PERSON,0,19
mdp.39015041858088,36,7,0,Choctaws,NORP,5,13
mdp.39015041858088,36,8,0,isuba,GPE,8,13
mdp.39015041858088,36,8,1,winter,DATE,26,32
mdp.39015041858088,36,9,0,3,CARDINAL,0,1
mdp.39015041858088,36,10,0,Baii,GPE,0,4
mdp.39015041858088,36,13,0,4,CARDINAL,0,1
mdp.39015041858088,36,18,0,1 18,CARDINAL,20,24
mdp.39015041858088,37,0,0,four,CARDINAL,52,56
mdp.39015041858088,37,2,0,short years,DATE,11,22
mdp.39015041858088,37,4,0,19,CARDINAL,11,13
mdp.39015041858088,38,3,0,thousand,CARDINAL,99,107
mdp.39015041858088,38,4,0,20,CARDINAL,0,2
mdp.39015041858088,39,2,0,this sundown,TIME,9,21
mdp.39015041858088,39,3,0,21,CARDINAL,0,2
mdp.39015041858088,40,0,0,SANTA FE,GPE,8,16
mdp.39015041858088,40,2,0,Santa Fe,GPE,8,16
mdp.39015041858088,40,3,0,an afternoon,TIME,27,39
mdp.39015041858088,40,7,0,Days,DATE,0,4
mdp.39015041858088,40,10,0,night,TIME,118,123
mdp.39015041858088,40,12,0,Wally Whitedeer,PERSON,0,15
mdp.39015041858088,40,12,1,Samson Sorefoot,PERSON,125,140
mdp.39015041858088,40,13,0,a weekend,DATE,17,26
mdp.39015041858088,40,15,0,Five dollars,MONEY,0,12
mdp.39015041858088,40,15,1,Hopi,NORP,28,32
mdp.39015041858088,40,16,0,Janey Feather's,PERSON,27,42
mdp.39015041858088,41,1,0,Santa Fe,GPE,16,24
mdp.39015041858088,41,2,0,minutes,TIME,47,54
mdp.39015041858088,41,2,1,Tewas,NORP,82,87
mdp.39015041858088,41,2,2,Mexican,NORP,164,171
mdp.39015041858088,41,3,0,April,DATE,18,23
mdp.39015041858088,41,6,0,Galeria del Sol,FAC,0,15
mdp.39015041858088,41,6,1,An Afternoon of Rest,WORK_OF_ART,25,45
mdp.39015041858088,41,8,0,nine months,DATE,9,20
mdp.39015041858088,41,8,1,Santa Fe,GPE,35,43
mdp.39015041858088,42,0,0,BLACK MESA NOCTURN,PERSON,0,18
mdp.39015041858088,42,4,0,a hundred,CARDINAL,28,37
mdp.39015041858088,42,6,0,24,CARDINAL,0,2
mdp.39015041858088,43,0,0,BADLANDS MIRAGE,GPE,0,15
mdp.39015041858088,43,4,0,25,CARDINAL,0,2
mdp.39015041858088,44,0,0,SUNDAY,DATE,2,8
mdp.39015041858088,44,0,1,YARROW,GPE,28,34
mdp.39015041858088,44,0,2,MISSOURI,GPE,36,44
mdp.39015041858088,44,0,3,Brian,PERSON,49,54
mdp.39015041858088,44,0,4,Sharon Bedard,PERSON,59,72
mdp.39015041858088,44,6,0,Rainbow Bread,ORG,0,13
mdp.39015041858088,44,6,1,Stamper Feeds,ORG,38,51
mdp.39015041858088,44,8,0,Yarrow,GPE,0,6
mdp.39015041858088,44,14,0,26,CARDINAL,0,2
mdp.39015041858088,45,2,0,half,CARDINAL,39,43
mdp.39015041858088,45,6,0,27,CARDINAL,0,2
mdp.39015041858088,46,1,0,all years,DATE,59,68
mdp.39015041858088,46,2,0,this one night,TIME,10,24
mdp.39015041858088,46,10,0,28,CARDINAL,0,2
mdp.39015041858088,47,1,0,days,DATE,4,8
mdp.39015041858088,47,9,0,Baton Rouge,GPE,48,59
mdp.39015041858088,47,10,0,Gulf,LOC,31,35
mdp.39015041858088,47,14,0,two,CARDINAL,16,19
mdp.39015041858088,47,20,0,29,CARDINAL,0,2
mdp.39015041858088,49,0,0,II,CARDINAL,0,2
mdp.39015041858088,49,0,1,le cri du poignardé,FAC,78,97
mdp.39015041858088,49,2,0,-Henri Michaux,PERSON,0,14
mdp.39015041858088,49,2,1,La Lettre,GPE,16,25
mdp.39015041858088,51,0,0,the sultry August,DATE,17,34
mdp.39015041858088,51,1,0,half,CARDINAL,137,141
mdp.39015041858088,51,2,0,the sultry August,DATE,8,25
mdp.39015041858088,52,3,0,every year,DATE,18,28
mdp.39015041858088,52,7,0,Three thousand feet,QUANTITY,0,19
mdp.39015041858088,52,7,1,winter,DATE,152,158
mdp.39015041858088,52,11,0,Miles,CARDINAL,0,5
mdp.39015041858088,52,11,1,long days,DATE,106,115
mdp.39015041858088,52,12,0,five minutes,TIME,9,21
mdp.39015041858088,52,13,0,34,CARDINAL,0,2
mdp.39015041858088,53,3,0,Three,CARDINAL,0,5
mdp.39015041858088,53,6,0,Last night,TIME,0,10
mdp.39015041858088,53,7,0,one,CARDINAL,20,23
mdp.39015041858088,53,7,1,summer,DATE,94,100
mdp.39015041858088,53,8,0,Nearly forty years,DATE,0,18
mdp.39015041858088,53,11,0,sundown,TIME,23,30
mdp.39015041858088,53,13,0,35,CARDINAL,0,2
mdp.39015041858088,54,0,0,Oregonians,NORP,37,47
mdp.39015041858088,54,0,1,sundown,TIME,106,113
mdp.39015041858088,54,1,0,last Sunday's,DATE,48,61
mdp.39015041858088,54,1,1,Klamath Falls,GPE,71,84
mdp.39015041858088,54,2,0,Mercantile,FAC,122,132
mdp.39015041858088,54,6,0,half,CARDINAL,14,18
mdp.39015041858088,54,6,1,dusk,TIME,48,52
mdp.39015041858088,54,13,0,Pete,PERSON,4,8
mdp.39015041858088,54,14,0,Ike,PERSON,4,7
mdp.39015041858088,54,14,1,one,CARDINAL,40,43
mdp.39015041858088,54,15,0,Ivan,PERSON,0,4
mdp.39015041858088,54,17,0,Wurlitzer,PERSON,9,18
mdp.39015041858088,54,17,1,Williams,PERSON,35,43
mdp.39015041858088,54,17,2,Reeves,PERSON,48,54
mdp.39015041858088,54,17,3,Cline,PERSON,59,64
mdp.39015041858088,54,18,0,36,CARDINAL,0,2
mdp.39015041858088,55,0,0,NEVADA,GPE,14,20
mdp.39015041858088,55,0,1,Nevada,GPE,97,103
mdp.39015041858088,55,0,2,two,CARDINAL,132,135
mdp.39015041858088,55,0,3,one,CARDINAL,208,211
mdp.39015041858088,55,2,0,Nevada,GPE,46,52
mdp.39015041858088,55,7,0,Nevada,GPE,233,239
mdp.39015041858088,56,0,0,DIRGE,PERSON,0,5
mdp.39015041858088,57,0,0,the hour,TIME,39,47
mdp.39015041858088,57,4,0,first,ORDINAL,6,11
mdp.39015041858088,57,8,0,my second decade,DATE,3,19
mdp.39015041858088,57,8,1,first,ORDINAL,53,58
mdp.39015041858088,57,10,0,yesterdays,DATE,68,78
mdp.39015041858088,57,11,0,the Eighth Air Force,ORG,18,38
mdp.39015041858088,57,13,0,those hard years,DATE,3,19
mdp.39015041858088,57,13,1,first,ORDINAL,25,30
mdp.39015041858088,57,15,0,first,ORDINAL,48,53
mdp.39015041858088,57,16,0,"that long, slow decade",DATE,3,25
mdp.39015041858088,57,17,0,one moment,TIME,124,134
mdp.39015041858088,58,0,0,YUMA,GPE,0,4
mdp.39015041858088,58,2,0,One,CARDINAL,0,3
mdp.39015041858088,58,5,0,Years later,DATE,0,11
mdp.39015041858088,58,5,1,Yuma,GPE,44,48
mdp.39015041858088,58,6,0,40,CARDINAL,0,2
mdp.39015041858088,59,1,0,only a few moments,TIME,28,46
mdp.39015041858088,59,11,0,41,CARDINAL,0,2
mdp.39015041858088,60,0,0,Mid-AMERICA,PERSON,29,40
mdp.39015041858088,60,3,0,Seattle,GPE,7,14
mdp.39015041858088,60,4,0,1,CARDINAL,0,1
mdp.39015041858088,60,7,0,Mid,LOC,0,3
mdp.39015041858088,60,7,1,-,LOC,3,4
mdp.39015041858088,60,7,2,America,LOC,4,11
mdp.39015041858088,60,7,3,November,DATE,20,28
mdp.39015041858088,60,10,0,A season,DATE,0,8
mdp.39015041858088,60,10,1,a season,DATE,26,34
mdp.39015041858088,60,10,2,Mid,LOC,98,101
mdp.39015041858088,60,10,3,-,LOC,101,102
mdp.39015041858088,60,10,4,America,LOC,102,109
mdp.39015041858088,60,10,5,our elliptical days,DATE,134,153
mdp.39015041858088,60,11,0,2,CARDINAL,0,1
mdp.39015041858088,60,14,0,42,CARDINAL,0,2
mdp.39015041858088,61,0,0,half,CARDINAL,90,94
mdp.39015041858088,61,6,0,3,CARDINAL,0,1
mdp.39015041858088,61,7,0,Lost River,LOC,0,10
mdp.39015041858088,61,10,0,years,DATE,64,69
mdp.39015041858088,61,11,0,43,CARDINAL,0,2
mdp.39015041858088,62,4,0,4,CARDINAL,0,1
mdp.39015041858088,62,6,0,Mid,LOC,148,151
mdp.39015041858088,62,6,1,-,LOC,151,152
mdp.39015041858088,62,7,0,44,CARDINAL,0,2
mdp.39015041858088,63,0,0,SUNDAYS,DATE,0,7
mdp.39015041858088,63,3,0,this Sunday,DATE,19,30
mdp.39015041858088,63,14,0,one,CARDINAL,35,38
mdp.39015041858088,64,0,0,GEOFFREY FIRMIN,PERSON,4,19
mdp.39015041858088,64,5,0,-Malcolm Lowry,PERSON,0,14
mdp.39015041858088,64,5,1,Under the Volcano,WORK_OF_ART,16,33
mdp.39015041858088,64,7,0,Parián,GPE,158,164
mdp.39015041858088,64,8,0,Mictlan,GPE,179,186
mdp.39015041858088,65,0,0,Firmin,GPE,44,50
mdp.39015041858088,65,2,0,Parián,GPE,22,28
mdp.39015041858088,65,4,0,47,CARDINAL,0,2
mdp.39015041858088,66,0,0,1,CARDINAL,8,9
mdp.39015041858088,66,13,0,2,CARDINAL,0,1
mdp.39015041858088,67,3,0,3,CARDINAL,0,1
mdp.39015041858088,68,1,0,The night,TIME,0,9
mdp.39015041858088,68,2,0,the night,TIME,11,20
mdp.39015041858088,68,3,0,Baptist,NORP,193,200
mdp.39015041858088,68,7,0,a billion,CARDINAL,12,21
mdp.39015041858088,68,18,0,50,CARDINAL,0,2
mdp.39015041858088,69,0,0,X,CARDINAL,23,24
mdp.39015041858088,69,2,0,forty years,DATE,41,52
mdp.39015041858088,69,2,1,dog days,DATE,174,182
mdp.39015041858088,69,3,0,August,DATE,40,46
mdp.39015041858088,69,4,0,one,CARDINAL,86,89
mdp.39015041858088,69,8,0,51,CARDINAL,0,2
mdp.39015041858088,70,0,0,TONGUE RIVER,GPE,15,27
mdp.39015041858088,70,0,1,Half,CARDINAL,28,32
mdp.39015041858088,70,0,2,Goodman,PERSON,65,72
mdp.39015041858088,70,0,3,Custer,PERSON,136,142
mdp.39015041858088,70,1,0,two,CARDINAL,20,23
mdp.39015041858088,70,4,0,first,ORDINAL,11,16
mdp.39015041858088,70,5,0,two,CARDINAL,25,28
mdp.39015041858088,70,6,0,52,CARDINAL,0,2
mdp.39015041858088,71,3,0,Three,CARDINAL,0,5
mdp.39015041858088,71,9,0,Three,CARDINAL,0,5
mdp.39015041858088,71,18,0,53,CARDINAL,0,2
mdp.39015041858088,72,1,0,a day,DATE,97,102
mdp.39015041858088,72,1,1,first,ORDINAL,149,154
mdp.39015041858088,74,1,0,HEARTLAND,PERSON,0,9
mdp.39015041858088,74,5,0,summer,DATE,70,76
mdp.39015041858088,75,0,0,GHOST FOG,PERSON,0,9
mdp.39015041858088,75,0,1,Indian,NORP,21,27
mdp.39015041858088,75,2,0,Buffalo,PERSON,12,19
mdp.39015041858088,75,3,0,K'ya-been,PERSON,69,78
mdp.39015041858088,75,4,0,-Mumsukawa,PERSON,0,10
mdp.39015041858088,75,4,1,Comanche,NORP,14,22
mdp.39015041858088,75,5,0,Tule Creek,LOC,55,65
mdp.39015041858088,75,6,0,first,ORDINAL,7,12
mdp.39015041858088,75,7,0,Palo Duro Canyon,LOC,122,138
mdp.39015041858088,75,7,1,Maman-ti's,PERSON,234,244
mdp.39015041858088,75,8,0,Texas,GPE,25,30
mdp.39015041858088,75,12,0,this dark dawn,TIME,11,25
mdp.39015041858088,75,13,0,A hundred years,DATE,0,15
mdp.39015041858088,75,13,1,Buffalo,GPE,50,57
mdp.39015041858088,75,17,0,Amarillo,GPE,73,81
mdp.39015041858088,75,17,1,Lubbock,GPE,82,89
mdp.39015041858088,75,20,0,Comanche,ORG,26,34
mdp.39015041858088,75,20,1,Tonkawas,NORP,56,64
mdp.39015041858088,75,21,0,57,CARDINAL,0,2
mdp.39015041858088,76,0,0,Heavener,GPE,21,29
mdp.39015041858088,76,0,1,Oklahoma,GPE,31,39
mdp.39015041858088,76,0,2,Yggdrasil,NORP,117,126
mdp.39015041858088,76,0,3,Park,FAC,196,200
mdp.39015041858088,76,1,0,Odin,PERSON,244,248
mdp.39015041858088,76,3,0,58,CARDINAL,0,2
mdp.39015041858088,77,0,0,midnight,TIME,15,23
mdp.39015041858088,77,5,0,summer,DATE,41,47
mdp.39015041858088,77,9,0,59,CARDINAL,0,2
mdp.39015041858088,78,0,0,"THREE MILE Island "". . .",QUANTITY,12,36
mdp.39015041858088,78,2,0,-W. H. Auden,PERSON,20,32
mdp.39015041858088,78,4,0,Canada,GPE,103,109
mdp.39015041858088,78,8,0,two,CARDINAL,186,189
mdp.39015041858088,78,9,0,summer,DATE,116,122
mdp.39015041858088,78,10,0,60,CARDINAL,0,2
mdp.39015041858088,79,2,0,miles,TIME,44,49
mdp.39015041858088,79,6,0,Buchenwald,GPE,32,42
mdp.39015041858088,79,6,1,one,CARDINAL,65,68
mdp.39015041858088,79,6,2,Jew,NORP,69,72
mdp.39015041858088,79,7,0,forty odd years past,DATE,4,24
mdp.39015041858088,79,7,1,three,CARDINAL,98,103
mdp.39015041858088,79,9,0,61,CARDINAL,0,2
mdp.39015041858088,80,1,0,his short staggered days,DATE,262,286
mdp.39015041858088,80,19,0,62,CARDINAL,0,2
mdp.39015041858088,81,9,0,63,CARDINAL,0,2
mdp.39015041858088,82,1,0,Fourche Maline,LOC,6,20
mdp.39015041858088,82,1,1,Holson Creek,LOC,31,43
mdp.39015041858088,82,7,0,Caddoes,NORP,16,23
mdp.39015041858088,82,7,1,pre-Columbians,NORP,27,41
mdp.39015041858088,82,11,0,A minute,TIME,0,8
mdp.39015041858088,82,14,0,the other day,DATE,18,31
mdp.39015041858088,82,18,0,64,CARDINAL,0,2
mdp.39015041858088,83,9,0,eight to five,TIME,12,25
mdp.39015041858088,83,12,0,65,CARDINAL,0,2
mdp.39015041858088,84,0,0,5,CARDINAL,0,1
mdp.39015041858088,84,0,1,SEASON,DATE,17,23
mdp.39015041858088,84,0,2,Carson & Barnes,ORG,31,46
mdp.39015041858088,84,6,0,one,CARDINAL,48,51
mdp.39015041858088,84,6,1,two,CARDINAL,56,59
mdp.39015041858088,84,11,0,one,CARDINAL,4,7
mdp.39015041858088,84,13,0,3-foot-6.,QUANTITY,45,54
mdp.39015041858088,84,18,0,66,CARDINAL,0,2
mdp.39015041858088,87,1,0,Jim Barnes,PERSON,0,10
mdp.39015041858088,87,1,1,The Fish on Poteau Mountain,WORK_OF_ART,28,55
mdp.39015041858088,87,1,2,1980,DATE,57,61
mdp.39015041858088,87,1,3,The American Book of the Dead,WORK_OF_ART,67,96
mdp.39015041858088,87,1,4,1982,DATE,98,102
mdp.39015041858088,87,2,0,1980,DATE,3,7
mdp.39015041858088,87,2,1,Columbia University,ORG,46,65
mdp.39015041858088,87,2,2,Summons and Sign: Poems,WORK_OF_ART,86,109
mdp.39015041858088,87,2,3,Dagmar Nick,PERSON,113,124
mdp.39015041858088,87,3,0,The Chariton Review,ORG,27,46
mdp.39015041858088,87,3,1,Northeast Missouri State University,ORG,100,135
mdp.39015041858088,87,4,0,Choctaw,LANGUAGE,4,11
mdp.39015041858088,87,4,1,Carriers of the Dream Wheel: Contemporary Native American Poetry,WORK_OF_ART,80,144
mdp.39015041858088,87,4,2,The Nation,ORG,146,156
mdp.39015041858088,87,4,3,Missouri Review,ORG,158,173
mdp.39015041858088,87,4,4,Mundus Artium,ORG,175,188
mdp.39015041858088,87,4,5,Georgia Review,ORG,194,208
mdp.39015041858088,88,0,0,Purdue All That So Simple,ORG,17,42
mdp.39015041858088,88,0,1,Neil Myers,PERSON,43,53
mdp.39015041858088,88,3,0,Arturo Vivante,PERSON,2,16
mdp.39015041858088,88,3,1,72,CARDINAL,19,21
mdp.39015041858088,88,3,2,0-911198-56-3,CARDINAL,47,60
mdp.39015041858088,88,3,3,4.00,MONEY,63,67
mdp.39015041858088,88,3,4,The Artist and the Crow Dan Stryk,WORK_OF_ART,68,101
mdp.39015041858088,88,8,0,96,CARDINAL,153,155
mdp.39015041858088,88,8,1,5.25,MONEY,197,201
mdp.39015041858088,90,0,0,MAY 1999,DATE,68,76
mdp.39015041858088,90,0,1,MAY 22 1999 APR 1/201,DATE,90,111
mdp.39015041858088,94,0,0,5.50,MONEY,1,5
mdp.39015041858088,94,0,1,Jim Barnes,PERSON,7,17
mdp.39015041858088,94,1,0,A Season of Loss,WORK_OF_ART,0,16
mdp.39015041858088,94,2,0,our season,DATE,28,38
mdp.39015041858088,94,3,0,-William Stafford,PERSON,0,17
mdp.39015041858088,94,4,0,Jim Barnes',PERSON,1,12
mdp.39015041858088,94,4,1,A Season of Loss,WORK_OF_ART,23,39
mdp.39015041858088,94,5,0,English,NORP,23,30
mdp.39015041858088,94,5,1,American,NORP,35,43
mdp.39015041858088,94,8,0,-Fred Chappell,PERSON,0,14
mdp.39015041858088,94,9,0,Jim Barnes',PERSON,15,26
mdp.39015041858088,94,10,0,one,CARDINAL,138,141
mdp.39015041858088,94,12,0,A Season of Loss,WORK_OF_ART,0,16
mdp.39015041858088,94,12,1,America,GPE,68,75
mdp.39015041858088,94,12,2,-T. R. Hummer,PERSON,111,124
mdp.39015041858088,94,13,0,Donald K. Carter,PERSON,28,44
mdp.39015041858088,95,0,0,: Barcode Inside,PERSON,0,16
