vol_id,page,sentence_id,ent_id,entity,entity_type,start_char,end_char
mdp.39015002271297,1,0,0,654,CARDINAL,24,27
mdp.39015002271297,1,0,1,Libhart,PERSON,33,40
mdp.39015002271297,1,0,2,Myles,PERSON,42,47
mdp.39015002271297,1,1,0,Sioux,NORP,25,30
mdp.39015002271297,3,0,0,MICHIGE,GPE,59,66
mdp.39015002271297,7,0,0,SIOUX CHILDREN,PERSON,25,39
mdp.39015002271297,8,0,0,AERM CTOR,PERSON,1,10
mdp.39015002271297,9,0,0,SIOUX CHILDREN,PERSON,25,39
mdp.39015002271297,9,0,1,the Porcupine Day School,ORG,45,69
mdp.39015002271297,9,0,2,Pine Ridge Indian Reservation,LOC,71,100
mdp.39015002271297,9,0,3,South Dakota,GPE,102,114
mdp.39015002271297,9,0,4,Myles Libhart,PERSON,127,140
mdp.39015002271297,9,0,5,Arthur Amiotte,PERSON,145,159
mdp.39015002271297,9,0,6,Arthur Amiotte,PERSON,177,191
mdp.39015002271297,10,0,0,C. B. MORTON,PERSON,51,63
mdp.39015002271297,10,0,1,LLOYD NEW,PERSON,159,168
mdp.39015002271297,10,0,2,ROYAL B. HASSRICK,PERSON,183,200
mdp.39015002271297,10,0,3,ROBERT G. HART,PERSON,215,229
mdp.39015002271297,10,1,0,the SIOUX INDIAN MUSEUM AND CRAFTS CENTER,ORG,31,72
mdp.39015002271297,10,1,1,Rapid City,GPE,74,84
mdp.39015002271297,10,1,2,South Dakota,GPE,86,98
mdp.39015002271297,10,1,3,the Indian Arts and Crafts Board,ORG,152,184
mdp.39015002271297,10,1,4,the U.S. Department of the Interior,ORG,188,223
mdp.39015002271297,10,2,0,DAKOTA,GPE,35,41
mdp.39015002271297,10,2,1,"the TIPI SHOP, INC.",ORG,147,166
mdp.39015002271297,10,2,2,Rapid City,GPE,168,178
mdp.39015002271297,10,2,3,South Dakota,GPE,180,192
mdp.39015002271297,10,2,4,1971,DATE,194,198
mdp.39015002271297,10,3,0,Library of Congress,ORG,0,19
mdp.39015002271297,10,3,1,70-162438,CARDINAL,42,51
mdp.39015002271297,10,3,2,Richard Peters,PERSON,73,87
mdp.39015002271297,10,3,3,Grade 8,DATE,89,96
mdp.39015002271297,10,3,4,age 15,DATE,98,104
mdp.39015002271297,10,4,0,Leslie Bush,PERSON,28,39
mdp.39015002271297,10,4,1,Grade 7,DATE,41,48
mdp.39015002271297,10,4,2,age 13,DATE,50,56
mdp.39015002271297,11,0,0,L'orary Sueme,PERSON,0,13
mdp.39015002271297,11,0,1,DOC.,ORG,33,37
mdp.39015002271297,11,0,2,3-16-72,CARDINAL,50,57
mdp.39015002271297,11,1,0,the 19th century,DATE,49,65
mdp.39015002271297,11,4,0,One,CARDINAL,0,3
mdp.39015002271297,11,4,1,the past decade,DATE,63,78
mdp.39015002271297,11,6,0,one,CARDINAL,40,43
mdp.39015002271297,11,7,0,Sioux,NORP,47,52
mdp.39015002271297,11,7,1,the Porcupine Day School,ORG,65,89
mdp.39015002271297,11,7,2,the Bureau of Indian Affairs,ORG,103,131
mdp.39015002271297,11,7,3,the U.S. Department of the Interior,ORG,135,170
mdp.39015002271297,11,7,4,the Pine Ridge Indian Reservation,LOC,175,208
mdp.39015002271297,11,7,5,South Dakota,GPE,212,224
mdp.39015002271297,11,8,0,the winter months of 1969-70,DATE,7,35
mdp.39015002271297,11,8,1,Porcupine Day School,ORG,41,61
mdp.39015002271297,11,8,2,Instamatic,PRODUCT,83,93
mdp.39015002271297,11,8,3,Porcupine,NORP,198,207
mdp.39015002271297,11,9,0,a recent winter season,DATE,143,165
mdp.39015002271297,11,10,0,Native American,NORP,129,144
mdp.39015002271297,11,11,0,the following months,DATE,7,27
mdp.39015002271297,11,11,1,Porcupine,NORP,175,184
mdp.39015002271297,11,13,0,The Indian Arts and Crafts Board,ORG,0,32
mdp.39015002271297,11,13,1,Arthur Amiotte,PERSON,53,67
mdp.39015002271297,11,13,2,the Porcupine Day School,ORG,119,143
mdp.39015002271297,11,14,0,Amiotte,PERSON,42,49
mdp.39015002271297,11,14,1,the Pine Ridge Indian Reservation,LOC,102,135
mdp.39015002271297,11,14,2,English,LANGUAGE,273,280
mdp.39015002271297,11,14,3,second,ORDINAL,296,302
mdp.39015002271297,11,15,0,Board,ORG,4,9
mdp.39015002271297,11,15,1,Jack W. Marken,PERSON,43,57
mdp.39015002271297,11,15,2,Clarence Denton,PERSON,59,74
mdp.39015002271297,11,15,3,Bette Gerberding,PERSON,80,96
mdp.39015002271297,11,15,4,the South Dakota State University,ORG,100,133
mdp.39015002271297,11,15,5,Brookings,GPE,137,146
mdp.39015002271297,11,15,6,Porcupine Day School,ORG,217,237
mdp.39015002271297,11,15,7,Amiotte,PERSON,307,314
mdp.39015002271297,11,15,8,University,ORG,374,384
mdp.39015002271297,11,16,0,Board,ORG,74,79
mdp.39015002271297,11,16,1,the South Dakota State Fine Arts Council,ORG,101,141
mdp.39015002271297,11,16,2,"the Tipi Shop, Inc.",ORG,225,244
mdp.39015002271297,11,16,3,Rapid City,GPE,249,259
mdp.39015002271297,11,16,4,South Dakota,GPE,261,273
mdp.39015002271297,11,17,0,Sorrent fice,PERSON,0,12
mdp.39015002271297,11,17,1,Indian Arts and Crafts Board,ORG,23,51
mdp.39015002271297,12,0,0,the Porcupine Day School,ORG,49,73
mdp.39015002271297,12,0,1,the Pine Ridge Indian Reservation,LOC,77,110
mdp.39015002271297,12,0,2,South Dakota,GPE,112,124
mdp.39015002271297,12,0,3,9,CARDINAL,125,126
mdp.39015002271297,13,1,0,today,DATE,38,43
mdp.39015002271297,13,4,0,American Indians,NORP,7,23
mdp.39015002271297,13,4,1,non-Indians,NORP,205,216
mdp.39015002271297,13,5,0,nonIndians,NORP,85,95
mdp.39015002271297,13,6,0,Indian,NORP,22,28
mdp.39015002271297,13,7,0,Indians,NORP,80,87
mdp.39015002271297,13,7,1,today,DATE,88,93
mdp.39015002271297,13,8,0,five hundred years,DATE,225,243
mdp.39015002271297,13,9,0,today,DATE,4,9
mdp.39015002271297,13,12,0,One,CARDINAL,0,3
mdp.39015002271297,13,12,1,the past twenty-five years,DATE,41,67
mdp.39015002271297,13,12,2,the United States,GPE,71,88
mdp.39015002271297,13,12,3,pan-Indian,NORP,114,124
mdp.39015002271297,13,12,4,Indian,NORP,167,173
mdp.39015002271297,13,13,0,One,CARDINAL,0,3
mdp.39015002271297,13,14,0,American Indian,NORP,6,21
mdp.39015002271297,13,14,1,non-Indian,NORP,90,100
mdp.39015002271297,13,14,2,non-Indian,NORP,124,134
mdp.39015002271297,13,15,0,American Indians,NORP,36,52
mdp.39015002271297,13,15,1,today,DATE,180,185
mdp.39015002271297,13,15,2,Bull,PERSON,233,237
mdp.39015002271297,13,19,0,One,CARDINAL,0,3
mdp.39015002271297,14,0,0,PORCUPINE SCHOOL,ORG,1,17
mdp.39015002271297,14,1,0,the Porcupine Day School,ORG,17,41
mdp.39015002271297,14,1,1,the Bureau of Indian Affairs,ORG,100,128
mdp.39015002271297,14,1,2,the U.S. Department of the Interior,ORG,132,167
mdp.39015002271297,14,1,3,the Pine Ridge Indian Reservation,LOC,172,205
mdp.39015002271297,14,1,4,South Dakota,GPE,209,221
mdp.39015002271297,14,2,0,Arthur Amiotte,PERSON,0,14
mdp.39015002271297,14,2,1,the Porcupine Day School,ORG,73,97
mdp.39015002271297,14,3,0,80,CARDINAL,0,2
mdp.39015002271297,15,0,0,American,NORP,4,12
mdp.39015002271297,15,0,1,Indian,NORP,13,19
mdp.39015002271297,15,3,0,Indian,NORP,4,10
mdp.39015002271297,15,5,0,Indian,NORP,41,47
mdp.39015002271297,15,6,0,Indian,NORP,84,90
mdp.39015002271297,15,7,0,Indian,NORP,5,11
mdp.39015002271297,15,11,0,Sioux,NORP,4,9
mdp.39015002271297,15,11,1,today,DATE,16,21
mdp.39015002271297,15,11,2,the United States,GPE,187,204
mdp.39015002271297,15,12,0,Sioux,NORP,67,72
mdp.39015002271297,15,12,1,the past century,DATE,87,103
mdp.39015002271297,15,13,0,Sioux,NORP,57,62
mdp.39015002271297,15,13,1,today,DATE,171,176
mdp.39015002271297,15,20,0,Sioux,NORP,76,81
mdp.39015002271297,15,20,1,today,DATE,368,373
mdp.39015002271297,15,21,0,Indian,NORP,41,47
mdp.39015002271297,16,0,0,Native American,NORP,10,25
mdp.39015002271297,16,0,1,the United States,GPE,34,51
mdp.39015002271297,16,0,2,Sioux,NORP,189,194
mdp.39015002271297,16,0,3,Southwest Indian,NORP,283,299
mdp.39015002271297,17,0,0,Indian,NORP,0,6
mdp.39015002271297,17,1,0,seventh,ORDINAL,131,138
mdp.39015002271297,17,1,1,eighth,ORDINAL,143,149
mdp.39015002271297,17,5,0,one,CARDINAL,309,312
mdp.39015002271297,17,6,0,Indian,NORP,69,75
mdp.39015002271297,17,6,1,Indian,NORP,253,259
mdp.39015002271297,17,7,0,The Porcupine Day School,ORG,0,24
mdp.39015002271297,17,7,1,Porcupine,LOC,41,50
mdp.39015002271297,17,7,2,the Pine Ridge Indian Reservation,LOC,64,97
mdp.39015002271297,17,7,3,South Dakota,GPE,101,113
mdp.39015002271297,17,7,4,the Bureau of Indian Affairs,ORG,177,205
mdp.39015002271297,17,7,5,U. S.,GPE,207,212
mdp.39015002271297,17,7,6,Department of the Interior,ORG,213,239
mdp.39015002271297,17,8,0,Oglala Sioux,NORP,40,52
mdp.39015002271297,17,9,0,Sioux,NORP,103,108
mdp.39015002271297,17,11,0,Title I,LAW,16,23
mdp.39015002271297,17,11,1,the Elementary and Secondary Education Act,LAW,35,77
mdp.39015002271297,17,11,2,Indian,NORP,245,251
mdp.39015002271297,17,19,0,Indian,NORP,192,198
mdp.39015002271297,18,1,0,Sioux,NORP,159,164
mdp.39015002271297,19,4,0,Sioux,NORP,97,102
mdp.39015002271297,19,5,0,one,CARDINAL,152,155
mdp.39015002271297,19,5,1,Indian,NORP,204,210
mdp.39015002271297,19,6,0,Sioux,NORP,13,18
mdp.39015002271297,19,9,0,1,CARDINAL,46,47
mdp.39015002271297,19,9,1,2,CARDINAL,61,62
mdp.39015002271297,19,11,0,3,CARDINAL,0,1
mdp.39015002271297,19,17,0,today,DATE,17,22
mdp.39015002271297,19,19,0,three,CARDINAL,33,38
mdp.39015002271297,19,20,0,first,ORDINAL,4,9
mdp.39015002271297,19,20,1,today,DATE,130,135
mdp.39015002271297,19,22,0,second,ORDINAL,4,10
mdp.39015002271297,19,25,0,third,ORDINAL,4,9
mdp.39015002271297,19,27,0,today,DATE,62,67
mdp.39015002271297,19,33,0,Porcupine School,ORG,32,48
mdp.39015002271297,21,4,0,one,CARDINAL,146,149
mdp.39015002271297,21,4,1,two,CARDINAL,207,210
mdp.39015002271297,21,4,2,Navajo,NORP,211,217
mdp.39015002271297,21,4,3,Apache,NORP,227,233
mdp.39015002271297,21,4,4,four,CARDINAL,249,253
mdp.39015002271297,21,4,5,Pueblo,NORP,277,283
mdp.39015002271297,21,4,6,Papago,NORP,343,349
mdp.39015002271297,21,5,0,only two,CARDINAL,37,45
mdp.39015002271297,21,6,0,one,CARDINAL,12,15
mdp.39015002271297,21,8,0,One,CARDINAL,0,3
mdp.39015002271297,21,9,0,two,CARDINAL,20,23
mdp.39015002271297,21,9,1,one,CARDINAL,60,63
mdp.39015002271297,21,10,0,two,CARDINAL,25,28
mdp.39015002271297,21,12,0,one,CARDINAL,37,40
mdp.39015002271297,21,16,0,Indian,NORP,80,86
mdp.39015002271297,21,17,0,one,CARDINAL,133,136
mdp.39015002271297,21,18,0,ten by three foot,QUANTITY,44,61
mdp.39015002271297,21,18,1,last year's,DATE,128,139
mdp.39015002271297,21,18,2,seventh,ORDINAL,140,147
mdp.39015002271297,21,20,0,Indian,NORP,105,111
mdp.39015002271297,21,22,0,two,CARDINAL,15,18
mdp.39015002271297,21,22,1,one,CARDINAL,37,40
mdp.39015002271297,21,22,2,eight millimeter,QUANTITY,85,101
mdp.39015002271297,21,22,3,Navajo,NORP,136,142
mdp.39015002271297,21,26,0,one,CARDINAL,4,7
mdp.39015002271297,21,27,0,first,ORDINAL,3,8
mdp.39015002271297,21,27,1,Indian,NORP,126,132
mdp.39015002271297,21,27,2,the Bureau of Indian Affairs,ORG,153,181
mdp.39015002271297,21,29,0,today,DATE,105,110
mdp.39015002271297,21,30,0,Aloysius,PERSON,0,8
mdp.39015002271297,21,30,1,today,DATE,43,48
mdp.39015002271297,21,32,0,Wilbur,PERSON,0,6
mdp.39015002271297,23,1,0,two,CARDINAL,10,13
mdp.39015002271297,23,3,0,Indian,NORP,0,6
mdp.39015002271297,23,3,1,one,CARDINAL,83,86
mdp.39015002271297,23,4,0,seventh,ORDINAL,16,23
mdp.39015002271297,23,6,0,Rodney,PERSON,0,6
mdp.39015002271297,23,6,1,American Indian Painting of the Southwest and Plains Areas,WORK_OF_ART,64,122
mdp.39015002271297,23,6,2,Dorothy Dunn,PERSON,126,138
mdp.39015002271297,23,7,0,American Indians,NORP,65,81
mdp.39015002271297,23,9,0,William,PERSON,0,7
mdp.39015002271297,23,10,0,first,ORDINAL,114,119
mdp.39015002271297,23,11,0,a few minutes,TIME,19,32
mdp.39015002271297,23,12,0,a minute,TIME,14,22
mdp.39015002271297,23,14,0,One,CARDINAL,0,3
mdp.39015002271297,23,28,0,One,CARDINAL,0,3
mdp.39015002271297,23,29,0,Lee,PERSON,33,36
mdp.39015002271297,23,30,0,Lee,PERSON,0,3
mdp.39015002271297,23,30,1,Indian,NORP,34,40
mdp.39015002271297,23,30,2,Sioux,NORP,72,77
mdp.39015002271297,23,31,0,Lakota,LANGUAGE,12,18
mdp.39015002271297,23,31,1,Sioux,NORP,30,35
mdp.39015002271297,23,32,0,Lee,PERSON,24,27
mdp.39015002271297,23,33,0,Indian,NORP,103,109
mdp.39015002271297,23,34,0,last Saturday,DATE,86,99
mdp.39015002271297,23,34,1,last fall,DATE,175,184
mdp.39015002271297,23,35,0,one,CARDINAL,14,17
mdp.39015002271297,23,35,1,a whole dollar,MONEY,48,62
mdp.39015002271297,23,35,2,twenty twenty cents,MONEY,67,86
mdp.39015002271297,23,38,0,Last year,DATE,0,9
mdp.39015002271297,23,39,0,George,PERSON,0,6
mdp.39015002271297,23,39,1,eighth,ORDINAL,11,17
mdp.39015002271297,23,42,0,European,NORP,86,94
mdp.39015002271297,23,42,1,American,NORP,99,107
mdp.39015002271297,23,42,2,Indians,NORP,121,128
mdp.39015002271297,23,42,3,non-Indians,NORP,133,144
mdp.39015002271297,25,0,0,a Frans Hals,PERSON,16,28
mdp.39015002271297,25,3,0,University,ORG,20,30
mdp.39015002271297,25,3,1,National,ORG,55,63
mdp.39015002271297,25,5,0,One,CARDINAL,0,3
mdp.39015002271297,25,5,1,Indian,NORP,65,71
mdp.39015002271297,25,8,0,1:45,TIME,32,36
mdp.39015002271297,25,8,1,at least five,CARDINAL,75,88
mdp.39015002271297,25,9,0,one,CARDINAL,62,65
mdp.39015002271297,25,9,1,two,CARDINAL,67,70
mdp.39015002271297,25,9,2,three,CARDINAL,76,81
mdp.39015002271297,25,11,0,One hour,TIME,0,8
mdp.39015002271297,25,12,0,Amiotte,PERSON,187,194
mdp.39015002271297,25,13,0,One,CARDINAL,0,3
mdp.39015002271297,25,13,1,last year,DATE,45,54
mdp.39015002271297,25,14,0,three,CARDINAL,41,46
mdp.39015002271297,25,17,0,This year,DATE,0,9
mdp.39015002271297,25,20,0,School,ORG,262,268
mdp.39015002271297,25,21,0,the State University of South Dakota,ORG,102,138
mdp.39015002271297,25,21,1,Brookings,GPE,142,151
mdp.39015002271297,25,22,0,University,ORG,4,14
mdp.39015002271297,25,22,1,a Summer Program in Cultural Enrichment,EVENT,99,138
mdp.39015002271297,25,22,2,Plains,LOC,174,180
mdp.39015002271297,25,22,3,1969-70,DATE,203,210
mdp.39015002271297,25,22,4,Endowment for the Humanities,ORG,214,242
mdp.39015002271297,25,23,0,Instamatic,PRODUCT,14,24
mdp.39015002271297,25,23,1,the Porcupine Day School,ORG,50,74
mdp.39015002271297,25,27,0,Indian,NORP,70,76
mdp.39015002271297,25,29,0,ARTHUR AMIOTTE,PERSON,0,14
mdp.39015002271297,25,29,1,Catherine S. Chilman,PERSON,26,46
mdp.39015002271297,25,29,2,Growing Up Poor,WORK_OF_ART,48,63
mdp.39015002271297,25,29,3,Welfare Administration Publication,ORG,65,99
mdp.39015002271297,25,29,4,"United States Department of Health, Education, and",ORG,101,151
mdp.39015002271297,25,29,5,13,CARDINAL,173,175
mdp.39015002271297,25,29,6,Washington,GPE,177,187
mdp.39015002271297,25,29,7,Government Printing Office,ORG,189,215
mdp.39015002271297,25,29,8,1966,DATE,217,221
mdp.39015002271297,25,29,9,27,CARDINAL,228,230
mdp.39015002271297,25,30,0,John F. Bryde,PERSON,0,13
mdp.39015002271297,25,30,1,The Sioux Indian Student: A Study of Scholastic Failure and Personality Conflict,WORK_OF_ART,15,95
mdp.39015002271297,25,30,2,University of Denver,ORG,146,166
mdp.39015002271297,25,30,3,Denver,GPE,168,174
mdp.39015002271297,25,30,4,Colorado,GPE,176,184
mdp.39015002271297,25,30,5,1966,DATE,186,190
mdp.39015002271297,25,30,6,133,CARDINAL,196,199
mdp.39015002271297,25,31,0,the South Dakota State University at Brookings,ORG,78,124
mdp.39015002271297,25,31,1,23,CARDINAL,157,159
mdp.39015002271297,25,31,2,20,CARDINAL,193,195
mdp.39015002271297,25,31,3,Andrews,PERSON,200,207
mdp.39015002271297,25,31,4,Darlene High Hawk,PERSON,212,229
mdp.39015002271297,25,31,5,Black Feather,WORK_OF_ART,231,244
mdp.39015002271297,25,31,6,Faith Two Eagle,PERSON,249,264
mdp.39015002271297,25,31,7,"Bush, Lonehill and Mesteth",WORK_OF_ART,266,292
mdp.39015002271297,25,31,8,Fred Byerly,PERSON,296,307
mdp.39015002271297,25,31,9,Two Eagle,WORK_OF_ART,309,318
mdp.39015002271297,25,31,10,Ethleen Iron Cloud,PERSON,322,340
mdp.39015002271297,25,31,11,White Pipe,WORK_OF_ART,346,356
mdp.39015002271297,25,31,12,James White Thunder,PERSON,361,380
mdp.39015002271297,25,32,0,Arthur Amiotte,PERSON,31,45
mdp.39015002271297,25,32,1,6,CARDINAL,63,64
mdp.39015002271297,25,32,2,8,CARDINAL,66,67
mdp.39015002271297,25,32,3,10,CARDINAL,69,71
mdp.39015002271297,25,32,4,12,CARDINAL,73,75
mdp.39015002271297,25,32,5,14,CARDINAL,77,79
mdp.39015002271297,25,32,6,16,CARDINAL,81,83
mdp.39015002271297,25,32,7,18,CARDINAL,89,91
mdp.39015002271297,25,33,0,Porcupine Day School,ORG,33,53
mdp.39015002271297,25,33,1,20,CARDINAL,78,80
mdp.39015002271297,25,33,2,21,CARDINAL,81,83
mdp.39015002271297,25,33,3,Peters,PERSON,134,140
mdp.39015002271297,25,33,4,White Thunder,PERSON,146,159
mdp.39015002271297,25,34,0,19,CARDINAL,0,2
mdp.39015002271297,26,0,0,BONITA ANDREWS,PERSON,3,17
mdp.39015002271297,26,0,1,8,CARDINAL,24,25
mdp.39015002271297,26,0,2,age 15,DATE,27,33
mdp.39015002271297,26,0,3,NORMA BLACK FEATHER,PERSON,34,53
mdp.39015002271297,26,0,4,age 14,DATE,63,69
mdp.39015002271297,26,0,5,LESLIE BUSH,PERSON,70,81
mdp.39015002271297,26,0,6,7,DATE,88,89
mdp.39015002271297,26,0,7,age 13,DATE,91,97
mdp.39015002271297,26,0,8,LOUIS JEALOUS,PERSON,101,114
mdp.39015002271297,26,0,9,age 15 20,DATE,131,140
mdp.39015002271297,26,0,10,RICHARD PETERS,PERSON,144,158
mdp.39015002271297,26,0,11,age 15,DATE,168,174
mdp.39015002271297,26,0,12,EVERETTE LITTLE BOY,PERSON,175,194
mdp.39015002271297,26,0,13,age 16,DATE,204,210
mdp.39015002271297,26,0,14,LEONARD LONEHILL,PERSON,211,227
mdp.39015002271297,26,0,15,7,DATE,234,235
mdp.39015002271297,26,0,16,age 13,DATE,237,243
mdp.39015002271297,26,0,17,7,DATE,269,270
mdp.39015002271297,26,0,18,age 13,DATE,272,278
mdp.39015002271297,26,0,19,MARVIN WHITE PIPE,PERSON,279,296
mdp.39015002271297,26,0,20,8,DATE,303,304
mdp.39015002271297,26,0,21,age 14,DATE,306,312
mdp.39015002271297,27,0,0,DARLENE HIGH,PERSON,2,14
mdp.39015002271297,27,0,1,age 15,DATE,45,51
mdp.39015002271297,27,0,2,age 15,DATE,61,67
mdp.39015002271297,27,0,3,MATHEW MESTETH,PERSON,68,82
mdp.39015002271297,27,0,4,age 15,DATE,92,98
mdp.39015002271297,27,0,5,SIOUX CHILDREN,PERSON,125,139
mdp.39015002271297,27,0,6,JAMES WHITE THUNDER,PERSON,141,160
mdp.39015002271297,27,0,7,age 14,DATE,170,176
mdp.39015002271297,27,0,8,thirteen,CARDINAL,181,189
mdp.39015002271297,27,0,9,the Porcupine Day School,ORG,202,226
mdp.39015002271297,27,2,0,21,CARDINAL,0,2
mdp.39015002271297,28,1,0,111,CARDINAL,0,3
mdp.39015002271297,29,0,0,a Frans Hals,PERSON,15,27
mdp.39015002271297,29,2,0,University,ORG,20,30
mdp.39015002271297,29,2,1,National,ORG,55,63
mdp.39015002271297,29,4,0,One,CARDINAL,0,3
mdp.39015002271297,29,4,1,Indian,NORP,64,70
mdp.39015002271297,29,7,0,1:45,TIME,32,36
mdp.39015002271297,29,7,1,at least five,CARDINAL,75,88
mdp.39015002271297,29,8,0,one,CARDINAL,62,65
mdp.39015002271297,29,8,1,two,CARDINAL,67,70
mdp.39015002271297,29,8,2,three,CARDINAL,76,81
mdp.39015002271297,29,10,0,One hour,TIME,0,8
mdp.39015002271297,29,11,0,Amiotte,PERSON,187,194
mdp.39015002271297,29,12,0,One,CARDINAL,0,3
mdp.39015002271297,29,12,1,last year,DATE,45,54
mdp.39015002271297,29,13,0,three,CARDINAL,41,46
mdp.39015002271297,29,16,0,This year,DATE,0,9
mdp.39015002271297,29,19,0,School,ORG,262,268
mdp.39015002271297,29,20,0,the State University of South Dakota,ORG,102,138
mdp.39015002271297,29,20,1,Brookings,GPE,142,151
mdp.39015002271297,29,21,0,University,ORG,4,14
mdp.39015002271297,29,21,1,a Summer Program in Cultural Enrichment,EVENT,99,138
mdp.39015002271297,29,21,2,Plains,LOC,174,180
mdp.39015002271297,29,21,3,1969-70,DATE,203,210
mdp.39015002271297,29,21,4,Endowment for the Humanities,ORG,214,242
mdp.39015002271297,29,22,0,Instamatic,PRODUCT,14,24
mdp.39015002271297,29,22,1,the Porcupine Day School,ORG,50,74
mdp.39015002271297,29,26,0,Indian,NORP,70,76
mdp.39015002271297,29,28,0,ARTHUR AMIOTTE ',PERSON,10,26
mdp.39015002271297,29,28,1,Growing Up Poor,WORK_OF_ART,48,63
mdp.39015002271297,29,28,2,Welfare Administration Publication,ORG,65,99
mdp.39015002271297,29,28,3,"United States Department of Health, Education, and",ORG,101,151
mdp.39015002271297,29,28,4,13,CARDINAL,173,175
mdp.39015002271297,29,28,5,Washington,GPE,177,187
mdp.39015002271297,29,28,6,Government Printing Office,ORG,189,215
mdp.39015002271297,29,28,7,1966,DATE,217,221
mdp.39015002271297,29,28,8,27,CARDINAL,228,230
mdp.39015002271297,29,29,0,2John F. Bryde,PERSON,0,14
mdp.39015002271297,29,29,1,The Sioux Indian Student: A Study of Scholastic Failure and Personality Conflict,WORK_OF_ART,16,96
mdp.39015002271297,29,29,2,University of Denver,ORG,147,167
mdp.39015002271297,29,29,3,Denver,GPE,169,175
mdp.39015002271297,29,29,4,Colorado,GPE,177,185
mdp.39015002271297,29,29,5,1966,DATE,187,191
mdp.39015002271297,29,29,6,133,CARDINAL,197,200
mdp.39015002271297,29,30,0,the South Dakota State University at Brookings,ORG,78,124
mdp.39015002271297,29,30,1,23,CARDINAL,157,159
mdp.39015002271297,29,30,2,20,CARDINAL,193,195
mdp.39015002271297,29,30,3,Andrews,PERSON,200,207
mdp.39015002271297,29,30,4,Darlene High Hawk,PERSON,212,229
mdp.39015002271297,29,30,5,Black Feather,WORK_OF_ART,231,244
mdp.39015002271297,29,30,6,Faith Two Eagle,PERSON,249,264
mdp.39015002271297,29,30,7,"Bush, Lonehill and Mesteth",WORK_OF_ART,266,292
mdp.39015002271297,29,30,8,Fred Byerly,PERSON,296,307
mdp.39015002271297,29,30,9,Two Eagle,WORK_OF_ART,309,318
mdp.39015002271297,29,30,10,Ethleen Iron Cloud,PERSON,322,340
mdp.39015002271297,29,30,11,White Pipe,WORK_OF_ART,346,356
mdp.39015002271297,29,30,12,James White Thunder,PERSON,361,380
mdp.39015002271297,29,31,0,Arthur Amiotte,PERSON,31,45
mdp.39015002271297,29,31,1,6,CARDINAL,63,64
mdp.39015002271297,29,31,2,8,CARDINAL,66,67
mdp.39015002271297,29,31,3,10,CARDINAL,69,71
mdp.39015002271297,29,31,4,12,CARDINAL,73,75
mdp.39015002271297,29,31,5,14,CARDINAL,77,79
mdp.39015002271297,29,31,6,16,CARDINAL,81,83
mdp.39015002271297,29,31,7,18,CARDINAL,89,91
mdp.39015002271297,29,32,0,Porcupine Day School,ORG,33,53
mdp.39015002271297,29,32,1,20,CARDINAL,78,80
mdp.39015002271297,29,32,2,21,CARDINAL,81,83
mdp.39015002271297,29,32,3,Peters,PERSON,134,140
mdp.39015002271297,29,32,4,White Thunder,PERSON,146,159
mdp.39015002271297,29,33,0,19,CARDINAL,0,2
mdp.39015002271297,30,0,0,BONITA ANDREWS,PERSON,3,17
mdp.39015002271297,30,0,1,age 15,DATE,27,33
mdp.39015002271297,30,0,2,LOUIS JEALOUS,PERSON,34,47
mdp.39015002271297,30,0,3,age 15,DATE,64,70
mdp.39015002271297,30,0,4,RICHARD PETERS,PERSON,71,85
mdp.39015002271297,30,0,5,age 15,DATE,95,101
mdp.39015002271297,30,0,6,NORMA BLACK FEATHER,PERSON,102,121
mdp.39015002271297,30,0,7,age 14,DATE,131,137
mdp.39015002271297,30,0,8,LESLIE BUSH,PERSON,138,149
mdp.39015002271297,30,0,9,7,DATE,156,157
mdp.39015002271297,30,0,10,age 13,DATE,159,165
mdp.39015002271297,30,2,0,EVERETTE LITTLE BOY,PERSON,0,19
mdp.39015002271297,30,2,1,age 16,DATE,29,35
mdp.39015002271297,30,2,2,LEONARD LONEHILL,PERSON,36,52
mdp.39015002271297,30,2,3,age 13,DATE,62,68
mdp.39015002271297,30,3,0,FAITH TWO EAGLE,PERSON,3,18
mdp.39015002271297,30,3,1,7,DATE,25,26
mdp.39015002271297,30,3,2,age 13,DATE,28,34
mdp.39015002271297,30,3,3,MARVIN WHITE,PERSON,35,47
mdp.39015002271297,30,3,4,8,DATE,59,60
mdp.39015002271297,30,3,5,age 14 20,DATE,62,71
mdp.39015002271297,31,0,0,DARLENE HIGH,PERSON,2,14
mdp.39015002271297,31,0,1,Grade 8,DATE,36,43
mdp.39015002271297,31,0,2,age 15,DATE,45,51
mdp.39015002271297,31,0,3,age 15,DATE,61,67
mdp.39015002271297,31,0,4,MATHEW MESTETH,PERSON,68,82
mdp.39015002271297,31,0,5,age 15,DATE,92,98
mdp.39015002271297,31,0,6,SIOUX CHILDREN,PERSON,125,139
mdp.39015002271297,31,0,7,JAMES WHITE THUNDER,PERSON,141,160
mdp.39015002271297,31,0,8,age 14,DATE,170,176
mdp.39015002271297,31,0,9,thirteen,CARDINAL,181,189
mdp.39015002271297,31,0,10,the Porcupine Day School,ORG,202,226
mdp.39015002271297,32,2,0,MARLENE LOCKE,PERSON,71,84
mdp.39015002271297,32,3,0,8,CARDINAL,6,7
mdp.39015002271297,32,3,1,age 14,DATE,9,15
mdp.39015002271297,33,0,0,Richard Peters,PERSON,1,15
mdp.39015002271297,34,3,0,ALEX SCOUT,PERSON,0,10
mdp.39015002271297,34,3,1,age 12,DATE,20,26
mdp.39015002271297,34,3,2,Harvey Iron Boy,PERSON,27,42
mdp.39015002271297,34,3,3,21,DATE,43,45
mdp.39015002271297,35,1,0,IVAN WHITE PIPE,PERSON,0,15
mdp.39015002271297,35,1,1,age 13,DATE,25,31
mdp.39015002271297,35,1,2,Everette,PERSON,32,40
mdp.39015002271297,36,0,0,CHERYL WOUNDED,PERSON,49,63
mdp.39015002271297,36,0,1,8,DATE,75,76
mdp.39015002271297,36,0,2,age 14,DATE,78,84
mdp.39015002271297,36,0,3,James White,PERSON,85,96
mdp.39015002271297,37,0,0,DONROY BREWER,PERSON,64,77
mdp.39015002271297,37,0,1,age 13,DATE,87,93
mdp.39015002271297,37,0,2,Leslie Bush,PERSON,96,107
mdp.39015002271297,38,1,0,two,CARDINAL,7,10
mdp.39015002271297,38,6,0,RODNEY WHITE FACE,PERSON,0,17
mdp.39015002271297,38,6,1,Grade 8,DATE,18,25
mdp.39015002271297,38,6,2,age 16,DATE,27,33
mdp.39015002271297,39,0,0,Leslie Bush,PERSON,1,12
mdp.39015002271297,40,0,0,DAVID BEARS,PERSON,61,72
mdp.39015002271297,40,0,1,age 14,DATE,88,94
mdp.39015002271297,40,0,2,James White,PERSON,95,106
mdp.39015002271297,40,0,3,30,DATE,115,117
mdp.39015002271297,41,4,0,CHERYL WOUNDED HEAD,PERSON,0,19
mdp.39015002271297,41,4,1,Grade 8,DATE,20,27
mdp.39015002271297,41,4,2,age 14,DATE,29,35
mdp.39015002271297,41,4,3,Leslie Bush,PERSON,36,47
mdp.39015002271297,42,0,0,FLORA BIRD HEAD,PERSON,169,184
mdp.39015002271297,42,0,1,age 12,DATE,194,200
mdp.39015002271297,42,0,2,Richard Peters,PERSON,201,215
mdp.39015002271297,42,0,3,32,DATE,216,218
mdp.39015002271297,43,0,0,Shunka wakan,PERSON,1,13
mdp.39015002271297,43,1,0,6,CARDINAL,18,19
mdp.39015002271297,43,1,1,ages 11-13,DATE,21,31
mdp.39015002271297,43,1,2,Everette Little Boy,PERSON,32,51
mdp.39015002271297,44,2,0,Every day,DATE,0,9
mdp.39015002271297,44,3,0,Every year,DATE,0,10
mdp.39015002271297,44,6,0,winter,DATE,47,53
mdp.39015002271297,44,7,0,winter,DATE,30,36
mdp.39015002271297,44,11,0,winter,DATE,39,45
mdp.39015002271297,44,16,0,ALTHEA MESTETH,PERSON,0,14
mdp.39015002271297,44,16,1,age 11,DATE,24,30
mdp.39015002271297,45,0,0,Leslie Bush,PERSON,1,12
mdp.39015002271297,46,4,0,MARVIN LEFT,PERSON,0,11
mdp.39015002271297,46,4,1,Grade 5,DATE,17,24
mdp.39015002271297,46,4,2,age 10,DATE,26,32
mdp.39015002271297,46,4,3,Leslie Bush,PERSON,33,44
mdp.39015002271297,47,0,0,VIRGIL YELLOW,PERSON,123,136
mdp.39015002271297,47,0,1,age 11,DATE,152,158
mdp.39015002271297,47,0,2,Leslie Bush,PERSON,159,170
mdp.39015002271297,48,3,0,DAVID BEARS HEART,PERSON,0,17
mdp.39015002271297,48,3,1,8,DATE,24,25
mdp.39015002271297,48,3,2,age 14,DATE,27,33
mdp.39015002271297,48,3,3,Norma Black Feather,PERSON,36,55
mdp.39015002271297,48,3,4,38,DATE,56,58
mdp.39015002271297,49,0,0,Norma Black Feather,PERSON,1,20
mdp.39015002271297,50,3,0,SHARON,PERSON,0,6
mdp.39015002271297,50,3,1,5,DATE,30,31
mdp.39015002271297,50,3,2,age 11,DATE,33,39
mdp.39015002271297,50,3,3,James White,PERSON,40,51
mdp.39015002271297,50,3,4,40,DATE,60,62
mdp.39015002271297,51,0,0,JOE IRON CLOUD,PERSON,37,51
mdp.39015002271297,51,0,1,4,CARDINAL,58,59
mdp.39015002271297,51,0,2,age 9,DATE,61,66
mdp.39015002271297,52,1,0,DENNIS WHITE THUNDER,PERSON,0,20
mdp.39015002271297,52,1,1,6,CARDINAL,27,28
mdp.39015002271297,52,1,2,age 12,DATE,30,36
mdp.39015002271297,53,0,0,Leslie Bush,PERSON,1,12
mdp.39015002271297,54,3,0,DAVID BEARS HEART,PERSON,0,17
mdp.39015002271297,54,3,1,Grade 8,DATE,18,25
mdp.39015002271297,54,3,2,age 14,DATE,27,33
mdp.39015002271297,54,3,3,James White Thunder,PERSON,34,53
mdp.39015002271297,55,0,0,Winter,DATE,1,7
mdp.39015002271297,55,0,1,ROBERT WHITE THUNDER,PERSON,51,71
mdp.39015002271297,55,0,2,age 10,DATE,81,87
mdp.39015002271297,55,0,3,Harvey Iron,PERSON,88,99
mdp.39015002271297,55,0,4,45,DATE,104,106
mdp.39015002271297,56,2,0,winter,DATE,61,67
mdp.39015002271297,56,11,0,SUSAN KATT,PERSON,0,10
mdp.39015002271297,56,11,1,5,CARDINAL,17,18
mdp.39015002271297,56,11,2,age 10,DATE,20,26
mdp.39015002271297,57,0,0,Leonard Lonehill,PERSON,1,17
mdp.39015002271297,58,0,0,Richard Peters,PERSON,1,15
mdp.39015002271297,59,1,0,some day,DATE,9,17
mdp.39015002271297,59,3,0,EDWINA WESTON,PERSON,0,13
mdp.39015002271297,59,3,1,Grade 8,DATE,14,21
mdp.39015002271297,59,3,2,age 15 9,DATE,23,31
mdp.39015002271297,60,1,0,Two,CARDINAL,6,9
mdp.39015002271297,60,1,1,Louis Jealous,PERSON,16,29
mdp.39015002271297,60,2,0,ORREN PROVOST,PERSON,0,13
mdp.39015002271297,60,2,1,Grade 8,DATE,14,21
mdp.39015002271297,60,2,2,age 14,DATE,23,29
mdp.39015002271297,60,3,0,50,CARDINAL,1,3
mdp.39015002271297,61,0,0,GERALDINE WHITE FACE,PERSON,78,98
mdp.39015002271297,61,0,1,age 10,DATE,108,114
mdp.39015002271297,61,0,2,Bonita Andrews,PERSON,115,129
mdp.39015002271297,62,0,0,LEONARD LONEHILL,PERSON,60,76
mdp.39015002271297,62,0,1,age 14,DATE,86,92
mdp.39015002271297,62,0,2,Faith Two Eagle,ORG,93,108
mdp.39015002271297,63,2,0,ETHLEEN IRON CLOUD,PERSON,0,18
mdp.39015002271297,63,2,1,age 14,DATE,28,34
mdp.39015002271297,63,2,2,Leonard Lonehill,PERSON,35,51
mdp.39015002271297,64,0,0,Harvey Iron Bo,PERSON,1,15
mdp.39015002271297,64,0,1,54,CARDINAL,16,18
mdp.39015002271297,65,4,0,BERTHA SMOKE,PERSON,0,12
mdp.39015002271297,65,4,1,age 13,DATE,22,28
mdp.39015002271297,65,4,2,Leslie Bush,PERSON,29,40
mdp.39015002271297,65,4,3,55,DATE,41,43
mdp.39015002271297,66,3,0,DORIS COTTIER,PERSON,0,13
mdp.39015002271297,66,3,1,age 13,DATE,23,29
mdp.39015002271297,66,3,2,James White,PERSON,30,41
mdp.39015002271297,66,3,3,56,DATE,50,52
mdp.39015002271297,67,2,0,IVAN WHITE PIPE,PERSON,74,89
mdp.39015002271297,67,2,1,7,CARDINAL,96,97
mdp.39015002271297,67,2,2,age 13,DATE,99,105
mdp.39015002271297,67,2,3,Faith Two Eagle,ORG,106,121
mdp.39015002271297,68,0,0,age 14,DATE,109,115
mdp.39015002271297,68,0,1,Faith Two Eagle,PERSON,116,131
mdp.39015002271297,69,0,0,EDWARD SMOKE,PERSON,37,49
mdp.39015002271297,69,0,1,age 14,DATE,59,65
mdp.39015002271297,69,0,2,Mathew Mesteth,PERSON,66,80
mdp.39015002271297,69,0,3,50,DATE,81,83
mdp.39015002271297,70,7,0,two years,DATE,16,25
mdp.39015002271297,70,9,0,KATHY,PERSON,0,5
mdp.39015002271297,70,9,1,WARRIOR,PERSON,12,19
mdp.39015002271297,70,9,2,4,CARDINAL,26,27
mdp.39015002271297,70,9,3,age 11,DATE,29,35
mdp.39015002271297,71,0,0,Mathew Mesteth,PERSON,1,15
mdp.39015002271297,72,3,0,ETHLEEN IRON CLOUD,PERSON,0,18
mdp.39015002271297,72,3,1,age 14,DATE,28,34
mdp.39015002271297,72,3,2,Leonard Lonehill,PERSON,35,51
mdp.39015002271297,73,2,0,winter,DATE,3,9
mdp.39015002271297,73,3,0,RODNEY TWO EAGLE,PERSON,0,16
mdp.39015002271297,73,3,1,age 13,DATE,26,32
mdp.39015002271297,73,3,2,Harvey Iron Boy,PERSON,33,48
mdp.39015002271297,73,3,3,63,DATE,49,51
mdp.39015002271297,74,0,0,James White Thunder,PERSON,1,20
mdp.39015002271297,75,0,0,one,CARDINAL,33,36
mdp.39015002271297,75,2,0,ess,PERSON,4,7
mdp.39015002271297,75,3,0,RODNEY WHITE FACE,PERSON,0,17
mdp.39015002271297,75,3,1,Grade 8,DATE,18,25
mdp.39015002271297,75,3,2,age 16,DATE,27,33
mdp.39015002271297,75,3,3,Mathew Mesteth,PERSON,34,48
mdp.39015002271297,76,2,0,DALE WESTON,PERSON,0,11
mdp.39015002271297,76,2,1,Grade 7,DATE,12,19
mdp.39015002271297,76,2,2,age 14,DATE,21,27
mdp.39015002271297,76,2,3,Darlene High Hawk,PERSON,28,45
mdp.39015002271297,77,2,0,ALPHONSO,PERSON,0,8
mdp.39015002271297,77,2,1,8,DATE,27,28
mdp.39015002271297,77,2,2,age 17,DATE,30,36
mdp.39015002271297,77,2,3,Norma Black Feather,PERSON,37,56
mdp.39015002271297,78,2,0,7,DATE,22,23
mdp.39015002271297,78,2,1,age 12,DATE,25,31
mdp.39015002271297,78,2,2,Mathew Mesteth,PERSON,32,46
mdp.39015002271297,79,4,0,BERTHA IRON BOY,PERSON,0,15
mdp.39015002271297,79,4,1,Grade 6,DATE,16,23
mdp.39015002271297,79,4,2,age 12,DATE,25,31
mdp.39015002271297,79,4,3,Harvey Iron Boy,PERSON,32,47
mdp.39015002271297,80,3,0,one,CARDINAL,44,47
mdp.39015002271297,80,6,0,MARY HORSE,PERSON,0,10
mdp.39015002271297,80,6,1,6,DATE,17,18
mdp.39015002271297,80,6,2,age 11,DATE,20,26
mdp.39015002271297,81,0,0,Leslie Bush,PERSON,1,12
mdp.39015002271297,81,0,1,71,DATE,13,15
mdp.39015002271297,82,0,0,Leonard Lonehill,PERSON,1,17
mdp.39015002271297,83,1,0,one,CARDINAL,3,6
mdp.39015002271297,83,4,0,two,CARDINAL,9,12
mdp.39015002271297,83,4,1,one,CARDINAL,19,22
mdp.39015002271297,83,4,2,twenty,CARDINAL,30,36
mdp.39015002271297,83,4,3,four,CARDINAL,47,51
mdp.39015002271297,83,4,4,one,CARDINAL,61,64
mdp.39015002271297,83,7,0,King,PERSON,0,4
mdp.39015002271297,83,11,0,Ricky,PERSON,32,37
mdp.39015002271297,83,12,0,Ricky,PERSON,21,26
mdp.39015002271297,83,13,0,Ricky,PERSON,0,5
mdp.39015002271297,83,14,0,twenty,CARDINAL,45,51
mdp.39015002271297,83,14,1,twenty,CARDINAL,77,83
mdp.39015002271297,83,15,0,twenty,CARDINAL,57,63
mdp.39015002271297,83,16,0,two,CARDINAL,31,34
mdp.39015002271297,83,17,0,four,CARDINAL,24,28
mdp.39015002271297,83,19,0,CHARLENE Mesteth,PERSON,0,16
mdp.39015002271297,83,19,1,4,CARDINAL,23,24
mdp.39015002271297,83,19,2,age 9,DATE,26,31
mdp.39015002271297,84,0,0,SUSAN KATT,PERSON,81,91
mdp.39015002271297,84,0,1,age 10,DATE,101,107
mdp.39015002271297,84,0,2,Harvey Iron Boy,PERSON,108,123
mdp.39015002271297,85,1,0,6,CARDINAL,18,19
mdp.39015002271297,85,1,1,ages 11-13,DATE,21,31
mdp.39015002271297,85,1,2,James White,PERSON,32,43
mdp.39015002271297,86,0,0,Harvey Iron E,PERSON,1,14
mdp.39015002271297,86,0,1,76,CARDINAL,15,17
mdp.39015002271297,87,0,0,GERALDINE LITTLE BOY,PERSON,93,113
mdp.39015002271297,87,0,1,age 12,DATE,123,129
mdp.39015002271297,87,0,2,Harvey Iron Boy,PERSON,130,145
mdp.39015002271297,87,0,3,77,DATE,146,148
mdp.39015002271297,88,2,0,MARVIN,PERSON,0,6
mdp.39015002271297,88,2,1,5,DATE,23,24
mdp.39015002271297,88,2,2,age 10,DATE,26,32
mdp.39015002271297,88,2,3,Harvey Iron,PERSON,33,44
mdp.39015002271297,88,2,4,78,CARDINAL,49,51
mdp.39015002271297,89,0,0,CHARLENE MESTETH,PERSON,56,72
mdp.39015002271297,89,0,1,age 9,DATE,82,87
mdp.39015002271297,89,0,2,Leslie Bush,PERSON,88,99
mdp.39015002271297,89,0,3,79,DATE,100,102
mdp.39015002271297,90,0,0,Santa Cruz County,GPE,61,78
mdp.39015002271297,90,0,1,California,GPE,80,90
mdp.39015002271297,90,1,0,Images and Words,WORK_OF_ART,52,68
mdp.39015002271297,90,1,1,Ansel Adams,PERSON,118,129
mdp.39015002271297,90,1,2,Beaumont,PERSON,131,139
mdp.39015002271297,90,1,3,Nancy Newhall,PERSON,144,157
mdp.39015002271297,90,1,4,Adrian Wilson,PERSON,159,172
mdp.39015002271297,90,1,5,Pirkle Jones,PERSON,177,189
mdp.39015002271297,90,1,6,"July 1-13, 1968",DATE,191,206
mdp.39015002271297,90,2,0,San Francisco,GPE,0,13
mdp.39015002271297,90,2,1,1969,DATE,15,19
mdp.39015002271297,90,3,0,KIRSTEIN,PERSON,0,8
mdp.39015002271297,90,3,1,LINCOLN,PERSON,10,17
mdp.39015002271297,90,3,2,The Hampton Album,WORK_OF_ART,18,35
mdp.39015002271297,90,3,3,44,CARDINAL,37,39
mdp.39015002271297,90,3,4,Frances B. Johnston,PERSON,55,74
mdp.39015002271297,90,3,5,Hampton Institute,ORG,92,109
mdp.39015002271297,90,4,0,New York,GPE,0,8
mdp.39015002271297,90,4,1,The Museum of Modern Art,ORG,10,34
mdp.39015002271297,90,4,2,1966,DATE,36,40
mdp.39015002271297,90,5,0,LYONS,PERSON,0,5
mdp.39015002271297,90,5,1,NATHAN,PERSON,7,13
mdp.39015002271297,90,5,2,the Twentieth Century,DATE,29,50
mdp.39015002271297,90,6,0,New York,GPE,0,8
mdp.39015002271297,90,6,1,Horizon Press,ORG,10,23
mdp.39015002271297,90,6,2,1967,DATE,25,29
mdp.39015002271297,90,7,0,NEWHALL,PERSON,0,7
mdp.39015002271297,90,7,1,BEAUMONT,PERSON,9,17
mdp.39015002271297,90,7,2,1893 to the Present Day,DATE,51,74
mdp.39015002271297,90,9,0,New York,GPE,0,8
mdp.39015002271297,90,9,1,The Museum of Modern Art,ORG,10,34
mdp.39015002271297,90,9,2,1964,DATE,36,40
mdp.39015002271297,90,10,0,NEWHALL,PERSON,0,7
mdp.39015002271297,90,10,1,BEAUMONT,PERSON,9,17
mdp.39015002271297,90,11,0,Rochester,GPE,0,9
mdp.39015002271297,90,11,1,N.Y.,GPE,11,15
mdp.39015002271297,90,11,2,George Eastman House,ORG,17,37
mdp.39015002271297,90,11,3,1959,DATE,39,43
mdp.39015002271297,90,12,0,POLLACK,PERSON,0,7
mdp.39015002271297,90,12,1,PETER J.,PERSON,9,17
mdp.39015002271297,90,12,2,The Picture History of Photography,WORK_OF_ART,18,52
mdp.39015002271297,90,13,0,New York,GPE,0,8
mdp.39015002271297,90,13,1,Harry N. Abrams,ORG,10,25
mdp.39015002271297,90,13,2,1958,DATE,27,31
mdp.39015002271297,90,14,0,STEICHEN,PERSON,0,8
mdp.39015002271297,90,14,1,EDWARD,PERSON,10,16
mdp.39015002271297,90,14,2,"The Bitter Years,",WORK_OF_ART,17,34
mdp.39015002271297,90,14,3,1935-41,DATE,35,42
mdp.39015002271297,90,14,4,the Farm Security Administration,ORG,90,122
mdp.39015002271297,90,15,0,New York,GPE,0,8
mdp.39015002271297,90,15,1,The Museum of Modern Art,ORG,10,34
mdp.39015002271297,90,15,2,1962,DATE,36,40
mdp.39015002271297,90,16,0,STEICHEN,PERSON,0,8
mdp.39015002271297,90,16,1,EDWARD,PERSON,10,16
mdp.39015002271297,90,16,2,The Family of Man,WORK_OF_ART,17,34
mdp.39015002271297,90,17,0,New York,GPE,0,8
mdp.39015002271297,90,17,1,Maco Magazine Corp.,ORG,10,29
mdp.39015002271297,90,17,2,1965,DATE,31,35
mdp.39015002271297,90,18,0,The Museum of Modern Art,ORG,15,39
mdp.39015002271297,90,19,0,SZARKOWSKI,PERSON,0,10
mdp.39015002271297,90,19,1,JOHN,PERSON,12,16
mdp.39015002271297,90,19,2,The Photographer and the American Landscape,WORK_OF_ART,17,60
mdp.39015002271297,90,20,0,New York,GPE,0,8
mdp.39015002271297,90,20,1,The Museum of Modern Art,ORG,10,34
mdp.39015002271297,90,20,2,1963,DATE,36,40
mdp.39015002271297,90,21,0,SZARKOWSKI,PERSON,0,10
mdp.39015002271297,90,21,1,JOHN,PERSON,12,16
mdp.39015002271297,90,21,2,The Photographer's Eye,WORK_OF_ART,17,39
mdp.39015002271297,90,22,0,New York,GPE,0,8
mdp.39015002271297,90,22,1,The Museum of Modern Art,ORG,10,34
mdp.39015002271297,90,22,2,1966,DATE,36,40
mdp.39015002271297,90,23,0,80,CARDINAL,0,2
mdp.39015002271297,94,0,0,APR 2 0,DATE,28,35
mdp.39015002271297,94,0,1,2000 MAR 13 ZU,DATE,121,135
mdp.39015002271297,95,0,0,MICHIGAN,GPE,57,65
