vol_id,page,sentence_id,ent_id,entity,entity_type,start_char,end_char
mdp.39015055594801,1,0,0,1995,DATE,27,31
mdp.39015055594801,1,0,1,Richard G. Green,PERSON,55,71
mdp.39015055594801,2,0,0,MICH VERSLY,PERSON,1,12
mdp.39015055594801,2,0,1,GAN,PERSON,16,19
mdp.39015055594801,4,0,0,1,CARDINAL,0,1
mdp.39015055594801,6,0,0,Richard G. Green,PERSON,8,24
mdp.39015055594801,6,0,1,The Last Raven,WORK_OF_ART,25,39
mdp.39015055594801,7,0,0,Richard G. Green,PERSON,27,43
mdp.39015055594801,7,0,1,Ohsweken,GPE,60,68
mdp.39015055594801,8,0,0,Kanienkehaka Kanonhsyon,GPE,11,34
mdp.39015055594801,8,0,1,November 1995,DATE,38,51
mdp.39015055594801,8,0,2,Ricara Features,ORG,70,85
mdp.39015055594801,8,0,3,Grand River Territory,LOC,87,108
mdp.39015055594801,8,0,4,269,CARDINAL,119,122
mdp.39015055594801,8,0,5,Ohsweken,GPE,124,132
mdp.39015055594801,8,0,6,Ontario,GPE,134,141
mdp.39015055594801,8,0,7,Canada,GPE,143,149
mdp.39015055594801,8,0,8,Ricara Features,ORG,159,174
mdp.39015055594801,8,0,9,Tuscarora Nation,GPE,180,196
mdp.39015055594801,8,0,10,664,CARDINAL,207,210
mdp.39015055594801,8,0,11,Sanborn,GPE,212,219
mdp.39015055594801,8,0,12,New York,GPE,224,232
mdp.39015055594801,8,0,13,U.S.A.,GPE,234,240
mdp.39015055594801,8,2,0,North American,NORP,28,42
mdp.39015055594801,8,4,0,Richard G. Green,PERSON,10,26
mdp.39015055594801,8,4,1,1995,DATE,28,32
mdp.39015055594801,8,6,0,North America,LOC,17,30
mdp.39015055594801,8,6,1,"December, 1995",DATE,32,46
mdp.39015055594801,8,6,2,0-911737-01-4,CARDINAL,63,76
mdp.39015055594801,9,0,0,8-28-02,CARDINAL,18,25
mdp.39015055594801,9,3,0,Diane Longboat,PERSON,10,24
mdp.39015055594801,9,3,1,Paul Williams,PERSON,26,39
mdp.39015055594801,9,3,2,Anne Thomas,PERSON,41,52
mdp.39015055594801,9,3,3,Michael Doxtater,PERSON,54,70
mdp.39015055594801,9,3,4,Kerri Green,PERSON,75,86
mdp.39015055594801,9,4,0,Nyawen,ORG,0,6
mdp.39015055594801,9,4,1,Brian Maracle,PERSON,31,44
mdp.39015055594801,9,4,2,Ray Skye,PERSON,49,57
mdp.39015055594801,9,6,0,R.G.G.,PERSON,0,6
mdp.39015055594801,10,0,0,ohenton,PERSON,0,7
mdp.39015055594801,10,1,0,English,LANGUAGE,41,48
mdp.39015055594801,10,1,1,Mohawk,LANGUAGE,72,78
mdp.39015055594801,10,1,2,English,LANGUAGE,86,93
mdp.39015055594801,10,1,3,First,ORDINAL,142,147
mdp.39015055594801,10,1,4,Mohawk,LANGUAGE,153,159
mdp.39015055594801,10,1,5,English,LANGUAGE,169,176
mdp.39015055594801,10,1,6,2,CARDINAL,221,222
mdp.39015055594801,10,6,0,3,CARDINAL,26,27
mdp.39015055594801,10,6,1,Sekon-Darrin,PERSON,45,57
mdp.39015055594801,10,6,2,Darrin,PERSON,73,79
mdp.39015055594801,10,6,3,nyawen,PERSON,80,86
mdp.39015055594801,10,6,4,onenkiwahi,PERSON,105,115
mdp.39015055594801,10,6,5,4,CARDINAL,132,133
mdp.39015055594801,10,6,6,5,CARDINAL,153,154
mdp.39015055594801,10,6,7,6,CARDINAL,197,198
mdp.39015055594801,10,6,8,the Society of Faces,ORG,213,233
mdp.39015055594801,10,9,0,onkwehonwe-New World Indians,NORP,0,28
mdp.39015055594801,10,9,1,Turtle Island,LOC,30,43
mdp.39015055594801,11,0,0,7,CARDINAL,8,9
mdp.39015055594801,11,0,1,Little Water,LOC,40,52
mdp.39015055594801,11,3,0,medicine,NORP,0,8
mdp.39015055594801,11,5,0,9,CARDINAL,8,9
mdp.39015055594801,11,6,0,satyen enitskwara'tsherake,GPE,22,48
mdp.39015055594801,11,6,1,nahoten yesayats?=what is,NORP,69,94
mdp.39015055594801,11,7,0,Darrin ne yonkyats=,PERSON,0,19
mdp.39015055594801,11,7,1,Darrin tsi'tenha,PERSON,30,46
mdp.39015055594801,11,7,2,waton,NORP,68,73
mdp.39015055594801,11,9,0,English,LANGUAGE,1,8
mdp.39015055594801,11,9,1,sanonhwaktani ken?=are you,NORP,20,46
mdp.39015055594801,11,10,0,satonhkaryaks ken,NORP,0,17
mdp.39015055594801,11,12,0,wakenya tathens,PERSON,0,15
mdp.39015055594801,11,13,0,ta ne'kati,PERSON,51,61
mdp.39015055594801,11,13,1,11,CARDINAL,85,87
mdp.39015055594801,11,13,2,Iroquois,NORP,98,106
mdp.39015055594801,12,0,0,-Tashunka Witko,PERSON,188,203
mdp.39015055594801,12,0,1,Wichasha Wakan,PERSON,225,239
mdp.39015055594801,13,0,0,The Strange Dream 1 tekeni2,WORK_OF_ART,17,44
mdp.39015055594801,13,0,1,The Accurate Prediction,WORK_OF_ART,46,69
mdp.39015055594801,13,0,2,ahsen,PERSON,72,77
mdp.39015055594801,13,0,3,kayeri,PERSON,99,105
mdp.39015055594801,13,0,4,The Arley Run-in,WORK_OF_ART,109,125
mdp.39015055594801,13,0,5,Darrin's Decision,WORK_OF_ART,137,154
mdp.39015055594801,13,0,6,The Wedding Dance,WORK_OF_ART,166,183
mdp.39015055594801,13,0,7,tsyata,PERSON,187,193
mdp.39015055594801,13,0,8,A Ride To The River,WORK_OF_ART,197,216
mdp.39015055594801,13,0,9,The Elephant Dream,WORK_OF_ART,232,250
mdp.39015055594801,13,0,10,tyohton,PERSON,254,261
mdp.39015055594801,13,0,11,The Visit,WORK_OF_ART,265,274
mdp.39015055594801,13,0,12,oyeli,PERSON,278,283
mdp.39015055594801,13,0,13,Lisa and Naomi Come Home,WORK_OF_ART,288,312
mdp.39015055594801,13,0,14,enska yawenre,PERSON,316,329
mdp.39015055594801,13,0,15,The Powwow,WORK_OF_ART,334,344
mdp.39015055594801,13,0,16,tekeni yawenre,PERSON,348,362
mdp.39015055594801,13,3,0,A Fire In The City,WORK_OF_ART,0,18
mdp.39015055594801,13,3,1,ahsen yawenre,PERSON,23,36
mdp.39015055594801,13,3,2,An Unusual Flight 113,WORK_OF_ART,40,61
mdp.39015055594801,13,3,3,kayeli yawenre,PERSON,62,76
mdp.39015055594801,13,3,4,122,CARDINAL,94,97
mdp.39015055594801,15,0,0,1,CARDINAL,27,28
mdp.39015055594801,15,3,0,Darrin,PERSON,0,6
mdp.39015055594801,15,6,0,Billy,PERSON,12,17
mdp.39015055594801,15,7,0,Darrin,PERSON,0,6
mdp.39015055594801,15,9,0,Billy,PERSON,70,75
mdp.39015055594801,15,11,0,Billy,PERSON,0,5
mdp.39015055594801,15,12,0,Blue Jay's,ORG,56,66
mdp.39015055594801,15,13,0,Darrin,PERSON,0,6
mdp.39015055594801,15,16,0,A second later,TIME,0,14
mdp.39015055594801,16,0,0,2,CARDINAL,0,1
mdp.39015055594801,16,0,1,RICHARD G. GREEN,PERSON,2,18
mdp.39015055594801,16,2,0,two,CARDINAL,4,7
mdp.39015055594801,16,4,0,Darrin,PERSON,0,6
mdp.39015055594801,16,7,0,Billy,PERSON,0,5
mdp.39015055594801,16,11,0,Darrin,PERSON,0,6
mdp.39015055594801,16,13,0,Billy,PERSON,15,20
mdp.39015055594801,16,14,0,Billy,PERSON,9,14
mdp.39015055594801,16,16,0,Darrin,PERSON,0,6
mdp.39015055594801,16,19,0,Darrin,PERSON,0,6
mdp.39015055594801,16,22,0,Kestrel,PRODUCT,23,30
mdp.39015055594801,17,3,0,One,CARDINAL,0,3
mdp.39015055594801,17,3,1,Hawks,PRODUCT,11,16
mdp.39015055594801,17,4,0,Kestrel,PRODUCT,4,11
mdp.39015055594801,17,5,0,Kestrel,PRODUCT,31,38
mdp.39015055594801,17,10,0,Kestrel,PRODUCT,4,11
mdp.39015055594801,17,11,0,Hawk,PERSON,23,27
mdp.39015055594801,17,12,0,Darrin,PERSON,0,6
mdp.39015055594801,17,12,1,one,CARDINAL,24,27
mdp.39015055594801,17,12,2,Geese,NORP,35,40
mdp.39015055594801,18,0,0,RICHARD G. GREEN,PERSON,0,16
mdp.39015055594801,18,3,0,Darrin,PERSON,0,6
mdp.39015055594801,18,8,0,Darrin,PERSON,0,6
mdp.39015055594801,18,10,0,Inca Indians,NORP,20,32
mdp.39015055594801,18,10,1,Inca,NORP,55,59
mdp.39015055594801,18,11,0,Mohawk,LANGUAGE,40,46
mdp.39015055594801,18,11,1,one,CARDINAL,60,63
mdp.39015055594801,18,14,0,one,CARDINAL,19,22
mdp.39015055594801,18,15,0,Goose,PRODUCT,22,27
mdp.39015055594801,18,16,0,Darrin,PERSON,0,6
mdp.39015055594801,18,17,0,Swan,PRODUCT,60,64
mdp.39015055594801,18,19,0,Darrin,PERSON,0,6
mdp.39015055594801,18,21,0,Seven-foot,QUANTITY,0,10
mdp.39015055594801,19,11,0,Swan,PRODUCT,4,8
mdp.39015055594801,19,11,1,Goose,PRODUCT,57,62
mdp.39015055594801,19,12,0,Darrin,PERSON,0,6
mdp.39015055594801,19,13,0,Swan,PRODUCT,4,8
mdp.39015055594801,19,15,0,Goose,PRODUCT,9,14
mdp.39015055594801,19,15,1,Darrin,PERSON,58,64
mdp.39015055594801,19,18,0,Darrin,PERSON,39,45
mdp.39015055594801,19,21,0,Eagle,PRODUCT,18,23
mdp.39015055594801,20,0,0,6,CARDINAL,0,1
mdp.39015055594801,20,0,1,RICHARD G. GREEN,PERSON,2,18
mdp.39015055594801,20,4,0,eight-foot,QUANTITY,46,56
mdp.39015055594801,20,9,0,Swan,PERSON,0,4
mdp.39015055594801,20,9,1,Goose,PERSON,9,14
mdp.39015055594801,20,9,2,Darrin,PERSON,56,62
mdp.39015055594801,20,11,0,first,ORDINAL,9,14
mdp.39015055594801,20,13,0,half,CARDINAL,83,87
mdp.39015055594801,20,15,0,Darrin,PERSON,0,6
mdp.39015055594801,20,17,0,Eagle,PERSON,4,9
mdp.39015055594801,20,18,0,Darrin,PERSON,5,11
mdp.39015055594801,20,19,0,Darrin,PERSON,0,6
mdp.39015055594801,20,20,0,Billy,PERSON,14,19
mdp.39015055594801,21,0,0,7,CARDINAL,27,28
mdp.39015055594801,21,2,0,Darrin,PERSON,0,6
mdp.39015055594801,21,2,1,Billy,PERSON,19,24
mdp.39015055594801,21,3,0,Sparrow,PRODUCT,12,19
mdp.39015055594801,21,4,0,Billy,PERSON,1,6
mdp.39015055594801,21,7,0,Darrin,PERSON,0,6
mdp.39015055594801,21,8,0,Sparrow,PRODUCT,29,36
mdp.39015055594801,21,10,0,Darrin,PERSON,0,6
mdp.39015055594801,21,16,0,Billy,PERSON,0,5
mdp.39015055594801,21,17,0,only one,CARDINAL,9,17
mdp.39015055594801,21,17,1,only one,CARDINAL,41,49
mdp.39015055594801,21,20,0,Darrin,PERSON,0,6
mdp.39015055594801,21,23,0,Billy,PERSON,0,5
mdp.39015055594801,21,26,0,today,DATE,22,27
mdp.39015055594801,21,29,0,Darrin,PERSON,0,6
mdp.39015055594801,21,29,1,Billy,PERSON,40,45
mdp.39015055594801,21,30,0,Billy,PERSON,21,26
mdp.39015055594801,22,0,0,RICHARD G. GREEN,PERSON,2,18
mdp.39015055594801,22,1,0,Billy,PERSON,27,32
mdp.39015055594801,22,2,0,Darrin,PERSON,9,15
mdp.39015055594801,22,4,0,L. Lafont,PERSON,11,20
mdp.39015055594801,22,7,0,second,ORDINAL,57,63
mdp.39015055594801,22,8,0,two,CARDINAL,17,20
mdp.39015055594801,22,10,0,Darrin,PERSON,0,6
mdp.39015055594801,23,0,0,9,CARDINAL,27,28
mdp.39015055594801,23,0,1,2,CARDINAL,37,38
mdp.39015055594801,23,3,0,Lisa,PERSON,1,5
mdp.39015055594801,23,5,0,Lisa,PERSON,22,26
mdp.39015055594801,23,8,0,Darrin,PERSON,0,6
mdp.39015055594801,23,9,0,Naomi,PERSON,43,48
mdp.39015055594801,23,10,0,Lisa,PERSON,26,30
mdp.39015055594801,23,12,0,Naomi,PERSON,28,33
mdp.39015055594801,23,13,0,Darrin,PERSON,0,6
mdp.39015055594801,24,0,0,RICHARD G. GREEN,PERSON,3,19
mdp.39015055594801,24,3,0,Darrin,PERSON,10,16
mdp.39015055594801,24,5,0,Darrin,PERSON,0,6
mdp.39015055594801,24,5,1,Lisa,PERSON,26,30
mdp.39015055594801,24,7,0,Lafont,PERSON,9,15
mdp.39015055594801,24,12,0,Mark,PERSON,0,4
mdp.39015055594801,24,12,1,any minute,TIME,18,28
mdp.39015055594801,24,12,2,all day,DATE,59,66
mdp.39015055594801,24,13,0,Darrin,PERSON,0,6
mdp.39015055594801,24,16,0,Today,DATE,0,5
mdp.39015055594801,24,16,1,Saturday,DATE,10,18
mdp.39015055594801,24,20,0,Lafont,PERSON,13,19
mdp.39015055594801,24,20,1,Darrin,PERSON,22,28
mdp.39015055594801,24,21,0,Lafont,PERSON,4,10
mdp.39015055594801,25,1,0,Darrin,PERSON,0,6
mdp.39015055594801,25,1,1,Lafont,PERSON,23,29
mdp.39015055594801,25,2,0,Lafont,PERSON,12,18
mdp.39015055594801,25,3,0,Lafont,PERSON,14,20
mdp.39015055594801,25,7,0,Darrin,PERSON,11,17
mdp.39015055594801,25,10,0,Darrin,PERSON,0,6
mdp.39015055594801,25,11,0,Lafont,PERSON,4,10
mdp.39015055594801,25,14,0,Lafont,PERSON,4,10
mdp.39015055594801,25,15,0,Darrin,PERSON,0,6
mdp.39015055594801,25,15,1,Lafont,PERSON,35,41
mdp.39015055594801,25,16,0,a good day,DATE,14,24
mdp.39015055594801,25,17,0,Darrin,PERSON,33,39
mdp.39015055594801,25,17,1,today,DATE,88,93
mdp.39015055594801,25,19,0,Lafont,PERSON,4,10
mdp.39015055594801,25,21,0,Darrin,PERSON,0,6
mdp.39015055594801,25,26,0,Lafont,PERSON,4,10
mdp.39015055594801,26,0,0,RICHARD G. GREEN,PERSON,3,19
mdp.39015055594801,26,0,1,tomorrah,DATE,46,54
mdp.39015055594801,26,3,0,Darrin,PERSON,0,6
mdp.39015055594801,26,4,0,Lafont,PERSON,19,25
mdp.39015055594801,26,4,1,Indians,NORP,46,53
mdp.39015055594801,26,5,0,today,DATE,19,24
mdp.39015055594801,26,10,0,Darrin,PERSON,0,6
mdp.39015055594801,26,13,0,Indians,NORP,28,35
mdp.39015055594801,26,14,0,Darrin,PERSON,13,19
mdp.39015055594801,26,15,0,Lafont,PERSON,5,11
mdp.39015055594801,26,17,0,LawrENCE LAFont,PERSON,1,16
mdp.39015055594801,26,21,0,Lafont,PERSON,4,10
mdp.39015055594801,27,0,0,Darrin,PERSON,32,38
mdp.39015055594801,27,4,0,Half,CARDINAL,0,4
mdp.39015055594801,27,5,0,Mark,PERSON,0,4
mdp.39015055594801,27,6,0,Darrin,PERSON,0,6
mdp.39015055594801,27,8,0,Mark,PERSON,0,4
mdp.39015055594801,27,9,0,Darrin,PERSON,0,6
mdp.39015055594801,27,10,0,Mark,PERSON,19,23
mdp.39015055594801,27,10,1,Naomi,PERSON,59,64
mdp.39015055594801,27,11,0,Lisa,PERSON,26,30
mdp.39015055594801,27,15,0,Naomi,PERSON,31,36
mdp.39015055594801,27,16,0,That night,TIME,0,10
mdp.39015055594801,27,16,1,Darrin,PERSON,12,18
mdp.39015055594801,27,16,2,Julie,PERSON,49,54
mdp.39015055594801,27,17,0,Darrin,PERSON,15,21
mdp.39015055594801,27,18,0,Darrin,PERSON,29,35
mdp.39015055594801,27,18,1,Julie,PERSON,48,53
mdp.39015055594801,27,18,2,Naomi,PERSON,82,87
mdp.39015055594801,27,18,3,7 pounds and 2 ounces,QUANTITY,101,122
mdp.39015055594801,27,19,0,Lisa,PERSON,7,11
mdp.39015055594801,27,19,1,Naomi,PERSON,21,26
mdp.39015055594801,27,20,0,Julie,PERSON,5,10
mdp.39015055594801,27,21,0,Darrin,PERSON,0,6
mdp.39015055594801,27,22,0,4:15 AM,TIME,43,50
mdp.39015055594801,28,0,0,14 RICHARD G. GREEN,PERSON,0,19
mdp.39015055594801,28,1,0,Darrin,PERSON,28,34
mdp.39015055594801,28,3,0,Darrin,PERSON,5,11
mdp.39015055594801,28,3,1,Naomi,PERSON,21,26
mdp.39015055594801,28,3,2,"7 pound, 2 ounce",QUANTITY,33,49
mdp.39015055594801,28,6,0,Julie,PERSON,40,45
mdp.39015055594801,28,9,0,Darrin,PERSON,0,6
mdp.39015055594801,28,9,1,one,CARDINAL,18,21
mdp.39015055594801,28,12,0,Darrin,PERSON,9,15
mdp.39015055594801,28,13,0,Darrin,PERSON,12,18
mdp.39015055594801,28,16,0,Next morning,TIME,0,12
mdp.39015055594801,28,16,1,Darrin,PERSON,14,20
mdp.39015055594801,28,16,2,Mark,PERSON,60,64
mdp.39015055594801,28,17,0,Naomi,PERSON,13,18
mdp.39015055594801,28,17,1,4:15 AM,TIME,31,38
mdp.39015055594801,28,17,2,Lisa,PERSON,43,47
mdp.39015055594801,28,18,0,Julie,PERSON,31,36
mdp.39015055594801,28,18,1,Naomi,PERSON,89,94
mdp.39015055594801,28,19,0,Darrin,PERSON,46,52
mdp.39015055594801,28,20,0,Darrin,PERSON,10,16
mdp.39015055594801,28,21,0,Mark,PERSON,0,4
mdp.39015055594801,29,0,0,15,CARDINAL,27,29
mdp.39015055594801,29,3,0,Mark,PERSON,0,4
mdp.39015055594801,29,5,0,Darrin,PERSON,0,6
mdp.39015055594801,29,9,0,the whole day,DATE,30,43
mdp.39015055594801,29,11,0,Mark,PERSON,16,20
mdp.39015055594801,29,12,0,Darrin,PERSON,25,31
mdp.39015055594801,29,13,0,Mark,PERSON,11,15
mdp.39015055594801,29,14,0,Mark,PERSON,11,15
mdp.39015055594801,29,16,0,Darrin,PERSON,15,21
mdp.39015055594801,29,19,0,Darrin,PERSON,0,6
mdp.39015055594801,29,20,0,Lisa,PERSON,1,5
mdp.39015055594801,29,23,0,Darrin,PERSON,0,6
mdp.39015055594801,29,25,0,Mark,PERSON,18,22
mdp.39015055594801,29,30,0,Totah,PERSON,40,45
mdp.39015055594801,30,0,0,RICHARD G. GREEN,PERSON,3,19
mdp.39015055594801,30,0,1,Fox,PERSON,37,40
mdp.39015055594801,30,1,0,Fox,PERSON,6,9
mdp.39015055594801,30,3,0,Lisa,PERSON,47,51
mdp.39015055594801,31,0,0,17,CARDINAL,27,29
mdp.39015055594801,31,0,1,One,CARDINAL,30,33
mdp.39015055594801,31,0,2,3,CARDINAL,52,53
mdp.39015055594801,31,1,0,Darrin,PERSON,0,6
mdp.39015055594801,31,1,1,Mark,PERSON,38,42
mdp.39015055594801,31,2,0,Mark,PERSON,40,44
mdp.39015055594801,31,2,1,Cobe's Gas Bar,ORG,57,71
mdp.39015055594801,31,3,0,Mark,PERSON,20,24
mdp.39015055594801,31,4,0,Mark,PERSON,0,4
mdp.39015055594801,31,4,1,Rez,LOC,51,54
mdp.39015055594801,31,4,2,Darrin,PERSON,86,92
mdp.39015055594801,31,7,0,Darrin,PERSON,0,6
mdp.39015055594801,31,8,0,Naomi,PERSON,5,10
mdp.39015055594801,31,9,0,Lisa,PERSON,17,21
mdp.39015055594801,31,10,0,Naomi,PERSON,9,14
mdp.39015055594801,31,13,0,Lisa,PERSON,0,4
mdp.39015055594801,32,0,0,RICHARD G. GREEN,PERSON,3,19
mdp.39015055594801,32,2,0,Darrin,PERSON,0,6
mdp.39015055594801,32,5,0,Mark,PERSON,11,15
mdp.39015055594801,32,6,0,Mark,PERSON,0,4
mdp.39015055594801,32,7,0,Lisa,PERSON,73,77
mdp.39015055594801,32,10,0,Darrin,PERSON,0,6
mdp.39015055594801,32,10,1,Dale Joshua,PERSON,18,29
mdp.39015055594801,32,10,2,one,CARDINAL,31,34
mdp.39015055594801,32,15,0,Darrin,PERSON,0,6
mdp.39015055594801,32,16,0,Cobe,ORG,0,4
mdp.39015055594801,32,17,0,Cobe,PERSON,64,68
mdp.39015055594801,32,18,0,Darrin,PERSON,0,6
mdp.39015055594801,32,20,0,Cobe,PERSON,4,8
mdp.39015055594801,32,21,0,Dirt Bike,PRODUCT,49,58
mdp.39015055594801,32,23,0,Arley Van Peldt,PERSON,0,15
mdp.39015055594801,32,25,0,Two,CARDINAL,0,3
mdp.39015055594801,32,26,0,Darrin,PERSON,15,21
mdp.39015055594801,32,26,1,Playboy,ORG,44,51
mdp.39015055594801,32,27,0,Cobe,PERSON,36,40
mdp.39015055594801,33,1,0,Darrin,PERSON,5,11
mdp.39015055594801,33,3,0,Darrin,PERSON,10,16
mdp.39015055594801,33,4,0,Darrin,PERSON,0,6
mdp.39015055594801,33,5,0,Beaver,PERSON,19,25
mdp.39015055594801,33,13,0,Darrin,PERSON,0,6
mdp.39015055594801,33,14,0,Arley,PERSON,14,19
mdp.39015055594801,33,14,1,two years older,DATE,24,39
mdp.39015055594801,33,15,0,one,CARDINAL,23,26
mdp.39015055594801,33,15,1,Arley,PERSON,47,52
mdp.39015055594801,33,16,0,Darrin,PERSON,0,6
mdp.39015055594801,33,16,1,Arley,PERSON,15,20
mdp.39015055594801,33,21,0,Arley,PERSON,46,51
mdp.39015055594801,33,23,0,Darrin,PERSON,0,6
mdp.39015055594801,33,29,0,Mark,PERSON,0,4
mdp.39015055594801,33,29,1,Darrin,PERSON,31,37
mdp.39015055594801,33,30,0,Darrin,PERSON,51,57
mdp.39015055594801,34,0,0,20,CARDINAL,0,2
mdp.39015055594801,34,0,1,RICHARD G. GREEN,PERSON,3,19
mdp.39015055594801,34,1,0,Mark,PERSON,0,4
mdp.39015055594801,34,4,0,Darrin,PERSON,0,6
mdp.39015055594801,34,5,0,Mark,PERSON,18,22
mdp.39015055594801,34,5,1,Totah,PERSON,31,36
mdp.39015055594801,34,6,0,Mark,PERSON,11,15
mdp.39015055594801,34,9,0,Totah,PERSON,1,6
mdp.39015055594801,34,10,0,Totah,PERSON,8,13
mdp.39015055594801,34,11,0,Darrin,PERSON,19,25
mdp.39015055594801,34,12,0,two,CARDINAL,5,8
mdp.39015055594801,34,13,0,Dale Joshua,PERSON,27,38
mdp.39015055594801,34,13,1,Mark,PERSON,60,64
mdp.39015055594801,34,14,0,Arley,PERSON,28,33
mdp.39015055594801,34,14,1,Dale,PERSON,53,57
mdp.39015055594801,34,15,0,two,CARDINAL,48,51
mdp.39015055594801,34,18,0,Mark,PERSON,0,4
mdp.39015055594801,34,19,0,Naomi,PERSON,0,5
mdp.39015055594801,34,20,0,Mark,PERSON,12,16
mdp.39015055594801,34,20,1,Lisa,PERSON,25,29
mdp.39015055594801,34,21,0,Lafont,PERSON,37,43
mdp.39015055594801,35,0,0,21,DATE,27,29
mdp.39015055594801,35,2,0,Mark,PERSON,39,43
mdp.39015055594801,35,6,0,Darrin,PERSON,0,6
mdp.39015055594801,35,10,0,Darrin,PERSON,1,7
mdp.39015055594801,35,10,1,Darrin,PERSON,10,16
mdp.39015055594801,35,11,0,Darrin,PERSON,0,6
mdp.39015055594801,35,11,1,Mark,PERSON,11,15
mdp.39015055594801,35,16,0,Cobe's,ORG,23,29
mdp.39015055594801,35,17,0,Darrin,PERSON,0,6
mdp.39015055594801,35,19,0,the summer,DATE,48,58
mdp.39015055594801,35,19,1,Mark,PERSON,63,67
mdp.39015055594801,35,22,0,a half-hour,TIME,21,32
mdp.39015055594801,36,0,0,22,CARDINAL,0,2
mdp.39015055594801,36,0,1,RICHARD G. GREEN,PERSON,3,19
mdp.39015055594801,36,1,0,Sharla Whitepine's,PERSON,57,75
mdp.39015055594801,36,1,1,Totah,PERSON,108,113
mdp.39015055594801,36,4,0,Rez,LOC,36,39
mdp.39015055594801,36,5,0,Darrin,PERSON,25,31
mdp.39015055594801,36,8,0,next year,DATE,37,46
mdp.39015055594801,36,10,0,two,CARDINAL,29,32
mdp.39015055594801,36,11,0,two,CARDINAL,38,41
mdp.39015055594801,36,13,0,Darrin,PERSON,0,6
mdp.39015055594801,36,13,1,Totah,PERSON,18,23
mdp.39015055594801,36,13,2,Ford,ORG,30,34
mdp.39015055594801,36,14,0,Brenda,PERSON,7,13
mdp.39015055594801,36,15,0,Darrin,PERSON,22,28
mdp.39015055594801,36,15,1,two,CARDINAL,37,40
mdp.39015055594801,36,17,0,two,CARDINAL,21,24
mdp.39015055594801,36,19,0,Brenda,PERSON,16,22
mdp.39015055594801,36,21,0,Darrin,PERSON,4,10
mdp.39015055594801,37,1,0,Darrin,PERSON,7,13
mdp.39015055594801,37,1,1,Lisa,PERSON,28,32
mdp.39015055594801,37,1,2,Naomi,PERSON,46,51
mdp.39015055594801,37,2,0,Brenda,PERSON,0,6
mdp.39015055594801,37,2,1,Mark,PERSON,41,45
mdp.39015055594801,37,3,0,Lisa,PERSON,44,48
mdp.39015055594801,37,4,0,Darrin,PERSON,6,12
mdp.39015055594801,37,8,0,Lisa,PERSON,7,11
mdp.39015055594801,37,10,0,Brenda,PERSON,32,38
mdp.39015055594801,37,10,1,Darrin,PERSON,47,53
mdp.39015055594801,37,14,0,Darrin,PERSON,0,6
mdp.39015055594801,37,15,0,three,CARDINAL,22,27
mdp.39015055594801,37,18,0,Brenda,PERSON,13,19
mdp.39015055594801,37,22,0,first,ORDINAL,34,39
mdp.39015055594801,37,23,0,Naomi,PERSON,12,17
mdp.39015055594801,37,25,0,Naomi,PERSON,30,35
mdp.39015055594801,37,27,0,Mark,PERSON,26,30
mdp.39015055594801,37,28,0,Naomi,PERSON,28,33
mdp.39015055594801,37,29,0,Lisa,PERSON,23,27
mdp.39015055594801,37,30,0,Darrin,PERSON,1,7
mdp.39015055594801,38,0,0,24,CARDINAL,0,2
mdp.39015055594801,38,0,1,RICHARD G. GREEN Darrin,PERSON,3,26
mdp.39015055594801,38,1,0,Brenda,PERSON,45,51
mdp.39015055594801,38,2,0,three,CARDINAL,12,17
mdp.39015055594801,38,4,0,Fox,PERSON,42,45
mdp.39015055594801,38,6,0,Fox,PERSON,4,7
mdp.39015055594801,38,9,0,Larry-Jam,PERSON,13,22
mdp.39015055594801,38,9,1,Brenda,PERSON,52,58
mdp.39015055594801,38,10,0,tonight,TIME,49,56
mdp.39015055594801,38,11,0,Ross,PERSON,0,4
mdp.39015055594801,38,11,1,Totah,PERSON,15,20
mdp.39015055594801,38,13,0,Darrin,PERSON,0,6
mdp.39015055594801,38,14,0,Little over an hour ago,TIME,1,24
mdp.39015055594801,38,15,0,Fox,PERSON,13,16
mdp.39015055594801,38,17,0,Brenda,PERSON,44,50
mdp.39015055594801,38,20,0,tonight,TIME,10,17
mdp.39015055594801,38,22,0,Brenda,PERSON,0,6
mdp.39015055594801,38,23,0,Fox,PERSON,69,72
mdp.39015055594801,39,2,0,Sharla Whitepine,PERSON,17,33
mdp.39015055594801,39,5,0,Darrin,PERSON,0,6
mdp.39015055594801,39,7,0,Sharla,PERSON,9,15
mdp.39015055594801,39,10,0,Sharla,PERSON,20,26
mdp.39015055594801,39,10,1,Mark,PERSON,64,68
mdp.39015055594801,39,11,0,Darrin,PERSON,16,22
mdp.39015055594801,39,12,0,Arley,PERSON,12,17
mdp.39015055594801,39,12,1,Sharla,PERSON,26,32
mdp.39015055594801,39,13,0,Blue Jay's,ORG,54,64
mdp.39015055594801,39,15,0,Arley,PERSON,19,24
mdp.39015055594801,39,16,0,Arley,PERSON,24,29
mdp.39015055594801,39,25,0,Darrin,PERSON,0,6
mdp.39015055594801,40,0,0,RICHARD G.,PERSON,12,22
mdp.39015055594801,40,4,0,Darrin,PERSON,0,6
mdp.39015055594801,40,9,0,Darrin,PERSON,0,6
mdp.39015055594801,40,16,0,Darrin,PERSON,7,13
mdp.39015055594801,40,17,0,one,CARDINAL,34,37
mdp.39015055594801,40,19,0,three,CARDINAL,46,51
mdp.39015055594801,40,20,0,two,CARDINAL,36,39
mdp.39015055594801,40,21,0,Arley,PERSON,20,25
mdp.39015055594801,40,22,0,three,CARDINAL,38,43
mdp.39015055594801,40,23,0,Arley,PERSON,12,17
mdp.39015055594801,40,25,0,today,DATE,41,46
mdp.39015055594801,40,26,0,Sharla,PERSON,27,33
mdp.39015055594801,40,26,1,Dur,PERSON,73,76
mdp.39015055594801,41,2,0,Sharla,PERSON,46,52
mdp.39015055594801,41,4,0,Darrin,PERSON,8,14
mdp.39015055594801,41,6,0,Darrin,PERSON,0,6
mdp.39015055594801,41,8,0,Arley,PERSON,0,5
mdp.39015055594801,41,9,0,Sharla,PERSON,36,42
mdp.39015055594801,41,11,0,Darrin,PERSON,32,38
mdp.39015055594801,41,15,0,today,DATE,31,36
mdp.39015055594801,41,15,1,Darrin,PERSON,39,45
mdp.39015055594801,41,17,0,Sharla,PERSON,0,6
mdp.39015055594801,41,20,0,Darrin,PERSON,0,6
mdp.39015055594801,41,21,0,Nyawen,GPE,1,7
mdp.39015055594801,41,22,0,onenkiwahi,GPE,17,27
mdp.39015055594801,42,0,0,28,CARDINAL,0,2
mdp.39015055594801,42,0,1,RICHARD G. GREEN,PERSON,3,19
mdp.39015055594801,42,1,0,Sharla,PERSON,25,31
mdp.39015055594801,42,3,0,Arley Van Peldt,PERSON,43,58
mdp.39015055594801,42,3,1,Dale Joshua,PERSON,63,74
mdp.39015055594801,42,4,0,two,CARDINAL,57,60
mdp.39015055594801,42,6,0,Dale,PERSON,0,4
mdp.39015055594801,42,7,0,Arley,PERSON,0,5
mdp.39015055594801,42,7,1,Darrin,PERSON,20,26
mdp.39015055594801,43,0,0,4,CARDINAL,55,56
mdp.39015055594801,43,2,0,Arley,PERSON,34,39
mdp.39015055594801,43,2,1,Dale,PERSON,48,52
mdp.39015055594801,43,6,0,Arley,PERSON,23,28
mdp.39015055594801,43,6,1,Dale,PERSON,41,45
mdp.39015055594801,43,7,0,Sharla,PERSON,0,6
mdp.39015055594801,43,8,0,Arley,PERSON,0,5
mdp.39015055594801,43,11,0,Sharla,PERSON,17,23
mdp.39015055594801,43,13,0,Darrin,PERSON,0,6
mdp.39015055594801,43,17,0,Arley,PERSON,1,6
mdp.39015055594801,44,0,0,RICHARD G. GREEN,PERSON,3,19
mdp.39015055594801,44,1,0,Sharla,PERSON,9,15
mdp.39015055594801,44,3,0,Arley,PERSON,0,5
mdp.39015055594801,44,4,0,today,DATE,31,36
mdp.39015055594801,44,9,0,Darrin,PERSON,29,35
mdp.39015055594801,44,10,0,second,ORDINAL,20,26
mdp.39015055594801,44,10,1,today,DATE,27,32
mdp.39015055594801,44,10,2,Darrin,PERSON,34,40
mdp.39015055594801,44,11,0,second,ORDINAL,21,27
mdp.39015055594801,44,12,0,Darrin,PERSON,14,20
mdp.39015055594801,44,13,0,Sharla,PERSON,35,41
mdp.39015055594801,44,14,0,second,ORDINAL,17,23
mdp.39015055594801,44,17,0,Arley,PERSON,0,5
mdp.39015055594801,44,18,0,five,CARDINAL,20,24
mdp.39015055594801,44,18,1,today,DATE,33,38
mdp.39015055594801,44,21,0,Arley,PERSON,1,6
mdp.39015055594801,44,22,0,first,ORDINAL,16,21
mdp.39015055594801,44,22,1,two,CARDINAL,22,25
mdp.39015055594801,44,23,0,Darrin,PERSON,0,6
mdp.39015055594801,44,24,0,second,ORDINAL,10,16
mdp.39015055594801,45,0,0,31,CARDINAL,27,29
mdp.39015055594801,45,6,0,Last year,DATE,0,9
mdp.39015055594801,45,7,0,next year,DATE,56,65
mdp.39015055594801,45,8,0,next year,DATE,12,21
mdp.39015055594801,45,9,0,second,ORDINAL,40,46
mdp.39015055594801,45,10,0,next year,DATE,82,91
mdp.39015055594801,45,11,0,Darrin,PERSON,26,32
mdp.39015055594801,45,13,0,first,ORDINAL,51,56
mdp.39015055594801,45,14,0,Sharla,PERSON,9,15
mdp.39015055594801,45,14,1,Darrin,PERSON,32,38
mdp.39015055594801,45,14,2,second,ORDINAL,70,76
mdp.39015055594801,45,16,0,Arley,PERSON,0,5
mdp.39015055594801,45,16,1,third,ORDINAL,34,39
mdp.39015055594801,45,17,0,the top half,TIME,3,15
mdp.39015055594801,45,17,1,fourth,ORDINAL,23,29
mdp.39015055594801,45,17,2,Coach,PERSON,31,36
mdp.39015055594801,45,18,0,University,ORG,31,41
mdp.39015055594801,45,19,0,Darrin,PERSON,3,9
mdp.39015055594801,45,19,1,Coach,PERSON,18,23
mdp.39015055594801,45,22,0,Arley,PERSON,38,43
mdp.39015055594801,45,23,0,fifth,ORDINAL,18,23
mdp.39015055594801,45,23,1,Arley,PERSON,44,49
mdp.39015055594801,46,0,0,32,CARDINAL,0,2
mdp.39015055594801,46,0,1,RICHARD G. GREEN,PERSON,3,19
mdp.39015055594801,46,3,0,Arley,PERSON,0,5
mdp.39015055594801,46,3,1,Dale,PERSON,11,15
mdp.39015055594801,46,4,0,12,CARDINAL,32,34
mdp.39015055594801,46,5,0,Darrin,PERSON,0,6
mdp.39015055594801,46,6,0,Darrin,PERSON,0,6
mdp.39015055594801,46,6,1,Sharla,PERSON,11,17
mdp.39015055594801,46,9,0,Darrin,PERSON,0,6
mdp.39015055594801,46,10,0,five,CARDINAL,17,21
mdp.39015055594801,46,11,0,University,ORG,17,27
mdp.39015055594801,46,13,0,University,ORG,4,14
mdp.39015055594801,46,14,0,fifteen more minutes,TIME,25,45
mdp.39015055594801,46,15,0,three,CARDINAL,30,35
mdp.39015055594801,46,17,0,Arley,PERSON,0,5
mdp.39015055594801,46,18,0,Arley,PERSON,9,14
mdp.39015055594801,46,21,0,Arley,PERSON,0,5
mdp.39015055594801,46,21,1,Darrin,PERSON,16,22
mdp.39015055594801,46,23,0,one-two,CARDINAL,14,21
mdp.39015055594801,46,24,0,first,ORDINAL,36,41
mdp.39015055594801,46,24,1,two,CARDINAL,42,45
mdp.39015055594801,46,25,0,only one,CARDINAL,8,16
mdp.39015055594801,46,27,0,Dale,PERSON,5,9
mdp.39015055594801,46,27,1,Arley,PERSON,30,35
mdp.39015055594801,46,27,2,two,CARDINAL,52,55
mdp.39015055594801,47,1,0,Darrin,PERSON,0,6
mdp.39015055594801,47,1,1,three,CARDINAL,26,31
mdp.39015055594801,47,2,0,One,CARDINAL,0,3
mdp.39015055594801,47,4,0,Sharla,PERSON,41,47
mdp.39015055594801,47,6,0,Darrin,PERSON,32,38
mdp.39015055594801,47,7,0,Arley,PERSON,0,5
mdp.39015055594801,47,7,1,Darrin,PERSON,16,22
mdp.39015055594801,47,8,0,Dale,PERSON,5,9
mdp.39015055594801,47,9,0,Dale,PERSON,21,25
mdp.39015055594801,47,10,0,Darrin,PERSON,9,15
mdp.39015055594801,47,11,0,Sharla,PERSON,0,6
mdp.39015055594801,47,12,0,Sharla,PERSON,20,26
mdp.39015055594801,47,13,0,Darrin,PERSON,0,6
mdp.39015055594801,47,13,1,Sharla,PERSON,13,19
mdp.39015055594801,47,17,0,Arley,PERSON,0,5
mdp.39015055594801,47,17,1,first,ORDINAL,8,13
mdp.39015055594801,47,18,0,University,ORG,17,27
mdp.39015055594801,47,19,0,Darrin,PERSON,0,6
mdp.39015055594801,47,23,0,Steee-two,CARDINAL,1,10
mdp.39015055594801,47,24,0,Arley,PERSON,10,15
mdp.39015055594801,47,24,1,Dale,PERSON,18,22
mdp.39015055594801,47,27,0,Arley,PERSON,0,5
mdp.39015055594801,47,29,0,Darrin,PERSON,0,6
mdp.39015055594801,47,29,1,University,ORG,21,31
mdp.39015055594801,48,0,0,RICHARD G. GREEN,PERSON,3,19
mdp.39015055594801,48,0,1,Sharla,PERSON,29,35
mdp.39015055594801,48,1,0,Arley,PERSON,24,29
mdp.39015055594801,48,4,0,Arley,PERSON,0,5
mdp.39015055594801,48,6,0,Darrin,PERSON,0,6
mdp.39015055594801,48,8,0,Darrin,PERSON,0,6
mdp.39015055594801,48,8,1,third,ORDINAL,19,24
mdp.39015055594801,48,10,0,Darrin,PERSON,0,6
mdp.39015055594801,48,11,0,Dale,PERSON,38,42
mdp.39015055594801,48,12,0,University,ORG,20,30
mdp.39015055594801,48,14,0,Darrin,PERSON,13,19
mdp.39015055594801,48,15,0,13,CARDINAL,9,11
mdp.39015055594801,48,16,0,Dale,PERSON,13,17
mdp.39015055594801,48,18,0,three feet,QUANTITY,13,23
mdp.39015055594801,48,19,0,Darrin,PERSON,0,6
mdp.39015055594801,48,21,0,One,CARDINAL,0,3
mdp.39015055594801,48,22,0,Sharla,PERSON,43,49
mdp.39015055594801,48,24,0,Sharla,PERSON,17,23
mdp.39015055594801,48,25,0,Darrin,PERSON,24,30
mdp.39015055594801,48,26,0,Two,CARDINAL,0,3
mdp.39015055594801,48,29,0,Darrin,PERSON,0,6
mdp.39015055594801,49,3,0,Arley,PERSON,0,5
mdp.39015055594801,49,5,0,Dale,PERSON,38,42
mdp.39015055594801,49,6,0,Darrin,PERSON,11,17
mdp.39015055594801,49,6,1,Arley,PERSON,33,38
mdp.39015055594801,49,6,2,Dale,PERSON,43,47
mdp.39015055594801,49,9,0,Arley,PERSON,0,5
mdp.39015055594801,49,9,1,Darrin,PERSON,13,19
mdp.39015055594801,49,10,0,Cole,PERSON,32,36
mdp.39015055594801,49,10,1,Playboy,ORG,58,65
mdp.39015055594801,49,11,0,Cole,PERSON,9,13
mdp.39015055594801,49,13,0,Arley,PERSON,0,5
mdp.39015055594801,49,13,1,Darrin,PERSON,13,19
mdp.39015055594801,49,16,0,Darrin,PERSON,16,22
mdp.39015055594801,49,17,0,Arley,PERSON,41,46
mdp.39015055594801,49,19,0,Arley,PERSON,23,28
mdp.39015055594801,49,21,0,Arley,PERSON,8,13
mdp.39015055594801,49,22,0,Arley,PERSON,0,5
mdp.39015055594801,49,23,0,Darrin,PERSON,0,6
mdp.39015055594801,49,24,0,Arley,PERSON,10,15
mdp.39015055594801,49,25,0,Darrin,PERSON,0,6
mdp.39015055594801,49,25,1,Dale,PERSON,20,24
mdp.39015055594801,49,26,0,Dale,PERSON,45,49
mdp.39015055594801,50,0,0,36,CARDINAL,0,2
mdp.39015055594801,50,0,1,RICHARD G. GREEN,PERSON,3,19
mdp.39015055594801,50,5,0,Arley,PERSON,0,5
mdp.39015055594801,50,7,0,Arley,PERSON,43,48
mdp.39015055594801,50,8,0,Arley,PERSON,26,31
mdp.39015055594801,50,10,0,Darrin,PERSON,0,6
mdp.39015055594801,50,14,0,Arley,PERSON,0,5
mdp.39015055594801,50,14,1,Sharla,PERSON,50,56
mdp.39015055594801,50,15,0,Dale,PERSON,9,13
mdp.39015055594801,50,16,0,Dale,PERSON,22,26
mdp.39015055594801,50,18,0,Darrin,PERSON,0,6
mdp.39015055594801,50,22,0,Arley,PERSON,27,32
mdp.39015055594801,50,23,0,Sharla,PERSON,42,48
mdp.39015055594801,50,25,0,Sharla,PERSON,0,6
mdp.39015055594801,50,25,1,Darrin,PERSON,24,30
mdp.39015055594801,50,29,0,Darrin,PERSON,13,19
mdp.39015055594801,51,1,0,Darrin,PERSON,0,6
mdp.39015055594801,51,5,0,Sharla,PERSON,26,32
mdp.39015055594801,51,6,0,Darrin,PERSON,16,22
mdp.39015055594801,51,7,0,World Champion,ORG,84,98
mdp.39015055594801,51,9,0,Darrin,PERSON,11,17
mdp.39015055594801,51,9,1,Sharla,PERSON,63,69
mdp.39015055594801,51,10,0,Totah,PERSON,34,39
mdp.39015055594801,51,11,0,Sharla,PERSON,26,32
mdp.39015055594801,51,14,0,Sharla,PERSON,11,17
mdp.39015055594801,51,16,0,Brenda,PERSON,51,57
mdp.39015055594801,51,19,0,Brenda,PERSON,0,6
mdp.39015055594801,52,0,0,38,CARDINAL,0,2
mdp.39015055594801,52,0,1,RICHARD G. GREEN,PERSON,3,19
mdp.39015055594801,52,0,2,Darrin,PERSON,20,26
mdp.39015055594801,52,0,3,5,CARDINAL,44,45
mdp.39015055594801,52,1,0,Brenda,PERSON,0,6
mdp.39015055594801,52,2,0,Darrin,PERSON,0,6
mdp.39015055594801,52,5,0,Brenda,PERSON,0,6
mdp.39015055594801,52,7,0,Darrin,PERSON,29,35
mdp.39015055594801,52,9,0,Darrin,PERSON,0,6
mdp.39015055594801,52,14,0,Arley Van Peldt,PERSON,1,16
mdp.39015055594801,52,16,0,Darrin,PERSON,12,18
mdp.39015055594801,52,18,0,Darrin,PERSON,0,6
mdp.39015055594801,52,21,0,Arley,PERSON,15,20
mdp.39015055594801,53,0,0,39,CARDINAL,27,29
mdp.39015055594801,53,3,0,number one,CARDINAL,8,18
mdp.39015055594801,53,4,0,number two,CARDINAL,8,18
mdp.39015055594801,53,5,0,Darrin,PERSON,0,6
mdp.39015055594801,53,5,1,number two,CARDINAL,13,23
mdp.39015055594801,53,6,0,Lafont,PERSON,29,35
mdp.39015055594801,53,9,0,Arley,PERSON,1,6
mdp.39015055594801,53,10,0,Darrin,PERSON,7,13
mdp.39015055594801,53,13,0,two years older,DATE,10,25
mdp.39015055594801,53,15,0,Brenda,PERSON,0,6
mdp.39015055594801,53,20,0,Darrin,PERSON,0,6
mdp.39015055594801,53,26,0,Arley,PERSON,10,15
mdp.39015055594801,54,0,0,40,CARDINAL,0,2
mdp.39015055594801,54,0,1,RICHARD G. GREEN,PERSON,3,19
mdp.39015055594801,54,5,0,Brenda,PERSON,28,34
mdp.39015055594801,54,9,0,Fox,PERSON,25,28
mdp.39015055594801,54,10,0,Fox,PERSON,5,8
mdp.39015055594801,54,10,1,Army,ORG,22,26
mdp.39015055594801,54,12,0,ten feet,QUANTITY,27,35
mdp.39015055594801,54,17,0,Fox,PERSON,9,12
mdp.39015055594801,54,18,0,Brenda,PERSON,0,6
mdp.39015055594801,54,19,0,tonight,TIME,42,49
mdp.39015055594801,54,21,0,Mark,PERSON,9,13
mdp.39015055594801,54,21,1,Lisa,PERSON,18,22
mdp.39015055594801,54,23,0,Julie,PERSON,26,31
mdp.39015055594801,54,23,1,Mark,PERSON,45,49
mdp.39015055594801,55,0,0,Darrin,PERSON,30,36
mdp.39015055594801,55,1,0,Brenda,PERSON,0,6
mdp.39015055594801,55,5,0,today,DATE,18,23
mdp.39015055594801,55,5,1,his better days,DATE,43,58
mdp.39015055594801,55,7,0,Sharla,PERSON,18,24
mdp.39015055594801,55,8,0,Arley,PERSON,10,15
mdp.39015055594801,55,12,0,Fox,PERSON,7,10
mdp.39015055594801,55,14,0,Darrin,PERSON,4,10
mdp.39015055594801,55,16,0,Arley,PERSON,54,59
mdp.39015055594801,55,17,0,about an hour,TIME,39,52
mdp.39015055594801,55,18,0,Sharla,PERSON,15,21
mdp.39015055594801,55,19,0,tonight,TIME,41,48
mdp.39015055594801,55,22,0,Sharla,PERSON,45,51
mdp.39015055594801,56,0,0,RICHARD G. GREEN yayak,PERSON,3,25
mdp.39015055594801,56,1,0,Darrin,PERSON,3,9
mdp.39015055594801,56,1,1,Community Hall,FAC,18,32
mdp.39015055594801,56,4,0,Hall,FAC,15,19
mdp.39015055594801,56,4,1,three,CARDINAL,21,26
mdp.39015055594801,56,9,0,Darrin,PERSON,0,6
mdp.39015055594801,56,10,0,Totah,PERSON,9,14
mdp.39015055594801,56,10,1,Lisa,PERSON,17,21
mdp.39015055594801,56,10,2,Grandpa,PERSON,42,49
mdp.39015055594801,56,11,0,Naomi,PERSON,9,14
mdp.39015055594801,57,0,0,43,CARDINAL,27,29
mdp.39015055594801,57,2,0,Mark,PERSON,0,4
mdp.39015055594801,57,2,1,Brenda,PERSON,9,15
mdp.39015055594801,57,2,2,Darrin,PERSON,38,44
mdp.39015055594801,57,2,3,Sharla,PERSON,72,78
mdp.39015055594801,57,7,0,Darrin,PERSON,0,6
mdp.39015055594801,57,7,1,Fox,PERSON,11,14
mdp.39015055594801,57,8,0,Fox,PERSON,5,8
mdp.39015055594801,57,8,1,Arley,PERSON,46,51
mdp.39015055594801,57,9,0,Darrin,PERSON,0,6
mdp.39015055594801,57,16,0,Totah,PERSON,49,54
mdp.39015055594801,57,17,0,Weddings,DATE,0,8
mdp.39015055594801,57,19,0,Totah,PERSON,7,12
mdp.39015055594801,57,20,0,Totah,PERSON,8,13
mdp.39015055594801,57,22,0,Darrin,PERSON,8,14
mdp.39015055594801,57,22,1,Totah,PERSON,17,22
mdp.39015055594801,57,23,0,Darrin,PERSON,11,17
mdp.39015055594801,57,24,0,two inches,QUANTITY,26,36
mdp.39015055594801,57,25,0,two,CARDINAL,14,17
mdp.39015055594801,58,0,0,RICHARD G. GREEN,PERSON,3,19
mdp.39015055594801,58,3,0,Totah,PERSON,0,5
mdp.39015055594801,58,5,0,Totah,PERSON,16,21
mdp.39015055594801,58,11,0,tonight,TIME,21,28
mdp.39015055594801,58,11,1,Totah,PERSON,30,35
mdp.39015055594801,58,13,0,Totah,PERSON,0,5
mdp.39015055594801,58,16,0,Darrin,PERSON,50,56
mdp.39015055594801,58,18,0,Totah,PERSON,0,5
mdp.39015055594801,58,20,0,Darrin,PERSON,0,6
mdp.39015055594801,58,20,1,Totah,PERSON,38,43
mdp.39015055594801,58,22,0,Totah,PERSON,0,5
mdp.39015055594801,58,25,0,Naomi,PERSON,23,28
mdp.39015055594801,58,27,0,Totah,PERSON,0,5
mdp.39015055594801,58,30,0,Darrin,PERSON,0,6
mdp.39015055594801,58,32,0,Totah,PERSON,0,5
mdp.39015055594801,59,2,0,Darrin,PERSON,0,6
mdp.39015055594801,59,8,0,today,DATE,6,11
mdp.39015055594801,59,12,0,Darrin,PERSON,0,6
mdp.39015055594801,59,14,0,Totah,PERSON,31,36
mdp.39015055594801,59,16,0,Totah,PERSON,0,5
mdp.39015055594801,59,19,0,Totah,PERSON,0,5
mdp.39015055594801,59,19,1,Darrin,PERSON,11,17
mdp.39015055594801,59,23,0,Truman Cloud,PERSON,47,59
mdp.39015055594801,59,24,0,atohwitshera,GPE,8,20
mdp.39015055594801,59,27,0,Darrin,PERSON,28,34
mdp.39015055594801,59,27,1,Sharla,PERSON,39,45
mdp.39015055594801,59,28,0,Totah,PERSON,18,23
mdp.39015055594801,60,0,0,46,CARDINAL,0,2
mdp.39015055594801,60,0,1,RICHARD G. GREEN,PERSON,3,19
mdp.39015055594801,60,1,0,Totah,PERSON,15,20
mdp.39015055594801,60,4,0,Darrin,PERSON,0,6
mdp.39015055594801,60,5,0,Sharla,PERSON,7,13
mdp.39015055594801,60,9,0,Darrin,PERSON,0,6
mdp.39015055594801,60,11,0,Arley,PERSON,45,50
mdp.39015055594801,60,16,0,Sharla,PERSON,39,45
mdp.39015055594801,60,19,0,Arley,PERSON,0,5
mdp.39015055594801,60,22,0,three,CARDINAL,38,43
mdp.39015055594801,60,23,0,Darrin,PERSON,27,33
mdp.39015055594801,60,24,0,about a week,DATE,26,38
mdp.39015055594801,61,2,0,Darrin,PERSON,0,6
mdp.39015055594801,61,6,0,Sharla,PERSON,22,28
mdp.39015055594801,61,7,0,Yokennoron,GPE,1,11
mdp.39015055594801,61,9,0,Darrin,PERSON,28,34
mdp.39015055594801,61,12,0,Darrin,PERSON,51,57
mdp.39015055594801,61,14,0,Sharla,PERSON,0,6
mdp.39015055594801,61,17,0,Darrin,PERSON,49,55
mdp.39015055594801,61,18,0,Sharla,PERSON,21,27
mdp.39015055594801,61,20,0,Hanyon oksa!,PERSON,0,12
mdp.39015055594801,61,21,0,Sharla,PERSON,0,6
mdp.39015055594801,61,25,0,first,ORDINAL,50,55
mdp.39015055594801,61,27,0,Darrin,PERSON,0,6
mdp.39015055594801,61,27,1,Sharla,PERSON,29,35
mdp.39015055594801,62,0,0,48,CARDINAL,0,2
mdp.39015055594801,62,0,1,RICHARD G. GREEN,PERSON,3,19
mdp.39015055594801,62,7,0,Sharla,PERSON,0,6
mdp.39015055594801,62,9,0,Darrin,PERSON,0,6
mdp.39015055594801,62,19,0,Sharla,PERSON,0,6
mdp.39015055594801,62,20,0,Darrin,PERSON,17,23
mdp.39015055594801,62,23,0,Darrin,PERSON,25,31
mdp.39015055594801,62,25,0,Thunderers,NORP,50,60
mdp.39015055594801,62,28,0,Thunderers,NORP,21,31
mdp.39015055594801,62,30,0,Totah,PERSON,1,6
mdp.39015055594801,62,30,1,Thunderers,NORP,38,48
mdp.39015055594801,62,30,2,West Wind,PERSON,67,76
mdp.39015055594801,63,0,0,49,CARDINAL,27,29
mdp.39015055594801,63,0,1,Onkwehonwe,LOC,37,47
mdp.39015055594801,63,1,0,North,LOC,5,10
mdp.39015055594801,63,2,0,Old Indian,NORP,24,34
mdp.39015055594801,63,3,0,Totah,PERSON,13,18
mdp.39015055594801,63,16,0,Darrin,PERSON,0,6
mdp.39015055594801,63,19,0,Darrin,PERSON,1,7
mdp.39015055594801,63,20,0,Sharla,PERSON,0,6
mdp.39015055594801,63,24,0,Darrin,PERSON,0,6
mdp.39015055594801,63,24,1,Sharla,PERSON,31,37
mdp.39015055594801,63,29,0,Sharla,PERSON,0,6
mdp.39015055594801,63,32,0,Darrin,PERSON,0,6
mdp.39015055594801,64,0,0,RICHARD G. GREEN,PERSON,3,19
mdp.39015055594801,64,7,0,Sharla,PERSON,0,6
mdp.39015055594801,64,11,0,Darrin,PERSON,0,6
mdp.39015055594801,64,11,1,Sharla,PERSON,34,40
mdp.39015055594801,64,14,0,Sharla,PERSON,16,22
mdp.39015055594801,64,15,0,Sharla,PERSON,0,6
mdp.39015055594801,64,16,0,Darrin,PERSON,0,6
mdp.39015055594801,64,16,1,Fox,PERSON,15,18
mdp.39015055594801,64,17,0,his fighting days,DATE,40,57
mdp.39015055594801,64,20,0,Darrin,PERSON,0,6
mdp.39015055594801,64,20,1,tonight,TIME,35,42
mdp.39015055594801,64,22,0,Brenda,PERSON,17,23
mdp.39015055594801,64,27,0,Totah,PERSON,9,14
mdp.39015055594801,64,29,0,Mark,PERSON,18,22
mdp.39015055594801,64,29,1,Lisa,PERSON,27,31
mdp.39015055594801,65,1,0,Mark,PERSON,1,5
mdp.39015055594801,65,1,1,Lisa,PERSON,10,14
mdp.39015055594801,65,3,0,Darrin,PERSON,0,6
mdp.39015055594801,65,6,0,Brenda,PERSON,0,6
mdp.39015055594801,65,8,0,Fox,PERSON,16,19
mdp.39015055594801,65,9,0,Fox,PERSON,13,16
mdp.39015055594801,65,9,1,morning,TIME,24,31
mdp.39015055594801,65,10,0,Totah,PERSON,28,33
mdp.39015055594801,65,10,1,Darrin,PERSON,49,55
mdp.39015055594801,65,11,0,Fox,PERSON,60,63
mdp.39015055594801,65,16,0,Sharla,PERSON,14,20
mdp.39015055594801,66,0,0,RICHARD G. GREEN tsyata,PERSON,3,26
mdp.39015055594801,66,1,0,Darrin,PERSON,0,6
mdp.39015055594801,66,7,0,Morning,TIME,1,8
mdp.39015055594801,66,7,1,Darrin,PERSON,9,15
mdp.39015055594801,66,7,2,Brenda,PERSON,18,24
mdp.39015055594801,66,9,0,Darrin,PERSON,0,6
mdp.39015055594801,66,11,0,Fox,PERSON,33,36
mdp.39015055594801,66,14,0,Brenda,PERSON,0,6
mdp.39015055594801,67,4,0,this morning,TIME,11,23
mdp.39015055594801,67,5,0,Brenda,PERSON,22,28
mdp.39015055594801,67,8,0,Darrin,PERSON,24,30
mdp.39015055594801,67,11,0,Brenda,PERSON,0,6
mdp.39015055594801,67,13,0,Darrin,PERSON,1,7
mdp.39015055594801,67,14,0,Brenda,PERSON,0,6
mdp.39015055594801,67,16,0,Fox,PERSON,24,27
mdp.39015055594801,67,23,0,today,DATE,28,33
mdp.39015055594801,67,24,0,Darrin,PERSON,0,6
mdp.39015055594801,68,0,0,RICHARD G. GREEN,PERSON,3,19
mdp.39015055594801,68,6,0,Brenda,PERSON,17,23
mdp.39015055594801,68,6,1,Darrin,PERSON,39,45
mdp.39015055594801,68,7,0,half,CARDINAL,16,20
mdp.39015055594801,68,10,0,Fox,PERSON,0,3
mdp.39015055594801,68,11,0,Darrin,PERSON,14,20
mdp.39015055594801,68,12,0,Morning,TIME,1,8
mdp.39015055594801,68,12,1,Darrin,PERSON,9,15
mdp.39015055594801,68,13,0,Darrin,PERSON,0,6
mdp.39015055594801,68,16,0,Darrin,PERSON,0,6
mdp.39015055594801,68,18,0,Fox,PERSON,0,3
mdp.39015055594801,68,18,1,Darrin,PERSON,15,21
mdp.39015055594801,68,21,0,Darrin,PERSON,0,6
mdp.39015055594801,68,23,0,Fox,PERSON,17,20
mdp.39015055594801,68,28,0,Darrin,PERSON,26,32
mdp.39015055594801,68,31,0,Darrin,PERSON,0,6
mdp.39015055594801,68,31,1,Fox,PERSON,41,44
mdp.39015055594801,69,0,0,55,CARDINAL,4,6
mdp.39015055594801,69,0,1,One,CARDINAL,38,41
mdp.39015055594801,69,1,0,Fox,PERSON,33,36
mdp.39015055594801,69,3,0,Darrin,PERSON,0,6
mdp.39015055594801,69,8,0,Fox,PERSON,8,11
mdp.39015055594801,69,11,0,two,CARDINAL,34,37
mdp.39015055594801,69,16,0,Fox,PERSON,0,3
mdp.39015055594801,69,16,1,Darrin,PERSON,22,28
mdp.39015055594801,69,18,0,Lethal Weapon III,WORK_OF_ART,23,40
mdp.39015055594801,69,19,0,Darrin,PERSON,0,6
mdp.39015055594801,69,22,0,Fox,PERSON,0,3
mdp.39015055594801,69,27,0,Fox,PERSON,0,3
mdp.39015055594801,69,27,1,Darrin,PERSON,8,14
mdp.39015055594801,69,32,0,Darrin,PERSON,0,6
mdp.39015055594801,70,0,0,RICHARD G. GREEN,PERSON,3,19
mdp.39015055594801,70,1,0,Fox,PERSON,11,14
mdp.39015055594801,70,8,0,Fox,PERSON,0,3
mdp.39015055594801,70,13,0,Fox,PERSON,26,29
mdp.39015055594801,70,14,0,Totah,PERSON,14,19
mdp.39015055594801,70,14,1,Darrin,PERSON,77,83
mdp.39015055594801,70,19,0,Darrin,PERSON,0,6
mdp.39015055594801,70,20,0,Fox,PERSON,7,10
mdp.39015055594801,70,20,1,three,CARDINAL,19,24
mdp.39015055594801,70,21,0,first,ORDINAL,3,8
mdp.39015055594801,70,22,0,Darrin,PERSON,44,50
mdp.39015055594801,70,25,0,Darrin,PERSON,18,24
mdp.39015055594801,70,28,0,Fox,PERSON,0,3
mdp.39015055594801,70,31,0,three,CARDINAL,30,35
mdp.39015055594801,70,32,0,number one,CARDINAL,15,25
mdp.39015055594801,70,33,0,Darrin,PERSON,12,18
mdp.39015055594801,70,36,0,Darrin,PERSON,0,6
mdp.39015055594801,70,37,0,Fox,PERSON,46,49
mdp.39015055594801,70,38,0,Fox,PERSON,5,8
mdp.39015055594801,71,0,0,57,CARDINAL,27,29
mdp.39015055594801,71,1,0,Darrin,PERSON,13,19
mdp.39015055594801,71,1,1,Darrin,PERSON,40,46
mdp.39015055594801,71,3,0,Darrin,PERSON,0,6
mdp.39015055594801,71,3,1,Fox,PERSON,26,29
mdp.39015055594801,71,4,0,Fox,PERSON,13,16
mdp.39015055594801,71,9,0,Fox,PERSON,0,3
mdp.39015055594801,71,14,0,today,DATE,22,27
mdp.39015055594801,71,17,0,Darrin,PERSON,0,6
mdp.39015055594801,71,22,0,Fox,PERSON,0,3
mdp.39015055594801,71,23,0,Clyde,PERSON,8,13
mdp.39015055594801,71,23,1,Bonnie,PERSON,22,28
mdp.39015055594801,71,25,0,Clyde,PERSON,0,5
mdp.39015055594801,71,28,0,Bonnie,PERSON,0,6
mdp.39015055594801,71,30,0,Bonnie,PERSON,15,21
mdp.39015055594801,71,30,1,Fox,PERSON,24,27
mdp.39015055594801,72,0,0,58,CARDINAL,0,2
mdp.39015055594801,72,0,1,RICHARD G. GREEN,PERSON,3,19
mdp.39015055594801,72,2,0,Clyde,PERSON,10,15
mdp.39015055594801,72,5,0,Darrin,PERSON,0,6
mdp.39015055594801,72,5,1,Fox,PERSON,23,26
mdp.39015055594801,72,5,2,Clyde,PERSON,80,85
mdp.39015055594801,72,8,0,Fox,PERSON,0,3
mdp.39015055594801,72,11,0,Fox,PERSON,0,3
mdp.39015055594801,72,11,1,Darrin,PERSON,12,18
mdp.39015055594801,72,12,0,Clyde,PERSON,38,43
mdp.39015055594801,72,13,0,Clyde,PERSON,55,60
mdp.39015055594801,72,15,0,Darrin,PERSON,0,6
mdp.39015055594801,72,16,0,Brenda,PERSON,34,40
mdp.39015055594801,72,16,1,Fox,PERSON,49,52
mdp.39015055594801,72,16,2,Bonnie,PERSON,64,70
mdp.39015055594801,72,16,3,Clyde,PERSON,89,94
mdp.39015055594801,72,17,0,Clyde,PERSON,24,29
mdp.39015055594801,72,20,0,Bonnie,PERSON,10,16
mdp.39015055594801,72,20,1,Fox,PERSON,31,34
mdp.39015055594801,72,21,0,Clyde,PERSON,0,5
mdp.39015055594801,72,21,1,Darrin,PERSON,26,32
mdp.39015055594801,72,23,0,Bonnie,PERSON,0,6
mdp.39015055594801,72,24,0,Clyde,PERSON,0,5
mdp.39015055594801,73,1,0,Darrin,PERSON,0,6
mdp.39015055594801,73,2,0,Clyde,PERSON,0,5
mdp.39015055594801,73,3,0,Clyde,PERSON,28,33
mdp.39015055594801,73,6,0,Fox,PERSON,26,29
mdp.39015055594801,73,8,0,Darrin,PERSON,9,15
mdp.39015055594801,73,9,0,Darrin,PERSON,0,6
mdp.39015055594801,73,9,1,Clyde,PERSON,60,65
mdp.39015055594801,73,11,0,Clyde,PERSON,36,41
mdp.39015055594801,73,13,0,Fox,PERSON,20,23
mdp.39015055594801,73,14,0,Fox,PERSON,17,20
mdp.39015055594801,73,16,0,Fox,PERSON,0,3
mdp.39015055594801,73,20,0,Darrin,PERSON,0,6
mdp.39015055594801,73,22,0,Clyde,PERSON,63,68
mdp.39015055594801,73,24,0,Darrin,PERSON,37,43
mdp.39015055594801,73,24,1,Fox,PERSON,48,51
mdp.39015055594801,73,24,2,Bonnie,PERSON,62,68
mdp.39015055594801,74,0,0,RICHARD G.,PERSON,3,13
mdp.39015055594801,74,0,1,Fox,PERSON,27,30
mdp.39015055594801,74,2,0,Darrin,PERSON,0,6
mdp.39015055594801,74,2,1,Clyde,PERSON,24,29
mdp.39015055594801,74,5,0,Fox,PERSON,0,3
mdp.39015055594801,74,8,0,Darrin,PERSON,0,6
mdp.39015055594801,74,12,0,Darrin,PERSON,0,6
mdp.39015055594801,74,14,0,Darrin,PERSON,0,6
mdp.39015055594801,74,14,1,Fox,PERSON,34,37
mdp.39015055594801,74,17,0,Truman Cloud,PERSON,11,23
mdp.39015055594801,74,24,0,Fox,PERSON,0,3
mdp.39015055594801,74,27,0,Darrin,PERSON,27,33
mdp.39015055594801,74,32,0,Fox,PERSON,0,3
mdp.39015055594801,75,1,0,Indian,NORP,18,24
mdp.39015055594801,75,2,0,Onondaga Longhouse,FAC,11,29
mdp.39015055594801,75,5,0,Fox,PERSON,0,3
mdp.39015055594801,75,7,0,Darrin,PERSON,33,39
mdp.39015055594801,75,15,0,Darrin,PERSON,0,6
mdp.39015055594801,75,15,1,first,ORDINAL,60,65
mdp.39015055594801,75,16,0,Fox,PERSON,61,64
mdp.39015055594801,75,19,0,Fox,PERSON,3,6
mdp.39015055594801,75,22,0,Darrin,PERSON,0,6
mdp.39015055594801,76,0,0,RICHARD G. GREEN,PERSON,3,19
mdp.39015055594801,76,3,0,Darrin,PERSON,0,6
mdp.39015055594801,76,4,0,Truman Cloud,PERSON,16,28
mdp.39015055594801,76,4,1,Darrin,PERSON,31,37
mdp.39015055594801,76,5,0,Fox,PERSON,0,3
mdp.39015055594801,76,12,0,Fox,PERSON,0,3
mdp.39015055594801,76,18,0,lunch time,TIME,35,45
mdp.39015055594801,76,21,0,Fox,PERSON,0,3
mdp.39015055594801,76,23,0,Ohsweken,GPE,1,9
mdp.39015055594801,76,26,0,Fox,PERSON,0,3
mdp.39015055594801,76,29,0,Darrin,PERSON,0,6
mdp.39015055594801,76,32,0,today,DATE,8,13
mdp.39015055594801,76,32,1,a good day,DATE,18,28
mdp.39015055594801,76,33,0,one,CARDINAL,56,59
mdp.39015055594801,77,2,0,Totah,PERSON,0,5
mdp.39015055594801,77,4,0,Truman Cloud,PERSON,16,28
mdp.39015055594801,77,5,0,Fox,PERSON,13,16
mdp.39015055594801,78,0,0,RICHARD G. GREEN tsatekon,PERSON,3,28
mdp.39015055594801,78,1,0,Two,CARDINAL,0,3
mdp.39015055594801,78,1,1,Darrin,PERSON,30,36
mdp.39015055594801,78,2,0,first,ORDINAL,13,18
mdp.39015055594801,78,3,0,Fox,PERSON,0,3
mdp.39015055594801,78,4,0,the past two weeks,DATE,4,22
mdp.39015055594801,78,4,1,Darrin,PERSON,24,30
mdp.39015055594801,78,6,0,Fox,PERSON,25,28
mdp.39015055594801,78,10,0,Fox,PERSON,0,3
mdp.39015055594801,78,13,0,Fox,PERSON,0,3
mdp.39015055594801,78,16,0,Sharla,PERSON,27,33
mdp.39015055594801,79,1,0,Arley,PERSON,43,48
mdp.39015055594801,79,3,0,Darrin,PERSON,0,6
mdp.39015055594801,79,3,1,Arley,PERSON,34,39
mdp.39015055594801,79,4,0,Arley,PERSON,67,72
mdp.39015055594801,79,8,0,Fox,PERSON,0,3
mdp.39015055594801,79,11,0,Darrin,PERSON,0,6
mdp.39015055594801,79,12,0,Fox,PERSON,50,53
mdp.39015055594801,79,19,0,Darrin,PERSON,0,6
mdp.39015055594801,79,20,0,Fox,PERSON,21,24
mdp.39015055594801,79,23,0,Fox,PERSON,22,25
mdp.39015055594801,79,28,0,Darrin,PERSON,0,6
mdp.39015055594801,79,28,1,two,CARDINAL,12,15
mdp.39015055594801,79,30,0,Fox,PERSON,17,20
mdp.39015055594801,79,30,1,Darrin,PERSON,29,35
mdp.39015055594801,80,0,0,RICHARD G. GREEN,PERSON,3,19
mdp.39015055594801,80,0,1,Darrin,PERSON,20,26
mdp.39015055594801,80,2,0,one,CARDINAL,8,11
mdp.39015055594801,80,3,0,Fox,PERSON,21,24
mdp.39015055594801,80,4,0,Darrin,PERSON,10,16
mdp.39015055594801,80,4,1,Fox,PERSON,19,22
mdp.39015055594801,80,7,0,Darrin,PERSON,10,16
mdp.39015055594801,80,7,1,Fox,PERSON,42,45
mdp.39015055594801,80,17,0,two,CARDINAL,25,28
mdp.39015055594801,80,19,0,Niagara Falls,LOC,57,70
mdp.39015055594801,80,20,0,Darrin,PERSON,10,16
mdp.39015055594801,80,22,0,Darrin,PERSON,0,6
mdp.39015055594801,80,22,1,two,CARDINAL,23,26
mdp.39015055594801,80,24,0,One,CARDINAL,0,3
mdp.39015055594801,81,1,0,Darrin,PERSON,0,6
mdp.39015055594801,81,8,0,Darrin,PERSON,24,30
mdp.39015055594801,81,9,0,only ten feet,QUANTITY,7,20
mdp.39015055594801,81,10,0,first,ORDINAL,4,9
mdp.39015055594801,81,11,0,the last second,TIME,3,18
mdp.39015055594801,81,13,0,Darrin,PERSON,0,6
mdp.39015055594801,81,15,0,Darrin,PERSON,0,6
mdp.39015055594801,81,18,0,second,ORDINAL,4,10
mdp.39015055594801,81,19,0,Darrin,PERSON,0,6
mdp.39015055594801,81,23,0,Darrin,PERSON,0,6
mdp.39015055594801,82,0,0,RICHARD G.,PERSON,3,13
mdp.39015055594801,82,8,0,Darrin,PERSON,0,6
mdp.39015055594801,82,9,0,Fox,PERSON,22,25
mdp.39015055594801,82,11,0,Fox,PERSON,36,39
mdp.39015055594801,82,13,0,Fox,PERSON,0,3
mdp.39015055594801,82,16,0,Darrin,PERSON,0,6
mdp.39015055594801,82,18,0,Fox,PERSON,0,3
mdp.39015055594801,82,18,1,Darrin,PERSON,28,34
mdp.39015055594801,82,19,0,Darrin,PERSON,0,6
mdp.39015055594801,82,22,0,Darrin,PERSON,0,6
mdp.39015055594801,82,22,1,Fox,PERSON,17,20
mdp.39015055594801,82,26,0,Fox,PERSON,0,3
mdp.39015055594801,82,27,0,Darrin,PERSON,12,18
mdp.39015055594801,82,28,0,Darrin,PERSON,17,23
mdp.39015055594801,82,29,0,Fox,PERSON,0,3
mdp.39015055594801,82,30,0,Darrin,PERSON,0,6
mdp.39015055594801,82,30,1,Fox,PERSON,35,38
mdp.39015055594801,82,31,0,Fox,PERSON,23,26
mdp.39015055594801,82,35,0,Fox,PERSON,43,46
mdp.39015055594801,83,1,0,Fox,PERSON,0,3
mdp.39015055594801,83,1,1,Darrin,PERSON,11,17
mdp.39015055594801,83,2,0,Darrin,PERSON,50,56
mdp.39015055594801,83,4,0,Fox,PERSON,35,38
mdp.39015055594801,83,6,0,New York,GPE,37,45
mdp.39015055594801,83,6,1,tomorrow,DATE,46,54
mdp.39015055594801,83,8,0,Darrin,PERSON,0,6
mdp.39015055594801,83,8,1,Fox,PERSON,17,20
mdp.39015055594801,83,15,0,Darrin,PERSON,0,6
mdp.39015055594801,83,20,0,Fox,PERSON,0,3
mdp.39015055594801,83,23,0,Darrin,PERSON,0,6
mdp.39015055594801,83,24,0,Fox,PERSON,22,25
mdp.39015055594801,83,26,0,Darrin,PERSON,15,21
mdp.39015055594801,83,26,1,Fox,PERSON,79,82
mdp.39015055594801,83,28,0,Fox,PERSON,0,3
mdp.39015055594801,84,0,0,RICHARD G. GREEN,PERSON,3,19
mdp.39015055594801,84,0,1,Fox,PERSON,21,24
mdp.39015055594801,84,5,0,Fox,PERSON,0,3
mdp.39015055594801,84,7,0,three,CARDINAL,25,30
mdp.39015055594801,84,8,0,Fox,PERSON,0,3
mdp.39015055594801,84,12,0,Fox,PERSON,0,3
mdp.39015055594801,84,12,1,Darrin,PERSON,29,35
mdp.39015055594801,84,17,0,Darrin,PERSON,0,6
mdp.39015055594801,84,20,0,Fox,PERSON,9,12
mdp.39015055594801,84,23,0,Truman Cloud,PERSON,19,31
mdp.39015055594801,84,23,1,tomorrow,DATE,32,40
mdp.39015055594801,85,0,0,9,CARDINAL,49,50
mdp.39015055594801,85,1,0,Next morning,TIME,0,12
mdp.39015055594801,85,1,1,Darrin,PERSON,14,20
mdp.39015055594801,85,2,0,Bonnie,PERSON,27,33
mdp.39015055594801,85,2,1,Clyde,PERSON,38,43
mdp.39015055594801,85,3,0,one,CARDINAL,7,10
mdp.39015055594801,85,4,0,Truman Cloud,LOC,75,87
mdp.39015055594801,85,8,0,Darrin,PERSON,0,6
mdp.39015055594801,85,9,0,Brenda,PERSON,15,21
mdp.39015055594801,85,12,0,Brenda,PERSON,31,37
mdp.39015055594801,86,0,0,RICHARD G. GREEN,PERSON,3,19
mdp.39015055594801,86,1,0,Truman Cloud,PERSON,23,35
mdp.39015055594801,86,3,0,Sour Springs Longhouse,ORG,46,68
mdp.39015055594801,86,3,1,Totah,PERSON,74,79
mdp.39015055594801,86,5,0,Truman,PERSON,4,10
mdp.39015055594801,86,5,1,Longhouse,ORG,35,44
mdp.39015055594801,86,12,0,one,CARDINAL,27,30
mdp.39015055594801,86,13,0,two,CARDINAL,17,20
mdp.39015055594801,86,13,1,two,CARDINAL,37,40
mdp.39015055594801,86,25,0,one,CARDINAL,8,11
mdp.39015055594801,87,2,0,Truman,PERSON,32,38
mdp.39015055594801,87,5,0,Darrin,PERSON,0,6
mdp.39015055594801,87,7,0,Fox,PERSON,6,9
mdp.39015055594801,87,7,1,Truman,PERSON,34,40
mdp.39015055594801,87,8,0,one,CARDINAL,29,32
mdp.39015055594801,87,18,0,Truman,PERSON,0,6
mdp.39015055594801,87,18,1,one,CARDINAL,23,26
mdp.39015055594801,87,24,0,Truman,PERSON,29,35
mdp.39015055594801,87,28,0,Darrin,PERSON,0,6
mdp.39015055594801,88,0,0,74,CARDINAL,0,2
mdp.39015055594801,88,0,1,RICHARD G. GREEN,PERSON,3,19
mdp.39015055594801,88,2,0,Truman,PERSON,13,19
mdp.39015055594801,88,4,0,Darrin,PERSON,0,6
mdp.39015055594801,88,5,0,two,CARDINAL,56,59
mdp.39015055594801,88,6,0,Three,CARDINAL,0,5
mdp.39015055594801,88,7,0,Six,CARDINAL,0,3
mdp.39015055594801,88,8,0,Truman,PERSON,30,36
mdp.39015055594801,88,10,0,Darrin,PERSON,0,6
mdp.39015055594801,88,12,0,Truman,PERSON,19,25
mdp.39015055594801,88,16,0,Darrin,PERSON,8,14
mdp.39015055594801,88,17,0,Truman,PERSON,8,14
mdp.39015055594801,88,20,0,Truman,PERSON,14,20
mdp.39015055594801,88,23,0,Darrin,PERSON,4,10
mdp.39015055594801,88,23,1,Truman,PERSON,24,30
mdp.39015055594801,88,25,0,Truman,PERSON,24,30
mdp.39015055594801,88,26,0,English,LANGUAGE,29,36
mdp.39015055594801,89,1,0,Darrin,PERSON,0,6
mdp.39015055594801,89,7,0,Darrin,PERSON,45,51
mdp.39015055594801,89,8,0,Totah,PERSON,5,10
mdp.39015055594801,89,9,0,Sanonhwaktani ken?,NORP,1,19
mdp.39015055594801,89,10,0,Truman,PERSON,0,6
mdp.39015055594801,89,14,0,Truman,PERSON,0,6
mdp.39015055594801,89,14,1,Darrin,PERSON,25,31
mdp.39015055594801,89,16,0,Truman,PERSON,0,6
mdp.39015055594801,89,17,0,Satonhkaryaks ken?,NORP,1,19
mdp.39015055594801,89,18,0,Darrin,PERSON,44,50
mdp.39015055594801,89,19,0,Darrin,PERSON,0,6
mdp.39015055594801,89,19,1,Brenda,PERSON,20,26
mdp.39015055594801,89,21,0,Truman,PERSON,4,10
mdp.39015055594801,90,0,0,RICHARD G. GREEN Darrin,PERSON,3,26
mdp.39015055594801,90,0,1,Truman,PERSON,35,41
mdp.39015055594801,90,3,0,Indian,NORP,62,68
mdp.39015055594801,90,8,0,Truman,PERSON,0,6
mdp.39015055594801,90,8,1,U.S. Army,ORG,41,50
mdp.39015055594801,90,10,0,Darrin,PERSON,0,6
mdp.39015055594801,90,12,0,Truman,PERSON,15,21
mdp.39015055594801,90,14,0,Darrin,PERSON,0,6
mdp.39015055594801,90,15,0,Yohnekano,PERSON,1,10
mdp.39015055594801,90,16,0,Truman,PERSON,15,21
mdp.39015055594801,90,19,0,Darrin,PERSON,0,6
mdp.39015055594801,90,23,0,Truman,PERSON,0,6
mdp.39015055594801,91,4,0,Darrin,PERSON,0,6
mdp.39015055594801,91,7,0,Darrin,PERSON,50,56
mdp.39015055594801,91,12,0,Truman,PERSON,0,6
mdp.39015055594801,91,18,0,Truman,PERSON,0,6
mdp.39015055594801,91,19,0,Eagle,PERSON,10,15
mdp.39015055594801,91,21,0,Eagle,PERSON,54,59
mdp.39015055594801,91,22,0,Eagle,PERSON,42,47
mdp.39015055594801,92,0,0,78,CARDINAL,0,2
mdp.39015055594801,92,0,1,RICHARD G. GREEN,PERSON,3,19
mdp.39015055594801,92,2,0,Sparrow,PRODUCT,28,35
mdp.39015055594801,92,7,0,Truman,PERSON,0,6
mdp.39015055594801,92,15,0,Truman,PERSON,0,6
mdp.39015055594801,92,16,0,Eagle,PERSON,55,60
mdp.39015055594801,92,17,0,Eagle,PERSON,14,19
mdp.39015055594801,92,19,0,Truman,PERSON,0,6
mdp.39015055594801,92,19,1,Darrin,PERSON,17,23
mdp.39015055594801,92,21,0,Darrin,PERSON,0,6
mdp.39015055594801,92,22,0,Eagle,PERSON,3,8
mdp.39015055594801,93,0,0,A HERMIT THRUSH,PERSON,11,26
mdp.39015055594801,93,1,0,Ta ne'kati,PERSON,1,11
mdp.39015055594801,93,7,0,Truman,PERSON,0,6
mdp.39015055594801,93,7,1,Darrin,PERSON,26,32
mdp.39015055594801,93,8,0,the Hermit Thrush,PERSON,53,70
mdp.39015055594801,93,9,0,Truman,PERSON,0,6
mdp.39015055594801,93,9,1,two,CARDINAL,25,28
mdp.39015055594801,93,11,0,Darrin,PERSON,10,16
mdp.39015055594801,93,15,0,Eagle,PERSON,35,40
mdp.39015055594801,93,16,0,Truman,PERSON,42,48
mdp.39015055594801,93,17,0,a minute,TIME,19,27
mdp.39015055594801,93,18,0,Truman,PERSON,0,6
mdp.39015055594801,93,19,0,Darrin,PERSON,33,39
mdp.39015055594801,93,23,0,Truman,PERSON,38,44
mdp.39015055594801,94,0,0,RICHARD G. GREEN,PERSON,3,19
mdp.39015055594801,94,1,0,The Hermit Thrush,PERSON,1,18
mdp.39015055594801,94,1,1,Darrin,PERSON,70,76
mdp.39015055594801,94,5,0,Darrin,PERSON,0,6
mdp.39015055594801,94,7,0,Truman,PERSON,0,6
mdp.39015055594801,94,10,0,Darrin,PERSON,0,6
mdp.39015055594801,94,10,1,two,CARDINAL,11,14
mdp.39015055594801,94,12,0,Truman,PERSON,18,24
mdp.39015055594801,94,12,1,Darrin,PERSON,32,38
mdp.39015055594801,94,16,0,Truman,PERSON,0,6
mdp.39015055594801,94,18,0,half,CARDINAL,22,26
mdp.39015055594801,94,21,0,Darrin,PERSON,0,6
mdp.39015055594801,95,2,0,Truman,PERSON,29,35
mdp.39015055594801,95,3,0,Truman,PERSON,0,6
mdp.39015055594801,95,3,1,two,CARDINAL,14,17
mdp.39015055594801,95,4,0,today,DATE,22,27
mdp.39015055594801,95,5,0,Today,DATE,0,5
mdp.39015055594801,95,6,0,Darrin,PERSON,16,22
mdp.39015055594801,95,7,0,today,DATE,8,13
mdp.39015055594801,95,8,0,the whole day,DATE,17,30
mdp.39015055594801,95,9,0,Darrin,PERSON,25,31
mdp.39015055594801,95,10,0,Brenda,PERSON,0,6
mdp.39015055594801,95,15,0,Darrin,PERSON,0,6
mdp.39015055594801,95,17,0,Brenda,PERSON,51,57
mdp.39015055594801,95,20,0,Darrin,PERSON,11,17
mdp.39015055594801,95,22,0,Darrin,PERSON,0,6
mdp.39015055594801,95,27,0,Darrin,PERSON,0,6
mdp.39015055594801,96,3,0,three,CARDINAL,27,32
mdp.39015055594801,96,4,0,three,CARDINAL,12,17
mdp.39015055594801,96,5,0,Darrin,PERSON,8,14
mdp.39015055594801,96,6,0,Brenda,PERSON,22,28
mdp.39015055594801,97,0,0,83,CARDINAL,27,29
mdp.39015055594801,97,0,1,10,CARDINAL,37,39
mdp.39015055594801,97,1,0,Lisa,PERSON,0,4
mdp.39015055594801,97,1,1,Naomi,PERSON,9,14
mdp.39015055594801,97,7,0,Brenda,PERSON,0,6
mdp.39015055594801,97,11,0,Darrin,PERSON,9,15
mdp.39015055594801,97,12,0,Darrin,PERSON,0,6
mdp.39015055594801,97,19,0,Truman Cloud,PERSON,17,29
mdp.39015055594801,97,19,1,Darrin,PERSON,32,38
mdp.39015055594801,98,0,0,RICHARD G. GREEN,PERSON,3,19
mdp.39015055594801,98,2,0,Truman Cloud,PERSON,1,13
mdp.39015055594801,98,3,0,Truman Cloud,PERSON,18,30
mdp.39015055594801,98,9,0,Darrin,PERSON,0,6
mdp.39015055594801,98,10,0,Truman,PERSON,1,7
mdp.39015055594801,98,12,0,Lisa,PERSON,33,37
mdp.39015055594801,98,12,1,Brenda,PERSON,75,81
mdp.39015055594801,98,15,0,Darrin,PERSON,0,6
mdp.39015055594801,98,18,0,Lisa,PERSON,0,4
mdp.39015055594801,98,18,1,Hawaiian,NORP,19,27
mdp.39015055594801,98,19,0,Darrin,PERSON,39,45
mdp.39015055594801,98,21,0,Brenda,PERSON,13,19
mdp.39015055594801,98,22,0,Lisa,PERSON,23,27
mdp.39015055594801,98,24,0,Mark,PERSON,14,18
mdp.39015055594801,98,24,1,Darrin,PERSON,27,33
mdp.39015055594801,98,26,0,Lisa,PERSON,0,4
mdp.39015055594801,98,27,0,Naomi,PERSON,27,32
mdp.39015055594801,98,28,0,Darrin,PERSON,5,11
mdp.39015055594801,98,30,0,Darrin,PERSON,0,6
mdp.39015055594801,99,3,0,Lisa,PERSON,18,22
mdp.39015055594801,99,6,0,Darrin,PERSON,0,6
mdp.39015055594801,99,7,0,Mark,PERSON,35,39
mdp.39015055594801,99,8,0,Lisa,PERSON,0,4
mdp.39015055594801,99,8,1,Darrin,PERSON,28,34
mdp.39015055594801,99,9,0,Mark,PERSON,1,5
mdp.39015055594801,99,11,0,Brenda,PERSON,0,6
mdp.39015055594801,99,11,1,two,CARDINAL,29,32
mdp.39015055594801,99,17,0,Brenda,PERSON,0,6
mdp.39015055594801,99,19,0,Lisa,PERSON,0,4
mdp.39015055594801,99,23,0,Lisa,PERSON,0,4
mdp.39015055594801,99,25,0,Mark,PERSON,28,32
mdp.39015055594801,99,26,0,Naomi,PERSON,0,5
mdp.39015055594801,99,26,1,Totah's,ORG,43,50
mdp.39015055594801,99,27,0,Darrin,PERSON,0,6
mdp.39015055594801,100,0,0,RICHARD G. GREEN,PERSON,3,19
mdp.39015055594801,100,1,0,Lisa,PERSON,0,4
mdp.39015055594801,100,4,0,Lafont,PERSON,33,39
mdp.39015055594801,100,6,0,Darrin,PERSON,0,6
mdp.39015055594801,100,9,0,Lafont,PERSON,67,73
mdp.39015055594801,100,10,0,Lafont,PERSON,9,15
mdp.39015055594801,100,13,0,Darrin,PERSON,0,6
mdp.39015055594801,100,17,0,Brenda,PERSON,0,6
mdp.39015055594801,100,19,0,Brenda,PERSON,0,6
mdp.39015055594801,100,21,0,Lisa,PERSON,20,24
mdp.39015055594801,100,24,0,Tomorrow,DATE,0,8
mdp.39015055594801,100,25,0,Brenda,PERSON,16,22
mdp.39015055594801,100,27,0,Darrin,PERSON,14,20
mdp.39015055594801,101,0,0,87,DATE,27,29
mdp.39015055594801,101,0,1,tonight,TIME,30,37
mdp.39015055594801,101,1,0,Lisa,PERSON,9,13
mdp.39015055594801,101,1,1,Naomi,PERSON,18,23
mdp.39015055594801,101,3,0,Brenda,PERSON,26,32
mdp.39015055594801,101,5,0,Lisa,PERSON,20,24
mdp.39015055594801,101,5,1,Naomi,PERSON,29,34
mdp.39015055594801,101,6,0,Lisa,PERSON,33,37
mdp.39015055594801,101,6,1,Naomi,PERSON,42,47
mdp.39015055594801,101,7,0,Darrin,PERSON,39,45
mdp.39015055594801,101,10,0,Lisa,PERSON,48,52
mdp.39015055594801,101,11,0,tonight,TIME,16,23
mdp.39015055594801,101,12,0,Darrin,PERSON,0,6
mdp.39015055594801,101,16,0,Brenda,PERSON,15,21
mdp.39015055594801,101,16,1,Army,ORG,36,40
mdp.39015055594801,101,17,0,Fox,PERSON,12,15
mdp.39015055594801,101,17,1,New York,GPE,27,35
mdp.39015055594801,101,18,0,Darrin,PERSON,8,14
mdp.39015055594801,101,21,0,Lisa,PERSON,1,5
mdp.39015055594801,101,23,0,Naomi,PERSON,8,13
mdp.39015055594801,101,27,0,Lisa,PERSON,11,15
mdp.39015055594801,102,0,0,RICHARD G. GREEN,PERSON,3,19
mdp.39015055594801,102,1,0,Mark,PERSON,0,4
mdp.39015055594801,102,4,0,Sharla,PERSON,15,21
mdp.39015055594801,102,4,1,tomorrow,DATE,47,55
mdp.39015055594801,102,5,0,Rez,LOC,53,56
mdp.39015055594801,102,7,0,Onkwehonwe,NORP,0,10
mdp.39015055594801,102,11,0,Sharla,PERSON,49,55
mdp.39015055594801,102,13,0,all day,DATE,83,90
mdp.39015055594801,103,1,0,Next morning,DATE,0,12
mdp.39015055594801,103,1,1,Darrin,PERSON,18,24
mdp.39015055594801,103,2,0,Truman,PERSON,3,9
mdp.39015055594801,103,6,0,Brenda,PERSON,16,22
mdp.39015055594801,103,6,1,Lisa,PERSON,24,28
mdp.39015055594801,103,6,2,Naomi,PERSON,33,38
mdp.39015055594801,103,7,0,the last minute,TIME,68,83
mdp.39015055594801,103,8,0,Today,DATE,0,5
mdp.39015055594801,103,8,1,Lisa,PERSON,7,11
mdp.39015055594801,103,8,2,Brenda,PERSON,23,29
mdp.39015055594801,104,0,0,90,CARDINAL,0,2
mdp.39015055594801,104,0,1,RICHARD G. GREEN,PERSON,3,19
mdp.39015055594801,104,6,0,Naomi,PERSON,0,5
mdp.39015055594801,104,7,0,Lisa,PERSON,1,5
mdp.39015055594801,104,15,0,Lisa,PERSON,9,13
mdp.39015055594801,104,19,0,Darrin,PERSON,0,6
mdp.39015055594801,104,19,1,Lisa,PERSON,43,47
mdp.39015055594801,104,25,0,Lisa,PERSON,11,15
mdp.39015055594801,105,0,0,91,CARDINAL,27,29
mdp.39015055594801,105,3,0,Brenda,PERSON,0,6
mdp.39015055594801,105,4,0,Lisa,PERSON,1,5
mdp.39015055594801,105,4,1,today,DATE,73,78
mdp.39015055594801,105,6,0,Darrin,PERSON,0,6
mdp.39015055594801,105,6,1,Lisa,PERSON,11,15
mdp.39015055594801,105,6,2,Brenda,PERSON,33,39
mdp.39015055594801,105,7,0,today,DATE,34,39
mdp.39015055594801,105,9,0,fourth,ORDINAL,24,30
mdp.39015055594801,105,9,1,Lisa,PERSON,33,37
mdp.39015055594801,105,10,0,three hundred dollars,MONEY,17,38
mdp.39015055594801,105,11,0,Brenda,PERSON,0,6
mdp.39015055594801,105,12,0,fourth,ORDINAL,15,21
mdp.39015055594801,105,14,0,fourth,ORDINAL,17,23
mdp.39015055594801,105,16,0,Lisa,PERSON,0,4
mdp.39015055594801,105,17,0,Brenda,PERSON,0,6
mdp.39015055594801,105,20,0,Darrin,PERSON,40,46
mdp.39015055594801,105,21,0,this year,DATE,10,19
mdp.39015055594801,105,24,0,Lisa,PERSON,25,29
mdp.39015055594801,105,27,0,Brenda,PERSON,0,6
mdp.39015055594801,105,28,0,the Recreation Committee's,ORG,22,48
mdp.39015055594801,106,0,0,RICHARD G. GREEN,PERSON,3,19
mdp.39015055594801,106,0,1,Naomi,PERSON,39,44
mdp.39015055594801,106,1,0,Lisa,PERSON,0,4
mdp.39015055594801,106,4,0,Darrin,PERSON,0,6
mdp.39015055594801,106,11,0,Sharla,PERSON,40,46
mdp.39015055594801,106,12,0,two,CARDINAL,24,27
mdp.39015055594801,106,12,1,Totah,PERSON,71,76
mdp.39015055594801,106,12,2,Ford,PRODUCT,79,83
mdp.39015055594801,106,13,0,Totah,PERSON,31,36
mdp.39015055594801,106,14,0,Plain,PERSON,23,28
mdp.39015055594801,106,14,1,Indian,NORP,31,37
mdp.39015055594801,106,16,0,Darrin,PERSON,56,62
mdp.39015055594801,106,16,1,Longhouse,ORG,66,75
mdp.39015055594801,106,17,0,Darrin,PERSON,8,14
mdp.39015055594801,106,20,0,Totah,PERSON,3,8
mdp.39015055594801,107,0,0,93,CARDINAL,27,29
mdp.39015055594801,107,0,1,Brenda,PERSON,37,43
mdp.39015055594801,107,1,0,Lisa,PERSON,27,31
mdp.39015055594801,107,2,0,Chiefswood,FAC,21,31
mdp.39015055594801,107,2,1,Darrin,PERSON,45,51
mdp.39015055594801,107,2,2,Grand Entry,FAC,72,83
mdp.39015055594801,107,3,0,Naomi,PERSON,48,53
mdp.39015055594801,107,4,0,two,CARDINAL,47,50
mdp.39015055594801,107,6,0,Rotinonhsonni,NORP,23,36
mdp.39015055594801,107,6,1,Mohawks,NORP,61,68
mdp.39015055594801,107,6,2,three,CARDINAL,74,79
mdp.39015055594801,107,8,0,Today,DATE,0,5
mdp.39015055594801,107,11,0,onkwehonwe,NORP,26,36
mdp.39015055594801,107,20,0,thirteenth,ORDINAL,15,25
mdp.39015055594801,107,20,1,annual,DATE,26,32
mdp.39015055594801,107,20,2,Ouse,WORK_OF_ART,33,37
mdp.39015055594801,108,2,0,today,DATE,57,62
mdp.39015055594801,108,3,0,Darrin,PERSON,13,19
mdp.39015055594801,108,5,0,Six,CARDINAL,0,3
mdp.39015055594801,108,8,0,Canadian,NORP,0,8
mdp.39015055594801,108,8,1,American,NORP,13,21
mdp.39015055594801,108,9,0,Onkwehonwe,NORP,0,10
mdp.39015055594801,108,10,0,Darrin,PERSON,0,6
mdp.39015055594801,108,11,0,Men's Traditional,ORG,6,23
mdp.39015055594801,108,16,0,Darrin,PERSON,17,23
mdp.39015055594801,108,17,0,the Men's Fancy Dancers,ORG,48,71
mdp.39015055594801,108,20,0,Darrin,PERSON,0,6
mdp.39015055594801,108,21,0,Rotinonhsonnis,PERSON,10,24
mdp.39015055594801,108,21,1,Grand Entry,WORK_OF_ART,48,59
mdp.39015055594801,108,22,0,Sharla,PERSON,60,66
mdp.39015055594801,109,0,0,two,CARDINAL,46,49
mdp.39015055594801,109,1,0,Darrin,PERSON,0,6
mdp.39015055594801,109,3,0,Rotinonshonni,NORP,5,18
mdp.39015055594801,109,5,0,Darrin,PERSON,0,6
mdp.39015055594801,109,11,0,New Mexico,GPE,52,62
mdp.39015055594801,109,12,0,Darrin,PERSON,0,6
mdp.39015055594801,109,18,0,Darrin,PERSON,15,21
mdp.39015055594801,110,0,0,96,CARDINAL,0,2
mdp.39015055594801,110,0,1,RICHARD G. GREEN,PERSON,3,19
mdp.39015055594801,110,1,0,one,CARDINAL,21,24
mdp.39015055594801,110,2,0,Darrin,PERSON,0,6
mdp.39015055594801,110,4,0,Sharla,PERSON,7,13
mdp.39015055594801,110,4,1,two,CARDINAL,14,17
mdp.39015055594801,110,7,0,onkwehonwe,NORP,25,35
mdp.39015055594801,110,8,0,the Tiny Tots,ORG,62,75
mdp.39015055594801,110,10,0,"the Flag Song, Traditional Invocation",WORK_OF_ART,27,64
mdp.39015055594801,110,11,0,Darrin,PERSON,47,53
mdp.39015055594801,110,11,1,Sharla,PERSON,82,88
mdp.39015055594801,110,15,0,Sharla,PERSON,12,18
mdp.39015055594801,110,18,0,Darrin,PERSON,11,17
mdp.39015055594801,110,21,0,Darrin,PERSON,19,25
mdp.39015055594801,111,1,0,today,DATE,13,18
mdp.39015055594801,111,4,0,Darrin,PERSON,0,6
mdp.39015055594801,111,7,0,Sharla,PERSON,0,6
mdp.39015055594801,111,8,0,Tiny Tots,WORK_OF_ART,48,57
mdp.39015055594801,111,9,0,two,CARDINAL,23,26
mdp.39015055594801,111,10,0,Darrin,PERSON,0,6
mdp.39015055594801,111,14,0,Darrin,PERSON,4,10
mdp.39015055594801,111,15,0,Darrin,PERSON,0,6
mdp.39015055594801,111,15,1,Lisa,PERSON,11,15
mdp.39015055594801,111,16,0,Lisa,PERSON,8,12
mdp.39015055594801,111,17,0,Sharla,PERSON,37,43
mdp.39015055594801,111,22,0,Darrin,PERSON,26,32
mdp.39015055594801,111,24,0,Mark,PERSON,5,9
mdp.39015055594801,111,26,0,Indian,NORP,33,39
mdp.39015055594801,111,29,0,Mark,PERSON,0,4
mdp.39015055594801,111,31,0,Lisa,PERSON,0,4
mdp.39015055594801,111,32,0,Cobe's,ORG,36,42
mdp.39015055594801,111,34,0,Darrin,PERSON,0,6
mdp.39015055594801,112,0,0,98,CARDINAL,0,2
mdp.39015055594801,112,0,1,RICHARD G. GREEN,PERSON,3,19
mdp.39015055594801,112,1,0,Lisa,PERSON,0,4
mdp.39015055594801,112,3,0,Lafont,PERSON,40,46
mdp.39015055594801,112,3,1,L. Lafont,PERSON,66,75
mdp.39015055594801,112,4,0,Darrin,PERSON,0,6
mdp.39015055594801,112,5,0,Lisa,PERSON,14,18
mdp.39015055594801,112,7,0,Darrin,PERSON,0,6
mdp.39015055594801,112,10,0,three,CARDINAL,6,11
mdp.39015055594801,112,10,1,two,CARDINAL,48,51
mdp.39015055594801,112,10,2,Lafont,PERSON,52,58
mdp.39015055594801,112,11,0,the Hermit Thrush,PERSON,16,33
mdp.39015055594801,112,13,0,Lafont,PERSON,4,10
mdp.39015055594801,112,19,0,Lafont,PERSON,19,25
mdp.39015055594801,112,21,0,Sharla,PERSON,7,13
mdp.39015055594801,112,22,0,Darrin,PERSON,1,7
mdp.39015055594801,112,23,0,Karen,PERSON,31,36
mdp.39015055594801,112,24,0,Darrin,PERSON,0,6
mdp.39015055594801,112,25,0,Karen,PERSON,13,18
mdp.39015055594801,112,26,0,Karen,PERSON,6,11
mdp.39015055594801,112,26,1,Sharla,PERSON,19,25
mdp.39015055594801,112,26,2,about ten minutes,TIME,64,81
mdp.39015055594801,113,4,0,Arley,PERSON,39,44
mdp.39015055594801,113,4,1,Delbert,PERSON,59,66
mdp.39015055594801,113,6,0,Delbert,PERSON,16,23
mdp.39015055594801,113,9,0,Delbert,PERSON,0,7
mdp.39015055594801,113,10,0,Delbert,PERSON,1,8
mdp.39015055594801,113,11,0,Darrin,PERSON,8,14
mdp.39015055594801,113,11,1,Delbert,PERSON,17,24
mdp.39015055594801,113,12,0,today,DATE,15,20
mdp.39015055594801,113,13,0,Darrin,PERSON,25,31
mdp.39015055594801,113,15,0,Delbert,PERSON,15,22
mdp.39015055594801,113,20,0,Darrin,PERSON,0,6
mdp.39015055594801,113,24,0,Delbert,PERSON,0,7
mdp.39015055594801,113,27,0,Indian,NORP,30,36
mdp.39015055594801,114,0,0,100,CARDINAL,0,3
mdp.39015055594801,114,0,1,Rez,LOC,32,35
mdp.39015055594801,114,1,0,Delbert,PERSON,0,7
mdp.39015055594801,114,1,1,second,ORDINAL,21,27
mdp.39015055594801,114,5,0,Delbert,PERSON,14,21
mdp.39015055594801,114,12,0,Darrin,PERSON,0,6
mdp.39015055594801,114,12,1,Delbert,PERSON,11,18
mdp.39015055594801,114,15,0,Darrin,PERSON,0,6
mdp.39015055594801,114,15,1,Delbert,PERSON,24,31
mdp.39015055594801,114,16,0,Darrin,PERSON,0,6
mdp.39015055594801,114,21,0,Delbert,PERSON,0,7
mdp.39015055594801,114,31,0,Darrin,PERSON,41,47
mdp.39015055594801,114,32,0,Darrin,PERSON,0,6
mdp.39015055594801,114,33,0,Delbert,PERSON,44,51
mdp.39015055594801,114,34,0,Delbert,PERSON,14,21
mdp.39015055594801,115,1,0,Darrin,PERSON,32,38
mdp.39015055594801,115,2,0,Delbert,PERSON,14,21
mdp.39015055594801,115,3,0,Delbert,PERSON,20,27
mdp.39015055594801,115,3,1,second,ORDINAL,39,45
mdp.39015055594801,115,8,0,Delbert,PERSON,0,7
mdp.39015055594801,115,10,0,Darrin,PERSON,3,9
mdp.39015055594801,115,11,0,80,CARDINAL,24,26
mdp.39015055594801,115,16,0,Delbert,PERSON,0,7
mdp.39015055594801,115,17,0,Darrin,PERSON,24,30
mdp.39015055594801,115,18,0,Darrin,PERSON,41,47
mdp.39015055594801,115,19,0,Darrin,PERSON,26,32
mdp.39015055594801,115,21,0,Delbert,PERSON,0,7
mdp.39015055594801,115,25,0,Darrin,PERSON,0,6
mdp.39015055594801,115,26,0,Delbert,PERSON,56,63
mdp.39015055594801,115,27,0,One,CARDINAL,0,3
mdp.39015055594801,115,27,1,Totah,PERSON,7,12
mdp.39015055594801,116,0,0,102,CARDINAL,0,3
mdp.39015055594801,116,0,1,RICHARD G. GREEN,PERSON,4,20
mdp.39015055594801,116,2,0,Delbert,PERSON,20,27
mdp.39015055594801,116,2,1,L. Lafont's,PERSON,58,69
mdp.39015055594801,117,0,0,103,CARDINAL,27,30
mdp.39015055594801,117,2,0,Delbert,PERSON,0,7
mdp.39015055594801,117,2,1,Cobe's,ORG,19,25
mdp.39015055594801,117,3,0,Darrin,PERSON,0,6
mdp.39015055594801,117,6,0,Lafont,PERSON,31,37
mdp.39015055594801,117,7,0,Delbert,PERSON,0,7
mdp.39015055594801,117,9,0,Darrin,PERSON,0,6
mdp.39015055594801,117,10,0,Delbert,PERSON,36,43
mdp.39015055594801,117,10,1,Cobe,PERSON,59,63
mdp.39015055594801,117,11,0,Delbert,PERSON,9,16
mdp.39015055594801,117,17,0,Darrin,PERSON,0,6
mdp.39015055594801,117,17,1,Lafont,ORG,26,32
mdp.39015055594801,118,0,0,RICHARD G. GREEN,PERSON,4,20
mdp.39015055594801,118,0,1,three blocks,QUANTITY,73,85
mdp.39015055594801,118,3,0,Delbert,PERSON,1,8
mdp.39015055594801,118,3,1,Darrin,PERSON,11,17
mdp.39015055594801,118,5,0,two,CARDINAL,21,24
mdp.39015055594801,118,9,0,about an hour,TIME,28,41
mdp.39015055594801,118,10,0,Cobe's,ORG,13,19
mdp.39015055594801,118,11,0,Darrin,PERSON,0,6
mdp.39015055594801,118,11,1,Lafont,PERSON,38,44
mdp.39015055594801,118,14,0,Indian,NORP,39,45
mdp.39015055594801,118,15,0,Darrin,PERSON,17,23
mdp.39015055594801,118,19,0,Darrin,PERSON,0,6
mdp.39015055594801,118,20,0,Two,CARDINAL,0,3
mdp.39015055594801,118,21,0,Four,CARDINAL,0,4
mdp.39015055594801,119,1,0,Lawrence,PERSON,6,14
mdp.39015055594801,119,3,0,Darrin,PERSON,0,6
mdp.39015055594801,119,4,0,Lafont,PERSON,51,57
mdp.39015055594801,119,4,1,two,CARDINAL,69,72
mdp.39015055594801,119,5,0,two,CARDINAL,32,35
mdp.39015055594801,119,6,0,Two,CARDINAL,0,3
mdp.39015055594801,119,8,0,Darrin,PERSON,0,6
mdp.39015055594801,119,11,0,tomorrow,DATE,36,44
mdp.39015055594801,119,12,0,Darrin,PERSON,0,6
mdp.39015055594801,119,23,0,Darrin,PERSON,0,6
mdp.39015055594801,120,0,0,106,CARDINAL,0,3
mdp.39015055594801,120,0,1,RICHARD G. GREEN,PERSON,4,20
mdp.39015055594801,120,1,0,Lafont,PERSON,4,10
mdp.39015055594801,120,7,0,Lafont,PERSON,5,11
mdp.39015055594801,120,8,0,Darrin,PERSON,0,6
mdp.39015055594801,120,15,0,Missus Lafont,PERSON,4,17
mdp.39015055594801,120,22,0,Darrin,PERSON,10,16
mdp.39015055594801,120,24,0,Darrin,PERSON,0,6
mdp.39015055594801,121,0,0,Darrin,PERSON,44,50
mdp.39015055594801,121,3,0,Darrin,PERSON,44,50
mdp.39015055594801,121,4,0,Darrin,PERSON,0,6
mdp.39015055594801,121,4,1,Lafont,PERSON,16,22
mdp.39015055594801,121,8,0,Cobe's,ORG,55,61
mdp.39015055594801,121,10,0,Mark,PERSON,31,35
mdp.39015055594801,121,10,1,Lafont,PERSON,52,58
mdp.39015055594801,121,15,0,Darrin,PERSON,0,6
mdp.39015055594801,121,23,0,Darrin,PERSON,0,6
mdp.39015055594801,121,25,0,Cobe,ORG,32,36
mdp.39015055594801,121,25,1,Delbert,PERSON,43,50
mdp.39015055594801,122,0,0,108,CARDINAL,0,3
mdp.39015055594801,122,0,1,RICHARD G. GREEN,PERSON,4,20
mdp.39015055594801,122,1,0,Delbert,PERSON,5,12
mdp.39015055594801,122,1,1,Darrin,PERSON,34,40
mdp.39015055594801,122,4,0,Darrin,GPE,9,15
mdp.39015055594801,122,9,0,Delbert,PERSON,0,7
mdp.39015055594801,122,10,0,Cobe's,ORG,28,34
mdp.39015055594801,122,14,0,Darrin,PERSON,18,24
mdp.39015055594801,122,16,0,Darrin,PERSON,0,6
mdp.39015055594801,122,19,0,Cobe,PERSON,1,5
mdp.39015055594801,122,19,1,Lafont,PERSON,63,69
mdp.39015055594801,122,22,0,Totah,PERSON,21,26
mdp.39015055594801,122,24,0,Delbert,PERSON,0,7
mdp.39015055594801,122,25,0,first,ORDINAL,22,27
mdp.39015055594801,123,1,0,Darrin,PERSON,50,56
mdp.39015055594801,123,2,0,two,CARDINAL,12,15
mdp.39015055594801,123,2,1,Totah,PERSON,53,58
mdp.39015055594801,123,2,2,Ford,PRODUCT,61,65
mdp.39015055594801,123,6,0,Lisa,PERSON,23,27
mdp.39015055594801,123,8,0,Darrin,PERSON,1,7
mdp.39015055594801,123,9,0,Brenda,PERSON,0,6
mdp.39015055594801,123,9,1,Naomi,PERSON,43,48
mdp.39015055594801,123,13,0,Lisa,PERSON,1,5
mdp.39015055594801,123,15,0,Naomi,PERSON,11,16
mdp.39015055594801,123,15,1,Darrin,PERSON,20,26
mdp.39015055594801,123,18,0,Darrin,PERSON,0,6
mdp.39015055594801,123,18,1,Naomi,PERSON,12,17
mdp.39015055594801,123,20,0,Indian,NORP,16,22
mdp.39015055594801,123,21,0,Naomi,PERSON,24,29
mdp.39015055594801,123,28,0,Brenda,PERSON,25,31
mdp.39015055594801,124,0,0,RICHARD G. GREEN,PERSON,4,20
mdp.39015055594801,124,2,0,Naomi,PERSON,9,14
mdp.39015055594801,124,3,0,Lafont,PERSON,5,11
mdp.39015055594801,124,3,1,today,DATE,32,37
mdp.39015055594801,124,3,2,Darrin,PERSON,40,46
mdp.39015055594801,124,6,0,Darrin,PERSON,0,6
mdp.39015055594801,124,12,0,Brenda,PERSON,0,6
mdp.39015055594801,124,12,1,one,CARDINAL,34,37
mdp.39015055594801,124,12,2,Naomi,PERSON,57,62
mdp.39015055594801,124,13,0,Darrin,PERSON,27,33
mdp.39015055594801,124,19,0,Brenda,PERSON,8,14
mdp.39015055594801,124,19,1,Totah,PERSON,20,25
mdp.39015055594801,124,20,0,Lafont,PERSON,51,57
mdp.39015055594801,124,22,0,Delbert,PERSON,1,8
mdp.39015055594801,124,28,0,Brenda,PERSON,0,6
mdp.39015055594801,124,29,0,Darrin,PERSON,11,17
mdp.39015055594801,124,30,0,Delbert,PERSON,1,8
mdp.39015055594801,124,30,1,Cobe's,ORG,22,28
mdp.39015055594801,124,31,0,Brenda,PERSON,0,6
mdp.39015055594801,124,31,1,Naomi,PERSON,15,20
mdp.39015055594801,124,32,0,Darrin,PERSON,49,55
mdp.39015055594801,125,2,0,Darrin,PERSON,0,6
mdp.39015055594801,125,6,0,Brenda,PERSON,0,6
mdp.39015055594801,125,8,0,Delbert,PERSON,11,18
mdp.39015055594801,125,10,0,Darrin,PERSON,0,6
mdp.39015055594801,125,11,0,tomorrow,DATE,25,33
mdp.39015055594801,125,13,0,today,DATE,56,61
mdp.39015055594801,125,16,0,Brenda,PERSON,0,6
mdp.39015055594801,125,19,0,Lisa,PERSON,17,21
mdp.39015055594801,125,21,0,Darrin,PERSON,0,6
mdp.39015055594801,125,23,0,Brenda,PERSON,0,6
mdp.39015055594801,125,23,1,Naomi,PERSON,12,17
mdp.39015055594801,125,24,0,Darrin,PERSON,0,6
mdp.39015055594801,125,27,0,Brenda,PERSON,0,6
mdp.39015055594801,126,0,0,RICHARD G. GREEN Darrin,PERSON,4,27
mdp.39015055594801,126,8,0,three,CARDINAL,31,36
mdp.39015055594801,126,10,0,Lisa,PERSON,27,31
mdp.39015055594801,126,11,0,Sharla,PERSON,18,24
mdp.39015055594801,126,12,0,Lafont,ORG,35,41
mdp.39015055594801,126,13,0,Chiefswood,GPE,21,31
mdp.39015055594801,126,19,0,Arley Van Peldt,PERSON,41,56
mdp.39015055594801,127,0,0,113,CARDINAL,27,30
mdp.39015055594801,127,0,1,13,CARDINAL,46,48
mdp.39015055594801,127,1,0,Arley,PERSON,18,23
mdp.39015055594801,127,6,0,Darrin,PERSON,0,6
mdp.39015055594801,127,8,0,Fox,PERSON,50,53
mdp.39015055594801,127,13,0,Darrin,PERSON,0,6
mdp.39015055594801,127,17,0,Arley,PERSON,0,5
mdp.39015055594801,128,0,0,RICHARD G. GREEN,PERSON,4,20
mdp.39015055594801,128,0,1,Darrin,PERSON,21,27
mdp.39015055594801,128,2,0,Arley,PERSON,4,9
mdp.39015055594801,128,3,0,Arley,PERSON,0,5
mdp.39015055594801,128,5,0,Darrin,PERSON,0,6
mdp.39015055594801,128,6,0,Arley,PERSON,0,5
mdp.39015055594801,128,6,1,Darrin,PERSON,26,32
mdp.39015055594801,128,9,0,Arley,PERSON,0,5
mdp.39015055594801,128,11,0,Arley,PERSON,0,5
mdp.39015055594801,128,11,1,two,CARDINAL,20,23
mdp.39015055594801,128,13,0,Arley,PERSON,0,5
mdp.39015055594801,128,14,0,Darrin,PERSON,26,32
mdp.39015055594801,128,16,0,Arley,PERSON,0,5
mdp.39015055594801,128,17,0,Darrin,PERSON,30,36
mdp.39015055594801,128,18,0,Darrin,PERSON,41,47
mdp.39015055594801,128,18,1,three,CARDINAL,60,65
mdp.39015055594801,128,19,0,Arley,PERSON,0,5
mdp.39015055594801,128,21,0,Darrin,PERSON,10,16
mdp.39015055594801,128,22,0,Darrin,PERSON,0,6
mdp.39015055594801,128,23,0,Arley,PERSON,48,53
mdp.39015055594801,128,24,0,Arley,PERSON,10,15
mdp.39015055594801,128,26,0,Arley,PERSON,0,5
mdp.39015055594801,128,27,0,Darrin,PERSON,0,6
mdp.39015055594801,128,28,0,Arley,PERSON,0,5
mdp.39015055594801,129,0,0,115,CARDINAL,27,30
mdp.39015055594801,129,1,0,Darrin,PERSON,14,20
mdp.39015055594801,129,2,0,Darrin,PERSON,11,17
mdp.39015055594801,129,3,0,Darrin,PERSON,0,6
mdp.39015055594801,129,4,0,Arley,PERSON,0,5
mdp.39015055594801,129,7,0,Arley,PERSON,7,12
mdp.39015055594801,129,8,0,Darrin,PERSON,30,36
mdp.39015055594801,129,8,1,two,CARDINAL,41,44
mdp.39015055594801,129,8,2,Arley,PERSON,62,67
mdp.39015055594801,129,10,0,Darrin,PERSON,0,6
mdp.39015055594801,129,11,0,Arley,PERSON,0,5
mdp.39015055594801,129,13,0,Darrin,PERSON,40,46
mdp.39015055594801,129,13,1,one,CARDINAL,63,66
mdp.39015055594801,129,14,0,Sharla,PERSON,7,13
mdp.39015055594801,129,16,0,Darrin,PERSON,18,24
mdp.39015055594801,129,17,0,Arley,PERSON,0,5
mdp.39015055594801,129,18,0,Sharla,PERSON,4,10
mdp.39015055594801,129,18,1,Darrin,PERSON,13,19
mdp.39015055594801,129,22,0,Darrin,PERSON,21,27
mdp.39015055594801,130,0,0,RICHARD G. GREEN,PERSON,4,20
mdp.39015055594801,130,3,0,Darrin,PERSON,0,6
mdp.39015055594801,130,5,0,Sharla,PERSON,0,6
mdp.39015055594801,130,7,0,Sharla,PERSON,0,6
mdp.39015055594801,130,10,0,Sharla,PERSON,12,18
mdp.39015055594801,130,11,0,Darrin,PERSON,0,6
mdp.39015055594801,130,14,0,Karen,PERSON,47,52
mdp.39015055594801,130,15,0,Darrin,PERSON,0,6
mdp.39015055594801,130,22,0,Sharla,PERSON,57,63
mdp.39015055594801,130,24,0,Chiefswood bridge,FAC,31,48
mdp.39015055594801,131,0,0,117,CARDINAL,27,30
mdp.39015055594801,131,3,0,eight,CARDINAL,40,45
mdp.39015055594801,131,4,0,Tonight,TIME,0,7
mdp.39015055594801,131,4,1,twenty,CARDINAL,22,28
mdp.39015055594801,131,5,0,fifth,ORDINAL,7,12
mdp.39015055594801,131,5,1,eleven,CARDINAL,30,36
mdp.39015055594801,131,10,0,twenty,CARDINAL,22,28
mdp.39015055594801,131,16,0,Lafont,GPE,8,14
mdp.39015055594801,131,23,0,three,CARDINAL,9,14
mdp.39015055594801,131,23,1,four,CARDINAL,16,20
mdp.39015055594801,131,23,2,five,CARDINAL,22,26
mdp.39015055594801,132,0,0,RICHARD G. GREEN,PERSON,4,20
mdp.39015055594801,132,5,0,one,CARDINAL,8,11
mdp.39015055594801,132,5,1,twenty,CARDINAL,27,33
mdp.39015055594801,132,5,2,nine,CARDINAL,77,81
mdp.39015055594801,132,12,0,dusk,TIME,37,41
mdp.39015055594801,132,15,0,Brenda,PERSON,13,19
mdp.39015055594801,132,16,0,Arley,PERSON,44,49
mdp.39015055594801,132,17,0,Brenda,PERSON,58,64
mdp.39015055594801,132,20,0,Sharla,PERSON,0,6
mdp.39015055594801,133,1,0,three,CARDINAL,10,15
mdp.39015055594801,133,3,0,Darrin,PERSON,0,6
mdp.39015055594801,133,3,1,the Heavyweight Championship Belt,WORK_OF_ART,59,92
mdp.39015055594801,133,4,0,Arley,PERSON,45,50
mdp.39015055594801,133,5,0,Brenda,PERSON,47,53
mdp.39015055594801,133,8,0,Darrin,PERSON,22,28
mdp.39015055594801,133,10,0,Darrin,PERSON,27,33
mdp.39015055594801,133,16,0,Sharla,PERSON,8,14
mdp.39015055594801,133,18,0,Darrin,PERSON,0,6
mdp.39015055594801,133,20,0,Brenda,PERSON,39,45
mdp.39015055594801,133,21,0,Darrin,PERSON,21,27
mdp.39015055594801,134,0,0,RICHARD G. GREEN,PERSON,4,20
mdp.39015055594801,134,0,1,Brenda,PERSON,21,27
mdp.39015055594801,134,1,0,Sharla,PERSON,7,13
mdp.39015055594801,134,1,1,first,ORDINAL,56,61
mdp.39015055594801,134,2,0,Darrin,PERSON,0,6
mdp.39015055594801,134,5,0,tonight,TIME,76,83
mdp.39015055594801,134,6,0,Army,ORG,44,48
mdp.39015055594801,134,7,0,Sharla,PERSON,61,67
mdp.39015055594801,134,14,0,Darrin,PERSON,0,6
mdp.39015055594801,135,1,0,Chiefswood,GPE,15,25
mdp.39015055594801,135,6,0,Darrin,PERSON,0,6
mdp.39015055594801,135,10,0,Sharla,PERSON,14,20
mdp.39015055594801,135,12,0,Darrin,PERSON,18,24
mdp.39015055594801,135,12,1,Sharla,PERSON,40,46
mdp.39015055594801,135,20,0,Darrin,PERSON,0,6
mdp.39015055594801,136,0,0,RICHARD G. GREEN,PERSON,4,20
mdp.39015055594801,136,0,1,14,DATE,37,39
mdp.39015055594801,136,1,0,Darrin,PERSON,14,20
mdp.39015055594801,136,3,0,tonight,TIME,30,37
mdp.39015055594801,136,5,0,Lake Erie,LOC,39,48
mdp.39015055594801,136,7,0,Brenda,PERSON,33,39
mdp.39015055594801,136,9,0,Naomi,PERSON,22,27
mdp.39015055594801,136,9,1,Lisa,PERSON,34,38
mdp.39015055594801,136,11,0,Darrin,PERSON,10,16
mdp.39015055594801,136,12,0,Naomi,PERSON,12,17
mdp.39015055594801,136,17,0,Naomi,PERSON,22,27
mdp.39015055594801,136,18,0,Brenda,PERSON,0,6
mdp.39015055594801,136,18,1,Lisa,PERSON,39,43
mdp.39015055594801,137,1,0,Darrin,PERSON,0,6
mdp.39015055594801,137,2,0,Brenda,PERSON,46,52
mdp.39015055594801,137,2,1,Lisa,PERSON,57,61
mdp.39015055594801,137,4,0,Lisa,PERSON,18,22
mdp.39015055594801,137,5,0,Mark,PERSON,5,9
mdp.39015055594801,137,6,0,Darrin,PERSON,0,6
mdp.39015055594801,137,7,0,Naomi,PERSON,0,5
mdp.39015055594801,137,8,0,one,CARDINAL,68,71
mdp.39015055594801,137,8,1,Darrin,PERSON,81,87
mdp.39015055594801,137,10,0,Sharla,PERSON,46,52
mdp.39015055594801,137,11,0,Sharla,PERSON,0,6
mdp.39015055594801,137,14,0,two,CARDINAL,23,26
mdp.39015055594801,137,16,0,Sharla,PERSON,24,30
mdp.39015055594801,137,17,0,today,DATE,13,18
mdp.39015055594801,137,18,0,Naomi,PERSON,17,22
mdp.39015055594801,137,20,0,Naomi,PERSON,19,24
mdp.39015055594801,137,23,0,Brenda,PERSON,0,6
mdp.39015055594801,137,23,1,Lisa,PERSON,39,43
mdp.39015055594801,137,25,0,Naomi,PERSON,29,34
mdp.39015055594801,137,27,0,Lisa,PERSON,20,24
mdp.39015055594801,137,28,0,half,CARDINAL,15,19
mdp.39015055594801,137,28,1,Darrin,PERSON,33,39
mdp.39015055594801,138,0,0,RICHARD G. GREEN,PERSON,4,20
mdp.39015055594801,138,2,0,Darrin,PERSON,0,6
mdp.39015055594801,138,6,0,Darrin,PERSON,0,6
mdp.39015055594801,138,8,0,Brenda,PERSON,18,24
mdp.39015055594801,138,11,0,Darrin,PERSON,0,6
mdp.39015055594801,138,14,0,Sharla,PERSON,57,63
mdp.39015055594801,138,15,0,Brenda,PERSON,31,37
mdp.39015055594801,138,16,0,Sharla,PERSON,38,44
mdp.39015055594801,138,17,0,Darrin,PERSON,0,6
mdp.39015055594801,138,19,0,Sharla,PERSON,33,39
mdp.39015055594801,138,23,0,Lisa,PERSON,14,18
mdp.39015055594801,138,27,0,Totah,PERSON,0,5
mdp.39015055594801,138,27,1,Longhouse,ORG,17,26
mdp.39015055594801,138,27,2,this morning,TIME,35,47
mdp.39015055594801,138,27,3,tomorrow,DATE,75,83
mdp.39015055594801,138,28,0,Brenda,PERSON,0,6
mdp.39015055594801,138,28,1,Naomi,PERSON,25,30
mdp.39015055594801,138,32,0,Darrin,PERSON,0,6
mdp.39015055594801,139,0,0,125,CARDINAL,27,30
mdp.39015055594801,139,0,1,Indian,NORP,66,72
mdp.39015055594801,139,2,0,Lisa,PERSON,45,49
mdp.39015055594801,139,4,0,Darrin,PERSON,0,6
mdp.39015055594801,139,7,0,today,DATE,30,35
mdp.39015055594801,139,12,0,Sharla,PERSON,49,55
mdp.39015055594801,139,14,0,Lafont,PERSON,32,38
mdp.39015055594801,139,17,0,one,CARDINAL,15,18
mdp.39015055594801,139,20,0,Lisa,PERSON,19,23
mdp.39015055594801,139,22,0,Lisa,PERSON,17,21
mdp.39015055594801,140,0,0,RICHARD G. GREEN,PERSON,4,20
mdp.39015055594801,140,2,0,Army,ORG,17,21
mdp.39015055594801,140,10,0,Lafont,ORG,7,13
mdp.39015055594801,140,21,0,Truman Cloud's,PERSON,10,24
mdp.39015055594801,140,26,0,Chiefswood bridge,FAC,7,24
mdp.39015055594801,140,33,0,6,CARDINAL,18,19
mdp.39015055594801,141,0,0,127,CARDINAL,27,30
mdp.39015055594801,141,4,0,Sharla,PERSON,15,21
mdp.39015055594801,141,5,0,Lafont,PERSON,57,63
mdp.39015055594801,141,6,0,Karen,PERSON,20,25
mdp.39015055594801,141,7,0,Darrin,PERSON,8,14
mdp.39015055594801,141,8,0,today,DATE,24,29
mdp.39015055594801,141,9,0,Darrin,PERSON,6,12
mdp.39015055594801,141,11,0,Sharla,PERSON,9,15
mdp.39015055594801,141,12,0,Grand Entry,FAC,52,63
mdp.39015055594801,141,13,0,any minute,TIME,23,33
mdp.39015055594801,141,24,0,two,CARDINAL,37,40
mdp.39015055594801,141,27,0,Darrin,PERSON,0,6
mdp.39015055594801,142,0,0,128 RICHARD G. GREEN,PERSON,0,20
mdp.39015055594801,142,0,1,Sharla,PERSON,48,54
mdp.39015055594801,142,4,0,One,CARDINAL,0,3
mdp.39015055594801,142,10,0,Darrin,PERSON,46,52
mdp.39015055594801,142,13,0,Darrin,PERSON,27,33
mdp.39015055594801,142,19,0,Sharla,PERSON,37,43
mdp.39015055594801,142,20,0,Sharla,PERSON,1,7
mdp.39015055594801,142,22,0,Sharla,PERSON,1,7
mdp.39015055594801,142,24,0,Sharla,PERSON,1,7
mdp.39015055594801,142,27,0,Sharla,PERSON,1,7
mdp.39015055594801,142,28,0,four metres,QUANTITY,8,19
mdp.39015055594801,143,1,0,Sharla,PERSON,0,6
mdp.39015055594801,143,2,0,Darrin,PERSON,0,6
mdp.39015055594801,143,13,0,Sharla,PERSON,0,6
mdp.39015055594801,143,16,0,Darrin,PERSON,0,6
mdp.39015055594801,143,20,0,Darrin,PERSON,0,6
mdp.39015055594801,143,24,0,God,PERSON,5,8
mdp.39015055594801,143,26,0,Darrin,PERSON,0,6
mdp.39015055594801,144,0,0,130,CARDINAL,0,3
mdp.39015055594801,144,0,1,RICHARD G. GREEN,PERSON,4,20
mdp.39015055594801,144,5,0,two,CARDINAL,21,24
mdp.39015055594801,144,6,0,Sharla,ORG,0,6
mdp.39015055594801,144,9,0,Darrin,PERSON,0,6
mdp.39015055594801,144,12,0,a minute,TIME,23,31
mdp.39015055594801,144,20,0,Darrin,PERSON,0,6
mdp.39015055594801,144,20,1,Hermit Thrush,PERSON,25,38
mdp.39015055594801,144,25,0,a Hermit Thrush,PERSON,16,31
mdp.39015055594801,144,25,1,Darrin,PERSON,42,48
mdp.39015055594801,144,27,0,a Hermit Thrush,PERSON,7,22
mdp.39015055594801,145,0,0,A HERMIT THRUSH,PERSON,11,26
mdp.39015055594801,145,2,0,Sharla,PERSON,0,6
mdp.39015055594801,145,5,0,Hermit Thrush,PERSON,11,24
mdp.39015055594801,145,8,0,Darrin,PERSON,0,6
mdp.39015055594801,145,10,0,Sharla,PERSON,0,6
mdp.39015055594801,145,10,1,first,ORDINAL,23,28
mdp.39015055594801,145,12,0,Grand Entry,EVENT,27,38
mdp.39015055594801,145,13,0,today,DATE,17,22
mdp.39015055594801,145,14,0,Darrin,PERSON,0,6
mdp.39015055594801,145,21,0,Darrin,PERSON,0,6
mdp.39015055594801,145,23,0,Sharla,PERSON,33,39
mdp.39015055594801,146,0,0,RICHARD G. GREEN,PERSON,4,20
mdp.39015055594801,146,1,0,today,DATE,22,27
mdp.39015055594801,146,2,0,Sharla,PERSON,0,6
mdp.39015055594801,146,3,0,Sharla,PERSON,1,7
mdp.39015055594801,146,5,0,Sharla,PERSON,1,7
mdp.39015055594801,146,10,0,Lafont,PERSON,27,33
mdp.39015055594801,146,15,0,Sharla,PERSON,0,6
mdp.39015055594801,146,18,0,Lisa,PERSON,28,32
mdp.39015055594801,146,19,0,Darrin,PERSON,0,6
mdp.39015055594801,147,0,0,Richard G. Green,PERSON,12,28
mdp.39015055594801,147,0,1,Ohsweken,GPE,41,49
mdp.39015055594801,147,0,2,Lady Willingdon hospital,FAC,53,77
mdp.39015055594801,147,0,3,Grand River Territory,LOC,81,102
mdp.39015055594801,147,1,0,Ontario,GPE,33,40
mdp.39015055594801,147,1,1,New York,GPE,54,62
mdp.39015055594801,147,2,0,the late '60s,DATE,29,42
mdp.39015055594801,147,2,1,Onkwehonwe,NORP,103,113
mdp.39015055594801,147,2,2,Canada,GPE,157,163
mdp.39015055594801,147,2,3,United States,GPE,168,181
mdp.39015055594801,147,3,0,1994,DATE,3,7
mdp.39015055594801,147,4,0,first,ORDINAL,12,17
mdp.39015055594801,147,5,0,the Six Nations,LOC,12,27
mdp.39015055594801,147,5,1,North American,NORP,70,84
mdp.39015055594801,147,6,0,Raymond Skye,PERSON,18,30
mdp.39015055594801,147,7,0,Mohawk College,ORG,14,28
mdp.39015055594801,147,7,1,Hamilton,GPE,32,40
mdp.39015055594801,147,7,2,Ontario,GPE,42,49
mdp.39015055594801,152,1,0,Darrin Captain,PERSON,6,20
mdp.39015055594801,152,3,0,Darrin,PERSON,0,6
mdp.39015055594801,152,7,0,Totah,PERSON,21,26
mdp.39015055594801,152,8,0,Truman Cloud,PERSON,27,39
mdp.39015055594801,152,10,0,Fox,PERSON,15,18
mdp.39015055594801,152,10,1,Brenda,PERSON,56,62
mdp.39015055594801,152,10,2,Sharla,PERSON,89,95
mdp.39015055594801,152,11,0,Nemesis Arley Van Peldt,PERSON,8,31
mdp.39015055594801,152,11,1,Lisa,PERSON,44,48
mdp.39015055594801,152,11,2,Lafont,PERSON,57,63
mdp.39015055594801,152,12,0,Indian,NORP,64,70
mdp.39015055594801,152,14,0,0-911737-01-4 9 780911 737011 61295,CARDINAL,5,40
