vol_id,page,sentence_id,ent_id,entity,entity_type,start_char,end_char
pst.000046336897,1,0,0,Thoreau Poems PS3553,WORK_OF_ART,23,43
pst.000046336897,1,0,1,1991,DATE,53,57
pst.000046336897,1,0,2,robert m. chute,PERSON,58,73
pst.000046336897,2,0,0,1,CARDINAL,0,1
pst.000046336897,5,0,0,Thoreau,PERSON,22,29
pst.000046336897,5,0,1,robert m. chute,PERSON,36,51
pst.000046336897,5,0,2,PENNSYLVANIA STATE UNIVERSITY,ORG,56,85
pst.000046336897,6,0,0,NIGHTSHADE PRESS,ORG,0,16
pst.000046336897,6,0,1,1991,DATE,27,31
pst.000046336897,6,0,2,Robert M. Chute,PERSON,35,50
pst.000046336897,6,3,0,Roy Zarucchi,PERSON,32,44
pst.000046336897,6,3,1,H.D. Thoreau,PERSON,54,66
pst.000046336897,6,3,2,The Journals of Henry David Thoreau,WORK_OF_ART,72,107
pst.000046336897,6,3,3,Tecla Acknowledgments,PERSON,115,136
pst.000046336897,6,4,0,Alaska Quarterly Review,ORG,61,84
pst.000046336897,6,4,1,Antigonish Review,ORG,86,103
pst.000046336897,6,4,2,Bates Garnet,ORG,105,117
pst.000046336897,6,4,3,Canadian Thoreau Journal Quarterly,ORG,119,153
pst.000046336897,6,4,4,The Fiddlehead,ORG,155,169
pst.000046336897,6,4,5,Kansas Quarterly,ORG,171,187
pst.000046336897,6,4,6,The Little Magazine,ORG,189,208
pst.000046336897,6,4,7,Northeast,ORG,210,219
pst.000046336897,6,4,8,Puckerbrush Review,ORG,234,252
pst.000046336897,6,4,9,Quest,ORG,254,259
pst.000046336897,6,4,10,Stone Country,ORG,271,284
pst.000046336897,6,4,11,Thoreau Journal Quarterly,ORG,286,311
pst.000046336897,6,5,0,A Week on the Concord and Merrimac Rivers,WORK_OF_ART,39,80
pst.000046336897,6,6,0,Henry D. Thoreau,PERSON,0,16
pst.000046336897,6,7,0,James Monroe & Co.,ORG,0,18
pst.000046336897,6,7,1,Boston,GPE,20,26
pst.000046336897,6,7,2,1849,DATE,28,32
pst.000046336897,6,7,3,1st,ORDINAL,34,37
pst.000046336897,6,7,4,The Annotated Walden,WORK_OF_ART,44,64
pst.000046336897,6,8,0,Philip Van Doren Stern,PERSON,0,22
pst.000046336897,6,8,1,Clarkson N. Potter,ORG,28,46
pst.000046336897,6,8,2,NY,GPE,48,50
pst.000046336897,6,8,3,1970,DATE,51,55
pst.000046336897,6,8,4,1st,ORDINAL,73,76
pst.000046336897,6,8,5,A Yankee in Canada,WORK_OF_ART,83,101
pst.000046336897,6,9,0,Henry D. Thoreau,PERSON,0,16
pst.000046336897,6,10,0,Harvest House,ORG,0,13
pst.000046336897,6,10,1,Montreal,GPE,15,23
pst.000046336897,6,11,0,1961,DATE,0,4
pst.000046336897,6,11,1,The Journals of Henry D. Thoreau,WORK_OF_ART,6,38
pst.000046336897,6,12,0,Bradford Torrey,PERSON,0,15
pst.000046336897,6,12,1,Francis Allen,PERSON,18,31
pst.000046336897,6,12,2,Dover Publ.,ORG,37,48
pst.000046336897,6,12,3,NY,GPE,50,52
pst.000046336897,6,12,4,1962,DATE,53,57
pst.000046336897,6,12,5,The Correspondence of Henry David Thoreau,WORK_OF_ART,59,100
pst.000046336897,6,13,0,Walter Harding,PERSON,0,14
pst.000046336897,6,13,1,Carl Bode,PERSON,19,28
pst.000046336897,6,13,2,N.Y. Univ. Press,ORG,34,50
pst.000046336897,6,13,3,NY,GPE,52,54
pst.000046336897,6,13,4,1958,DATE,55,59
pst.000046336897,6,14,0,NIGHTSHADE PRESS,ORG,13,29
pst.000046336897,6,14,1,76,CARDINAL,37,39
pst.000046336897,6,14,2,Troy,GPE,40,44
pst.000046336897,6,14,3,Maine,GPE,46,51
pst.000046336897,6,15,0,USA,GPE,25,28
pst.000046336897,7,0,0,Henry,PERSON,4,9
pst.000046336897,9,0,0,N.J.,GPE,80,84
pst.000046336897,9,0,1,Thoreau,PERSON,111,118
pst.000046336897,9,0,2,1839,DATE,143,147
pst.000046336897,9,1,0,Fire Island,LOC,36,47
pst.000046336897,9,1,1,"Aug. 9, 1850",DATE,49,61
pst.000046336897,9,1,2,Emerson's,ORG,75,84
pst.000046336897,9,1,3,Letters on Recovery,WORK_OF_ART,138,157
pst.000046336897,9,1,4,A Letter from Spinoza,WORK_OF_ART,161,182
pst.000046336897,9,1,5,In the Maine Woods,WORK_OF_ART,186,204
pst.000046336897,9,1,6,Moose in the Pasture,WORK_OF_ART,208,228
pst.000046336897,9,1,7,Flint's Pond in Winter,LOC,289,311
pst.000046336897,9,1,8,Prometheus on Fair Haven Hill 31,WORK_OF_ART,315,347
pst.000046336897,9,1,9,Burger King,ORG,360,371
pst.000046336897,9,1,10,Designing Simplicity 35,WORK_OF_ART,399,422
pst.000046336897,9,1,11,1852,DATE,447,451
pst.000046336897,9,2,0,Sugaring Off 38,WORK_OF_ART,23,38
pst.000046336897,9,2,1,The Woodshed on the Moon,WORK_OF_ART,39,63
pst.000046336897,9,2,2,About the Author,WORK_OF_ART,169,185
pst.000046336897,11,0,0,1963,DATE,16,20
pst.000046336897,11,0,1,first,ORDINAL,33,38
pst.000046336897,11,0,2,first,ORDINAL,84,89
pst.000046336897,11,0,3,Henry David Thoreau,PERSON,114,133
pst.000046336897,11,0,4,Oct. 22nd 1837,DATE,135,149
pst.000046336897,11,2,0,first,ORDINAL,13,18
pst.000046336897,11,2,1,today,DATE,25,30
pst.000046336897,11,3,0,the years,DATE,3,12
pst.000046336897,11,3,1,Thoreau,PERSON,58,65
pst.000046336897,11,4,0,Maine,GPE,75,80
pst.000046336897,11,4,1,Walden Pond,LOC,95,106
pst.000046336897,11,4,2,Thoreau,PERSON,196,203
pst.000046336897,11,6,0,Thoreau,PERSON,119,126
pst.000046336897,11,9,0,Thoreau,PERSON,0,7
pst.000046336897,11,9,1,earth,LOC,127,132
pst.000046336897,13,0,0,A BROAD MARGIN TO MY LIFE,WORK_OF_ART,7,32
pst.000046336897,13,0,1,Walden,PERSON,39,45
pst.000046336897,14,0,0,Thoreau,PERSON,43,50
pst.000046336897,14,0,1,30 miles per hour,QUANTITY,106,123
pst.000046336897,14,2,0,Henry,PERSON,33,38
pst.000046336897,14,2,1,Apollonian,NORP,139,149
pst.000046336897,14,2,2,three,CARDINAL,200,205
pst.000046336897,15,0,0,N. J.,PERSON,23,28
pst.000046336897,15,2,0,all day,DATE,7,14
pst.000046336897,15,3,0,Thoreau,PERSON,68,75
pst.000046336897,15,3,1,Bible,WORK_OF_ART,97,102
pst.000046336897,15,7,0,11,CARDINAL,0,2
pst.000046336897,16,0,0,THOREAU,PERSON,26,33
pst.000046336897,16,1,0,afternoon,TIME,35,44
pst.000046336897,16,2,0,day,DATE,62,65
pst.000046336897,16,4,0,the Carp Pond,LOC,117,130
pst.000046336897,16,9,0,one,CARDINAL,12,15
pst.000046336897,16,10,0,12,CARDINAL,0,2
pst.000046336897,17,0,0,MERRIMAC,GPE,7,15
pst.000046336897,17,0,1,SEPT.,GPE,17,22
pst.000046336897,17,0,2,1839,DATE,24,28
pst.000046336897,17,1,0,Bhagavad Gita XVIII.48,WORK_OF_ART,0,22
pst.000046336897,17,2,0,Tuesday,DATE,3,10
pst.000046336897,17,4,0,every year,DATE,29,39
pst.000046336897,17,6,0,one,CARDINAL,8,11
pst.000046336897,17,7,0,some day,DATE,15,23
pst.000046336897,17,7,1,only one,CARDINAL,36,44
pst.000046336897,17,8,0,Monday,DATE,0,6
pst.000046336897,17,9,0,Pentacook,NORP,2,11
pst.000046336897,17,10,0,two,CARDINAL,71,74
pst.000046336897,17,12,0,Pentacook,NORP,0,9
pst.000046336897,17,18,0,Parson,ORG,24,30
pst.000046336897,17,21,0,Pentacook,GPE,6,15
pst.000046336897,17,23,0,West,LOC,7,11
pst.000046336897,17,24,0,Plum Island,LOC,12,23
pst.000046336897,17,25,0,13,CARDINAL,0,2
pst.000046336897,18,5,0,One,CARDINAL,0,3
pst.000046336897,18,5,1,each day,DATE,69,77
pst.000046336897,18,6,0,all night,TIME,19,28
pst.000046336897,18,7,0,the morning,TIME,3,14
pst.000046336897,18,13,0,A Week on the Concord and Merrimac Rivers,WORK_OF_ART,0,41
pst.000046336897,18,13,1,14,CARDINAL,49,51
pst.000046336897,19,0,0,ELLEN,PERSON,5,10
pst.000046336897,19,0,1,Today,DATE,12,17
pst.000046336897,19,1,0,The day,DATE,0,7
pst.000046336897,19,2,0,Ellen,PERSON,10,15
pst.000046336897,19,3,0,ten years old,DATE,7,20
pst.000046336897,19,3,1,Ellen,PERSON,26,31
pst.000046336897,19,6,0,Thoreau,PERSON,23,30
pst.000046336897,19,6,1,Ellen Emerson,PERSON,34,47
pst.000046336897,19,6,2,"July 31, 1849",DATE,49,62
pst.000046336897,20,0,0,half-past three,TIME,20,35
pst.000046336897,20,1,0,Margaret Fuller Ossoli,PERSON,0,22
pst.000046336897,20,2,0,Ossoli,PERSON,51,57
pst.000046336897,20,5,0,H.G.O. Blake,PERSON,12,24
pst.000046336897,20,5,1,"Aug. 9, 1850 16",DATE,26,41
pst.000046336897,21,0,0,EMERSON,PERSON,10,17
pst.000046336897,21,1,0,Edith,PERSON,55,60
pst.000046336897,21,2,0,Sanscrit,LANGUAGE,59,67
pst.000046336897,21,2,1,Parsee,LANGUAGE,71,77
pst.000046336897,21,4,0,Edie,PERSON,41,45
pst.000046336897,21,5,0,Edith,PERSON,46,51
pst.000046336897,21,8,0,Henry,PERSON,22,27
pst.000046336897,21,8,1,Thoreau,PERSON,51,58
pst.000046336897,21,8,2,Emerson,PERSON,62,69
pst.000046336897,21,8,3,"Feb., 1853",DATE,71,81
pst.000046336897,22,3,0,Concord,GPE,10,17
pst.000046336897,22,7,0,seven,CARDINAL,34,39
pst.000046336897,22,10,0,18,CARDINAL,0,2
pst.000046336897,23,0,0,My years,DATE,11,19
pst.000046336897,23,0,1,Clark's Brook,LOC,101,114
pst.000046336897,23,5,0,Concord,GPE,12,19
pst.000046336897,23,5,1,Thoreau,PERSON,20,27
pst.000046336897,23,6,0,Henry,PERSON,0,5
pst.000046336897,23,7,0,19,CARDINAL,0,2
pst.000046336897,24,0,0,RISUS SARDONICUS,PERSON,0,16
pst.000046336897,24,8,0,Hippocrates,PERSON,0,11
pst.000046336897,24,9,0,four days,DATE,5,14
pst.000046336897,24,10,0,John,PERSON,0,4
pst.000046336897,24,10,1,the third day,DATE,22,35
pst.000046336897,24,13,0,20,CARDINAL,0,2
pst.000046336897,25,0,0,John Thoreau Pasteur,PERSON,23,43
pst.000046336897,25,0,1,twenty,DATE,48,54
pst.000046336897,25,0,2,Koch,PERSON,56,60
pst.000046336897,25,0,3,a year away,DATE,69,80
pst.000046336897,25,2,0,One,CARDINAL,1,4
pst.000046336897,25,5,0,21,CARDINAL,0,2
pst.000046336897,26,1,0,John,PERSON,0,4
pst.000046336897,26,5,0,these four weeks,DATE,87,103
pst.000046336897,26,5,1,three-day,DATE,195,204
pst.000046336897,26,6,0,Lucy Brown,PERSON,11,21
pst.000046336897,26,6,1,I. Williams,PERSON,26,37
pst.000046336897,26,6,2,"March, 1842 22",DATE,39,53
pst.000046336897,27,0,0,SPINOZA,PERSON,14,21
pst.000046336897,27,1,0,Thoreau,PERSON,8,15
pst.000046336897,27,7,0,Benedictus,PERSON,16,26
pst.000046336897,27,8,0,James Russell Lowell,PERSON,14,34
pst.000046336897,27,8,1,"June 22, 1858 23",DATE,36,52
pst.000046336897,28,0,0,Morning,TIME,19,26
pst.000046336897,28,2,0,Mt. Ktaadn,LOC,123,133
pst.000046336897,28,5,0,Afternoon,TIME,0,9
pst.000046336897,28,15,0,Joe Polis,PERSON,5,14
pst.000046336897,28,15,1,a hundred yards,QUANTITY,69,84
pst.000046336897,28,16,0,24,CARDINAL,0,2
pst.000046336897,29,0,0,Indian Joe,PERSON,30,40
pst.000046336897,29,8,0,Second,ORDINAL,4,10
pst.000046336897,29,9,0,half,CARDINAL,50,54
pst.000046336897,29,9,1,half,CARDINAL,59,63
pst.000046336897,29,10,0,first,ORDINAL,10,15
pst.000046336897,29,11,0,Concord,GPE,102,109
pst.000046336897,30,9,0,half,CARDINAL,91,95
pst.000046336897,30,11,0,two,CARDINAL,113,116
pst.000046336897,30,13,0,week,DATE,134,138
pst.000046336897,30,15,0,Walden,PERSON,0,6
pst.000046336897,30,15,1,267,CARDINAL,13,16
pst.000046336897,30,15,2,26,CARDINAL,17,19
pst.000046336897,31,0,0,Phil,PERSON,29,33
pst.000046336897,31,0,1,1920-1990,DATE,35,44
pst.000046336897,31,7,0,early October,DATE,95,108
pst.000046336897,31,7,1,Summer,DATE,139,145
pst.000046336897,31,14,0,Walden,PERSON,0,6
pst.000046336897,31,14,1,376 27,CARDINAL,13,19
pst.000046336897,32,1,0,Half,CARDINAL,0,4
pst.000046336897,32,6,0,"Jan. 27, 1842 28",DATE,10,26
pst.000046336897,33,0,0,DARK HENRY,PERSON,0,10
pst.000046336897,33,0,1,Henry,PERSON,34,39
pst.000046336897,33,1,0,your days,DATE,83,92
pst.000046336897,33,1,1,September,DATE,97,106
pst.000046336897,33,5,0,Flint's Pond,LOC,31,43
pst.000046336897,33,6,0,Three,CARDINAL,24,29
pst.000046336897,33,6,1,Walden,LOC,70,76
pst.000046336897,34,0,0,FLINT,PERSON,0,5
pst.000046336897,34,0,1,WINTER,DATE,16,22
pst.000046336897,34,0,2,a foggy day,DATE,51,62
pst.000046336897,34,2,0,Franklin,PERSON,7,15
pst.000046336897,34,2,1,Hudson Bay,LOC,55,65
pst.000046336897,34,4,0,Concord,GPE,0,7
pst.000046336897,34,4,1,Greenland,LOC,11,20
pst.000046336897,34,4,2,Lincoln,PERSON,22,29
pst.000046336897,34,4,3,Baffin Land,LOC,32,43
pst.000046336897,34,9,0,a clear day,DATE,8,19
pst.000046336897,34,11,0,Walden,PERSON,0,6
pst.000046336897,34,11,1,395,CARDINAL,13,16
pst.000046336897,34,11,2,30,CARDINAL,17,19
pst.000046336897,35,3,0,A day,DATE,0,5
pst.000046336897,35,5,0,A day,DATE,0,5
pst.000046336897,35,9,0,Earth,LOC,4,9
pst.000046336897,35,14,0,Thoreau,PERSON,22,29
pst.000046336897,35,14,1,"Nov. 13, 1851. 31",DATE,41,58
pst.000046336897,36,0,0,BURGER KING,PERSON,12,23
pst.000046336897,36,0,1,WALDEN POND,GPE,40,51
pst.000046336897,36,1,0,Thoreau,PERSON,15,22
pst.000046336897,36,12,0,Thoreau,PERSON,49,56
pst.000046336897,36,21,0,32,CARDINAL,0,2
pst.000046336897,37,0,0,one,CARDINAL,18,21
pst.000046336897,37,0,1,one,CARDINAL,25,28
pst.000046336897,37,1,0,ten minutes,TIME,18,29
pst.000046336897,37,2,0,twos,CARDINAL,48,52
pst.000046336897,37,2,1,threes,CARDINAL,57,63
pst.000046336897,37,3,0,late afternoon,TIME,11,25
pst.000046336897,37,3,1,Burger King,ORG,58,69
pst.000046336897,37,4,0,Henry,PERSON,24,29
pst.000046336897,37,4,1,33,CARDINAL,114,116
pst.000046336897,38,0,0,autumn,DATE,56,62
pst.000046336897,38,0,1,Constable,PERSON,77,86
pst.000046336897,38,0,2,Turner,PERSON,91,97
pst.000046336897,38,0,3,October,DATE,128,135
pst.000046336897,38,0,4,New England,LOC,139,150
pst.000046336897,38,2,0,Bradford,PERSON,4,12
pst.000046336897,38,2,1,Mather,PERSON,14,20
pst.000046336897,38,2,2,Edwards,PERSON,22,29
pst.000046336897,38,2,3,Sewell,PERSON,56,62
pst.000046336897,38,5,0,Thoreau,PERSON,8,15
pst.000046336897,38,5,1,two hundred years,DATE,16,33
pst.000046336897,38,5,2,Fair Haven Hill,LOC,43,58
pst.000046336897,38,6,0,Autumnal,DATE,0,8
pst.000046336897,38,6,1,The Atlantic Monthly,ORG,16,36
pst.000046336897,38,6,2,"Oct.,",DATE,38,43
pst.000046336897,38,6,3,1862,DATE,44,48
pst.000046336897,39,1,0,winter,DATE,9,15
pst.000046336897,39,1,1,morning,TIME,16,23
pst.000046336897,39,1,2,one,CARDINAL,38,41
pst.000046336897,39,1,3,only one,CARDINAL,64,72
pst.000046336897,39,5,0,Blake,PERSON,11,16
pst.000046336897,39,5,1,March/April 1850,DATE,18,34
pst.000046336897,40,1,0,Sunday,DATE,8,14
pst.000046336897,40,1,1,the longest day,DATE,21,36
pst.000046336897,40,1,2,one,CARDINAL,69,72
pst.000046336897,40,4,0,three AM,TIME,11,19
pst.000046336897,40,5,0,sabbath,DATE,21,28
pst.000046336897,40,5,1,summer solstice,DATE,78,93
pst.000046336897,40,5,2,one,CARDINAL,141,144
pst.000046336897,40,8,0,one,CARDINAL,14,17
pst.000046336897,40,8,1,one,CARDINAL,21,24
pst.000046336897,40,10,0,"June 26, 1852 36",DATE,10,26
pst.000046336897,41,0,0,THOREAU,GPE,36,43
pst.000046336897,41,1,0,four,TIME,18,22
pst.000046336897,41,5,0,Waltham,GPE,46,53
pst.000046336897,41,5,1,morning,TIME,97,104
pst.000046336897,41,6,0,One,CARDINAL,0,3
pst.000046336897,41,8,0,one,CARDINAL,25,28
pst.000046336897,41,8,1,Henry,PERSON,78,83
pst.000046336897,41,9,0,the day,DATE,4,11
pst.000046336897,41,13,0,"Sept. 9, 1851 37",DATE,10,26
pst.000046336897,42,7,0,Thoreau,PERSON,23,30
pst.000046336897,42,7,1,H.G.O. Blake,PERSON,34,46
pst.000046336897,42,7,2,"Mar. 13, 1856",DATE,48,61
pst.000046336897,42,8,0,38,CARDINAL,0,2
pst.000046336897,43,0,0,THE WOODSHED ON THE MOON,PERSON,0,24
pst.000046336897,43,1,0,earth,LOC,110,115
pst.000046336897,43,2,0,Walden Pond,LOC,28,39
pst.000046336897,43,2,1,Thoreau,PERSON,61,68
pst.000046336897,43,3,0,Fitchburg,GPE,36,45
pst.000046336897,43,4,0,"July 14, 1852 39",DATE,10,26
pst.000046336897,44,2,0,Atlas,PERSON,30,35
pst.000046336897,44,4,0,Thoreau,PERSON,23,30
pst.000046336897,44,4,1,H.G.O. Blake,PERSON,34,46
pst.000046336897,44,4,2,"May 20, 1860",DATE,48,60
pst.000046336897,44,5,0,40,CARDINAL,0,2
pst.000046336897,45,0,0,RICKETSON,PERSON,12,21
pst.000046336897,45,7,0,Henry Thoreau,PERSON,38,51
pst.000046336897,45,7,1,Daniel Ricketson,PERSON,62,78
pst.000046336897,45,7,2,"Nov. 4, 1860",DATE,80,92
pst.000046336897,46,4,0,this longest night,DATE,12,30
pst.000046336897,46,4,1,the shortest day,DATE,47,63
pst.000046336897,46,4,2,first,ORDINAL,86,91
pst.000046336897,46,4,3,winter,DATE,111,117
pst.000046336897,46,7,0,Thoreau,PERSON,14,21
pst.000046336897,46,8,0,Some nights,DATE,0,11
pst.000046336897,46,9,0,42,CARDINAL,0,2
pst.000046336897,47,0,0,"SEPTEMBER, 1861",DATE,22,37
pst.000046336897,47,1,0,Sophia,PERSON,0,6
pst.000046336897,47,1,1,one,CARDINAL,74,77
pst.000046336897,47,1,2,one,CARDINAL,81,84
pst.000046336897,47,6,0,Sophia,PERSON,0,6
pst.000046336897,47,11,0,43,CARDINAL,0,2
pst.000046336897,48,0,0,THOREAU,PERSON,7,14
pst.000046336897,48,0,1,CASCO,GPE,43,48
pst.000046336897,48,0,2,MAINE,GPE,50,55
pst.000046336897,48,4,0,second,ORDINAL,17,23
pst.000046336897,48,5,0,Canada,GPE,16,22
pst.000046336897,48,5,1,46,CARDINAL,30,32
pst.000046336897,48,7,0,indians,NORP,167,174
pst.000046336897,48,10,0,winter,DATE,56,62
pst.000046336897,48,12,0,four,CARDINAL,21,25
pst.000046336897,48,14,0,second,ORDINAL,31,37
pst.000046336897,48,15,0,the spring,DATE,91,101
pst.000046336897,48,16,0,Only two,CARDINAL,0,8
pst.000046336897,48,16,1,the mile,QUANTITY,54,62
pst.000046336897,48,18,0,44,CARDINAL,18,20
pst.000046336897,49,6,0,late winter,DATE,3,14
pst.000046336897,49,9,0,Last year's,DATE,0,11
pst.000046336897,49,13,0,Guru,NORP,105,109
pst.000046336897,49,18,0,Fords,PRODUCT,14,19
pst.000046336897,49,18,1,Buicks,PRODUCT,21,27
pst.000046336897,49,20,0,45,DATE,47,49
pst.000046336897,50,6,0,Devil,NORP,67,72
pst.000046336897,50,7,0,Thoreau,PERSON,0,7
pst.000046336897,50,9,0,46,CARDINAL,0,2
pst.000046336897,51,0,0,47,CARDINAL,0,2
pst.000046336897,52,0,0,Robert M. Chute,PERSON,17,32
pst.000046336897,52,0,1,Maine,GPE,38,43
pst.000046336897,52,0,2,Poland Spring,GPE,76,89
pst.000046336897,52,0,3,Maine,GPE,91,96
pst.000046336897,52,1,0,When Grandmother Decides to Die,WORK_OF_ART,43,74
pst.000046336897,52,1,1,two,CARDINAL,76,79
pst.000046336897,52,1,2,Sebastian Rales,PERSON,109,124
pst.000046336897,52,1,3,the Norrigwock Abenakis,PERSON,129,152
pst.000046336897,52,1,4,Uncle George,WORK_OF_ART,171,183
pst.000046336897,52,1,5,Maine,GPE,301,306
pst.000046336897,52,2,0,Tecla,PERSON,13,18
pst.000046336897,52,2,1,Selnick,PERSON,20,27
pst.000046336897,52,4,0,Tecla,PERSON,0,5
pst.000046336897,52,4,1,Maine,GPE,28,33
pst.000046336897,52,4,2,Mexico,GPE,37,43
pst.000046336897,52,4,3,Spain,GPE,45,50
pst.000046336897,52,4,4,Wales,GPE,54,59
pst.000046336897,52,5,0,the National Academy of Design,ORG,15,45
pst.000046336897,52,5,1,the Art Students League,ORG,50,73
pst.000046336897,52,6,0,the Brooklyn Museum,ORG,28,47
pst.000046336897,52,6,1,Howard University,ORG,49,66
pst.000046336897,52,6,2,Bates College,ORG,68,81
pst.000046336897,55,0,0,PENNSTATE UNIVERSITY,ORG,1,21
pst.000046336897,55,0,1,Penn State,ORG,33,43
pst.000046336897,56,0,0,9.95,MONEY,2,6
pst.000046336897,56,0,1,Nightshade Press,ORG,7,23
pst.000046336897,56,0,2,PENN STATE UNIVERSITY,ORG,24,45
