vol_id,page,sentence_id,ent_id,entity,entity_type,start_char,end_char
txu.059173025436838,2,0,0,The General Libraries University of Texas at Austin,ORG,84,135
txu.059173025436838,2,0,1,Pierritte Moreno,PERSON,149,165
txu.059173025436838,3,0,0,Hotel Claremont,ORG,149,164
txu.059173025436838,3,0,1,Berkeley,GPE,166,174
txu.059173025436838,3,0,2,California,GPE,176,186
txu.059173025436838,4,1,0,the Far West Laboratory for Educational Research and Development,ORG,33,97
txu.059173025436838,4,1,1,a Regional Educational Laboratory,ORG,165,198
txu.059173025436838,4,1,2,the Office of Education,ORG,248,271
txu.059173025436838,4,1,3,"U.S. Department of Health, Education",ORG,273,309
txu.059173025436838,4,2,0,the Office of Education,ORG,96,119
txu.059173025436838,4,2,1,the Office of Education,ORG,152,175
txu.059173025436838,4,3,0,THE FAR WEST LABORATORY FOR EDUCATIONAL RESEARCH AND DEVELOPMENT,ORG,0,64
txu.059173025436838,4,3,1,a Joint Powers,LAW,89,103
txu.059173025436838,4,3,2,"February, 1966",DATE,117,131
txu.059173025436838,4,3,3,Berkeley,GPE,161,169
txu.059173025436838,4,3,4,California,GPE,171,181
txu.059173025436838,4,4,0,the University of California,ORG,43,71
txu.059173025436838,4,4,1,the California State Board of Education,ORG,73,112
txu.059173025436838,4,4,2,the California State Colleges,ORG,130,159
txu.059173025436838,4,4,3,the County Superintendent of Schools,ORG,161,197
txu.059173025436838,4,4,4,the County of Monterey,GPE,201,223
txu.059173025436838,4,4,5,the Board of Education,ORG,225,247
txu.059173025436838,4,4,6,the San Francisco Unified School District,GPE,251,292
txu.059173025436838,4,4,7,the University of Nevada,ORG,309,333
txu.059173025436838,4,4,8,the Nevada State Board of Education,ORG,335,370
txu.059173025436838,4,5,0,Far West Laboratory for Educational Research and Development,ORG,0,60
txu.059173025436838,4,5,1,Hotel Claremont,ORG,79,94
txu.059173025436838,4,5,2,Berkeley,GPE,96,104
txu.059173025436838,4,5,3,California,GPE,106,116
txu.059173025436838,4,5,4,(415) 841-9710,CARDINAL,135,149
txu.059173025436838,4,6,0,U.S. Government Printing Office,ORG,45,76
txu.059173025436838,4,6,1,Washington,GPE,77,87
txu.059173025436838,4,6,2,D.C.,GPE,89,93
txu.059173025436838,4,6,3,45 Cents,MONEY,107,115
txu.059173025436838,5,0,0,Jack D. Forbes,PERSON,51,65
txu.059173025436838,6,0,0,Jack D. Forbes,PERSON,0,14
txu.059173025436838,6,0,1,"APACHE, NAVAHO AND SPANIARD",WORK_OF_ART,32,59
txu.059173025436838,6,0,2,Norman,ORG,61,67
txu.059173025436838,6,0,3,1960,DATE,69,73
txu.059173025436838,6,0,4,Englewood Cliffs,ORG,106,122
txu.059173025436838,6,0,5,1964,DATE,124,128
txu.059173025436838,6,0,6,WARRIORS OF THE COLORADO,WORK_OF_ART,131,155
txu.059173025436838,6,0,7,Norman,ORG,211,217
txu.059173025436838,6,0,8,1965,DATE,219,223
txu.059173025436838,6,0,9,NEVADA INDIANS SPEAK,WORK_OF_ART,230,250
txu.059173025436838,6,1,0,Mexican,NORP,149,156
txu.059173025436838,6,2,0,Forbes,PERSON,4,10
txu.059173025436838,6,2,1,the University of Southern California,ORG,25,62
txu.059173025436838,6,2,2,Citrus College,ORG,64,78
txu.059173025436838,6,2,3,San Fernando Valley State College,ORG,80,113
txu.059173025436838,6,2,4,the University of Nevada,ORG,119,143
txu.059173025436838,6,2,5,the Social Science Research Council,ORG,184,219
txu.059173025436838,6,2,6,the John Simon Guggenheim Memorial Foundation,ORG,224,269
txu.059173025436838,7,1,0,MEXICAN-AMERICAN,NORP,24,40
txu.059173025436838,7,1,1,II,CARDINAL,48,50
txu.059173025436838,7,2,0,MEXICAN,NORP,4,11
txu.059173025436838,7,2,1,THE UNITED STATES,GPE,24,41
txu.059173025436838,7,2,2,III,CARDINAL,65,68
txu.059173025436838,7,2,3,MEXICAN-AMERICAN,NORP,74,90
txu.059173025436838,7,2,4,IV,CARDINAL,103,105
txu.059173025436838,7,2,5,MEXICAN-AMERICANS,NORP,120,137
txu.059173025436838,7,4,0,1. 2.,CARDINAL,46,51
txu.059173025436838,7,4,1,Spanish,LANGUAGE,87,94
txu.059173025436838,7,5,0,1. 2.,CARDINAL,67,72
txu.059173025436838,7,5,1,Mexican,NORP,122,129
txu.059173025436838,9,1,0,MEXICAN-AMERICAN,NORP,24,40
txu.059173025436838,9,1,1,Approximately five million,CARDINAL,48,74
txu.059173025436838,9,1,2,Mexican,NORP,86,93
txu.059173025436838,9,1,3,the United States,GPE,113,130
txu.059173025436838,9,2,0,California,GPE,27,37
txu.059173025436838,9,2,1,Arizona,GPE,39,46
txu.059173025436838,9,2,2,New Mexico,GPE,48,58
txu.059173025436838,9,2,3,Texas,GPE,60,65
txu.059173025436838,9,2,4,Colorado,GPE,71,79
txu.059173025436838,9,2,5,Chicago,GPE,133,140
txu.059173025436838,9,3,0,Southwest,LOC,24,33
txu.059173025436838,9,3,1,San Diego,GPE,70,79
txu.059173025436838,9,3,2,California,GPE,81,91
txu.059173025436838,9,3,3,Brownsville,GPE,95,106
txu.059173025436838,9,3,4,Texas,GPE,108,113
txu.059173025436838,9,3,5,Mexican-Americans,NORP,114,131
txu.059173025436838,9,4,0,Mexican-Americans,NORP,11,28
txu.059173025436838,9,4,1,Southwest,LOC,132,141
txu.059173025436838,9,5,0,Southwest,LOC,23,32
txu.059173025436838,9,5,1,Mexican,NORP,75,82
txu.059173025436838,9,6,0,New Mexico,GPE,16,26
txu.059173025436838,9,6,1,Oklahoma,GPE,36,44
txu.059173025436838,9,6,2,California,GPE,49,59
txu.059173025436838,9,6,3,Oregon,GPE,69,75
txu.059173025436838,9,6,4,Mexican,NORP,168,175
txu.059173025436838,10,0,0,2 II,CARDINAL,0,4
txu.059173025436838,10,0,1,MEXICAN,NORP,10,17
txu.059173025436838,10,0,2,THE UNITED STATES,GPE,30,47
txu.059173025436838,10,1,0,Mexican,NORP,10,17
txu.059173025436838,10,2,0,1821,DATE,9,13
txu.059173025436838,10,2,1,Mexican,NORP,31,38
txu.059173025436838,10,2,2,Spain,GPE,72,77
txu.059173025436838,10,2,3,Mexican,NORP,82,89
txu.059173025436838,10,2,4,Mexican,LANGUAGE,125,132
txu.059173025436838,10,2,5,Aztec,NORP,138,143
txu.059173025436838,10,2,6,Nahuatl,LANGUAGE,154,161
txu.059173025436838,10,3,0,Spaniards,NORP,19,28
txu.059173025436838,10,3,1,Aztec,NORP,59,64
txu.059173025436838,10,3,2,Mexicans,NORP,75,83
txu.059173025436838,10,4,0,Mexico,GPE,38,44
txu.059173025436838,10,4,1,Náhuatl,LANGUAGE,55,62
txu.059173025436838,10,4,2,Mexicano,LANGUAGE,83,91
txu.059173025436838,10,4,3,the Mexican Empire,GPE,149,167
txu.059173025436838,10,5,0,Mexico,GPE,21,27
txu.059173025436838,10,5,1,about 80%,PERCENT,60,69
txu.059173025436838,10,5,2,Indian,NORP,77,83
txu.059173025436838,10,5,3,Mexicans,NORP,147,155
txu.059173025436838,10,5,4,Teotihuacan,GPE,244,255
txu.059173025436838,10,5,5,Monte Albán,GPE,257,268
txu.059173025436838,10,5,6,Chichén Itzá,GPE,274,286
txu.059173025436838,10,6,0,Mexican,NORP,12,19
txu.059173025436838,10,6,1,Mexican,NORP,33,40
txu.059173025436838,10,6,2,the United States,GPE,53,70
txu.059173025436838,10,6,3,Christ,PERSON,105,111
txu.059173025436838,10,7,0,About the year,DATE,0,14
txu.059173025436838,10,7,1,4000 B.C. Indians,DATE,15,32
txu.059173025436838,10,7,2,New Mexico,GPE,52,62
txu.059173025436838,10,7,3,Mexico,GPE,126,132
txu.059173025436838,10,8,0,about 500 A.D.),DATE,85,100
txu.059173025436838,10,8,1,Southwestern Indians,NORP,101,121
txu.059173025436838,10,8,2,the Pueblo Indian Civilization,ORG,139,169
txu.059173025436838,10,9,0,Arizona,GPE,53,60
txu.059173025436838,10,9,1,New Mexico,GPE,65,75
txu.059173025436838,10,9,2,Mexican,NORP,100,107
txu.059173025436838,11,0,0,about 1000 A.D.,DATE,5,20
txu.059173025436838,11,0,1,Hohokam,NORP,72,79
txu.059173025436838,11,0,2,Mexico,GPE,100,106
txu.059173025436838,11,0,3,Arizona,GPE,133,140
txu.059173025436838,11,2,0,Hohokams,NORP,4,12
txu.059173025436838,11,2,1,Snaketown,GPE,43,52
txu.059173025436838,11,2,2,Arizona,GPE,54,61
txu.059173025436838,11,2,3,Flagstaff,GPE,133,142
txu.059173025436838,11,2,4,the San Fernando Valley,LOC,179,202
txu.059173025436838,11,2,5,California,GPE,206,216
txu.059173025436838,11,3,0,Mexican,NORP,31,38
txu.059173025436838,11,3,1,the Mississippi Valley,LOC,71,93
txu.059173025436838,11,4,0,Indians,NORP,4,11
txu.059173025436838,11,4,1,United States,GPE,28,41
txu.059173025436838,11,4,2,Mexican,NORP,54,61
txu.059173025436838,11,4,3,Ohio River,LOC,152,162
txu.059173025436838,11,4,4,Indians,NORP,163,170
txu.059173025436838,11,5,0,The Vitality of Mexican,PERSON,0,23
txu.059173025436838,11,6,0,Mexico,GPE,41,47
txu.059173025436838,11,6,1,the United States,GPE,84,101
txu.059173025436838,11,7,0,Mexican,NORP,4,11
txu.059173025436838,11,7,1,"20,000,000",CARDINAL,89,99
txu.059173025436838,11,7,2,Mexico,GPE,111,117
txu.059173025436838,11,7,3,the 1520's,DATE,127,137
txu.059173025436838,11,8,0,Teoti,GPE,21,26
txu.059173025436838,11,8,1,huacán,GPE,28,34
txu.059173025436838,11,8,2,Spanish,NORP,84,91
txu.059173025436838,11,8,3,Tenochtitlán,GPE,101,113
txu.059173025436838,11,8,4,Mexico City,GPE,115,126
txu.059173025436838,11,9,0,today,DATE,23,28
txu.059173025436838,11,9,1,Tenochtitlan,GPE,99,111
txu.059173025436838,11,10,0,Mexicans,NORP,12,20
txu.059173025436838,12,0,0,4,CARDINAL,0,1
txu.059173025436838,12,1,0,Aztecs,NORP,72,78
txu.059173025436838,12,2,0,One,CARDINAL,0,3
txu.059173025436838,12,2,1,only one,CARDINAL,72,80
txu.059173025436838,12,2,2,Maya,NORP,100,104
txu.059173025436838,12,2,3,today,DATE,180,185
txu.059173025436838,12,3,0,Mexican,NORP,0,7
txu.059173025436838,12,3,1,Panama,GPE,75,81
txu.059173025436838,12,4,0,Mexican,NORP,22,29
txu.059173025436838,12,4,1,El Salvador,GPE,106,117
txu.059173025436838,12,4,2,Nicaragua,GPE,122,131
txu.059173025436838,12,4,3,Mexican,NORP,149,156
txu.059173025436838,12,4,4,Aztecs,NORP,177,183
txu.059173025436838,12,5,0,the 1520's,DATE,3,13
txu.059173025436838,12,5,1,Mexican,NORP,18,25
txu.059173025436838,12,5,2,Mexico,GPE,90,96
txu.059173025436838,12,5,3,Central America,LOC,100,115
txu.059173025436838,12,6,0,The Spanish Invasion,EVENT,0,20
txu.059173025436838,12,7,0,the 1520's,DATE,3,13
txu.059173025436838,12,7,1,Spaniards,NORP,18,27
txu.059173025436838,12,7,2,Mexico,GPE,56,62
txu.059173025436838,12,8,0,Aztecs,NORP,13,19
txu.059173025436838,12,8,1,Tenochtitlán,GPE,75,87
txu.059173025436838,12,8,2,Cuauhtémoc,PERSON,95,105
txu.059173025436838,12,8,3,Mexico,GPE,140,146
txu.059173025436838,12,8,4,Mexico,GPE,173,179
txu.059173025436838,12,9,0,Indian,NORP,16,22
txu.059173025436838,12,9,1,Mexico,GPE,42,48
txu.059173025436838,12,9,2,Yucatan-Guatemala,LOC,71,88
txu.059173025436838,12,10,0,Mexicans,NORP,18,26
txu.059173025436838,12,10,1,at least one-tenth,CARDINAL,92,110
txu.059173025436838,12,10,2,Mexico,GPE,135,141
txu.059173025436838,12,10,3,Mexican,NORP,187,194
txu.059173025436838,12,10,4,Spanish,LANGUAGE,195,202
txu.059173025436838,12,11,0,Spanish,NORP,4,11
txu.059173025436838,12,11,1,Mexican,NORP,65,72
txu.059173025436838,12,12,0,Spaniards,NORP,5,14
txu.059173025436838,13,0,0,5,CARDINAL,0,1
txu.059173025436838,13,1,0,Mexicans,NORP,9,17
txu.059173025436838,13,1,1,Mexico,GPE,58,64
txu.059173025436838,13,1,2,Mexican,NORP,90,97
txu.059173025436838,13,1,3,Santa Cruz del Tlaltelolco,ORG,110,136
txu.059173025436838,13,2,0,Spaniards,NORP,15,24
txu.059173025436838,13,2,1,Spaniards,NORP,90,99
txu.059173025436838,13,2,2,Indian,NORP,117,123
txu.059173025436838,13,2,3,Spanish,NORP,180,187
txu.059173025436838,13,2,4,Mexican,NORP,199,206
txu.059173025436838,13,3,0,The Hispano,ORG,0,11
txu.059173025436838,13,4,0,Spaniards,NORP,14,23
txu.059173025436838,13,4,1,Mexico,GPE,36,42
txu.059173025436838,13,4,2,the Spanish Empire,GPE,98,116
txu.059173025436838,13,4,3,Tlaxcaltecos,NORP,232,244
txu.059173025436838,13,4,4,Mexicans,NORP,246,254
txu.059173025436838,13,4,5,Tlaxcala,GPE,258,266
txu.059173025436838,13,5,0,Mexicans,NORP,61,69
txu.059173025436838,13,5,1,Santa Fe,GPE,103,111
txu.059173025436838,13,5,2,New Mexico,GPE,113,123
txu.059173025436838,13,5,3,Saltillo,GPE,128,136
txu.059173025436838,13,5,4,Coahuila,GPE,138,146
txu.059173025436838,13,5,5,Mexican,NORP,156,163
txu.059173025436838,13,6,0,Diego de Vargas,PERSON,30,45
txu.059173025436838,13,6,1,New Mexico,GPE,58,68
txu.059173025436838,13,6,2,the 1690's,DATE,72,82
txu.059173025436838,13,6,3,Españoles Mexicanos,NORP,96,115
txu.059173025436838,13,6,4,Aztec-Spaniards,NORP,128,143
txu.059173025436838,13,6,5,Juan de Onate,PERSON,150,163
txu.059173025436838,13,6,6,first,ORDINAL,169,174
txu.059173025436838,13,6,7,Spanish,NORP,175,182
txu.059173025436838,13,6,8,New Mexico,GPE,195,205
txu.059173025436838,13,6,9,Aztec,NORP,233,238
txu.059173025436838,13,6,10,Cristobal de Onate,PERSON,269,287
txu.059173025436838,13,6,11,second,ORDINAL,297,303
txu.059173025436838,13,7,0,Coronado,GPE,43,51
txu.059173025436838,13,7,1,De Soto,GPE,56,63
txu.059173025436838,13,7,2,Mexicans,NORP,74,82
txu.059173025436838,13,7,3,eight,CARDINAL,88,93
txu.059173025436838,13,7,4,Mexican,NORP,94,101
txu.059173025436838,13,7,5,San Diego,GPE,129,138
txu.059173025436838,13,7,6,California,GPE,140,150
txu.059173025436838,13,7,7,1769,DATE,154,158
txu.059173025436838,13,7,8,Gaspar de Portola,PERSON,162,179
txu.059173025436838,13,8,0,Spain,GPE,26,31
txu.059173025436838,13,8,1,United States,GPE,54,67
txu.059173025436838,13,8,2,Spanish,NORP,86,93
txu.059173025436838,13,9,0,Spanishled,NORP,7,17
txu.059173025436838,13,9,1,Mexicans,NORP,52,60
txu.059173025436838,13,10,0,California,GPE,3,13
txu.059173025436838,13,10,1,well over half,CARDINAL,28,42
txu.059173025436838,13,10,2,Spanish,LANGUAGE,50,57
txu.059173025436838,14,0,0,Indian,NORP,10,16
txu.059173025436838,14,0,1,forty-six,CARDINAL,43,52
txu.059173025436838,14,0,2,Los Angeles,GPE,65,76
txu.059173025436838,14,0,3,1781,DATE,80,84
txu.059173025436838,14,0,4,only two,CARDINAL,94,102
txu.059173025436838,14,0,5,Spaniards,NORP,118,127
txu.059173025436838,14,0,6,Indian,NORP,152,158
txu.059173025436838,14,1,0,America,GPE,76,83
txu.059173025436838,14,1,1,Europeans,NORP,91,100
txu.059173025436838,14,1,2,Mexican,NORP,126,133
txu.059173025436838,14,1,3,Spanish,NORP,200,207
txu.059173025436838,14,1,4,Indian,NORP,219,225
txu.059173025436838,14,1,5,England,GPE,257,264
txu.059173025436838,14,1,6,1066,DATE,271,275
txu.059173025436838,14,1,7,French,NORP,294,300
txu.059173025436838,14,1,8,Anglo-Celtic,NORP,311,323
txu.059173025436838,14,2,0,Spaniards,NORP,4,13
txu.059173025436838,14,2,1,Mexican,NORP,23,30
txu.059173025436838,14,2,2,Mexican,NORP,125,132
txu.059173025436838,14,2,3,hundreds,CARDINAL,215,223
txu.059173025436838,14,2,4,Spanish,LANGUAGE,250,257
txu.059173025436838,14,2,5,Mexico,GPE,271,277
txu.059173025436838,14,3,0,Roman Catholic,NORP,0,14
txu.059173025436838,14,3,1,Indian,NORP,55,61
txu.059173025436838,14,3,2,Catholic,NORP,144,152
txu.059173025436838,14,4,0,Mexican,NORP,15,22
txu.059173025436838,14,4,1,non-Mexican,NORP,101,112
txu.059173025436838,14,4,2,Indian,NORP,113,119
txu.059173025436838,14,5,0,Mexican,NORP,84,91
txu.059173025436838,14,5,1,1821,DATE,104,108
txu.059173025436838,14,5,2,ten-year,DATE,118,126
txu.059173025436838,14,6,0,The Mexican Republic,ORG,0,20
txu.059173025436838,14,6,1,Mexico,GPE,46,52
txu.059173025436838,14,6,2,United States,GPE,104,117
txu.059173025436838,14,7,0,Mexican,NORP,5,12
txu.059173025436838,14,8,0,California,GPE,60,70
txu.059173025436838,15,0,0,Indians,NORP,17,24
txu.059173025436838,15,0,1,Mexicans,NORP,157,165
txu.059173025436838,15,1,0,Spain,GPE,88,93
txu.059173025436838,15,2,0,Mexican,NORP,54,61
txu.059173025436838,15,2,1,Anglo-Texans,NORP,91,103
txu.059173025436838,15,2,2,Mexican,NORP,152,159
txu.059173025436838,15,3,0,Mexican,NORP,10,17
txu.059173025436838,15,4,0,Mexican,NORP,70,77
txu.059173025436838,15,5,0,the United States,GPE,15,32
txu.059173025436838,15,5,1,Mexicans,NORP,33,41
txu.059173025436838,15,5,2,California,GPE,119,129
txu.059173025436838,15,5,3,1842,DATE,133,137
txu.059173025436838,15,5,4,Santa Fe,GPE,198,206
txu.059173025436838,15,5,5,Los Angeles,GPE,210,221
txu.059173025436838,15,5,6,Las Vegas,GPE,226,235
txu.059173025436838,15,5,7,Nevada,GPE,237,243
txu.059173025436838,15,5,8,some twenty-two,CARDINAL,264,279
txu.059173025436838,15,5,9,California,GPE,305,315
txu.059173025436838,15,5,10,the 1830's,DATE,319,329
txu.059173025436838,15,5,11,Santa Ynez,GPE,364,374
txu.059173025436838,15,5,12,Sonoma,GPE,401,407
txu.059173025436838,15,5,13,California,GPE,409,419
txu.059173025436838,15,5,14,California,GPE,475,485
txu.059173025436838,15,5,15,1835,DATE,489,493
txu.059173025436838,15,6,0,Mexican,NORP,76,83
txu.059173025436838,16,0,0,8,CARDINAL,0,1
txu.059173025436838,16,0,1,Mexican,NORP,2,9
txu.059173025436838,16,0,2,the 1830's,DATE,58,68
txu.059173025436838,16,0,3,Mexican,NORP,69,76
txu.059173025436838,16,1,0,Some 200,CARDINAL,0,8
txu.059173025436838,16,1,1,California,GPE,61,71
txu.059173025436838,16,1,2,that decade,DATE,75,86
txu.059173025436838,16,1,3,Sonora,GPE,122,128
txu.059173025436838,16,2,0,Sonorans,NORP,30,38
txu.059173025436838,16,2,1,California,GPE,47,57
txu.059173025436838,16,2,2,Sierra Nevada,LOC,122,135
txu.059173025436838,16,2,3,1848,DATE,149,153
txu.059173025436838,16,3,0,Sonorans,NORP,4,12
txu.059173025436838,16,3,1,the California Gold Rush,EVENT,74,98
txu.059173025436838,16,4,0,Chihuahuans,NORP,0,11
txu.059173025436838,16,4,1,Mexicans,NORP,22,30
txu.059173025436838,16,4,2,California,GPE,48,58
txu.059173025436838,16,5,0,The United States-Mexican War of 1846-1848,EVENT,0,42
txu.059173025436838,16,5,1,Southwest,LOC,90,99
txu.059173025436838,16,5,2,Texas,GPE,127,132
txu.059173025436838,16,5,3,California,GPE,146,156
txu.059173025436838,16,6,0,The Gold Rush,EVENT,0,13
txu.059173025436838,16,6,1,California,GPE,46,56
txu.059173025436838,16,6,2,1852,DATE,63,67
txu.059173025436838,16,6,3,Mexican,NORP,74,81
txu.059173025436838,16,6,4,Sierra Nevada,LOC,120,133
txu.059173025436838,16,6,5,Mexicans,NORP,146,154
txu.059173025436838,16,6,6,San Luis Obispo,GPE,205,220
txu.059173025436838,16,6,7,California,GPE,222,232
txu.059173025436838,16,6,8,San Antonio,GPE,237,248
txu.059173025436838,16,6,9,Texas,GPE,250,255
txu.059173025436838,16,7,0,California,GPE,9,19
txu.059173025436838,16,7,1,Spanish,LANGUAGE,45,52
txu.059173025436838,16,7,2,the 1870's,DATE,75,85
txu.059173025436838,16,7,3,Spanish,LANGUAGE,91,98
txu.059173025436838,16,7,4,Spanish,LANGUAGE,139,146
txu.059173025436838,16,7,5,Spanish,LANGUAGE,172,179
txu.059173025436838,16,8,0,The first Constitution,LAW,0,22
txu.059173025436838,16,8,1,Mexican,NORP,81,88
txu.059173025436838,16,8,2,California,GPE,113,123
txu.059173025436838,16,8,3,1878,DATE,176,180
txu.059173025436838,17,0,0,Anglo-Americans,NORP,2,17
txu.059173025436838,17,1,0,Anglo-Americans,NORP,20,35
txu.059173025436838,17,1,1,Mexican,NORP,80,87
txu.059173025436838,17,1,2,Southwest,LOC,117,126
txu.059173025436838,17,2,0,English,LANGUAGE,147,154
txu.059173025436838,17,2,1,Spanish,LANGUAGE,186,193
txu.059173025436838,17,2,2,Mexican,NORP,264,271
txu.059173025436838,17,2,3,MexicanAmerican,NORP,326,341
txu.059173025436838,17,3,0,the 1890's,DATE,3,13
txu.059173025436838,17,3,1,Spanish,NORP,82,89
txu.059173025436838,17,3,2,Southwest,LOC,185,194
txu.059173025436838,17,4,0,Spanish,NORP,3,10
txu.059173025436838,17,4,1,Southwest,LOC,165,174
txu.059173025436838,17,5,0,MexicanIndian,NORP,19,32
txu.059173025436838,17,5,1,Mexican-American,NORP,97,113
txu.059173025436838,17,5,2,Spanish,NORP,172,179
txu.059173025436838,17,6,0,Twentieth-Century,DATE,0,17
txu.059173025436838,17,6,1,Mexican,NORP,18,25
txu.059173025436838,17,7,0,the early 1900's,DATE,3,19
txu.059173025436838,17,7,1,Mexican,NORP,35,42
txu.059173025436838,17,7,2,the United States,GPE,69,86
txu.059173025436838,17,7,3,California,GPE,188,198
txu.059173025436838,17,7,4,Colorado,GPE,200,208
txu.059173025436838,17,7,5,Arizona,GPE,210,217
txu.059173025436838,17,7,6,Texas,GPE,229,234
txu.059173025436838,17,8,0,World War I,EVENT,7,18
txu.059173025436838,17,8,1,the 1920's,DATE,23,33
txu.059173025436838,17,8,2,Mexican-Americans,NORP,117,134
txu.059173025436838,17,8,3,New Mexico,GPE,155,165
txu.059173025436838,17,8,4,Colorado,GPE,179,187
txu.059173025436838,18,0,0,Spanish,LANGUAGE,52,59
txu.059173025436838,18,0,1,Southwest,LOC,87,96
txu.059173025436838,18,1,0,These hundreds of thousands,CARDINAL,0,27
txu.059173025436838,18,1,1,Mexican-Americans,NORP,35,52
txu.059173025436838,18,2,0,Anglo-Americans,NORP,0,15
txu.059173025436838,18,2,1,American,NORP,74,82
txu.059173025436838,18,2,2,English,LANGUAGE,206,213
txu.059173025436838,18,3,0,the Great Depression,EVENT,41,61
txu.059173025436838,18,3,1,Mexican-Americans,NORP,111,128
txu.059173025436838,18,3,2,Mexico,GPE,132,138
txu.059173025436838,18,3,3,los de la raza,ORG,141,155
txu.059173025436838,18,3,4,Mexicans,NORP,160,168
txu.059173025436838,18,3,5,the United States,GPE,172,189
txu.059173025436838,18,3,6,Southwest,LOC,300,309
txu.059173025436838,18,4,0,The Internal Development of the Mexican-American Community,ORG,0,58
txu.059173025436838,18,5,0,Mexican-American,NORP,4,20
txu.059173025436838,18,6,0,Mexicanist,NORP,47,57
txu.059173025436838,18,6,1,Anglo-American,NORP,171,185
txu.059173025436838,18,6,2,first,ORDINAL,232,237
txu.059173025436838,18,6,3,MexicanAmerican,NORP,297,312
txu.059173025436838,18,6,4,El Monte,GPE,389,397
txu.059173025436838,18,6,5,California,GPE,399,409
txu.059173025436838,18,7,0,Mexican,NORP,0,7
txu.059173025436838,19,2,0,the 1920's,DATE,7,17
txu.059173025436838,19,2,1,1930's,DATE,22,28
txu.059173025436838,19,2,2,Mexican-American,NORP,29,45
txu.059173025436838,19,3,0,Mexican-American,NORP,59,75
txu.059173025436838,19,3,1,Spanish,LANGUAGE,88,95
txu.059173025436838,19,3,2,Southwest,LOC,189,198
txu.059173025436838,19,4,0,California,GPE,134,144
txu.059173025436838,19,4,1,Texas,GPE,154,159
txu.059173025436838,19,4,2,Mexican,NORP,192,199
txu.059173025436838,19,5,0,the past twenty years,DATE,7,28
txu.059173025436838,19,5,1,Mexican-Americans,NORP,64,81
txu.059173025436838,19,6,0,Today,DATE,0,5
txu.059173025436838,19,6,1,Southwest,LOC,51,60
txu.059173025436838,19,6,2,Far West,LOC,65,73
txu.059173025436838,19,6,3,daily,DATE,93,98
txu.059173025436838,19,6,4,Europe,LOC,143,149
txu.059173025436838,19,6,5,Mexico,GPE,154,160
txu.059173025436838,19,8,0,Spanish,LANGUAGE,0,7
txu.059173025436838,19,8,1,Southwest,LOC,65,74
txu.059173025436838,19,8,2,Anglos,NORP,203,209
txu.059173025436838,19,9,0,Mexican-American,NORP,0,16
txu.059173025436838,19,9,1,Congress,ORG,137,145
txu.059173025436838,19,10,0,Mexican,NORP,17,24
txu.059173025436838,19,10,1,Mexican-Americans,NORP,99,116
txu.059173025436838,19,10,2,Mexico,GPE,172,178
txu.059173025436838,20,0,0,Mexican,NORP,7,14
txu.059173025436838,20,1,0,Anglo-Americans,NORP,0,15
txu.059173025436838,20,1,1,Spanish,NORP,44,51
txu.059173025436838,20,1,2,Mexican,NORP,81,88
txu.059173025436838,20,3,0,Mexican-American,NORP,15,31
txu.059173025436838,20,4,0,Anglo-Americans,NORP,29,44
txu.059173025436838,20,4,1,Southwest,LOC,101,110
txu.059173025436838,20,4,2,East,LOC,192,196
txu.059173025436838,20,5,0,Hispano-Mexican,NORP,0,15
txu.059173025436838,20,5,1,bi-lingual,NORP,20,30
txu.059173025436838,20,5,2,English,LANGUAGE,56,63
txu.059173025436838,20,5,3,Anglo,NORP,74,79
txu.059173025436838,20,5,4,Mexican-American,NORP,108,124
txu.059173025436838,20,6,0,the turn of the century,DATE,6,29
txu.059173025436838,20,6,1,Spanish,LANGUAGE,49,56
txu.059173025436838,20,6,2,New Mexico,GPE,199,209
txu.059173025436838,20,6,3,California,GPE,274,284
txu.059173025436838,20,6,4,Texas,GPE,289,294
txu.059173025436838,20,7,0,Mexican-American,NORP,57,73
txu.059173025436838,20,7,1,Anglo,NORP,100,105
txu.059173025436838,20,7,2,Texas,GPE,198,203
txu.059173025436838,20,8,0,post-World War II,EVENT,11,28
txu.059173025436838,20,8,1,MexicanAmericans,NORP,59,75
txu.059173025436838,20,9,0,MexicanAmericans,NORP,19,35
txu.059173025436838,20,10,0,today,DATE,47,52
txu.059173025436838,21,0,0,Mexican-Americans,NORP,55,72
txu.059173025436838,21,0,1,Mexican,NORP,113,120
txu.059173025436838,21,0,2,Spanish,NORP,135,142
txu.059173025436838,21,0,3,Mexican-American,NORP,178,194
txu.059173025436838,21,1,0,Six Thousand Year Old,DATE,2,23
txu.059173025436838,21,2,0,Mexican,NORP,16,23
txu.059173025436838,21,2,1,the United States,GPE,36,53
txu.059173025436838,21,3,0,"at least 6,000 years",DATE,4,24
txu.059173025436838,21,3,1,Mexico,GPE,25,31
txu.059173025436838,21,3,2,today,DATE,141,146
txu.059173025436838,21,4,0,United States,GPE,20,33
txu.059173025436838,21,5,0,Mexico,GPE,9,15
txu.059173025436838,21,5,1,Mexican,NORP,49,56
txu.059173025436838,21,5,2,North America,LOC,204,217
txu.059173025436838,21,6,0,Mexican-American,NORP,4,20
txu.059173025436838,21,6,1,the United States,GPE,31,48
txu.059173025436838,21,6,2,Mexican,NORP,107,114
txu.059173025436838,21,6,3,Hispano-Mexican,NORP,180,195
txu.059173025436838,21,6,4,Southwest,LOC,212,221
txu.059173025436838,21,6,5,the United States,GPE,291,308
txu.059173025436838,22,0,0,14 III,CARDINAL,0,6
txu.059173025436838,22,1,0,MEXICAN-AMERICAN,NORP,4,20
txu.059173025436838,22,2,0,The United States',GPE,0,18
txu.059173025436838,22,2,1,five million,CARDINAL,19,31
txu.059173025436838,22,2,2,Mexican,NORP,44,51
txu.059173025436838,22,3,0,Mexican-American,NORP,19,35
txu.059173025436838,22,3,1,New Mexico,GPE,217,227
txu.059173025436838,22,4,0,Mexican-American,NORP,24,40
txu.059173025436838,22,4,1,Anglicized,NORP,113,123
txu.059173025436838,22,5,0,Mexican-Americans,NORP,25,42
txu.059173025436838,22,5,1,Caucasian,NORP,70,79
txu.059173025436838,22,5,2,Mexicans,NORP,169,177
txu.059173025436838,22,5,3,Spanish-American,NORP,204,220
txu.059173025436838,22,6,0,Mexican-American,NORP,119,135
txu.059173025436838,22,7,0,Mexican-Americans,NORP,153,170
txu.059173025436838,22,8,0,First,ORDINAL,0,5
txu.059173025436838,22,8,1,Mexican-American,NORP,11,27
txu.059173025436838,22,8,2,Mexican,NORP,69,76
txu.059173025436838,22,8,3,Mexican,NORP,118,125
txu.059173025436838,22,9,0,Mexican,NORP,130,137
txu.059173025436838,22,10,0,Mexican,NORP,0,7
txu.059173025436838,23,0,0,Spanish,LANGUAGE,61,68
txu.059173025436838,23,2,0,Spanish,LANGUAGE,0,7
txu.059173025436838,23,2,1,Mexican-American,NORP,79,95
txu.059173025436838,23,2,2,Mexico,GPE,203,209
txu.059173025436838,23,3,0,Mexican-American,NORP,14,30
txu.059173025436838,23,3,1,Mexican,NORP,192,199
txu.059173025436838,23,4,0,Southwest,LOC,27,36
txu.059173025436838,23,4,1,Mexican,NORP,64,71
txu.059173025436838,23,4,2,Mexico,GPE,168,174
txu.059173025436838,23,5,0,Spanish,LANGUAGE,4,11
txu.059173025436838,23,5,1,English,LANGUAGE,49,56
txu.059173025436838,23,6,0,Mexican,NORP,79,86
txu.059173025436838,23,6,1,Mexican-Americans,NORP,136,153
txu.059173025436838,23,6,2,English,LANGUAGE,212,219
txu.059173025436838,23,6,3,Spanish,LANGUAGE,225,232
txu.059173025436838,23,7,0,Anglos,NORP,30,36
txu.059173025436838,23,7,1,Mexican,NORP,49,56
txu.059173025436838,23,7,2,AngloAmerican,NORP,99,112
txu.059173025436838,23,8,0,Mexican-Americans,NORP,28,45
txu.059173025436838,23,8,1,Anglooriented,NORP,59,72
txu.059173025436838,23,8,2,Mexican,NORP,156,163
txu.059173025436838,23,8,3,Mexican-Anglo,NORP,167,180
txu.059173025436838,23,8,4,Spanish,LANGUAGE,274,281
txu.059173025436838,23,8,5,Mexican,NORP,295,302
txu.059173025436838,24,0,0,Anglo,NORP,138,143
txu.059173025436838,24,1,0,Anglos,NORP,64,70
txu.059173025436838,24,2,0,Anglo-Mexican,NORP,53,66
txu.059173025436838,24,2,1,Spanish,LANGUAGE,116,123
txu.059173025436838,24,2,2,English,LANGUAGE,174,181
txu.059173025436838,24,3,0,Anglicized Mexican-Americans,NORP,76,104
txu.059173025436838,24,3,1,more than,PERCENT,146,155
txu.059173025436838,24,3,2,Mexicans,NORP,163,171
txu.059173025436838,24,3,3,part-Indian,NORP,176,187
txu.059173025436838,24,3,4,40%,PERCENT,189,192
txu.059173025436838,24,3,5,Indians,NORP,208,215
txu.059173025436838,24,3,6,Indian,NORP,256,262
txu.059173025436838,24,3,7,non-Indian,NORP,268,278
txu.059173025436838,24,4,0,Mexican-Americans,NORP,0,17
txu.059173025436838,24,4,1,Anglos,NORP,127,133
txu.059173025436838,24,5,0,Mexican-American,NORP,11,27
txu.059173025436838,24,5,1,AngloMexican,NORP,131,143
txu.059173025436838,24,5,2,Anglo,NORP,239,244
txu.059173025436838,24,6,0,Mexican,NORP,65,72
txu.059173025436838,24,6,1,Spanish,NORP,153,160
txu.059173025436838,25,0,0,Anglo-American,NORP,306,320
txu.059173025436838,25,1,0,MexicanAmerican,NORP,65,80
txu.059173025436838,25,2,0,Mexican,NORP,67,74
txu.059173025436838,25,2,1,Anglicized,NORP,144,154
txu.059173025436838,25,4,0,Mexican-American,NORP,23,39
txu.059173025436838,25,5,0,Anglos,NORP,193,199
txu.059173025436838,25,6,0,Mexico,GPE,46,52
txu.059173025436838,25,6,1,Mexican,NORP,85,92
txu.059173025436838,25,6,2,MexicanAmerican,NORP,139,154
txu.059173025436838,26,0,0,MEXICAN-AMERICAN,NORP,24,40
txu.059173025436838,26,2,0,Anglo-American,NORP,97,111
txu.059173025436838,26,3,0,nonAnglo,NORP,105,113
txu.059173025436838,26,4,0,Mexican-American,NORP,0,16
txu.059173025436838,26,4,1,Mexican-American,NORP,160,176
txu.059173025436838,26,4,2,non-Mexican,NORP,247,258
txu.059173025436838,26,5,0,more than one,CARDINAL,21,34
txu.059173025436838,26,6,0,European,NORP,4,12
txu.059173025436838,26,6,1,centuries,DATE,39,48
txu.059173025436838,26,6,2,French,LANGUAGE,56,62
txu.059173025436838,26,6,3,English,LANGUAGE,64,71
txu.059173025436838,26,6,4,German,LANGUAGE,73,79
txu.059173025436838,26,7,0,American Indian,NORP,0,15
txu.059173025436838,26,7,1,three or more,CARDINAL,49,62
txu.059173025436838,26,8,0,the United States,GPE,10,27
txu.059173025436838,26,8,1,today,DATE,32,37
txu.059173025436838,26,8,2,the days,DATE,87,95
txu.059173025436838,26,8,3,Thomas Jefferson,PERSON,99,115
txu.059173025436838,26,8,4,Benjamin Franklin,PERSON,120,137
txu.059173025436838,26,9,0,Mexican-American,NORP,4,20
txu.059173025436838,26,9,1,Anglo-American,NORP,60,74
txu.059173025436838,26,9,2,two,CARDINAL,107,110
txu.059173025436838,26,9,3,Mexican-Americans,NORP,132,149
txu.059173025436838,27,0,0,Indian,NORP,26,32
txu.059173025436838,27,1,0,Spanish,LANGUAGE,44,51
txu.059173025436838,27,1,1,English,LANGUAGE,56,63
txu.059173025436838,27,1,2,two,CARDINAL,240,243
txu.059173025436838,27,2,0,Mexican-Americans,NORP,26,43
txu.059173025436838,27,2,1,American,NORP,63,71
txu.059173025436838,27,2,2,Spanish,LANGUAGE,72,79
txu.059173025436838,27,2,3,European,NORP,121,129
txu.059173025436838,27,2,4,Spanish,LANGUAGE,130,137
txu.059173025436838,27,2,5,Spanish,LANGUAGE,170,177
txu.059173025436838,27,3,0,American,NORP,0,8
txu.059173025436838,27,3,1,Spanish,LANGUAGE,9,16
txu.059173025436838,27,3,2,American,NORP,121,129
txu.059173025436838,27,3,3,American,NORP,145,153
txu.059173025436838,27,3,4,English,LANGUAGE,154,161
txu.059173025436838,27,3,5,thousands,CARDINAL,188,197
txu.059173025436838,27,4,0,Mexican-American,NORP,28,44
txu.059173025436838,27,4,1,two,CARDINAL,75,78
txu.059173025436838,27,4,2,American,NORP,112,120
txu.059173025436838,27,4,3,Spanish,LANGUAGE,121,128
txu.059173025436838,27,4,4,American,NORP,133,141
txu.059173025436838,27,4,5,English,LANGUAGE,142,149
txu.059173025436838,27,5,0,Mexican-American,NORP,157,173
txu.059173025436838,27,6,0,bi-lingual,NORP,8,18
txu.059173025436838,27,6,1,Mexican,NORP,85,92
txu.059173025436838,27,6,2,English,LANGUAGE,178,185
txu.059173025436838,27,6,3,second,ORDINAL,217,223
txu.059173025436838,27,7,0,Mexican-American,NORP,0,16
txu.059173025436838,28,1,0,Southwest,LOC,85,94
txu.059173025436838,28,2,0,Mexican-Americans,NORP,14,31
txu.059173025436838,28,3,0,Mexican-American,NORP,6,22
txu.059173025436838,28,5,0,Mexican-American,NORP,29,45
txu.059173025436838,28,6,0,Mexican,NORP,157,164
txu.059173025436838,28,6,1,Mexican,NORP,226,233
txu.059173025436838,29,0,0,Mexican,NORP,53,60
txu.059173025436838,29,0,1,Mexican,NORP,98,105
txu.059173025436838,29,1,0,Mexican-American,NORP,109,125
txu.059173025436838,29,1,1,Southwestern,NORP,322,334
txu.059173025436838,29,3,0,Mexican,NORP,65,72
txu.059173025436838,29,4,0,Anglo,NORP,35,40
txu.059173025436838,29,4,1,Anglo-Mexican,NORP,90,103
txu.059173025436838,29,6,0,1,CARDINAL,0,1
txu.059173025436838,29,7,0,Mexican,NORP,51,58
txu.059173025436838,29,7,1,MexicanAmerican,NORP,118,133
txu.059173025436838,29,8,0,Mexican-American,NORP,74,90
txu.059173025436838,29,8,1,HispanoMexican,NORP,101,115
txu.059173025436838,29,8,2,Mexican,NORP,187,194
txu.059173025436838,29,8,3,California,GPE,226,236
txu.059173025436838,29,8,4,Mexican,NORP,251,258
txu.059173025436838,29,8,5,Mexican,NORP,302,309
txu.059173025436838,30,0,0,Hispano-Mexican,NORP,43,58
txu.059173025436838,30,2,0,Mexican-American,NORP,88,104
txu.059173025436838,30,3,0,2,CARDINAL,0,1
txu.059173025436838,30,4,0,Spanish,LANGUAGE,73,80
txu.059173025436838,30,5,0,Spanish,LANGUAGE,108,115
txu.059173025436838,30,6,0,3,CARDINAL,0,1
txu.059173025436838,30,6,1,English,LANGUAGE,119,126
txu.059173025436838,30,6,2,Spanish,LANGUAGE,131,138
txu.059173025436838,30,7,0,Parent-Teacher Association,ORG,11,37
txu.059173025436838,30,8,0,Spanish,LANGUAGE,37,44
txu.059173025436838,30,8,1,English,LANGUAGE,93,100
txu.059173025436838,30,8,2,Spanish,LANGUAGE,228,235
txu.059173025436838,30,8,3,English,LANGUAGE,240,247
txu.059173025436838,30,9,0,4,CARDINAL,0,1
txu.059173025436838,30,10,0,Spanish,LANGUAGE,66,73
txu.059173025436838,30,10,1,English,LANGUAGE,78,85
txu.059173025436838,30,11,0,Spanish,LANGUAGE,85,92
txu.059173025436838,30,11,1,English,LANGUAGE,97,104
txu.059173025436838,31,0,0,23 5,CARDINAL,0,4
txu.059173025436838,31,1,0,Spanish,LANGUAGE,33,40
txu.059173025436838,31,1,1,Spanish,LANGUAGE,126,133
txu.059173025436838,31,1,2,English,LANGUAGE,140,147
txu.059173025436838,31,1,3,second,ORDINAL,166,172
txu.059173025436838,31,3,0,6,CARDINAL,0,1
txu.059173025436838,31,4,0,Spanish,LANGUAGE,96,103
txu.059173025436838,31,5,0,7,CARDINAL,0,1
txu.059173025436838,31,6,0,Mexican,NORP,41,48
txu.059173025436838,31,7,0,United States,GPE,63,76
txu.059173025436838,31,7,1,Hispano-Mexican,NORP,130,145
txu.059173025436838,31,7,2,Southwest,LOC,162,171
txu.059173025436838,31,7,3,Mexican,NORP,176,183
txu.059173025436838,31,7,4,Mexican,NORP,271,278
txu.059173025436838,31,8,0,Southwest,LOC,32,41
txu.059173025436838,31,8,1,Mexican,NORP,87,94
txu.059173025436838,31,8,2,Mexican-Americans,NORP,134,151
txu.059173025436838,31,9,0,8,CARDINAL,0,1
txu.059173025436838,31,10,0,Mexican,NORP,49,56
txu.059173025436838,31,10,1,Mexican-Americans,NORP,122,139
txu.059173025436838,31,11,0,9,CARDINAL,0,1
txu.059173025436838,31,12,0,Mexican,NORP,84,91
txu.059173025436838,31,12,1,HispanoMexican,NORP,122,136
txu.059173025436838,31,12,2,neo-classical,NORP,142,155
txu.059173025436838,31,13,0,Aztec,NORP,48,53
txu.059173025436838,31,13,1,Mexican,NORP,74,81
txu.059173025436838,32,1,0,10,CARDINAL,0,2
txu.059173025436838,32,1,1,Mexican,NORP,58,65
txu.059173025436838,32,1,2,Mexican,NORP,110,117
txu.059173025436838,32,2,0,11,CARDINAL,0,2
txu.059173025436838,32,3,0,Mexican,NORP,0,7
txu.059173025436838,32,4,0,12,CARDINAL,0,2
txu.059173025436838,32,5,0,Mexican-American,NORP,0,16
txu.059173025436838,32,6,0,One,CARDINAL,0,3
txu.059173025436838,32,7,0,13,CARDINAL,0,2
txu.059173025436838,32,8,0,Mexican,NORP,4,11
txu.059173025436838,32,8,1,Mexican-American,NORP,218,234
txu.059173025436838,32,9,0,14,CARDINAL,0,2
txu.059173025436838,32,11,0,1,CARDINAL,114,115
txu.059173025436838,32,11,1,Chinese-Americans,NORP,119,136
txu.059173025436838,32,11,2,Chinese New Year,EVENT,140,156
txu.059173025436838,32,11,3,Mexican-Americans,NORP,158,175
txu.059173025436838,32,11,4,1 1 Cinco,CARDINAL,183,192
txu.059173025436838,32,12,0,Mexican-American,NORP,93,109
txu.059173025436838,33,0,0,25 16,CARDINAL,0,5
txu.059173025436838,33,2,0,Spanish,LANGUAGE,46,53
txu.059173025436838,33,2,1,English,LANGUAGE,110,117
txu.059173025436838,33,7,0,Mexican-American,NORP,191,207
txu.059173025436838,33,8,0,Mexican,NORP,99,106
txu.059173025436838,34,1,0,Barker,PERSON,0,6
txu.059173025436838,34,1,1,George C. Pachuco,PERSON,8,25
txu.059173025436838,34,1,2,American,NORP,30,38
txu.059173025436838,34,1,3,Tucson,GPE,81,87
txu.059173025436838,34,1,4,Arizona,GPE,89,96
txu.059173025436838,34,1,5,University of Arizona,ORG,98,119
txu.059173025436838,34,1,6,Tucson,GPE,121,127
txu.059173025436838,34,1,7,Vol. 21,DATE,154,161
txu.059173025436838,34,1,8,18,CARDINAL,167,169
txu.059173025436838,34,1,9,Jan. 1950,DATE,171,180
txu.059173025436838,34,3,0,Bernal,PERSON,2,8
txu.059173025436838,34,3,1,Ignacio,PERSON,10,17
txu.059173025436838,34,3,2,Jacques Sous telle,PERSON,23,41
txu.059173025436838,34,4,0,Mexico,GPE,0,6
txu.059173025436838,34,4,1,Pre-Hispanic,NORP,8,20
txu.059173025436838,34,4,2,United Nations Economic and Social Council,ORG,32,74
txu.059173025436838,34,4,3,World Art Series,EVENT,76,92
txu.059173025436838,34,4,4,10,CARDINAL,98,100
txu.059173025436838,34,4,5,1958,DATE,102,106
txu.059173025436838,34,5,0,Caso,PERSON,0,4
txu.059173025436838,34,5,1,Alfonso,PERSON,6,13
txu.059173025436838,34,6,0,Aztecs,NORP,4,10
txu.059173025436838,34,6,1,Norman,ORG,32,38
txu.059173025436838,34,6,2,1958,DATE,40,44
txu.059173025436838,34,7,0,Clark,PERSON,0,5
txu.059173025436838,34,7,1,Margaret,PERSON,7,15
txu.059173025436838,34,8,0,Health in the Mexican-American Culture: A Community Study,WORK_OF_ART,0,57
txu.059173025436838,34,8,1,Berkeley,GPE,59,67
txu.059173025436838,34,8,2,1959,DATE,69,73
txu.059173025436838,34,9,0,San Jose,GPE,11,19
txu.059173025436838,34,9,1,California,GPE,21,31
txu.059173025436838,34,10,0,Clincy,PERSON,0,6
txu.059173025436838,34,10,1,Everett Ross,PERSON,8,20
txu.059173025436838,34,11,0,Ann Arbor,GPE,51,60
txu.059173025436838,34,11,1,1954,DATE,62,66
txu.059173025436838,34,12,0,Cline,PERSON,0,5
txu.059173025436838,34,12,1,Howard F.,PERSON,7,16
txu.059173025436838,34,13,0,The United States,GPE,0,17
txu.059173025436838,34,13,1,Mexico,GPE,22,28
txu.059173025436838,34,13,2,Cambridge,ORG,30,39
txu.059173025436838,34,13,3,1953,DATE,41,45
txu.059173025436838,34,14,0,Council of Mexican-American Affairs,ORG,0,35
txu.059173025436838,34,14,1,Los Angeles,GPE,110,121
txu.059173025436838,34,14,2,1956,DATE,123,127
txu.059173025436838,34,15,0,Indian Art of Mexico and Central America (,WORK_OF_ART,0,42
txu.059173025436838,34,15,1,New Covarrubias,GPE,42,57
txu.059173025436838,34,15,2,Miguel,PERSON,59,65
txu.059173025436838,34,15,3,1957,DATE,73,77
txu.059173025436838,34,16,0,Dworkin,PERSON,0,7
txu.059173025436838,34,16,1,Anthony Gary,PERSON,9,21
txu.059173025436838,34,17,0,Stereotypes and Self-Images Held by Native,WORK_OF_ART,1,43
txu.059173025436838,34,17,1,Mexican-Americans,NORP,66,83
txu.059173025436838,34,17,2,Sociology and Social Research,WORK_OF_ART,86,115
txu.059173025436838,34,17,3,49,CARDINAL,122,124
txu.059173025436838,34,17,4,2,CARDINAL,130,131
txu.059173025436838,34,17,5,Jan. 1965,DATE,133,142
txu.059173025436838,34,17,6,Paul Sheldon,PERSON,204,216
txu.059173025436838,34,17,7,Occidental College,ORG,220,238
txu.059173025436838,34,17,8,Los Angeles,GPE,240,251
txu.059173025436838,34,18,0,Edmonson,PERSON,0,8
txu.059173025436838,34,18,1,Munroe,GPE,10,16
txu.059173025436838,34,19,0,Los Manitos A Study of Institutional Values,WORK_OF_ART,0,43
txu.059173025436838,34,19,1,New Orleans,GPE,45,56
txu.059173025436838,34,19,2,1957,DATE,58,62
txu.059173025436838,34,20,0,New Mexico,GPE,50,60
txu.059173025436838,34,21,0,The Eye of Mexico,WORK_OF_ART,1,18
txu.059173025436838,34,21,1,Evergreen Review,ORG,21,37
txu.059173025436838,34,21,2,7,CARDINAL,43,44
txu.059173025436838,34,21,3,New York,GPE,46,54
txu.059173025436838,34,21,4,1959,DATE,56,60
txu.059173025436838,34,22,0,Mexican,NORP,41,48
txu.059173025436838,34,23,0,Gamio,PERSON,0,5
txu.059173025436838,34,23,1,Manuel,PERSON,7,13
txu.059173025436838,34,24,0,The Mexican Immigrant His Life Story,WORK_OF_ART,0,36
txu.059173025436838,34,24,1,Chicago,GPE,38,45
txu.059173025436838,34,24,2,1931,DATE,47,51
txu.059173025436838,34,25,0,the United States,GPE,44,61
txu.059173025436838,34,26,0,Gamio,PERSON,0,5
txu.059173025436838,34,26,1,Manuel,PERSON,7,13
txu.059173025436838,34,27,0,Mexican,NORP,0,7
txu.059173025436838,34,27,1,the United States,GPE,23,40
txu.059173025436838,34,27,2,Chicago,GPE,42,49
txu.059173025436838,34,27,3,1930,DATE,51,55
txu.059173025436838,34,28,0,Mexican,NORP,18,25
txu.059173025436838,34,29,0,Garibay K.,PERSON,0,10
txu.059173025436838,34,29,1,Angel M. Historia,PERSON,12,29
txu.059173025436838,34,29,2,Mexico,GPE,56,62
txu.059173025436838,34,29,3,1953-4,DATE,64,70
txu.059173025436838,35,0,0,Garibay K.,PERSON,3,13
txu.059173025436838,35,0,1,Angel M. Llave del Nahuatl,PERSON,15,41
txu.059173025436838,35,0,2,Mexico,GPE,43,49
txu.059173025436838,35,0,3,1940,DATE,51,55
txu.059173025436838,35,0,4,1961,DATE,57,61
txu.059173025436838,35,2,0,Mexican,NORP,63,70
txu.059173025436838,35,2,1,Mexican,NORP,90,97
txu.059173025436838,35,3,0,Gillmore,PERSON,0,8
txu.059173025436838,35,3,1,Frances,PERSON,10,17
txu.059173025436838,35,4,0,"Flute of the Smoking Mirror, a Portrait of Nezahualcoyotl, Poet-king of the Aztecs",WORK_OF_ART,0,82
txu.059173025436838,35,4,1,Albuquerque,GPE,84,95
txu.059173025436838,35,4,2,1949,DATE,97,101
txu.059173025436838,35,5,0,Griffith,PERSON,0,8
txu.059173025436838,35,5,1,Beatrice,PERSON,10,18
txu.059173025436838,35,6,0,American Me,WORK_OF_ART,0,11
txu.059173025436838,35,6,1,Boston,GPE,14,20
txu.059173025436838,35,6,2,1948,DATE,22,26
txu.059173025436838,35,7,0,Mexican,NORP,16,23
txu.059173025436838,35,8,0,The Pachuco Patois,WORK_OF_ART,1,19
txu.059173025436838,35,8,1,Common Ground,WORK_OF_ART,22,35
txu.059173025436838,35,8,2,Summer,DATE,37,43
txu.059173025436838,35,8,3,1947,DATE,45,49
txu.059173025436838,35,9,0,Pachuco,NORP,67,74
txu.059173025436838,35,10,0,Gruening,PERSON,0,8
txu.059173025436838,35,10,1,Ernest,PERSON,10,16
txu.059173025436838,35,11,0,Mexico and Its Heritage,WORK_OF_ART,0,23
txu.059173025436838,35,12,0,New York,GPE,1,9
txu.059173025436838,35,12,1,1928,DATE,11,15
txu.059173025436838,35,14,0,Mexican,NORP,48,55
txu.059173025436838,35,15,0,Kibbe,PERSON,0,5
txu.059173025436838,35,15,1,Pauline R.,PERSON,7,17
txu.059173025436838,35,15,2,Latin Americans,NORP,18,33
txu.059173025436838,35,15,3,Texas,GPE,37,42
txu.059173025436838,35,16,0,Albuquerque,GPE,1,12
txu.059173025436838,35,16,1,1946,DATE,14,18
txu.059173025436838,35,19,0,Kurath,PERSON,0,6
txu.059173025436838,35,19,1,Gertrude Prokosch,PERSON,8,25
txu.059173025436838,35,19,2,Dances of Anahuac: The Choreography and Music of Precortesian Dances,WORK_OF_ART,27,95
txu.059173025436838,35,19,3,Chicago,GPE,97,104
txu.059173025436838,35,19,4,Aldine,ORG,106,112
txu.059173025436838,35,19,5,1966,DATE,114,118
txu.059173025436838,35,20,0,Leon-Portilla,PERSON,0,13
txu.059173025436838,35,20,1,Miguel,PERSON,15,21
txu.059173025436838,35,21,0,La Filosofia Nahuatl,PERSON,0,20
txu.059173025436838,35,21,1,Mexico,GPE,22,28
txu.059173025436838,35,21,2,1956,DATE,30,34
txu.059173025436838,35,22,0,Aztec,NORP,14,19
txu.059173025436838,35,22,1,Norman,ORG,41,47
txu.059173025436838,35,22,2,1963,DATE,49,53
txu.059173025436838,35,23,0,Mexican,NORP,37,44
txu.059173025436838,35,24,0,Manuel,PERSON,2,8
txu.059173025436838,35,24,1,Herschel T.,PERSON,10,21
txu.059173025436838,35,24,2,The Education of Mexican and Spanish-Speaking Children in Texas,WORK_OF_ART,22,85
txu.059173025436838,35,24,3,Austin,GPE,87,93
txu.059173025436838,35,24,4,1930,DATE,95,99
txu.059173025436838,35,25,0,"The Educational Problem Presented by the SpanishSpeaking Child...,",WORK_OF_ART,1,67
txu.059173025436838,35,25,1,School and Society,WORK_OF_ART,69,87
txu.059173025436838,35,25,2,1934,DATE,98,102
txu.059173025436838,35,26,0,two,CARDINAL,31,34
txu.059173025436838,35,26,1,today,DATE,71,76
txu.059173025436838,35,27,0,Manuel,PERSON,0,6
txu.059173025436838,35,27,1,Herschel T.,PERSON,8,19
txu.059173025436838,35,27,2,Spanish,LANGUAGE,20,27
txu.059173025436838,35,28,0,Austin,GPE,1,7
txu.059173025436838,35,28,1,University of Texas,ORG,9,28
txu.059173025436838,35,28,2,1965,DATE,30,34
txu.059173025436838,35,29,0,McWilliams,PERSON,0,10
txu.059173025436838,35,29,1,Carey,PERSON,12,17
txu.059173025436838,35,30,0,Mexico,GPE,11,17
txu.059173025436838,35,30,1,The Spanish-Speaking People of the United States,WORK_OF_ART,19,67
txu.059173025436838,35,30,2,New York,GPE,69,77
txu.059173025436838,35,30,3,1949,DATE,79,83
txu.059173025436838,35,31,0,Mexican-American,NORP,104,120
txu.059173025436838,35,32,0,Mexican Issue,WORK_OF_ART,1,14
txu.059173025436838,35,32,1,The Texas Quarterly,ORG,17,36
txu.059173025436838,35,32,2,"Spring, 1959",DATE,47,59
txu.059173025436838,35,33,0,Mexican,NORP,25,32
txu.059173025436838,36,0,0,28,CARDINAL,0,2
txu.059173025436838,36,0,1,Ortega,PERSON,3,9
txu.059173025436838,36,0,2,Joaquin,PERSON,11,18
txu.059173025436838,36,1,0,The Compulsory Teaching of Spanish in the Grade Schools of New Mexico (,WORK_OF_ART,0,71
txu.059173025436838,36,1,1,Albuquerque,GPE,71,82
txu.059173025436838,36,1,2,1941,DATE,84,88
txu.059173025436838,36,2,0,Parkes,PERSON,0,6
txu.059173025436838,36,2,1,Henry B.,PERSON,8,16
txu.059173025436838,36,2,2,A History of Mexico,WORK_OF_ART,17,36
txu.059173025436838,36,2,3,Boston,GPE,38,44
txu.059173025436838,36,2,4,1950,DATE,46,50
txu.059173025436838,36,4,0,Pinkney,PERSON,3,10
txu.059173025436838,36,4,1,Alphonso,PERSON,12,20
txu.059173025436838,36,4,2,Prejudice Toward Mexican and Negro Americans,WORK_OF_ART,23,67
txu.059173025436838,36,4,3,Phylon,ORG,70,76
txu.059173025436838,36,4,4,1st Quarter,DATE,78,89
txu.059173025436838,36,4,5,1963,DATE,91,95
txu.059173025436838,36,5,0,Romanell,PERSON,0,8
txu.059173025436838,36,5,1,Patrick,PERSON,10,17
txu.059173025436838,36,6,0,Making of the Mexican Mind,WORK_OF_ART,0,26
txu.059173025436838,36,6,1,Lincoln,GPE,28,35
txu.059173025436838,36,6,2,Nebraska,GPE,37,45
txu.059173025436838,36,6,3,1952,DATE,47,51
txu.059173025436838,36,7,0,Mexican,NORP,31,38
txu.059173025436838,36,8,0,Sanchez,PERSON,0,7
txu.059173025436838,36,8,1,George I.,PERSON,9,18
txu.059173025436838,36,8,2,Forgotten People: A Study of New Mexicans,WORK_OF_ART,19,60
txu.059173025436838,36,8,3,Albuquerque,GPE,62,73
txu.059173025436838,36,8,4,1940,DATE,75,79
txu.059173025436838,36,10,0,Saunders,PERSON,0,8
txu.059173025436838,36,10,1,Lyle,PERSON,10,14
txu.059173025436838,36,11,0,Spanish,LANGUAGE,55,62
txu.059173025436838,36,11,1,New York,GPE,101,109
txu.059173025436838,36,11,2,1954,DATE,111,115
txu.059173025436838,36,12,0,A Guide to Materials Bearing on Cultural Relations in New Mexico (,WORK_OF_ART,0,66
txu.059173025436838,36,12,1,Albuquerque,GPE,66,77
txu.059173025436838,36,12,2,1944,DATE,79,83
txu.059173025436838,36,12,3,Spanish,LANGUAGE,85,92
txu.059173025436838,36,12,4,the United States,GPE,115,132
txu.059173025436838,36,12,5,New York City,GPE,159,172
txu.059173025436838,36,12,6,1944,DATE,174,178
txu.059173025436838,36,13,0,Samora,PERSON,2,8
txu.059173025436838,36,13,1,Julian,PERSON,10,16
txu.059173025436838,36,13,2,La Raza: Forgotten Americans,WORK_OF_ART,23,51
txu.059173025436838,36,13,3,Notre Dame,ORG,53,63
txu.059173025436838,36,13,4,1966,DATE,65,69
txu.059173025436838,36,14,0,Mexican-American,NORP,88,104
txu.059173025436838,36,15,0,Southwest Conference,ORG,0,20
txu.059173025436838,36,15,1,various years,DATE,35,48
txu.059173025436838,36,15,2,Occidental College,ORG,50,68
txu.059173025436838,36,15,3,Los Angeles,GPE,70,81
txu.059173025436838,36,16,0,Proceedings,ORG,6,17
txu.059173025436838,36,17,0,Taylor,PERSON,0,6
txu.059173025436838,36,17,1,Paul S.,PERSON,8,15
txu.059173025436838,36,17,2,1934,DATE,16,20
txu.059173025436838,36,19,0,An American-Mexican Frontier,WORK_OF_ART,0,28
txu.059173025436838,36,19,1,Chapel Hill,GPE,30,41
txu.059173025436838,36,19,2,North Carolina,GPE,43,57
txu.059173025436838,36,19,3,present-day,DATE,102,113
txu.059173025436838,36,19,4,Mexican Labor in the United States,WORK_OF_ART,115,149
txu.059173025436838,36,19,5,University of California Publications in Economics,ORG,151,201
txu.059173025436838,36,19,6,1927-1930,DATE,212,221
txu.059173025436838,36,21,0,Toor,PERSON,0,4
txu.059173025436838,36,21,1,Frances,PERSON,6,13
txu.059173025436838,36,22,0,A Treasury of Mexican Folkways,ORG,0,30
txu.059173025436838,36,22,1,New York,GPE,32,40
txu.059173025436838,36,22,2,1947,DATE,42,46
txu.059173025436838,36,23,0,Mexican,NORP,11,18
txu.059173025436838,36,24,0,Tuck,PERSON,0,4
txu.059173025436838,36,24,1,Ruth,PERSON,6,10
txu.059173025436838,36,25,0,Not With the Fist,ORG,0,17
txu.059173025436838,36,25,1,New York,GPE,19,27
txu.059173025436838,36,25,2,1946,DATE,29,33
txu.059173025436838,36,26,0,Americans,NORP,0,9
txu.059173025436838,36,26,1,California,GPE,13,23
txu.059173025436838,36,27,0,Yanovski,PERSON,0,8
txu.059173025436838,36,27,1,U. S. Department of Agriculture,ORG,56,87
txu.059173025436838,36,27,2,237,CARDINAL,121,124
txu.059173025436838,36,29,0,Mexican,NORP,24,31
txu.059173025436838,37,0,0,29 VII,CARDINAL,0,6
txu.059173025436838,37,1,0,1,CARDINAL,50,51
txu.059173025436838,37,2,0,Astrov,PERSON,18,24
txu.059173025436838,37,2,1,Margot,PERSON,26,32
txu.059173025436838,37,2,2,American Indian Prose and Poetry,WORK_OF_ART,38,70
txu.059173025436838,37,2,3,Capricorn,ORG,72,81
txu.059173025436838,37,2,4,1962,DATE,83,87
txu.059173025436838,37,3,0,Mexican,NORP,9,16
txu.059173025436838,37,4,0,Galarza,PERSON,0,7
txu.059173025436838,37,4,1,Ernesto,PERSON,9,16
txu.059173025436838,37,5,0,Merchants of Labor: the Mexican Bracero Story,WORK_OF_ART,0,45
txu.059173025436838,37,5,1,McNally and Loftin,ORG,47,65
txu.059173025436838,37,5,2,1964,DATE,67,71
txu.059173025436838,37,5,3,Santa Barbara,GPE,73,86
txu.059173025436838,37,6,0,Heller,PERSON,0,6
txu.059173025436838,37,6,1,Celia S.,PERSON,8,16
txu.059173025436838,37,6,2,Random House,ORG,76,88
txu.059173025436838,37,6,3,1966,DATE,90,94
txu.059173025436838,37,7,0,Mexican-American,NORP,42,58
txu.059173025436838,37,8,0,Idell,PERSON,0,5
txu.059173025436838,37,8,1,Albert,PERSON,7,13
txu.059173025436838,37,8,2,The Bernal Diaz Chronicles,WORK_OF_ART,22,48
txu.059173025436838,37,8,3,Doubleday,ORG,50,59
txu.059173025436838,37,8,4,1956,DATE,61,65
txu.059173025436838,37,9,0,Spanish,NORP,25,32
txu.059173025436838,37,10,0,Lewis,PERSON,0,5
txu.059173025436838,37,10,1,Oscar,PERSON,7,12
txu.059173025436838,37,11,0,Tepoztlán,GPE,0,9
txu.059173025436838,37,11,1,Mexico,GPE,22,28
txu.059173025436838,37,11,2,"Holt, Rinehart",ORG,30,44
txu.059173025436838,37,11,3,Winston,ORG,48,55
txu.059173025436838,37,11,4,1960,DATE,57,61
txu.059173025436838,37,12,0,Madsen,PERSON,0,6
txu.059173025436838,37,12,1,William,PERSON,8,15
txu.059173025436838,37,13,0,Mexican-Americans,NORP,0,17
txu.059173025436838,37,13,1,"Holt, Rinehart, Winston",ORG,34,57
txu.059173025436838,37,13,2,1964,DATE,59,63
txu.059173025436838,37,14,0,Peterson,PERSON,13,21
txu.059173025436838,37,14,1,Frederick,PERSON,23,32
txu.059173025436838,37,15,0,Mexico,GPE,8,14
txu.059173025436838,37,15,1,Capricorn,GPE,16,25
txu.059173025436838,37,15,2,1962,DATE,27,31
txu.059173025436838,37,16,0,Mexican,NORP,18,25
txu.059173025436838,37,17,0,Pozas,PERSON,0,5
txu.059173025436838,37,17,1,Ricardo,PERSON,7,14
txu.059173025436838,37,18,0,Juan the Chamula,PERSON,0,16
txu.059173025436838,37,18,1,University of California,ORG,18,42
txu.059173025436838,37,18,2,1962,DATE,44,48
txu.059173025436838,37,18,3,modern day,DATE,82,92
txu.059173025436838,37,18,4,Mexican Indians,NORP,93,108
txu.059173025436838,37,19,0,Ruiz,PERSON,0,4
txu.059173025436838,37,19,1,Ramon,PERSON,6,11
txu.059173025436838,37,19,2,Ruíz,PERSON,17,21
txu.059173025436838,37,19,3,The Mexican War,EVENT,23,38
txu.059173025436838,37,19,4,"Holt, Rinehart, Winston",ORG,40,63
txu.059173025436838,37,19,5,1963,DATE,65,69
txu.059173025436838,37,21,0,the U. S.-Mexican War,EVENT,23,44
txu.059173025436838,37,22,0,séjourne,PERSON,0,8
txu.059173025436838,37,22,1,Laurette,PERSON,10,18
txu.059173025436838,37,23,0,Burning Water: Thought and Religion in Ancient Mexico (,WORK_OF_ART,0,55
txu.059173025436838,37,23,1,Evergreen Grove Press,ORG,55,76
txu.059173025436838,37,23,2,1960,DATE,78,82
txu.059173025436838,37,24,0,Mexican,NORP,37,44
txu.059173025436838,37,25,0,Simpson,PERSON,0,7
txu.059173025436838,37,25,1,Lesley B. Many Mexicos,PERSON,9,31
txu.059173025436838,37,25,2,University of California Press,ORG,33,63
txu.059173025436838,37,25,3,1952,DATE,65,69
txu.059173025436838,37,26,0,Mexican,NORP,19,26
txu.059173025436838,37,27,0,Sous telle,PERSON,0,10
txu.059173025436838,37,27,1,Jacques,PERSON,12,19
txu.059173025436838,37,27,2,1964,DATE,21,25
txu.059173025436838,37,28,0,The Daily Life of the Aztecs,WORK_OF_ART,0,28
txu.059173025436838,37,28,1,Penguin Books,ORG,30,43
txu.059173025436838,37,28,2,George C. Aztecs,PERSON,58,74
txu.059173025436838,37,28,3,Penguin Books,ORG,86,99
txu.059173025436838,37,28,4,1966,DATE,101,105
txu.059173025436838,37,29,0,Aztec,NORP,19,24
txu.059173025436838,37,30,0,Von Hagen,PERSON,0,9
txu.059173025436838,37,30,1,Victor W.,PERSON,11,20
txu.059173025436838,37,30,2,New American Library,ORG,47,67
txu.059173025436838,37,30,3,1958,DATE,69,73
txu.059173025436838,37,32,0,Von Hagen,PERSON,0,9
txu.059173025436838,37,32,1,Victor W. World,PERSON,11,26
txu.059173025436838,37,32,2,New American Library,ORG,40,60
txu.059173025436838,37,32,3,1960,DATE,62,66
txu.059173025436838,38,0,0,30 2,CARDINAL,0,4
txu.059173025436838,38,1,0,MexicanAmericans,NORP,41,57
txu.059173025436838,38,2,0,La Opinión,ORG,0,10
txu.059173025436838,38,2,1,daily,DATE,14,19
txu.059173025436838,38,2,2,Los Angeles,GPE,43,54
txu.059173025436838,38,4,0,3,CARDINAL,0,1
txu.059173025436838,38,4,1,Spanish,LANGUAGE,3,10
txu.059173025436838,38,5,0,Spanish,LANGUAGE,18,25
txu.059173025436838,38,5,1,the Libreria Universitaria,ORG,97,123
txu.059173025436838,38,5,2,Ciudad Universitaria,ORG,125,145
txu.059173025436838,38,5,3,Mexico,GPE,147,153
txu.059173025436838,38,5,4,the Instituto Nacional de Antropología e Historia,ORG,169,218
txu.059173025436838,38,5,5,Mexico,GPE,220,226
txu.059173025436838,38,7,0,4,CARDINAL,0,1
txu.059173025436838,38,8,0,Mexican-American,NORP,0,16
txu.059173025436838,38,9,0,the Mexican American Political Association,ORG,32,74
txu.059173025436838,38,9,1,Community Service Organization,ORG,76,106
txu.059173025436838,38,9,2,League of United Latin American Citizens,ORG,108,148
txu.059173025436838,38,9,3,Political Association of SpanishSpeaking Organizations,ORG,150,204
txu.059173025436838,38,9,4,American G. I. Forum,ORG,206,226
txu.059173025436838,38,10,0,The Mexican Government,ORG,0,22
txu.059173025436838,38,10,1,Mexico,GPE,102,108
txu.059173025436838,38,13,0,the United States,GPE,23,40
txu.059173025436838,38,13,1,Mexican-Americans,NORP,77,94
txu.059173025436838,39,0,0,31,CARDINAL,0,2
txu.059173025436838,39,1,0,The Mexican-American Study Project,ORG,0,34
txu.059173025436838,39,1,1,"the University of California, Los Angeles",ORG,38,79
txu.059173025436838,39,4,0,Mexican-Americans,NORP,71,88
txu.059173025436838,39,4,1,Mexicans,NORP,136,144
txu.059173025436838,39,4,2,Mexico,GPE,155,161
txu.059173025436838,39,5,0,years ago,DATE,129,138
txu.059173025436838,39,6,0,Mexican,NORP,84,91
txu.059173025436838,39,7,0,Mexican,NORP,112,119
txu.059173025436838,39,7,1,Anglo,NORP,160,165
txu.059173025436838,39,7,2,the U. S.-Mexican War,EVENT,191,212
txu.059173025436838,39,7,3,Anglo,NORP,229,234
txu.059173025436838,39,7,4,Spanish,LANGUAGE,273,280
txu.059173025436838,39,7,5,Mexican,NORP,288,295
txu.059173025436838,39,8,0,Brock,PERSON,78,83
txu.059173025436838,39,8,1,Virginia,GPE,85,93
txu.059173025436838,39,9,0,Piñatas,PERSON,0,7
txu.059173025436838,39,9,1,Abingdon,ORG,9,17
txu.059173025436838,39,9,2,1966,DATE,19,23
txu.059173025436838,39,10,0,Geis,PERSON,0,4
txu.059173025436838,39,10,1,Darlene,PERSON,6,13
txu.059173025436838,39,11,0,Let's Travel in Mexico,WORK_OF_ART,0,22
txu.059173025436838,39,11,1,Children's Press,ORG,24,40
txu.059173025436838,39,11,2,1965,DATE,42,46
txu.059173025436838,39,12,0,Mexico,GPE,26,32
txu.059173025436838,40,0,0,Barbara Ker,PERSON,11,22
txu.059173025436838,40,0,1,Fairy Tales of Mexico,WORK_OF_ART,24,45
txu.059173025436838,40,0,2,Dutton,ORG,47,53
txu.059173025436838,40,0,3,1960,DATE,55,59
txu.059173025436838,40,2,0,1,CARDINAL,26,27
txu.059173025436838,40,4,0,the Instituto Nacional de Antropología e Historia,ORG,20,69
txu.059173025436838,40,4,1,Mexico,GPE,71,77
txu.059173025436838,40,4,2,21 pesos,MONEY,86,94
txu.059173025436838,40,4,3,1.68,MONEY,99,103
txu.059173025436838,40,5,0,1,CARDINAL,0,1
txu.059173025436838,40,5,1,50,CARDINAL,6,8
txu.059173025436838,40,5,2,six,CARDINAL,17,20
txu.059173025436838,40,5,3,Mexican,NORP,74,81
txu.059173025436838,40,5,4,1,CARDINAL,157,158
txu.059173025436838,40,5,5,50,CARDINAL,173,175
txu.059173025436838,40,6,0,2,CARDINAL,1,2
txu.059173025436838,40,6,1,Two,CARDINAL,4,7
txu.059173025436838,40,6,2,twelve,CARDINAL,16,22
txu.059173025436838,40,6,3,Mexico,GPE,85,91
txu.059173025436838,40,6,4,the Museo Nacional de Historia del Castillo de Chapultepec,ORG,98,156
txu.059173025436838,40,7,0,51,CARDINAL,7,9
txu.059173025436838,40,7,1,52,CARDINAL,20,22
txu.059173025436838,40,10,0,The Archivo y Laboratorio Fotografico,ORG,0,37
txu.059173025436838,40,10,1,the Instituto Nacional de Antropología e Historia,ORG,41,90
txu.059173025436838,40,10,2,"more than 200,000",CARDINAL,100,117
txu.059173025436838,40,10,3,"20,000",CARDINAL,134,140
txu.059173025436838,40,11,0,Córdoba 45,GPE,22,32
txu.059173025436838,40,11,1,Mexico,GPE,34,40
txu.059173025436838,40,12,0,2,CARDINAL,4,5
txu.059173025436838,40,13,0,The Instituto Nacional de Antropología e Historia,ORG,0,49
txu.059173025436838,40,13,1,one to sixteen dollars,MONEY,151,173
txu.059173025436838,40,16,0,Southwest,LOC,73,82
txu.059173025436838,41,0,0,33,CARDINAL,0,2
txu.059173025436838,41,2,0,3,CARDINAL,0,1
txu.059173025436838,41,4,0,Mexican,NORP,45,52
txu.059173025436838,41,4,1,the Instituto Nacional de Antropología e Historia,ORG,89,138
txu.059173025436838,41,4,2,about ten cents,MONEY,142,157
txu.059173025436838,41,7,0,Hispano-Mexican,NORP,26,41
txu.059173025436838,41,7,1,Southwest,LOC,60,69
txu.059173025436838,41,9,0,4,CARDINAL,0,1
txu.059173025436838,41,10,0,Mexican,NORP,11,18
txu.059173025436838,41,10,1,the Museo Nacional de Antropología,ORG,49,83
txu.059173025436838,41,10,2,Instituto Nacional de Antropología e Historia,ORG,85,130
txu.059173025436838,41,11,0,about $1.20,MONEY,12,23
txu.059173025436838,41,13,0,Mexican,NORP,58,65
txu.059173025436838,41,13,1,Mexican-American,NORP,70,86
txu.059173025436838,41,13,2,Southwest,LOC,122,131
txu.059173025436838,41,14,0,Columbia Records Sales Corporation,ORG,13,47
txu.059173025436838,41,14,1,La Cucaracha,WORK_OF_ART,79,91
txu.059173025436838,41,14,2,twelve,CARDINAL,108,114
txu.059173025436838,41,14,3,the Mexican Revolution,EVENT,124,146
txu.059173025436838,41,14,4,the Columbia World Library of Folk and Primitive Music,ORG,179,233
txu.059173025436838,41,15,0,Mexican,NORP,13,20
txu.059173025436838,41,15,1,MexicanAmerican,NORP,108,123
txu.059173025436838,41,16,0,Southwestern,NORP,3,15
txu.059173025436838,41,16,1,Mexican,NORP,16,23
txu.059173025436838,41,17,0,The Southwest Museum,ORG,0,20
txu.059173025436838,41,17,1,Los Angeles 42,GPE,22,36
txu.059173025436838,41,17,2,Indian,NORP,58,64
txu.059173025436838,41,17,3,HispanoMexican folk music,NORP,69,94
txu.059173025436838,41,17,4,California,GPE,104,114
txu.059173025436838,42,0,0,34 5,CARDINAL,0,4
txu.059173025436838,42,1,0,MexicanAmerican,NORP,57,72
txu.059173025436838,42,2,0,1,CARDINAL,45,46
txu.059173025436838,42,2,1,Southwestern,NORP,47,59
txu.059173025436838,42,2,2,pro-Spanish,NORP,111,122
txu.059173025436838,42,2,3,pro-Anglo,NORP,126,135
txu.059173025436838,42,3,0,"the ""Mission Period""",EVENT,19,39
txu.059173025436838,42,3,1,Indians,NORP,90,97
txu.059173025436838,42,4,0,Mexico,GPE,19,25
txu.059173025436838,42,4,1,Mexico,GPE,114,120
txu.059173025436838,47,0,0,TEXAS,GPE,19,24
txu.059173025436838,47,0,1,AUSTIN,GPE,28,34
