vol_id,page,sentence_id,ent_id,entity,entity_type,start_char,end_char
uc1.b4421445,1,0,0,1985,DATE,19,23
uc1.b4421445,3,0,0,J. Brito,PERSON,48,56
uc1.b4421445,5,0,0,J. Brito,PERSON,47,55
uc1.b4421445,5,0,1,Marvin,PERSON,87,93
uc1.b4421445,5,0,2,South Dakota,GPE,95,107
uc1.b4421445,5,0,3,1985,DATE,108,112
uc1.b4421445,6,0,0,Univ. Library,ORG,0,13
uc1.b4421445,6,0,1,UC Santa Cruz,ORG,15,28
uc1.b4421445,6,0,2,1989,DATE,29,33
uc1.b4421445,6,0,3,"""Tarascan Indian Ways""",WORK_OF_ART,34,56
uc1.b4421445,6,0,4,"""A Creation Gift""",WORK_OF_ART,61,78
uc1.b4421445,6,0,5,"SPIRIT SHADOWS, Tarascan Press",WORK_OF_ART,108,138
uc1.b4421445,6,0,6,Milwaukee,GPE,140,149
uc1.b4421445,6,0,7,Wisconsin,GPE,151,160
uc1.b4421445,6,1,0,Paul War Cloud,PERSON,17,31
uc1.b4421445,6,1,1,LOOKING THROUGH A SQUARED OFF CIRCLE,WORK_OF_ART,32,68
uc1.b4421445,6,1,2,Silvester J. Brito,PERSON,72,90
uc1.b4421445,6,1,3,1985,DATE,101,105
uc1.b4421445,6,1,4,Silvester J. Brito,PERSON,109,127
uc1.b4421445,7,0,0,INDIAN,NORP,0,6
uc1.b4421445,7,1,0,one,CARDINAL,35,38
uc1.b4421445,7,2,0,Indian,NORP,14,20
uc1.b4421445,7,2,1,"""Many Horses""",WORK_OF_ART,34,47
uc1.b4421445,7,3,0,266 1725,CARDINAL,13,21
uc1.b4421445,8,5,0,Algonquin Indian,NORP,29,45
uc1.b4421445,9,1,0,several grueling,TIME,6,22
uc1.b4421445,10,0,0,TURBULENT SON,PERSON,0,13
uc1.b4421445,10,0,1,Indian,NORP,393,399
uc1.b4421445,12,1,0,Mountain Apache,NORP,143,158
uc1.b4421445,12,1,1,Comanche,NORP,182,190
uc1.b4421445,13,0,0,Comanche,NORP,277,285
uc1.b4421445,13,0,1,Kiowa,NORP,290,295
uc1.b4421445,14,0,0,RED EYED MAN,PERSON,0,12
uc1.b4421445,15,0,0,Shoshone Sun Dance,PERSON,17,35
uc1.b4421445,15,3,0,Red Wing,PRODUCT,141,149
uc1.b4421445,15,4,0,American,NORP,152,160
uc1.b4421445,16,2,0,third,ORDINAL,88,93
uc1.b4421445,17,0,0,christian,NORP,19,28
uc1.b4421445,17,0,1,puritan,NORP,76,83
uc1.b4421445,18,0,0,LEAD GUITAR MAN,PERSON,0,15
uc1.b4421445,18,2,0,today,DATE,63,68
uc1.b4421445,19,0,0,A CHARM NECKLACE,PERSON,0,16
uc1.b4421445,19,2,0,Mexican,NORP,14,21
uc1.b4421445,20,3,0,a western hour,TIME,83,97
uc1.b4421445,21,0,0,Marty Rosenblum,PERSON,21,36
uc1.b4421445,22,4,0,first,ORDINAL,56,61
uc1.b4421445,24,2,0,Latin American,NORP,226,240
uc1.b4421445,24,2,1,Russian-American,NORP,265,281
uc1.b4421445,25,0,0,BEHOLDEN,PERSON,0,8
uc1.b4421445,25,1,0,this wholesome,DATE,3,17
uc1.b4421445,25,1,1,late coming spring,DATE,18,36
uc1.b4421445,25,1,2,summer,DATE,459,465
uc1.b4421445,27,0,0,TARASCAN INDIAN,NORP,0,15
uc1.b4421445,27,0,1,Tarascan,NORP,22,30
uc1.b4421445,27,1,0,Tarascan,NORP,0,8
uc1.b4421445,27,2,0,Tarascan,NORP,0,8
uc1.b4421445,27,2,1,Spanish,NORP,39,46
uc1.b4421445,27,3,0,Tarascan,NORP,3,11
uc1.b4421445,27,3,1,today,DATE,20,25
uc1.b4421445,27,4,0,Mexican Indian,NORP,11,25
uc1.b4421445,27,4,1,Aztecs,NORP,47,53
uc1.b4421445,28,4,0,summer,DATE,110,116
uc1.b4421445,30,0,0,2.00,MONEY,29,33
uc1.b4421445,30,0,1,THE UNIVERSITY LIBRARY UNIVERSITY OF CALIFORNIA,ORG,34,81
uc1.b4421445,30,0,2,SANTA CRUZ,GPE,83,93
uc1.b4421445,30,1,0,429-2756,CARDINAL,24,32
uc1.b4421445,30,2,0,14 days,DATE,37,44
uc1.b4421445,30,3,0,2373 1700,CARDINAL,7,16
uc1.b4421445,31,0,0,SANTA CRUZ,GPE,26,36
