vol_id,page,sentence_id,ent_id,entity,entity_type,start_char,end_char
uc1.32106007373035,6,0,0,Wendy Rase,PERSON,11,21
uc1.32106007373035,7,0,0,WENDY ROSE,PERSON,21,31
uc1.32106007373035,7,0,1,N. Scott Momaday,PERSON,82,98
uc1.32106007373035,7,0,2,1980,DATE,99,103
uc1.32106007373035,7,0,3,MALKI MUSEUM,ORG,104,116
uc1.32106007373035,7,0,4,Banning,GPE,123,130
uc1.32106007373035,7,0,5,California,GPE,132,142
uc1.32106007373035,8,0,0,Univ. Library,ORG,0,13
uc1.32106007373035,8,0,1,UC Santa Cruz,ORG,15,28
uc1.32106007373035,8,0,2,1986,DATE,29,33
uc1.32106007373035,8,0,3,1980,DATE,46,50
uc1.32106007373035,8,0,4,"Malki Museum, Inc.",ORG,51,69
uc1.32106007373035,8,1,0,Morongo Indian Reservation,GPE,0,26
uc1.32106007373035,8,1,1,Banning,GPE,27,34
uc1.32106007373035,8,1,2,California,GPE,36,46
uc1.32106007373035,8,1,3,MALKI MUSEUM,ORG,53,65
uc1.32106007373035,8,1,4,Katherine Siva Saubel,PERSON,88,109
uc1.32106007373035,8,1,5,"Malki Museum, Inc.",ORG,111,129
uc1.32106007373035,8,2,0,William Bright,PERSON,8,22
uc1.32106007373035,8,2,1,"University of California, Los Angeles",ORG,24,61
uc1.32106007373035,8,2,2,Harry Lawton,PERSON,83,95
uc1.32106007373035,8,2,3,"University of California, Riverside",ORG,97,132
uc1.32106007373035,8,2,4,Lowell John Bean,PERSON,153,169
uc1.32106007373035,8,2,5,California State University,ORG,171,198
uc1.32106007373035,8,2,6,Amy Henderson,PERSON,208,221
uc1.32106007373035,8,2,7,Malki Museum,ORG,223,235
uc1.32106007373035,8,2,8,Margaret Langdon,PERSON,245,261
uc1.32106007373035,8,2,9,"University of California, San Diego",ORG,263,298
uc1.32106007373035,8,2,10,Richard F. Logan,PERSON,299,315
uc1.32106007373035,8,2,11,"University of California,",ORG,317,342
uc1.32106007373035,8,2,12,Los Angeles,GPE,343,354
uc1.32106007373035,8,2,13,Philip J. Wilke,PERSON,355,370
uc1.32106007373035,8,2,14,"University of California, Riverside",ORG,372,407
uc1.32106007373035,8,2,15,Library of Congress,ORG,408,427
uc1.32106007373035,8,2,16,the United States of America,GPE,464,492
uc1.32106007373035,9,1,0,Arthur Murata,PERSON,15,28
uc1.32106007373035,9,1,1,Terry Garey,PERSON,29,40
uc1.32106007373035,9,1,2,Maurice Kenny,PERSON,41,54
uc1.32106007373035,10,0,0,A Journal Akwesasne Notes Academic Squaw: Reports to the World from the Ivory Tower,WORK_OF_ART,176,259
uc1.32106007373035,10,0,1,Blue Cloud Press,ORG,261,277
uc1.32106007373035,10,0,2,Before Columbus Catalog Beloit Poetry Journal Beyond Rice Builder Kachina,WORK_OF_ART,279,352
uc1.32106007373035,10,0,3,Blue Cloud Press,ORG,354,370
uc1.32106007373035,10,1,0,La Confluencia Contact II,WORK_OF_ART,0,25
uc1.32106007373035,10,1,1,I Am the Fire of Time In Her Own Image,WORK_OF_ART,124,162
uc1.32106007373035,10,1,2,The Lives and Work of Women Artists Journal of California Anthropology,WORK_OF_ART,164,234
uc1.32106007373035,10,1,3,KPFA Folio,ORG,235,245
uc1.32106007373035,10,1,4,Pacifica Foundation,ORG,247,266
uc1.32106007373035,10,2,0,Long Division: A Tribal History,WORK_OF_ART,0,31
uc1.32106007373035,10,2,1,Strawberry Press,ORG,33,49
uc1.32106007373035,10,2,2,Mango The Native Perspective Networks,WORK_OF_ART,51,88
uc1.32106007373035,11,0,0,The Next World New World Press Collective Anthology of Women Poets Phantasm Pocket Poetry Reprint Series Poetry of the American Indian,WORK_OF_ART,0,134
uc1.32106007373035,11,0,1,American Visual Communications Bank,ORG,136,171
uc1.32106007373035,11,0,2,Reaping The Remembered Earth River Styx Room,WORK_OF_ART,173,217
uc1.32106007373035,11,0,3,This Song Remembers Time to Greez: Incantations from the Third World Trends,WORK_OF_ART,272,347
uc1.32106007373035,11,0,4,Paisley,GPE,349,356
uc1.32106007373035,11,0,5,Scotland,GPE,358,366
uc1.32106007373035,11,0,6,the National Endowment for the Arts,ORG,442,477
uc1.32106007373035,13,2,0,Wendy Rose,PERSON,0,10
uc1.32106007373035,13,3,0,LOST COPPER,WORK_OF_ART,48,59
uc1.32106007373035,13,9,0,LOST COPPER,WORK_OF_ART,75,86
uc1.32106007373035,13,15,0,Native American,NORP,23,38
uc1.32106007373035,13,16,0,one,CARDINAL,84,87
uc1.32106007373035,13,17,0,LOST COPPER,WORK_OF_ART,14,25
uc1.32106007373035,13,20,0,LOST COPPER,WORK_OF_ART,0,11
uc1.32106007373035,13,22,0,English,LANGUAGE,46,53
uc1.32106007373035,13,24,0,Donne,PERSON,33,38
uc1.32106007373035,13,24,1,Shakespeare,PERSON,43,54
uc1.32106007373035,13,24,2,Pope,PERSON,59,63
uc1.32106007373035,13,24,3,Hardy,PERSON,68,73
uc1.32106007373035,13,26,0,American Indian,NORP,33,48
uc1.32106007373035,14,6,0,Wendy Rose,PERSON,34,44
uc1.32106007373035,14,7,0,two,CARDINAL,4,7
uc1.32106007373035,14,10,0,Wendy Rose,PERSON,0,10
uc1.32106007373035,14,11,0,Walking on the prayerstick,WORK_OF_ART,23,49
uc1.32106007373035,14,16,0,Indian,NORP,18,24
uc1.32106007373035,14,18,0,N. Scott Momaday,PERSON,0,16
uc1.32106007373035,14,18,1,San Francisco,GPE,17,30
uc1.32106007373035,14,18,2,2 January 1980,DATE,31,45
uc1.32106007373035,15,0,0,one,CARDINAL,42,45
uc1.32106007373035,15,1,0,Hopi,NORP,42,46
uc1.32106007373035,15,1,1,2,CARDINAL,57,58
uc1.32106007373035,15,3,0,6,CARDINAL,30,31
uc1.32106007373035,15,3,1,Southern,NORP,34,42
uc1.32106007373035,15,7,0,China,GPE,31,36
uc1.32106007373035,15,9,0,17,CARDINAL,42,44
uc1.32106007373035,15,9,1,Vermont,GPE,102,109
uc1.32106007373035,15,9,2,Indian,NORP,132,138
uc1.32106007373035,15,10,0,Indian,NORP,64,70
uc1.32106007373035,15,10,1,Iowa City,GPE,105,114
uc1.32106007373035,15,10,2,The red/white blues,WORK_OF_ART,118,137
uc1.32106007373035,15,10,3,Bicentennial,DATE,139,151
uc1.32106007373035,15,10,4,25,CARDINAL,157,159
uc1.32106007373035,15,10,5,Three thousand dollar,MONEY,160,181
uc1.32106007373035,15,10,6,26,CARDINAL,193,195
uc1.32106007373035,15,11,0,two,CARDINAL,5,8
uc1.32106007373035,15,13,0,Berkeley,GPE,32,40
uc1.32106007373035,15,15,0,36,CARDINAL,11,13
uc1.32106007373035,15,16,0,Indian,NORP,0,6
uc1.32106007373035,15,17,0,Iowa City,GPE,19,28
uc1.32106007373035,15,18,0,41,CARDINAL,26,28
uc1.32106007373035,15,18,1,three,CARDINAL,37,42
uc1.32106007373035,16,0,0,50,CARDINAL,33,35
uc1.32106007373035,16,0,1,Portsmouth Square,FAC,39,56
uc1.32106007373035,16,0,2,San Francisco,GPE,69,82
uc1.32106007373035,16,1,0,Tennessee,GPE,0,9
uc1.32106007373035,16,3,0,56,CARDINAL,32,34
uc1.32106007373035,16,4,0,Catholics,NORP,20,29
uc1.32106007373035,16,4,1,60,CARDINAL,76,78
uc1.32106007373035,16,4,2,62,CARDINAL,111,113
uc1.32106007373035,16,4,3,Montana,PERSON,114,121
uc1.32106007373035,16,4,4,64,CARDINAL,165,167
uc1.32106007373035,16,4,5,Indian,NORP,171,177
uc1.32106007373035,16,4,6,"39,000 feet",QUANTITY,178,189
uc1.32106007373035,16,4,7,September,DATE,205,214
uc1.32106007373035,16,4,8,68,CARDINAL,278,280
uc1.32106007373035,16,4,9,four,CARDINAL,334,338
uc1.32106007373035,16,5,0,Four,CARDINAL,0,4
uc1.32106007373035,16,5,1,Ron Tanaka Netsuke,PERSON,26,44
uc1.32106007373035,16,7,0,76,CARDINAL,34,36
uc1.32106007373035,16,7,1,five,CARDINAL,100,104
uc1.32106007373035,16,9,0,Magic Arthur,PERSON,17,29
uc1.32106007373035,16,12,0,Mabel,PERSON,4,9
uc1.32106007373035,16,14,0,Reminiscence For Jane Penn 91,WORK_OF_ART,14,43
uc1.32106007373035,16,14,1,six,CARDINAL,49,52
uc1.32106007373035,16,15,0,San Francisco Bay,LOC,63,80
uc1.32106007373035,16,16,0,96,CARDINAL,36,38
uc1.32106007373035,16,16,1,Chicago,GPE,42,49
uc1.32106007373035,17,2,0,Catholic,NORP,14,22
uc1.32106007373035,17,2,1,El Cerrito,GPE,35,45
uc1.32106007373035,17,4,0,Tucson,GPE,19,25
uc1.32106007373035,17,7,0,East Coast,LOC,0,10
uc1.32106007373035,17,7,1,Connecticut,GPE,23,34
uc1.32106007373035,17,9,0,112,CARDINAL,28,31
uc1.32106007373035,17,9,1,November,DATE,36,44
uc1.32106007373035,17,10,0,San Joaquin Valley,LOC,0,18
uc1.32106007373035,17,10,1,Hopi,NORP,23,27
uc1.32106007373035,17,11,0,seven,CARDINAL,36,41
uc1.32106007373035,17,12,0,Kachina,PERSON,8,15
uc1.32106007373035,17,12,1,Highway 5,FAC,28,37
uc1.32106007373035,17,13,0,120,CARDINAL,41,44
uc1.32106007373035,17,13,1,Anasazi,NORP,73,80
uc1.32106007373035,17,13,2,122,CARDINAL,90,93
uc1.32106007373035,17,14,0,Kachina,PERSON,8,15
uc1.32106007373035,17,14,1,126,CARDINAL,28,31
uc1.32106007373035,17,14,2,129,CARDINAL,43,46
uc1.32106007373035,18,0,0,6,CARDINAL,0,1
uc1.32106007373035,18,0,1,1,CARDINAL,2,3
uc1.32106007373035,18,0,2,1,CARDINAL,4,5
uc1.32106007373035,18,0,3,5,CARDINAL,8,9
uc1.32106007373035,19,0,0,Hopi,NORP,161,165
uc1.32106007373035,19,2,0,summer,DATE,7,13
uc1.32106007373035,19,3,0,one,CARDINAL,53,56
uc1.32106007373035,20,0,0,7,CARDINAL,9,10
uc1.32106007373035,21,1,0,Indians,NORP,28,35
uc1.32106007373035,21,2,0,1590,DATE,19,23
uc1.32106007373035,21,6,0,1972,DATE,15,19
uc1.32106007373035,21,6,1,American Indian,NORP,31,46
uc1.32106007373035,21,7,0,300,MONEY,17,20
uc1.32106007373035,21,8,0,1976,DATE,15,19
uc1.32106007373035,22,0,0,Hopi,NORP,12,16
uc1.32106007373035,22,0,1,Winslow,GPE,258,265
uc1.32106007373035,22,0,2,Sherman,GPE,270,277
uc1.32106007373035,22,0,3,Oakland,GPE,282,289
uc1.32106007373035,22,3,0,2,CARDINAL,2,3
uc1.32106007373035,23,2,0,Winslow,GPE,0,7
uc1.32106007373035,23,2,1,Hopi,NORP,25,29
uc1.32106007373035,23,2,2,Arizona,GPE,45,52
uc1.32106007373035,23,3,0,Sherman,GPE,0,7
uc1.32106007373035,23,3,1,Bureau of Indian Affairs,ORG,11,35
uc1.32106007373035,23,3,2,Riverside,GPE,46,55
uc1.32106007373035,23,3,3,California,GPE,57,67
uc1.32106007373035,23,3,4,Hopi,NORP,83,87
uc1.32106007373035,23,4,0,Oakland,GPE,0,7
uc1.32106007373035,23,4,1,Indians,NORP,41,48
uc1.32106007373035,23,4,2,the 1950's,DATE,56,66
uc1.32106007373035,23,5,0,3,CARDINAL,0,1
uc1.32106007373035,24,6,0,1,CARDINAL,0,1
uc1.32106007373035,25,0,0,Milpitas,GPE,25,33
uc1.32106007373035,25,0,1,Four summers,DATE,34,46
uc1.32106007373035,25,0,2,Indian,NORP,71,77
uc1.32106007373035,25,0,3,Indian,NORP,117,123
uc1.32106007373035,25,0,4,49,CARDINAL,129,131
uc1.32106007373035,25,2,0,nine,CARDINAL,70,74
uc1.32106007373035,25,2,1,Drum,FAC,94,98
uc1.32106007373035,25,3,0,49,CARDINAL,0,2
uc1.32106007373035,25,3,1,Indian,NORP,25,31
uc1.32106007373035,25,6,0,5,CARDINAL,88,89
uc1.32106007373035,26,0,0,Indian,NORP,70,76
uc1.32106007373035,26,1,0,Indian,NORP,3,9
uc1.32106007373035,26,1,1,one,CARDINAL,55,58
uc1.32106007373035,26,1,2,Indian,NORP,78,84
uc1.32106007373035,27,0,0,Indian,NORP,3,9
uc1.32106007373035,27,0,1,Indian,NORP,100,106
uc1.32106007373035,27,0,2,Friday,DATE,160,166
uc1.32106007373035,27,0,3,Indian,NORP,226,232
uc1.32106007373035,28,0,0,Thirty,CARDINAL,33,39
uc1.32106007373035,28,0,1,fifty,CARDINAL,48,53
uc1.32106007373035,28,0,2,tomorrow,DATE,54,62
uc1.32106007373035,28,0,3,the days,DATE,64,72
uc1.32106007373035,28,3,0,1,CARDINAL,0,1
uc1.32106007373035,28,3,1,1,CARDINAL,2,3
uc1.32106007373035,28,3,2,8,CARDINAL,6,7
uc1.32106007373035,29,3,0,Coyote,PERSON,44,50
uc1.32106007373035,30,2,0,Sierras,LOC,92,99
uc1.32106007373035,30,7,0,year,DATE,11,15
uc1.32106007373035,30,9,0,1,CARDINAL,0,1
uc1.32106007373035,30,10,0,10,CARDINAL,0,2
uc1.32106007373035,31,2,0,Ohlone Woman,PERSON,0,12
uc1.32106007373035,31,2,1,Costanoan Woman,PERSON,14,29
uc1.32106007373035,31,4,0,Abalone woman,PERSON,0,13
uc1.32106007373035,31,7,0,California Indian,NORP,29,46
uc1.32106007373035,32,5,0,12,CARDINAL,0,2
uc1.32106007373035,33,0,0,China,GPE,31,36
uc1.32106007373035,33,1,0,The remotest days,DATE,0,17
uc1.32106007373035,33,1,1,China,GPE,35,40
uc1.32106007373035,33,5,0,Antelope,PERSON,42,50
uc1.32106007373035,33,5,1,Bear,PERSON,57,61
uc1.32106007373035,33,6,0,Indian,NORP,56,62
uc1.32106007373035,33,7,0,several days,DATE,72,84
uc1.32106007373035,33,8,0,13,CARDINAL,0,2
uc1.32106007373035,34,1,0,four days later,DATE,27,42
uc1.32106007373035,34,1,1,the Wounded Knee Massacre,EVENT,50,75
uc1.32106007373035,34,1,2,Wounded Knee,GPE,105,117
uc1.32106007373035,34,3,0,Indians,NORP,117,124
uc1.32106007373035,34,8,0,140,MONEY,14,17
uc1.32106007373035,34,8,1,350,MONEY,36,39
uc1.32106007373035,34,8,2,1200,MONEY,60,64
uc1.32106007373035,34,8,3,275,MONEY,87,90
uc1.32106007373035,34,8,4,1000,MONEY,113,117
uc1.32106007373035,34,9,0,-Kenneth Canfield,PERSON,0,17
uc1.32106007373035,34,9,1,1977,DATE,19,23
uc1.32106007373035,34,9,2,Plains Indian Art Auction Catalog,ORG,24,57
uc1.32106007373035,36,1,0,May 7th,DATE,3,10
uc1.32106007373035,36,2,0,Today,DATE,0,5
uc1.32106007373035,36,4,0,two,CARDINAL,68,71
uc1.32106007373035,36,4,1,six,CARDINAL,81,84
uc1.32106007373035,37,1,0,days,DATE,115,119
uc1.32106007373035,37,3,0,tomorrow,DATE,110,118
uc1.32106007373035,39,1,0,Christian,NORP,73,82
uc1.32106007373035,39,1,1,Spanish,NORP,139,146
uc1.32106007373035,39,4,0,California,GPE,44,54
uc1.32106007373035,39,4,1,Indian,NORP,55,61
uc1.32106007373035,39,4,2,19,CARDINAL,143,145
uc1.32106007373035,40,0,0,Vermont,GPE,27,34
uc1.32106007373035,40,7,0,20,CARDINAL,2,4
uc1.32106007373035,41,0,0,Indian,NORP,19,25
uc1.32106007373035,41,0,1,an Indian Star,WORK_OF_ART,47,61
uc1.32106007373035,41,1,0,Indian Star,PRODUCT,3,14
uc1.32106007373035,41,1,1,Outcast Kachina Woman,WORK_OF_ART,106,127
uc1.32106007373035,41,3,0,21,CARDINAL,0,2
uc1.32106007373035,42,4,0,thirty,CARDINAL,101,107
uc1.32106007373035,42,7,0,22,CARDINAL,0,2
uc1.32106007373035,43,0,0,White,NORP,8,13
uc1.32106007373035,43,0,1,Indian,NORP,33,39
uc1.32106007373035,43,0,2,Indian,NORP,73,79
uc1.32106007373035,43,5,0,23,CARDINAL,0,2
uc1.32106007373035,44,0,0,Iowa City,GPE,31,40
uc1.32106007373035,44,1,0,half,CARDINAL,112,116
uc1.32106007373035,44,2,0,midwest,LOC,102,109
uc1.32106007373035,44,2,1,Indian,NORP,177,183
uc1.32106007373035,44,4,0,One,CARDINAL,0,3
uc1.32106007373035,44,7,0,1,CARDINAL,0,1
uc1.32106007373035,45,0,0,Bicentennial,DATE,21,33
uc1.32106007373035,45,8,0,25,CARDINAL,0,2
uc1.32106007373035,46,0,0,Three Thousand Dollar,MONEY,0,21
uc1.32106007373035,46,0,1,Nineteen,CARDINAL,34,42
uc1.32106007373035,46,0,2,American,NORP,43,51
uc1.32106007373035,46,0,3,Nevada,GPE,74,80
uc1.32106007373035,46,0,4,3000,MONEY,98,102
uc1.32106007373035,46,1,0,1975,DATE,19,23
uc1.32106007373035,46,11,0,one,CARDINAL,109,112
uc1.32106007373035,46,13,0,days,DATE,25,29
uc1.32106007373035,46,17,0,one century,DATE,70,81
uc1.32106007373035,48,0,0,Av BONES UNIVERSITY BJEC,ORG,1,25
uc1.32106007373035,49,0,0,TWO,CARDINAL,5,8
uc1.32106007373035,49,1,0,Tucson Indian School's,ORG,2,24
uc1.32106007373035,49,1,1,one,CARDINAL,44,47
uc1.32106007373035,49,1,2,one,CARDINAL,102,105
uc1.32106007373035,49,1,3,Indians,NORP,130,137
uc1.32106007373035,49,2,0,-Randolph Shelton,PERSON,0,17
uc1.32106007373035,49,2,1,1950,DATE,19,23
uc1.32106007373035,49,2,2,Indian,NORP,25,31
uc1.32106007373035,49,4,0,1977,DATE,49,53
uc1.32106007373035,49,4,1,Indian,NORP,134,140
uc1.32106007373035,49,5,0,1978,DATE,25,29
uc1.32106007373035,50,3,0,Hopi,NORP,108,112
uc1.32106007373035,50,12,0,Indian,NORP,47,53
uc1.32106007373035,50,13,0,2,CARDINAL,0,1
uc1.32106007373035,51,0,0,Berkeley,GPE,45,53
uc1.32106007373035,51,1,0,America,GPE,36,43
uc1.32106007373035,51,1,1,first,ORDINAL,60,65
uc1.32106007373035,51,1,2,a New World,LOC,211,222
uc1.32106007373035,51,2,0,Literary History of the World,WORK_OF_ART,10,39
uc1.32106007373035,51,2,1,winter,DATE,92,98
uc1.32106007373035,51,4,0,Arctic,LOC,28,34
uc1.32106007373035,51,4,1,Mars,LOC,89,93
uc1.32106007373035,51,5,0,31,CARDINAL,67,69
uc1.32106007373035,52,1,0,dozen,CARDINAL,16,21
uc1.32106007373035,52,3,0,2nd,ORDINAL,0,3
uc1.32106007373035,52,6,0,32,CARDINAL,0,2
uc1.32106007373035,53,0,0,3rd,ORDINAL,0,3
uc1.32106007373035,53,6,0,4th,ORDINAL,0,3
uc1.32106007373035,53,6,1,two,CARDINAL,158,161
uc1.32106007373035,53,10,0,33,CARDINAL,0,2
uc1.32106007373035,54,3,0,1977,DATE,110,114
uc1.32106007373035,54,4,0,Kachina,NORP,11,18
uc1.32106007373035,54,5,0,kivas,FAC,281,286
uc1.32106007373035,54,10,0,one-night,DATE,31,40
uc1.32106007373035,54,10,1,Gallup,ORG,50,56
uc1.32106007373035,54,12,0,kiva,FAC,2,6
uc1.32106007373035,54,13,0,the Kachina Society,ORG,99,118
uc1.32106007373035,54,13,1,Hopi,NORP,133,137
uc1.32106007373035,54,16,0,Gallup,GPE,0,6
uc1.32106007373035,54,16,1,New Mexico,GPE,28,38
uc1.32106007373035,54,16,2,34,CARDINAL,72,74
uc1.32106007373035,55,2,0,each day,DATE,64,72
uc1.32106007373035,55,8,0,35,CARDINAL,0,2
uc1.32106007373035,57,0,0,Wounded Knee,WORK_OF_ART,37,49
uc1.32106007373035,57,0,1,Lovelock Cave,LOC,71,84
uc1.32106007373035,57,0,2,Alcatraz,FAC,97,105
uc1.32106007373035,57,2,0,Lovelock Cave,FAC,0,13
uc1.32106007373035,57,2,1,Nevada,GPE,65,71
uc1.32106007373035,57,3,0,37,CARDINAL,0,2
uc1.32106007373035,58,5,0,Warrior Kachina,PERSON,69,84
uc1.32106007373035,58,9,0,38,CARDINAL,0,2
uc1.32106007373035,59,0,0,Indian,NORP,0,6
uc1.32106007373035,59,0,1,first,ORDINAL,132,137
uc1.32106007373035,59,1,0,-Claude Levi-Strauss,PERSON,0,20
uc1.32106007373035,59,1,1,1955,DATE,22,26
uc1.32106007373035,59,1,2,Indian,NORP,83,89
uc1.32106007373035,59,2,0,1978,DATE,25,29
uc1.32106007373035,60,0,0,Iowa City,GPE,19,28
uc1.32106007373035,60,4,0,40,CARDINAL,0,2
uc1.32106007373035,61,1,0,Indian,NORP,33,39
uc1.32106007373035,61,2,0,41,CARDINAL,0,2
uc1.32106007373035,62,1,0,Indian,NORP,24,30
uc1.32106007373035,62,6,0,one,CARDINAL,4,7
uc1.32106007373035,62,7,0,one,CARDINAL,4,7
uc1.32106007373035,62,8,0,Indians,NORP,47,54
uc1.32106007373035,62,13,0,1,CARDINAL,0,1
uc1.32106007373035,63,7,0,midnight,TIME,51,59
uc1.32106007373035,63,9,0,so many years,DATE,15,28
uc1.32106007373035,63,16,0,43,CARDINAL,0,2
uc1.32106007373035,65,0,0,THREE,CARDINAL,5,10
uc1.32106007373035,66,4,0,1,CARDINAL,0,1
uc1.32106007373035,67,3,0,47,CARDINAL,0,2
uc1.32106007373035,68,1,0,Badger,PERSON,3,9
uc1.32106007373035,68,2,0,Spider Woman,PERSON,74,86
uc1.32106007373035,68,6,0,Badger-man,PERSON,0,10
uc1.32106007373035,68,6,1,billions,CARDINAL,169,177
uc1.32106007373035,68,7,0,Mid,TIME,0,3
uc1.32106007373035,68,8,0,-,TIME,0,1
uc1.32106007373035,68,8,1,morning,TIME,1,8
uc1.32106007373035,68,8,2,48,CARDINAL,59,61
uc1.32106007373035,69,1,0,that day,DATE,88,96
uc1.32106007373035,69,5,0,Kachin-mana,PERSON,0,11
uc1.32106007373035,69,5,1,Kachina,NORP,20,27
uc1.32106007373035,69,7,0,the Badger Clan,ORG,32,47
uc1.32106007373035,69,8,0,49,CARDINAL,0,2
uc1.32106007373035,70,0,0,Phoenix,GPE,61,68
uc1.32106007373035,70,6,0,50,CARDINAL,107,109
uc1.32106007373035,71,7,0,one,CARDINAL,131,134
uc1.32106007373035,71,9,0,51,CARDINAL,0,2
uc1.32106007373035,72,0,0,Portsmouth Square,FAC,0,17
uc1.32106007373035,72,0,1,Chinatown,GPE,19,28
uc1.32106007373035,72,0,2,San Francisco,GPE,30,43
uc1.32106007373035,72,1,0,winter,DATE,61,67
uc1.32106007373035,72,9,0,52,CARDINAL,0,2
uc1.32106007373035,73,0,0,Tennessee,GPE,0,9
uc1.32106007373035,73,0,1,one,CARDINAL,86,89
uc1.32106007373035,73,2,0,Tennessee,GPE,31,40
uc1.32106007373035,73,2,1,Tennessee,GPE,176,185
uc1.32106007373035,73,2,2,winter,DATE,186,192
uc1.32106007373035,73,2,3,Pendleton,PERSON,378,387
uc1.32106007373035,73,4,0,One,CARDINAL,0,3
uc1.32106007373035,73,4,1,Tennessee,GPE,26,35
uc1.32106007373035,74,2,0,autumn,DATE,46,52
uc1.32106007373035,74,4,0,Hopi,NORP,4,8
uc1.32106007373035,74,5,0,54,CARDINAL,0,2
uc1.32106007373035,75,0,0,first,ORDINAL,31,36
uc1.32106007373035,75,2,0,55,CARDINAL,0,2
uc1.32106007373035,76,1,0,thirty years,DATE,95,107
uc1.32106007373035,76,7,0,56,CARDINAL,0,2
uc1.32106007373035,77,3,0,a good day,DATE,7,17
uc1.32106007373035,77,4,0,Every day,DATE,2,11
uc1.32106007373035,77,4,1,every day,DATE,25,34
uc1.32106007373035,77,5,0,Ogre Kachina,PERSON,21,33
uc1.32106007373035,77,6,0,57,CARDINAL,0,2
uc1.32106007373035,78,7,0,58,CARDINAL,0,2
uc1.32106007373035,79,0,0,Catholics,NORP,20,29
uc1.32106007373035,79,7,0,59,CARDINAL,94,96
uc1.32106007373035,80,0,0,Miwok,NORP,43,48
uc1.32106007373035,80,1,0,Tamalpais,LOC,24,33
uc1.32106007373035,81,0,0,Miwok,LOC,86,91
uc1.32106007373035,81,3,0,Sausalito,NORP,38,47
uc1.32106007373035,81,4,0,Franciscan,NORP,124,134
uc1.32106007373035,81,6,0,tomorrow,DATE,92,100
uc1.32106007373035,81,6,1,Sacramento,GPE,195,205
uc1.32106007373035,81,9,0,61,CARDINAL,0,2
uc1.32106007373035,82,7,0,62,CARDINAL,0,2
uc1.32106007373035,83,0,0,Montana Ice,LOC,0,11
uc1.32106007373035,83,1,0,Autumn 1949,DATE,0,11
uc1.32106007373035,83,3,0,nearly one year old,DATE,6,25
uc1.32106007373035,83,4,0,63,CARDINAL,0,2
uc1.32106007373035,84,2,0,first,ORDINAL,4,9
uc1.32106007373035,84,3,0,Gothic,NORP,13,19
uc1.32106007373035,84,3,1,nine,CARDINAL,98,102
uc1.32106007373035,84,4,0,Lydia,PERSON,7,12
uc1.32106007373035,84,8,0,64,CARDINAL,0,2
uc1.32106007373035,85,0,0,Tucson,GPE,30,36
uc1.32106007373035,85,2,0,Spanish,NORP,33,40
uc1.32106007373035,85,5,0,Spanish,LANGUAGE,7,14
uc1.32106007373035,85,6,0,Spanish,LANGUAGE,21,28
uc1.32106007373035,85,7,0,65,CARDINAL,0,2
uc1.32106007373035,86,0,0,Indian,NORP,0,6
uc1.32106007373035,86,0,1,"39,000 feet",QUANTITY,7,18
uc1.32106007373035,86,1,0,this year,DATE,20,29
uc1.32106007373035,86,3,0,66,CARDINAL,0,2
uc1.32106007373035,87,0,0,September,DATE,9,18
uc1.32106007373035,87,6,0,Indian,NORP,13,19
uc1.32106007373035,87,6,1,White,NORP,36,41
uc1.32106007373035,87,7,0,Berkeley,GPE,56,64
uc1.32106007373035,87,9,0,67,CARDINAL,0,2
uc1.32106007373035,88,0,0,Chinatown,LOC,40,49
uc1.32106007373035,88,4,0,Grant,LOC,67,72
uc1.32106007373035,88,5,0,68,CARDINAL,0,2
uc1.32106007373035,89,0,0,one,CARDINAL,94,97
uc1.32106007373035,89,0,1,evening,TIME,147,154
uc1.32106007373035,90,0,0,Trickster Trickster's,PERSON,0,21
uc1.32106007373035,90,2,0,Trickster,PERSON,0,9
uc1.32106007373035,90,2,1,Trickster,PERSON,25,34
uc1.32106007373035,90,2,2,Trickster,PERSON,50,59
uc1.32106007373035,90,2,3,Trickster,PERSON,80,89
uc1.32106007373035,90,2,4,Trickster,PERSON,151,160
uc1.32106007373035,90,2,5,Trickster,PERSON,225,234
uc1.32106007373035,90,2,6,Trickster,PERSON,321,330
uc1.32106007373035,90,4,0,70,CARDINAL,0,2
uc1.32106007373035,91,1,0,Oklahoma,GPE,78,86
uc1.32106007373035,91,1,1,Southern Drummers,NORP,131,148
uc1.32106007373035,91,2,0,71,CARDINAL,0,2
uc1.32106007373035,93,0,0,FOUR FOUR,CARDINAL,5,14
uc1.32106007373035,93,0,1,RON TANAKA,PERSON,36,46
uc1.32106007373035,94,0,0,Netsuke Deer,PERSON,0,12
uc1.32106007373035,94,1,0,a thousand years,DATE,165,181
uc1.32106007373035,94,3,0,Netsuke,PERSON,0,7
uc1.32106007373035,94,3,1,Japanese,NORP,9,17
uc1.32106007373035,94,6,0,74,CARDINAL,0,2
uc1.32106007373035,95,1,0,Tanaka Tanaka,PERSON,0,13
uc1.32106007373035,95,1,1,Hopi,NORP,28,32
uc1.32106007373035,95,6,0,75,CARDINAL,0,2
uc1.32106007373035,96,0,0,Ron,PERSON,58,61
uc1.32106007373035,96,0,1,Indian,NORP,90,96
uc1.32106007373035,96,3,0,Japanese,NORP,32,40
uc1.32106007373035,96,9,0,76,CARDINAL,0,2
uc1.32106007373035,97,3,0,Just three,CARDINAL,0,10
uc1.32106007373035,97,5,0,First,ORDINAL,0,5
uc1.32106007373035,97,6,0,Second,ORDINAL,0,6
uc1.32106007373035,97,7,0,Third,ORDINAL,0,5
uc1.32106007373035,97,9,0,77,CARDINAL,0,2
uc1.32106007373035,98,0,0,Tanaka,PERSON,60,66
uc1.32106007373035,98,2,0,Ron Tanaka,PERSON,44,54
uc1.32106007373035,98,2,1,Navajos,PERSON,110,117
uc1.32106007373035,98,3,0,78,CARDINAL,0,2
uc1.32106007373035,101,0,0,FIVE,CARDINAL,5,9
uc1.32106007373035,101,1,0,-Lorna Dee Cervantes,PERSON,0,20
uc1.32106007373035,102,0,0,Indians,NORP,19,26
uc1.32106007373035,102,0,1,California,GPE,30,40
uc1.32106007373035,102,1,0,Geronimo Boscana,PERSON,5,21
uc1.32106007373035,102,1,1,1825,DATE,23,27
uc1.32106007373035,102,1,2,California,GPE,87,97
uc1.32106007373035,102,2,0,-F. W. Beechey,PERSON,0,14
uc1.32106007373035,102,2,1,1828,DATE,16,20
uc1.32106007373035,102,3,0,one,CARDINAL,100,103
uc1.32106007373035,102,4,0,a Catholic Church,FAC,16,33
uc1.32106007373035,102,4,1,one,CARDINAL,49,52
uc1.32106007373035,102,5,0,Mission,FAC,32,39
uc1.32106007373035,103,0,0,half,CARDINAL,148,152
uc1.32106007373035,103,0,1,half,CARDINAL,161,165
uc1.32106007373035,103,4,0,Iron Maiden,WORK_OF_ART,0,11
uc1.32106007373035,103,8,0,83,CARDINAL,0,2
uc1.32106007373035,104,0,0,Kinsey,PERSON,252,258
uc1.32106007373035,104,0,1,Pampers,PRODUCT,263,270
uc1.32106007373035,105,5,0,Maurice Kenny,PERSON,4,17
uc1.32106007373035,106,0,0,Mabel,PERSON,4,9
uc1.32106007373035,107,0,0,Donner Pass,ORG,0,11
uc1.32106007373035,107,0,1,Songs of For a Laguna,WORK_OF_ART,27,48
uc1.32106007373035,107,0,2,Richmond,GPE,59,67
uc1.32106007373035,107,0,3,Laguna,GPE,403,409
uc1.32106007373035,108,8,0,88,CARDINAL,0,2
uc1.32106007373035,109,0,0,the years,DATE,154,163
uc1.32106007373035,109,0,1,lifetimes,DATE,167,176
uc1.32106007373035,109,2,0,Indian,NORP,79,85
uc1.32106007373035,110,0,0,Brenda,PERSON,17,23
uc1.32106007373035,110,0,1,winter,DATE,256,262
uc1.32106007373035,110,2,0,90,CARDINAL,0,2
uc1.32106007373035,111,0,0,Jane Penn,PERSON,4,13
uc1.32106007373035,111,0,1,1973,DATE,42,46
uc1.32106007373035,111,0,2,one,CARDINAL,249,252
uc1.32106007373035,111,2,0,one,CARDINAL,107,110
uc1.32106007373035,111,2,1,Ford,PRODUCT,116,120
uc1.32106007373035,113,1,0,Poem for Wendy,WORK_OF_ART,1,15
uc1.32106007373035,113,1,1,Maurice Kenny,PERSON,20,33
uc1.32106007373035,113,1,2,1978,DATE,35,39
uc1.32106007373035,114,0,0,San Francisco Bay,LOC,22,39
uc1.32106007373035,114,4,0,Miwok,NORP,40,45
uc1.32106007373035,114,6,0,Atlatl,NORP,0,6
uc1.32106007373035,114,7,0,94,CARDINAL,0,2
uc1.32106007373035,115,1,0,year-older,DATE,103,113
uc1.32106007373035,116,5,0,Arthur Murata,PERSON,80,93
uc1.32106007373035,117,6,0,97,CARDINAL,0,2
uc1.32106007373035,118,0,0,Chicago,GPE,0,7
uc1.32106007373035,118,0,1,O'Hare Airport,FAC,83,97
uc1.32106007373035,118,1,0,Chicago,GPE,37,44
uc1.32106007373035,118,1,1,this hour,TIME,70,79
uc1.32106007373035,118,1,2,Ojibwa,NORP,277,283
uc1.32106007373035,119,0,0,Terry Garey,PERSON,24,35
uc1.32106007373035,119,1,0,99,CARDINAL,0,2
uc1.32106007373035,120,0,0,Mount Saint Helens,LOC,0,18
uc1.32106007373035,120,0,1,Indian,NORP,23,29
uc1.32106007373035,120,2,0,winter,DATE,81,87
uc1.32106007373035,120,2,1,spring,DATE,99,105
uc1.32106007373035,120,5,0,five minutes,TIME,3,15
uc1.32106007373035,120,6,0,Mazama,LOC,10,16
uc1.32106007373035,120,7,0,"March 30, 1980",DATE,0,14
uc1.32106007373035,120,7,1,Mazama,GPE,15,21
uc1.32106007373035,120,7,2,Oregon,GPE,43,49
uc1.32106007373035,120,7,3,Crater Lake,LOC,73,84
uc1.32106007373035,120,8,0,"35,000 feet",QUANTITY,20,31
uc1.32106007373035,120,8,1,Mount St. Helens,LOC,33,49
uc1.32106007373035,120,8,2,Crater Lake,LOC,54,65
uc1.32106007373035,120,9,0,100,CARDINAL,0,3
uc1.32106007373035,122,1,0,Arthur Murata,PERSON,4,17
uc1.32106007373035,123,0,0,Catholic,NORP,14,22
uc1.32106007373035,123,0,1,El Cerrito,GPE,35,45
uc1.32106007373035,123,0,2,dawn,TIME,49,53
uc1.32106007373035,123,1,0,Sisters,ORG,74,81
uc1.32106007373035,124,0,0,Grandma,PERSON,32,39
uc1.32106007373035,124,10,0,104,CARDINAL,0,3
uc1.32106007373035,125,0,0,Summer,DATE,0,6
uc1.32106007373035,125,0,1,Tucson,GPE,19,25
uc1.32106007373035,125,1,0,summer,DATE,85,91
uc1.32106007373035,127,1,0,this morning,TIME,4,16
uc1.32106007373035,128,1,0,one,CARDINAL,23,26
uc1.32106007373035,128,3,0,the Twin Poles,NORP,66,80
uc1.32106007373035,128,5,0,108,CARDINAL,0,3
uc1.32106007373035,129,0,0,East Coast,LOC,0,10
uc1.32106007373035,129,0,1,Connecticut,GPE,23,34
uc1.32106007373035,129,1,0,El,PRODUCT,30,32
uc1.32106007373035,129,2,0,palomino,NORP,9,17
uc1.32106007373035,129,4,0,109,CARDINAL,0,3
uc1.32106007373035,131,1,0,Indian,NORP,30,36
uc1.32106007373035,131,1,1,thousands of years,DATE,162,180
uc1.32106007373035,131,2,0,Tucson Indian School,ORG,13,33
uc1.32106007373035,131,2,1,1950,DATE,35,39
uc1.32106007373035,131,5,0,Hopi,NORP,39,43
uc1.32106007373035,132,2,0,112,CARDINAL,18,21
uc1.32106007373035,133,1,0,Last year,DATE,0,9
uc1.32106007373035,133,1,1,this year,DATE,56,65
uc1.32106007373035,133,2,0,113,CARDINAL,102,105
uc1.32106007373035,134,0,0,November,DATE,0,8
uc1.32106007373035,134,1,0,San Joaquin Valley,LOC,0,18
uc1.32106007373035,134,1,1,the day,DATE,97,104
uc1.32106007373035,134,1,2,one year,DATE,151,159
uc1.32106007373035,134,1,3,the year following,DATE,183,201
uc1.32106007373035,134,4,0,winter,DATE,71,77
uc1.32106007373035,134,8,0,114,CARDINAL,0,3
uc1.32106007373035,135,0,0,Hopi,NORP,0,4
uc1.32106007373035,135,1,0,the years,DATE,16,25
uc1.32106007373035,135,2,0,first,ORDINAL,17,22
uc1.32106007373035,135,5,0,115,CARDINAL,0,3
uc1.32106007373035,137,0,0,"August, 1977",DATE,92,104
uc1.32106007373035,139,0,0,1,CARDINAL,0,1
uc1.32106007373035,139,0,1,Highway 5,FAC,3,12
uc1.32106007373035,139,1,0,San Joaquin Valley,LOC,19,37
uc1.32106007373035,139,1,1,California,GPE,39,49
uc1.32106007373035,139,3,0,years before,DATE,82,94
uc1.32106007373035,139,10,0,Arthur,PERSON,22,28
uc1.32106007373035,139,11,0,119,CARDINAL,0,3
uc1.32106007373035,140,0,0,2,CARDINAL,0,1
uc1.32106007373035,140,0,1,Mojave Desert,LOC,44,57
uc1.32106007373035,140,0,2,California,GPE,59,69
uc1.32106007373035,140,0,3,Tehachapis,LOC,83,93
uc1.32106007373035,140,0,4,Hopi,NORP,136,140
uc1.32106007373035,140,2,0,English,NORP,66,73
uc1.32106007373035,140,3,0,Hopi,NORP,57,61
uc1.32106007373035,140,8,0,1,CARDINAL,0,1
uc1.32106007373035,141,0,0,Arthur,PERSON,0,6
uc1.32106007373035,141,0,1,San Francisco Bay Area,LOC,48,70
uc1.32106007373035,141,2,0,California,GPE,63,73
uc1.32106007373035,141,2,1,Arizona,GPE,87,94
uc1.32106007373035,141,5,0,Tehachapis,LOC,0,10
uc1.32106007373035,141,5,1,California,GPE,32,42
uc1.32106007373035,141,6,0,121,CARDINAL,0,3
uc1.32106007373035,142,0,0,3,CARDINAL,0,1
uc1.32106007373035,142,0,1,Anasazi,NORP,27,34
uc1.32106007373035,142,0,2,Verde Valley,LOC,44,56
uc1.32106007373035,142,0,3,Phoenix,GPE,58,65
uc1.32106007373035,142,0,4,Flagstaff,GPE,69,78
uc1.32106007373035,142,0,5,Arizona,GPE,80,87
uc1.32106007373035,142,1,0,Kingman,LOC,14,21
uc1.32106007373035,142,2,0,Mogollon Rim,LOC,13,25
uc1.32106007373035,142,3,0,California,GPE,20,30
uc1.32106007373035,142,5,0,Hopi,NORP,18,22
uc1.32106007373035,142,7,0,Mogollon Rim,LOC,0,12
uc1.32106007373035,142,7,1,Arizona,GPE,38,45
uc1.32106007373035,142,7,2,Phoenix,GPE,56,63
uc1.32106007373035,143,1,0,California,GPE,3,13
uc1.32106007373035,143,7,0,Phoenix,GPE,0,7
uc1.32106007373035,143,15,0,123,CARDINAL,0,3
uc1.32106007373035,144,0,0,one,CARDINAL,11,14
uc1.32106007373035,144,0,1,Indian,NORP,83,89
uc1.32106007373035,144,7,0,Hopi,NORP,94,98
uc1.32106007373035,144,8,0,Montezuma's Castle,FAC,0,18
uc1.32106007373035,144,11,0,four inches,QUANTITY,0,11
uc1.32106007373035,144,12,0,Montezuma's Castle,FAC,0,18
uc1.32106007373035,144,12,1,Phoenix,GPE,48,55
uc1.32106007373035,144,12,2,Montezuma,GPE,83,92
uc1.32106007373035,144,13,0,124,CARDINAL,0,3
uc1.32106007373035,145,2,0,centuries,DATE,38,47
uc1.32106007373035,145,3,0,Anasazi,NORP,31,38
uc1.32106007373035,145,6,0,one,CARDINAL,22,25
uc1.32106007373035,145,6,1,half,CARDINAL,26,30
uc1.32106007373035,145,9,0,Kachina,GPE,41,48
uc1.32106007373035,145,11,0,Anasazi,NORP,0,7
uc1.32106007373035,145,11,1,Navajo,NORP,11,17
uc1.32106007373035,145,11,2,Hopi,NORP,87,91
uc1.32106007373035,145,11,3,Pueblo,NORP,102,108
uc1.32106007373035,145,12,0,125,CARDINAL,0,3
uc1.32106007373035,146,0,0,4,CARDINAL,0,1
uc1.32106007373035,146,0,1,Kachina,PERSON,11,18
uc1.32106007373035,146,0,2,Third Mesa,LOC,31,41
uc1.32106007373035,146,0,3,Hopi Reservation,LOC,43,59
uc1.32106007373035,146,0,4,Arizona,GPE,61,68
uc1.32106007373035,146,1,0,Thirty years ago,DATE,0,16
uc1.32106007373035,146,1,1,Hotevilla,GPE,70,79
uc1.32106007373035,146,2,0,one,CARDINAL,12,15
uc1.32106007373035,146,2,1,Hopi,NORP,21,25
uc1.32106007373035,146,3,0,1947,DATE,7,11
uc1.32106007373035,146,7,0,California,GPE,0,10
uc1.32106007373035,146,8,0,Hotevilla,GPE,0,9
uc1.32106007373035,146,8,1,Hopi,NORP,13,17
uc1.32106007373035,146,8,2,mesa,LOC,45,49
uc1.32106007373035,146,8,3,126,CARDINAL,51,54
uc1.32106007373035,147,0,0,one,CARDINAL,77,80
uc1.32106007373035,147,2,0,Kachina,PERSON,98,105
uc1.32106007373035,147,4,0,Kachina,PERSON,8,15
uc1.32106007373035,147,5,0,Hopi,NORP,125,129
uc1.32106007373035,147,6,0,127,CARDINAL,0,3
uc1.32106007373035,149,3,0,Hopi,NORP,11,15
uc1.32106007373035,149,5,0,Silko,PERSON,0,5
uc1.32106007373035,149,5,1,Allen,PERSON,10,15
uc1.32106007373035,149,5,2,Harjo,PERSON,20,25
uc1.32106007373035,149,6,0,Leslie Silko,PERSON,0,12
uc1.32106007373035,149,6,1,Paula Gunn Allen,PERSON,14,30
uc1.32106007373035,149,6,2,Joy Harjo,PERSON,32,41
uc1.32106007373035,149,6,3,Indian,NORP,50,56
uc1.32106007373035,151,0,0,William Bright,PERSON,12,26
uc1.32106007373035,151,0,1,Freedmens' Organization,ORG,49,72
uc1.32106007373035,151,0,2,Los Angeles,GPE,73,84
uc1.32106007373035,151,0,3,Chelsea,GPE,109,116
uc1.32106007373035,151,0,4,Michigan,GPE,118,126
uc1.32106007373035,151,0,5,Malki Museum,ORG,127,139
uc1.32106007373035,151,0,6,Morongo Indian Reservation,GPE,146,172
uc1.32106007373035,166,0,0,1,CARDINAL,0,1
uc1.32106007373035,168,0,0,1,CARDINAL,0,1
uc1.32106007373035,170,0,0,1,CARDINAL,2,3
uc1.32106007373035,172,0,0,"THE UNIVERSITY LIBRARY UNIVERSITY OF CALIFORNIA,",ORG,0,48
uc1.32106007373035,172,0,1,SANTA CRUZ,GPE,49,59
uc1.32106007373035,172,2,0,429-2756,CARDINAL,24,32
uc1.32106007373035,172,2,1,14 days,DATE,70,77
uc1.32106007373035,172,3,0,APR 15'89 SEP 27 1986,DATE,0,21
uc1.32106007373035,172,3,1,APR 15'90 FEB 28,DATE,27,43
uc1.32106007373035,172,3,2,JUN 3-'93 JUN 04,DATE,55,71
uc1.32106007373035,172,3,3,MAR 0 7,DATE,83,90
uc1.32106007373035,172,3,4,1996 MAR 06,DATE,91,102
uc1.32106007373035,172,3,5,MAY 2 91997,DATE,114,125
uc1.32106007373035,172,3,6,MAY 2 0,DATE,126,133
uc1.32106007373035,172,3,7,1997,DATE,134,138
uc1.32106007373035,172,3,8,FEB 2 4,DATE,145,152
uc1.32106007373035,172,3,9,1998,DATE,153,157
uc1.32106007373035,172,3,10,2373 MAR 12,DATE,165,176
uc1.32106007373035,172,3,11,MAR 1 1,DATE,180,187
uc1.32106007373035,172,3,12,1998,DATE,188,192
uc1.32106007373035,172,3,13,MAY 14'99 JUN 14,DATE,199,215
uc1.32106007373035,172,3,14,1999,DATE,216,220
