vol_id,page,sentence_id,ent_id,entity,entity_type,start_char,end_char
uc1.32106006887498,1,0,0,SANTA CRUZ,GPE,27,37
uc1.32106006887498,1,0,1,Simon J. Ortiz,PERSON,72,86
uc1.32106006887498,2,0,0,1,CARDINAL,0,1
uc1.32106006887498,2,0,1,1,CARDINAL,3,4
uc1.32106006887498,2,0,2,1,CARDINAL,5,6
uc1.32106006887498,2,0,3,1,CARDINAL,7,8
uc1.32106006887498,2,0,4,1,CARDINAL,10,11
uc1.32106006887498,3,0,0,12,CARDINAL,7,9
uc1.32106006887498,3,0,1,Sun Tracks An American Indian Literary Series,WORK_OF_ART,10,55
uc1.32106006887498,3,0,2,Larry Evers,PERSON,85,96
uc1.32106006887498,3,0,3,Vine Deloria,PERSON,117,129
uc1.32106006887498,3,0,4,N. Scott Momaday,PERSON,135,151
uc1.32106006887498,3,0,5,Emory Sekaquaptewa,PERSON,152,170
uc1.32106006887498,3,0,6,Leslie Marmon Silko,PERSON,171,190
uc1.32106006887498,3,0,7,Ofelia Zepeda,PERSON,191,204
uc1.32106006887498,4,0,0,1,CARDINAL,0,1
uc1.32106006887498,5,0,0,SIMON J. ORTIZ,PERSON,15,29
uc1.32106006887498,5,0,1,The University of Arizona Press,ORG,45,76
uc1.32106006887498,5,0,2,TUCSON,GPE,77,83
uc1.32106006887498,5,0,3,ARIZONA,GPE,85,92
uc1.32106006887498,6,0,0,Univ. Library,ORG,0,13
uc1.32106006887498,6,0,1,Univ.,ORG,15,20
uc1.32106006887498,6,0,2,Calif.,GPE,21,27
uc1.32106006887498,6,0,3,Santa Cruz,GPE,29,39
uc1.32106006887498,6,1,0,SIMON J. ORTIZ,PERSON,17,31
uc1.32106006887498,6,1,1,Acoma Pueblo,GPE,36,48
uc1.32106006887498,6,1,2,New Mexico,GPE,50,60
uc1.32106006887498,6,1,3,Going for the Rain,WORK_OF_ART,79,97
uc1.32106006887498,6,1,4,"Howbah Indians, The People Shall Continue, From Sand Creek",WORK_OF_ART,99,157
uc1.32106006887498,6,2,0,Native American,NORP,14,29
uc1.32106006887498,6,2,1,San Diego State University,ORG,65,91
uc1.32106006887498,6,2,2,Navajo Community College,ORG,93,117
uc1.32106006887498,6,2,3,the College of Marin,ORG,119,139
uc1.32106006887498,6,2,4,the Institute of American Indian Arts,ORG,141,178
uc1.32106006887498,6,2,5,the University of New Mexico,ORG,184,212
uc1.32106006887498,6,3,0,Sun Tracks,WORK_OF_ART,0,10
uc1.32106006887498,6,3,1,American Indian,NORP,17,32
uc1.32106006887498,6,3,2,the American Indian Studies Program,ORG,62,97
uc1.32106006887498,6,3,3,the Department of English,ORG,102,127
uc1.32106006887498,6,3,4,University of Arizona,ORG,129,150
uc1.32106006887498,6,3,5,Tucson,GPE,152,158
uc1.32106006887498,6,3,6,Arizona,GPE,160,167
uc1.32106006887498,6,4,0,Sun Tracks,ORG,54,64
uc1.32106006887498,6,4,1,Department of English,ORG,66,87
uc1.32106006887498,6,4,2,University of Arizona,ORG,120,141
uc1.32106006887498,6,4,3,Tucson,GPE,143,149
uc1.32106006887498,6,4,4,Arizona,GPE,151,158
uc1.32106006887498,6,5,0,University of Arizona Press,ORG,30,57
uc1.32106006887498,6,5,1,Tucson,GPE,77,83
uc1.32106006887498,6,5,2,Arizona,GPE,85,92
uc1.32106006887498,6,5,3,85719,CARDINAL,93,98
uc1.32106006887498,6,6,0,1,CARDINAL,8,9
uc1.32106006887498,6,6,1,Sun Tracks,ORG,15,25
uc1.32106006887498,6,7,0,"Clearwater Publishing Company, Inc.",ORG,38,73
uc1.32106006887498,6,7,1,New York,GPE,90,98
uc1.32106006887498,6,7,2,NY,GPE,100,102
uc1.32106006887498,6,7,3,10023,CARDINAL,104,109
uc1.32106006887498,6,8,0,1977,DATE,12,16
uc1.32106006887498,6,8,1,Simon J. Ortiz,PERSON,20,34
uc1.32106006887498,6,8,2,the Netzahaulcoyotl Historical Society,ORG,39,77
uc1.32106006887498,6,8,3,SUN TRACKS and THE UNIVERSITY OF ARIZONA PRESS First Printing 1984,WORK_OF_ART,78,144
uc1.32106006887498,6,8,4,U.S.A.,GPE,165,171
uc1.32106006887498,6,9,0,Aaron Yava,PERSON,11,21
uc1.32106006887498,6,9,1,Library of Congress,ORG,22,41
uc1.32106006887498,6,9,2,Ortiz,PERSON,73,78
uc1.32106006887498,6,9,3,Simon J.,PERSON,80,88
uc1.32106006887498,6,9,4,1941,DATE,90,94
uc1.32106006887498,6,10,0,12,CARDINAL,16,18
uc1.32106006887498,6,11,0,12,CARDINAL,34,36
uc1.32106006887498,6,15,0,0-8165-0883-6 84-8458,CARDINAL,5,26
uc1.32106006887498,7,0,0,Raho Nez,PERSON,28,36
uc1.32106006887498,7,0,1,Rainy Dawn,PERSON,38,48
uc1.32106006887498,7,0,2,Sara Marie,PERSON,54,64
uc1.32106006887498,9,0,0,"July 13, Indian 1971",DATE,124,144
uc1.32106006887498,9,1,0,San Diego,GPE,23,32
uc1.32106006887498,9,1,1,January-February 1973,DATE,39,60
uc1.32106006887498,9,1,2,L.A. International Airport,FAC,97,123
uc1.32106006887498,9,4,0,one,CARDINAL,20,23
uc1.32106006887498,9,5,0,Grand Canyon,LOC,19,31
uc1.32106006887498,9,5,1,Christmas Eve,DATE,32,45
uc1.32106006887498,9,5,2,Canyon de Chelley,PERSON,209,226
uc1.32106006887498,9,5,3,Raho,PERSON,262,266
uc1.32106006887498,9,5,4,Albuquerque,GPE,285,296
uc1.32106006887498,9,5,5,Santa Fe,GPE,301,309
uc1.32106006887498,9,5,6,Mississippi,GPE,343,354
uc1.32106006887498,9,5,7,New Mexico,GPE,357,367
uc1.32106006887498,10,0,0,Indian,NORP,35,41
uc1.32106006887498,10,0,1,Cuba,GPE,123,127
uc1.32106006887498,10,0,2,New Mexico,GPE,129,139
uc1.32106006887498,10,0,3,Indianhead Bay,LOC,155,169
uc1.32106006887498,10,0,4,Ithaca,GPE,170,176
uc1.32106006887498,10,0,5,New York,GPE,178,186
uc1.32106006887498,10,1,0,Morning,TIME,27,34
uc1.32106006887498,10,1,1,Marion County,GPE,52,65
uc1.32106006887498,10,1,2,S.C.,GPE,67,71
uc1.32106006887498,10,2,0,Two,CARDINAL,61,64
uc1.32106006887498,10,2,1,Long House Valley,LOC,140,157
uc1.32106006887498,10,2,2,Irish,NORP,173,178
uc1.32106006887498,10,2,3,Saturday,DATE,188,196
uc1.32106006887498,10,2,4,Indian,NORP,204,210
uc1.32106006887498,10,2,5,Ten O'clock,TIME,211,222
uc1.32106006887498,10,2,6,American,NORP,235,243
uc1.32106006887498,10,2,7,Gallup,GPE,262,268
uc1.32106006887498,10,2,8,New Mexico,GPE,270,280
uc1.32106006887498,10,2,9,Heyaashi Guutah,PERSON,346,361
uc1.32106006887498,10,2,10,Gallup,GPE,378,384
uc1.32106006887498,11,0,0,Jose,PERSON,64,68
uc1.32106006887498,11,0,1,8:50 AM,TIME,137,144
uc1.32106006887498,11,0,2,Ft. Lyons,FAC,145,154
uc1.32106006887498,11,0,3,Two,CARDINAL,159,162
uc1.32106006887498,11,0,4,The Arkansas River,LOC,226,244
uc1.32106006887498,13,1,0,A Good Journey,WORK_OF_ART,82,96
uc1.32106006887498,13,9,0,A Good Journey,WORK_OF_ART,5,19
uc1.32106006887498,13,11,0,SIMON J. ORTIZ,PERSON,0,14
uc1.32106006887498,15,2,0,Indians,NORP,8,15
uc1.32106006887498,15,3,0,Coyote,PERSON,60,66
uc1.32106006887498,17,0,0,1,CARDINAL,0,1
uc1.32106006887498,18,0,0,YAVA 74 Ma sm,PERSON,1,14
uc1.32106006887498,19,0,0,Coyote,PERSON,14,20
uc1.32106006887498,19,0,1,Coyote,PERSON,25,31
uc1.32106006887498,19,2,0,Coyote,PERSON,15,21
uc1.32106006887498,19,7,0,Doestoevsky Coyote,PERSON,21,39
uc1.32106006887498,19,8,0,Zuni,GPE,25,29
uc1.32106006887498,19,8,1,that Saturday,DATE,48,61
uc1.32106006887498,20,3,0,Coyote,PERSON,0,6
uc1.32106006887498,20,6,0,Coyote,PERSON,107,113
uc1.32106006887498,20,12,0,one,CARDINAL,9,12
uc1.32106006887498,20,15,0,Crow,PERSON,11,15
uc1.32106006887498,20,16,0,one,CARDINAL,18,21
uc1.32106006887498,20,17,0,Crow,PERSON,48,52
uc1.32106006887498,21,3,0,Coyote,PERSON,4,10
uc1.32106006887498,21,4,0,Crow,PERSON,18,22
uc1.32106006887498,21,4,1,Crow,PERSON,87,91
uc1.32106006887498,21,4,2,Crow,PERSON,126,130
uc1.32106006887498,21,5,0,Coyote,PERSON,0,6
uc1.32106006887498,21,9,0,Crow,PERSON,22,26
uc1.32106006887498,21,12,0,Winter,DATE,38,44
uc1.32106006887498,21,12,1,Dog,PERSON,88,91
uc1.32106006887498,21,13,0,Winter,DATE,19,25
uc1.32106006887498,21,18,0,Muskogee,GPE,64,72
uc1.32106006887498,21,18,1,Tulsa,GPE,77,82
uc1.32106006887498,21,18,2,Tulsy Town,GPE,96,106
uc1.32106006887498,21,19,0,17,CARDINAL,0,2
uc1.32106006887498,22,1,0,Tulsa,GPE,16,21
uc1.32106006887498,22,1,1,a couple days,DATE,25,38
uc1.32106006887498,22,1,2,Pawnee,NORP,76,82
uc1.32106006887498,22,1,3,the Arkansas River,LOC,103,121
uc1.32106006887498,23,1,0,Uncle,PERSON,105,110
uc1.32106006887498,23,9,0,Crow,PERSON,37,41
uc1.32106006887498,23,10,0,Coyote,PERSON,0,6
uc1.32106006887498,23,12,0,Mocking Bird,PERSON,0,12
uc1.32106006887498,23,13,0,19,CARDINAL,0,2
uc1.32106006887498,24,0,0,Crow,PERSON,41,45
uc1.32106006887498,24,1,0,Coyote,PERSON,0,6
uc1.32106006887498,24,2,0,Coyote,PERSON,9,15
uc1.32106006887498,24,2,1,Crow,PERSON,34,38
uc1.32106006887498,24,3,0,Coyote,PERSON,6,12
uc1.32106006887498,24,4,0,Crow,PERSON,39,43
uc1.32106006887498,24,5,0,Coyote,PERSON,12,18
uc1.32106006887498,24,6,0,Crow,PERSON,4,8
uc1.32106006887498,24,6,1,Coyote,PERSON,20,26
uc1.32106006887498,24,8,0,Crow,PERSON,20,24
uc1.32106006887498,24,9,0,Coyote,PERSON,13,19
uc1.32106006887498,24,10,0,Crow,PERSON,0,4
uc1.32106006887498,24,12,0,Coyote,PERSON,0,6
uc1.32106006887498,24,13,0,Coyote,PERSON,27,33
uc1.32106006887498,24,14,0,Crow,PERSON,33,37
uc1.32106006887498,24,15,0,20,CARDINAL,0,2
uc1.32106006887498,25,0,0,Hesperus Camp,FAC,0,13
uc1.32106006887498,25,0,1,July 13,DATE,15,22
uc1.32106006887498,25,0,2,Indian 1971,DATE,24,35
uc1.32106006887498,25,1,0,Marge,PERSON,0,5
uc1.32106006887498,25,1,1,Susan,PERSON,10,15
uc1.32106006887498,25,1,2,last night,TIME,24,34
uc1.32106006887498,25,7,0,Simon,PERSON,1,6
uc1.32106006887498,25,12,0,Susan,PERSON,0,5
uc1.32106006887498,25,12,1,Massachusetts,GPE,14,27
uc1.32106006887498,25,13,0,Southwest,LOC,29,38
uc1.32106006887498,25,18,0,Buster,PERSON,1,7
uc1.32106006887498,25,18,1,twenty-four hours,TIME,33,50
uc1.32106006887498,25,19,0,Indian,NORP,10,16
uc1.32106006887498,25,20,0,Flower,PERSON,1,7
uc1.32106006887498,25,21,0,21,CARDINAL,16,18
uc1.32106006887498,26,2,0,Susan,PERSON,19,24
uc1.32106006887498,26,11,0,Monument Valley,LOC,24,39
uc1.32106006887498,26,12,0,Black Mountain,LOC,25,39
uc1.32106006887498,26,14,0,Monument Valley,LOC,18,33
uc1.32106006887498,26,14,1,just a couple million years ago,DATE,114,145
uc1.32106006887498,26,15,0,Utah,GPE,31,35
uc1.32106006887498,26,18,0,Canyon de Chelly,LOC,22,38
uc1.32106006887498,26,20,0,Lukachukai,LOC,24,34
uc1.32106006887498,26,20,1,evening,TIME,49,56
uc1.32106006887498,26,20,2,the evening,TIME,92,103
uc1.32106006887498,26,20,3,a day,DATE,107,112
uc1.32106006887498,27,1,0,Susan,PERSON,15,20
uc1.32106006887498,27,1,1,Marge,PERSON,25,30
uc1.32106006887498,27,5,0,23,CARDINAL,0,2
uc1.32106006887498,28,0,0,Magpie,PERSON,30,36
uc1.32106006887498,28,0,1,this morning,TIME,37,49
uc1.32106006887498,28,1,0,all morning,TIME,23,34
uc1.32106006887498,28,2,0,Magpie,PERSON,0,6
uc1.32106006887498,28,4,0,American,NORP,21,29
uc1.32106006887498,28,6,0,Skunk,PERSON,17,22
uc1.32106006887498,28,6,1,last night,TIME,23,33
uc1.32106006887498,28,11,0,The night,TIME,0,9
uc1.32106006887498,28,12,0,Several nights ago,DATE,0,18
uc1.32106006887498,28,12,1,first,ORDINAL,27,32
uc1.32106006887498,28,14,0,last night,TIME,4,14
uc1.32106006887498,28,20,0,24,CARDINAL,0,2
uc1.32106006887498,29,0,0,San Diego,GPE,2,11
uc1.32106006887498,29,0,1,January-February 1973,DATE,18,39
uc1.32106006887498,29,3,0,the morning,TIME,3,14
uc1.32106006887498,30,3,0,Arizona,GPE,28,35
uc1.32106006887498,30,3,1,Chinle,LOC,54,60
uc1.32106006887498,30,3,2,millions of years,DATE,112,129
uc1.32106006887498,30,5,0,Sonsela Butte,LOC,29,42
uc1.32106006887498,30,5,1,the Grand Canyon,LOC,55,71
uc1.32106006887498,30,8,0,L.A. International Airport,FAC,12,38
uc1.32106006887498,30,11,0,Catholic,NORP,41,49
uc1.32106006887498,30,16,0,26,CARDINAL,0,2
uc1.32106006887498,31,0,0,L.A. International Airport,FAC,6,32
uc1.32106006887498,31,0,1,L.A. International,FAC,103,121
uc1.32106006887498,31,4,0,American,NORP,70,78
uc1.32106006887498,31,9,0,L.A. International Airport,FAC,11,37
uc1.32106006887498,31,9,1,the West Coast,LOC,42,56
uc1.32106006887498,31,9,2,America,GPE,75,82
uc1.32106006887498,31,13,0,America,GPE,93,100
uc1.32106006887498,31,15,0,America,GPE,0,7
uc1.32106006887498,31,18,0,27,CARDINAL,0,2
uc1.32106006887498,32,0,0,Survival This Way Survival,WORK_OF_ART,0,26
uc1.32106006887498,32,6,0,28,CARDINAL,68,70
uc1.32106006887498,33,2,0,Kawaikamehtitra,NORP,67,82
uc1.32106006887498,33,2,1,Laguna,GPE,87,93
uc1.32106006887498,33,3,0,Tchaiyawahni ih-in Acoma,NORP,0,24
uc1.32106006887498,33,4,0,Lagunas,NORP,49,56
uc1.32106006887498,33,6,0,Coyote,PERSON,111,117
uc1.32106006887498,33,7,0,Coyote,NORP,16,22
uc1.32106006887498,33,8,0,Coyote,PERSON,55,61
uc1.32106006887498,33,9,0,Lagunas,NORP,11,18
uc1.32106006887498,33,9,1,one,CARDINAL,27,30
uc1.32106006887498,33,9,2,Acoma,NORP,31,36
uc1.32106006887498,33,10,0,one,CARDINAL,86,89
uc1.32106006887498,33,10,1,Coyote,PERSON,107,113
uc1.32106006887498,33,12,0,29,CARDINAL,0,2
uc1.32106006887498,34,0,0,One,CARDINAL,0,3
uc1.32106006887498,34,0,1,Coyote,NORP,11,17
uc1.32106006887498,34,2,0,the Coyote People,NORP,4,21
uc1.32106006887498,34,3,0,Sthuudzhishu Acumeh,PERSON,51,70
uc1.32106006887498,34,5,0,the Coyote People,ORG,10,27
uc1.32106006887498,34,6,0,The Coyote People,ORG,0,17
uc1.32106006887498,34,6,1,Lagunas,NORP,113,120
uc1.32106006887498,34,8,0,Coyote,PERSON,10,16
uc1.32106006887498,34,8,1,Pehrru,PERSON,20,26
uc1.32106006887498,34,9,0,Pehrru,PERSON,10,16
uc1.32106006887498,34,9,1,Coyote,PERSON,20,26
uc1.32106006887498,34,11,0,Pehrru,PERSON,18,24
uc1.32106006887498,34,12,0,Pehrru,PERSON,0,6
uc1.32106006887498,34,14,0,all day long,DATE,34,46
uc1.32106006887498,34,17,0,Pehrru,PERSON,9,15
uc1.32106006887498,34,17,1,30%,PERCENT,33,36
uc1.32106006887498,35,2,0,Pehrru,PERSON,11,17
uc1.32106006887498,35,3,0,Pehrru,PERSON,13,19
uc1.32106006887498,35,6,0,Pehrru,PERSON,10,16
uc1.32106006887498,35,10,0,Pehrru,PERSON,25,31
uc1.32106006887498,35,12,0,Pehrru,PERSON,39,45
uc1.32106006887498,35,15,0,Pehrru,PERSON,17,23
uc1.32106006887498,35,16,0,Pehrru,PERSON,97,103
uc1.32106006887498,35,16,1,Compadre,PERSON,106,114
uc1.32106006887498,35,17,0,Pehrru,PERSON,0,6
uc1.32106006887498,36,5,0,Pehrru,PERSON,0,6
uc1.32106006887498,36,8,0,Pehrru,PERSON,33,39
uc1.32106006887498,36,8,1,Pehrru,PERSON,91,97
uc1.32106006887498,36,10,0,Pehrru,PERSON,4,10
uc1.32106006887498,36,11,0,Henah,GPE,0,5
uc1.32106006887498,36,12,0,Pehrru,PERSON,32,38
uc1.32106006887498,36,12,1,Pehrru,PERSON,62,68
uc1.32106006887498,36,12,2,32,CARDINAL,138,140
uc1.32106006887498,37,1,0,One,CARDINAL,0,3
uc1.32106006887498,37,1,1,four,CARDINAL,10,14
uc1.32106006887498,37,2,0,Pehrru,PERSON,9,15
uc1.32106006887498,37,4,0,One,CARDINAL,0,3
uc1.32106006887498,37,4,1,Pehrru,PERSON,31,37
uc1.32106006887498,37,7,0,four,CARDINAL,4,8
uc1.32106006887498,37,8,0,Pehrru,PERSON,0,6
uc1.32106006887498,37,10,0,Pehrru,PERSON,15,21
uc1.32106006887498,37,11,0,Pehrru,PERSON,20,26
uc1.32106006887498,37,15,0,Pehrru,PERSON,0,6
uc1.32106006887498,37,16,0,one,CARDINAL,22,25
uc1.32106006887498,37,16,1,four,CARDINAL,33,37
uc1.32106006887498,37,17,0,Pehrru,PERSON,4,10
uc1.32106006887498,37,18,0,Pehrru,PERSON,58,64
uc1.32106006887498,37,19,0,Pehrru,PERSON,4,10
uc1.32106006887498,37,20,0,four,CARDINAL,4,8
uc1.32106006887498,37,20,1,Pehrru,PERSON,28,34
uc1.32106006887498,37,21,0,33,CARDINAL,0,2
uc1.32106006887498,38,2,0,Pehrru,PERSON,4,10
uc1.32106006887498,38,3,0,one,CARDINAL,6,9
uc1.32106006887498,38,4,0,one,CARDINAL,4,7
uc1.32106006887498,38,5,0,Pehrru,PERSON,34,40
uc1.32106006887498,38,6,0,one,CARDINAL,59,62
uc1.32106006887498,38,6,1,four,CARDINAL,70,74
uc1.32106006887498,38,7,0,Pehrru,PERSON,9,15
uc1.32106006887498,38,7,1,five,CARDINAL,50,54
uc1.32106006887498,38,8,0,One,CARDINAL,0,3
uc1.32106006887498,38,8,1,four,CARDINAL,120,124
uc1.32106006887498,38,9,0,four,CARDINAL,8,12
uc1.32106006887498,38,9,1,Pehrru,PERSON,39,45
uc1.32106006887498,38,9,2,Pehrru,PERSON,101,107
uc1.32106006887498,38,11,0,Pehrru,PERSON,9,15
uc1.32106006887498,38,12,0,Pehrru,PERSON,32,38
uc1.32106006887498,38,13,0,34,CARDINAL,0,2
uc1.32106006887498,39,0,0,INDIAN,NORP,15,21
uc1.32106006887498,39,0,1,75,CARDINAL,70,72
uc1.32106006887498,39,0,2,1.00,CARDINAL,105,109
uc1.32106006887498,39,1,0,35,CARDINAL,37,39
uc1.32106006887498,40,0,0,July 16,DATE,43,50
uc1.32106006887498,40,0,1,Indian 1971,DATE,64,75
uc1.32106006887498,40,1,0,two or three day,DATE,57,73
uc1.32106006887498,40,2,0,Hesperus,GPE,31,39
uc1.32106006887498,40,2,1,Colorado,GPE,41,49
uc1.32106006887498,40,2,2,Coleman,ORG,56,63
uc1.32106006887498,40,5,0,Durango,GPE,63,70
uc1.32106006887498,40,5,1,this morning,TIME,79,91
uc1.32106006887498,40,6,0,Rex,PERSON,12,15
uc1.32106006887498,40,7,0,Five,CARDINAL,14,18
uc1.32106006887498,40,7,1,six,CARDINAL,22,25
uc1.32106006887498,40,8,0,About two,CARDINAL,44,53
uc1.32106006887498,40,14,0,overnight,TIME,38,47
uc1.32106006887498,40,18,0,36,CARDINAL,0,2
uc1.32106006887498,41,1,0,Rex,PERSON,92,95
uc1.32106006887498,41,1,1,less than inch,QUANTITY,260,274
uc1.32106006887498,41,4,0,last night,TIME,57,67
uc1.32106006887498,41,6,0,Julia Childs,PERSON,111,123
uc1.32106006887498,41,11,0,the La Plata Mountains,LOC,15,37
uc1.32106006887498,41,11,1,Colorado,GPE,50,58
uc1.32106006887498,41,13,0,37,CARDINAL,0,2
uc1.32106006887498,42,0,0,Magpies,PERSON,14,21
uc1.32106006887498,42,1,0,Edward,PERSON,32,38
uc1.32106006887498,42,1,1,Susan Magpie,PERSON,43,55
uc1.32106006887498,42,2,0,Ed,PERSON,0,2
uc1.32106006887498,42,2,1,Su,PERSON,7,9
uc1.32106006887498,42,2,2,Relocation Welding School,ORG,63,88
uc1.32106006887498,42,4,0,Ed,PERSON,11,13
uc1.32106006887498,42,4,1,Su,PERSON,18,20
uc1.32106006887498,42,5,0,Oakland,GPE,29,36
uc1.32106006887498,42,5,1,Los Angeles,GPE,40,51
uc1.32106006887498,42,5,2,the Indian Center,FAC,56,73
uc1.32106006887498,42,6,0,Magpies,NORP,13,20
uc1.32106006887498,42,10,0,about two hours,TIME,37,52
uc1.32106006887498,42,10,1,another two hours,TIME,144,161
uc1.32106006887498,42,12,0,more than one,CARDINAL,13,26
uc1.32106006887498,42,17,0,38,CARDINAL,0,2
uc1.32106006887498,43,0,0,one,CARDINAL,20,23
uc1.32106006887498,43,2,0,Sunday,DATE,83,89
uc1.32106006887498,43,5,0,Rainy,PERSON,19,24
uc1.32106006887498,43,6,0,Tsuushki-Coyote,PERSON,0,15
uc1.32106006887498,43,9,0,"a hot, hot day",DATE,7,21
uc1.32106006887498,43,9,1,the Quail Women,ORG,37,52
uc1.32106006887498,43,11,0,Comadre,PERSON,15,22
uc1.32106006887498,43,14,0,Acu,GPE,95,98
uc1.32106006887498,43,16,0,39,CARDINAL,0,2
uc1.32106006887498,44,0,0,The Quail Women,PERSON,0,15
uc1.32106006887498,44,0,1,Tsuushki,PERSON,26,34
uc1.32106006887498,44,0,2,Tsuuschki,PERSON,129,138
uc1.32106006887498,44,2,0,The Quail Woman,PERSON,0,15
uc1.32106006887498,44,2,1,Coyote,LOC,90,96
uc1.32106006887498,44,4,0,Coyote,PERSON,30,36
uc1.32106006887498,44,5,0,the Quail Women,ORG,65,80
uc1.32106006887498,44,5,1,Coyote Lady,PERSON,116,127
uc1.32106006887498,44,8,0,Tsuushki,PERSON,5,13
uc1.32106006887498,44,11,0,Kahmaasquu BabaSpider,PERSON,18,39
uc1.32106006887498,44,12,0,Coyote,PERSON,4,10
uc1.32106006887498,44,12,1,40,DATE,31,33
uc1.32106006887498,45,2,0,Coyote,PERSON,3,9
uc1.32106006887498,45,2,1,Dya-ow Kahmaasquu,PERSON,18,35
uc1.32106006887498,45,4,0,Spider Grandmother,PERSON,4,22
uc1.32106006887498,45,13,0,Coyote,PERSON,30,36
uc1.32106006887498,45,14,0,Spider,PERSON,16,22
uc1.32106006887498,45,15,0,Coyote,PERSON,65,71
uc1.32106006887498,45,15,1,Tsuushki,PERSON,160,168
uc1.32106006887498,46,1,0,Spider Grandmother,PERSON,4,22
uc1.32106006887498,46,1,1,Coyote,PERSON,46,52
uc1.32106006887498,46,3,0,the Shuuwimuu GuiguikuutchahSkeleton Fixer-came,PERSON,22,69
uc1.32106006887498,46,5,0,Skeleton Fixer,PERSON,0,14
uc1.32106006887498,46,8,0,Skeleton Fixer,PERSON,4,18
uc1.32106006887498,46,12,0,Coyote,PERSON,67,73
uc1.32106006887498,46,13,0,Skeleton Fixer,PERSON,27,41
uc1.32106006887498,46,14,0,Coyote,PERSON,18,24
uc1.32106006887498,46,15,0,42,CARDINAL,0,2
uc1.32106006887498,47,0,0,Coyote,PERSON,7,13
uc1.32106006887498,47,0,1,Skeleton Fixer,PERSON,24,38
uc1.32106006887498,49,0,0,2,CARDINAL,0,1
uc1.32106006887498,51,0,0,Grand Canyon,FAC,0,12
uc1.32106006887498,51,0,1,Christmas Eve,DATE,13,26
uc1.32106006887498,51,10,0,Siberian,NORP,39,47
uc1.32106006887498,51,11,0,47,CARDINAL,232,234
uc1.32106006887498,52,6,0,Raho,PERSON,24,28
uc1.32106006887498,52,13,0,48,DATE,41,43
uc1.32106006887498,53,1,0,Evening,TIME,0,7
uc1.32106006887498,53,7,0,one,CARDINAL,4,7
uc1.32106006887498,53,10,0,Mutton,ORG,0,6
uc1.32106006887498,53,13,0,U.S. Forest Service,ORG,9,28
uc1.32106006887498,53,13,1,KAIBAB NATIONAL FOREST,ORG,41,63
uc1.32106006887498,53,13,2,85,CARDINAL,157,159
uc1.32106006887498,53,16,0,49,CARDINAL,24,26
uc1.32106006887498,54,6,0,winter,DATE,74,80
uc1.32106006887498,54,6,1,Coyote,PERSON,110,116
uc1.32106006887498,54,6,2,Christ,PERSON,137,143
uc1.32106006887498,54,8,0,50,CARDINAL,0,2
uc1.32106006887498,55,0,0,Raho,PERSON,12,16
uc1.32106006887498,55,4,0,only a second,TIME,63,76
uc1.32106006887498,55,5,0,Raho,PERSON,0,4
uc1.32106006887498,55,6,0,Rainy,PERSON,0,5
uc1.32106006887498,55,9,0,Easter Sunday,DATE,47,60
uc1.32106006887498,55,10,0,One,CARDINAL,0,3
uc1.32106006887498,55,13,0,51,CARDINAL,0,2
uc1.32106006887498,56,1,0,million years old,DATE,36,53
uc1.32106006887498,56,6,0,the millions of years,DATE,33,54
uc1.32106006887498,56,10,0,52,CARDINAL,0,2
uc1.32106006887498,57,4,0,53,CARDINAL,0,2
uc1.32106006887498,58,1,0,this morning,TIME,10,22
uc1.32106006887498,58,2,0,Joy,PERSON,5,8
uc1.32106006887498,58,2,1,sometime after five,TIME,39,58
uc1.32106006887498,58,3,0,morning,TIME,7,14
uc1.32106006887498,58,4,0,two days-old,DATE,24,36
uc1.32106006887498,58,5,0,University Drug,ORG,31,46
uc1.32106006887498,58,6,0,morning,TIME,31,38
uc1.32106006887498,58,7,0,two,CARDINAL,4,7
uc1.32106006887498,58,8,0,One,CARDINAL,0,3
uc1.32106006887498,58,10,0,"July 5, 1973,",DATE,0,13
uc1.32106006887498,58,10,1,54,DATE,32,34
uc1.32106006887498,59,0,0,Yesterday,DATE,0,9
uc1.32106006887498,59,0,1,two,CARDINAL,45,48
uc1.32106006887498,59,8,0,Joy,PERSON,7,10
uc1.32106006887498,59,10,0,Joy,PERSON,34,37
uc1.32106006887498,59,11,0,Joy,PERSON,30,33
uc1.32106006887498,59,12,0,Joy,PERSON,43,46
uc1.32106006887498,59,16,0,55,CARDINAL,0,2
uc1.32106006887498,60,0,0,Seven,CARDINAL,0,5
uc1.32106006887498,60,2,0,six,CARDINAL,15,18
uc1.32106006887498,60,2,1,one,CARDINAL,29,32
uc1.32106006887498,60,5,0,the Wisconsin Horse,ORG,4,23
uc1.32106006887498,60,5,1,a mile,QUANTITY,95,101
uc1.32106006887498,60,6,0,Joy,PERSON,23,26
uc1.32106006887498,60,17,0,56,DATE,51,53
uc1.32106006887498,61,2,0,Joy,PERSON,0,3
uc1.32106006887498,61,4,0,Joy,PERSON,6,9
uc1.32106006887498,61,5,0,Joy,PERSON,53,56
uc1.32106006887498,61,14,0,57,CARDINAL,0,2
uc1.32106006887498,62,0,0,a week,DATE,128,134
uc1.32106006887498,62,4,0,Ed Marlow,PERSON,43,52
uc1.32106006887498,62,4,1,Eastern Kentucky,LOC,65,81
uc1.32106006887498,62,4,2,Caroline Kennedy,PERSON,88,104
uc1.32106006887498,62,6,0,Albermarle County,GPE,0,17
uc1.32106006887498,62,7,0,"July 5, 1973",DATE,0,12
uc1.32106006887498,62,8,0,Spider,PERSON,12,18
uc1.32106006887498,62,9,0,58,DATE,53,55
uc1.32106006887498,63,3,0,five more days,DATE,3,17
uc1.32106006887498,63,6,0,59,CARDINAL,0,2
uc1.32106006887498,64,1,0,San Ysidro,GPE,10,20
uc1.32106006887498,64,1,1,Colorado,GPE,35,43
uc1.32106006887498,64,3,0,Raho,PERSON,0,4
uc1.32106006887498,64,11,0,60,CARDINAL,0,2
uc1.32106006887498,65,0,0,Today,DATE,0,5
uc1.32106006887498,65,0,1,Katzina,PERSON,10,17
uc1.32106006887498,65,2,0,Katzina,PERSON,16,23
uc1.32106006887498,65,13,0,61,CARDINAL,3,5
uc1.32106006887498,66,0,0,Pout Daughter,PERSON,0,13
uc1.32106006887498,66,6,0,62,CARDINAL,0,2
uc1.32106006887498,67,0,0,Burning River,LOC,0,13
uc1.32106006887498,67,3,0,Joan,PERSON,0,4
uc1.32106006887498,67,3,1,Kent State,GPE,70,80
uc1.32106006887498,67,4,0,America,GPE,27,34
uc1.32106006887498,67,5,0,America,GPE,40,47
uc1.32106006887498,67,11,0,63,CARDINAL,0,2
uc1.32106006887498,68,0,0,four,CARDINAL,240,244
uc1.32106006887498,68,0,1,River,LOC,255,260
uc1.32106006887498,69,0,0,Morning,TIME,2,9
uc1.32106006887498,69,1,0,this morning,TIME,4,16
uc1.32106006887498,69,7,0,65,CARDINAL,0,2
uc1.32106006887498,71,0,0,Canyon de Chelly,FAC,0,16
uc1.32106006887498,71,2,0,a million years,DATE,56,71
uc1.32106006887498,71,10,0,winter,DATE,3,9
uc1.32106006887498,71,11,0,hundreds of feet,QUANTITY,33,49
uc1.32106006887498,72,0,0,spring,DATE,88,94
uc1.32106006887498,72,6,0,68,CARDINAL,0,2
uc1.32106006887498,73,0,0,Raho,PERSON,35,39
uc1.32106006887498,73,0,1,Rainy,PERSON,44,49
uc1.32106006887498,73,1,0,this morning,TIME,72,84
uc1.32106006887498,73,1,1,all days,DATE,93,101
uc1.32106006887498,73,8,0,Spring 1975,DATE,39,50
uc1.32106006887498,73,8,1,Colorado,GPE,55,63
uc1.32106006887498,73,9,0,This morning,TIME,0,12
uc1.32106006887498,73,13,0,69,DATE,19,21
uc1.32106006887498,75,7,0,71,CARDINAL,7,9
uc1.32106006887498,76,0,0,Albuquerque,GPE,8,19
uc1.32106006887498,76,0,1,Santa Fe,GPE,24,32
uc1.32106006887498,76,1,0,Cerro Gordo,LOC,51,62
uc1.32106006887498,76,4,0,Max,PERSON,8,11
uc1.32106006887498,76,6,0,a cold winter day,DATE,7,24
uc1.32106006887498,76,6,1,evening,TIME,37,44
uc1.32106006887498,76,7,0,that day,DATE,35,43
uc1.32106006887498,76,7,1,that night,TIME,63,73
uc1.32106006887498,76,10,0,the Jemez and Sandia Mountains,LOC,22,52
uc1.32106006887498,76,11,0,Santa Fe,GPE,38,46
uc1.32106006887498,76,11,1,Albuquerque,GPE,51,62
uc1.32106006887498,76,11,2,about a dozen,CARDINAL,64,77
uc1.32106006887498,76,12,0,Santo Domingo,GPE,2,15
uc1.32106006887498,76,14,0,Three,CARDINAL,0,5
uc1.32106006887498,76,14,1,San Felipe Pueblo,GPE,25,42
uc1.32106006887498,76,15,0,72,CARDINAL,0,2
uc1.32106006887498,77,7,0,One night,TIME,0,9
uc1.32106006887498,77,9,0,two,CARDINAL,15,18
uc1.32106006887498,77,15,0,Mississippi,GPE,5,16
uc1.32106006887498,77,16,0,Several years back,DATE,0,18
uc1.32106006887498,77,16,1,Shirley,PERSON,20,27
uc1.32106006887498,77,16,2,Rand,PERSON,29,33
uc1.32106006887498,77,16,3,Hilary,PERSON,35,41
uc1.32106006887498,77,16,4,Agnes,PERSON,43,48
uc1.32106006887498,77,16,5,Brian,PERSON,50,55
uc1.32106006887498,77,16,6,Raho,PERSON,57,61
uc1.32106006887498,77,16,7,Taos,GPE,87,91
uc1.32106006887498,77,17,0,the La Bajada,LOC,19,32
uc1.32106006887498,77,17,1,Santa Fe,GPE,42,50
uc1.32106006887498,77,18,0,Shirley,PERSON,26,33
uc1.32106006887498,77,18,1,Mississippi,GPE,51,62
uc1.32106006887498,77,19,0,the La Bajada,LOC,11,24
uc1.32106006887498,77,20,0,One,CARDINAL,0,3
uc1.32106006887498,77,20,1,Santo Domingo,GPE,7,20
uc1.32106006887498,77,20,2,U.S.,GPE,47,51
uc1.32106006887498,77,21,0,73,CARDINAL,0,2
uc1.32106006887498,78,0,0,One,CARDINAL,0,3
uc1.32106006887498,78,1,0,La Bajada,LOC,27,36
uc1.32106006887498,78,1,1,the Sangre de Christo,LOC,50,71
uc1.32106006887498,78,1,2,Jemez,LOC,77,82
uc1.32106006887498,78,1,3,Ortiz,LOC,88,93
uc1.32106006887498,78,1,4,the Sandia Mountains,LOC,99,119
uc1.32106006887498,78,3,0,two,CARDINAL,14,17
uc1.32106006887498,78,4,0,St. Catherine's Indian School,ORG,37,66
uc1.32106006887498,78,4,1,Santa Fe,GPE,70,78
uc1.32106006887498,78,4,2,Teseque,GPE,129,136
uc1.32106006887498,78,5,0,the first year,DATE,9,23
uc1.32106006887498,78,16,0,about nine miles,QUANTITY,5,21
uc1.32106006887498,78,16,1,Santa Fe,GPE,71,79
uc1.32106006887498,78,20,0,74,CARDINAL,0,2
uc1.32106006887498,79,0,0,New Mexico,GPE,2,12
uc1.32106006887498,79,1,0,American,NORP,14,22
uc1.32106006887498,79,3,0,COCHITI CITY,GPE,0,12
uc1.32106006887498,79,6,0,Salas,PERSON,0,5
uc1.32106006887498,79,8,0,This year,DATE,0,9
uc1.32106006887498,79,8,1,CITY,ORG,18,22
uc1.32106006887498,79,8,2,Southern California,LOC,54,73
uc1.32106006887498,79,10,0,75,CARDINAL,0,2
uc1.32106006887498,80,0,0,Sam,PERSON,0,3
uc1.32106006887498,80,0,1,Jody,PERSON,5,9
uc1.32106006887498,80,0,2,June 1971,DATE,47,56
uc1.32106006887498,80,1,0,North Carolina,GPE,29,43
uc1.32106006887498,80,3,0,Sam,PERSON,0,3
uc1.32106006887498,80,3,1,COCHITI CITY,GPE,30,42
uc1.32106006887498,80,4,0,The U.S. Corps of Engineers,ORG,0,27
uc1.32106006887498,80,13,0,Sam,PERSON,0,3
uc1.32106006887498,80,17,0,Sam,PERSON,0,3
uc1.32106006887498,80,18,0,Jody,PERSON,23,27
uc1.32106006887498,80,20,0,Three,CARDINAL,0,5
uc1.32106006887498,80,20,1,Indians,NORP,6,13
uc1.32106006887498,80,20,2,two,CARDINAL,47,50
uc1.32106006887498,80,20,3,millions of dollars,MONEY,76,95
uc1.32106006887498,80,21,0,Sam,PERSON,26,29
uc1.32106006887498,80,22,0,Cochiti,NORP,36,43
uc1.32106006887498,80,23,0,One,CARDINAL,0,3
uc1.32106006887498,80,24,0,Indian,NORP,9,15
uc1.32106006887498,80,26,0,COCHITI CITY,GPE,16,28
uc1.32106006887498,80,26,1,Indian,NORP,45,51
uc1.32106006887498,80,28,0,Sam,PERSON,0,3
uc1.32106006887498,80,28,1,Indians Building a New Way of Life,WORK_OF_ART,46,80
uc1.32106006887498,80,31,0,Pena Blanca,FAC,14,25
uc1.32106006887498,80,31,1,a half pint,QUANTITY,30,41
uc1.32106006887498,80,31,2,six,CARDINAL,48,51
uc1.32106006887498,80,32,0,Albuquerque,GPE,19,30
uc1.32106006887498,80,33,0,76,CARDINAL,0,2
uc1.32106006887498,81,1,0,Dave,PERSON,12,16
uc1.32106006887498,81,1,1,VW,ORG,19,21
uc1.32106006887498,81,1,2,Albuquerque,GPE,25,36
uc1.32106006887498,81,1,3,Cochiti Canyon,LOC,51,65
uc1.32106006887498,81,1,4,Dave,PERSON,144,148
uc1.32106006887498,81,7,0,about a mile,QUANTITY,31,43
uc1.32106006887498,82,2,0,a mile,QUANTITY,24,30
uc1.32106006887498,82,5,0,"10,000 years",DATE,25,37
uc1.32106006887498,82,7,0,Grants,GPE,23,29
uc1.32106006887498,82,8,0,AT&SFRY,ORG,25,32
uc1.32106006887498,82,9,0,Santa Fe,GPE,20,28
uc1.32106006887498,82,9,1,Lamy,GPE,65,69
uc1.32106006887498,82,11,0,Grants,GPE,5,11
uc1.32106006887498,82,11,1,McCartys,GPE,29,37
uc1.32106006887498,82,14,0,Laguna,GPE,9,15
uc1.32106006887498,82,14,1,Mesita,GPE,22,28
uc1.32106006887498,82,14,2,Belen,GPE,52,57
uc1.32106006887498,82,14,3,Albuquerque,GPE,90,101
uc1.32106006887498,82,15,0,Albuquerque,GPE,5,16
uc1.32106006887498,82,15,1,Sandia,GPE,37,43
uc1.32106006887498,82,15,2,Bernallio,GPE,45,54
uc1.32106006887498,82,15,3,Algodones,GPE,56,65
uc1.32106006887498,82,15,4,San Felipe,GPE,67,77
uc1.32106006887498,82,15,5,Santo Domingo,GPE,83,96
uc1.32106006887498,82,16,0,Galisteo,LOC,18,26
uc1.32106006887498,82,16,1,Rockies,LOC,95,102
uc1.32106006887498,82,16,2,Sandias,LOC,108,115
uc1.32106006887498,82,16,3,Jemez,LOC,117,122
uc1.32106006887498,82,16,4,the Sangre de Cristo,LOC,128,148
uc1.32106006887498,82,17,0,Lamy,GPE,45,49
uc1.32106006887498,82,18,0,Santa Fe,FAC,58,66
uc1.32106006887498,82,20,0,78,CARDINAL,42,44
uc1.32106006887498,83,0,0,Santa Fe,GPE,47,55
uc1.32106006887498,83,1,0,the De Vargas Hotel,ORG,13,32
uc1.32106006887498,83,1,1,that night,TIME,33,43
uc1.32106006887498,83,3,0,Santa Fe Fiesta,EVENT,14,29
uc1.32106006887498,83,4,0,two hours,TIME,16,25
uc1.32106006887498,83,6,0,Nambe,NORP,49,54
uc1.32106006887498,83,7,0,Saint Catherines Indian School,ORG,12,42
uc1.32106006887498,83,15,0,first,ORDINAL,13,18
uc1.32106006887498,83,17,0,79,CARDINAL,0,2
uc1.32106006887498,84,1,0,centuries,DATE,45,54
uc1.32106006887498,84,11,0,80,CARDINAL,0,2
uc1.32106006887498,85,3,0,Coyote,PERSON,9,15
uc1.32106006887498,85,4,0,Magpie,PERSON,9,15
uc1.32106006887498,85,5,0,Raho Nez,PERSON,9,17
uc1.32106006887498,85,5,1,Rainy Dawn,PERSON,22,32
uc1.32106006887498,85,18,0,Emeh eh eh naitra guh.,PERSON,0,22
uc1.32106006887498,85,23,0,Nyow skhetsashru.,PERSON,0,17
uc1.32106006887498,85,25,0,Nyuu skhetsashru,NORP,0,16
uc1.32106006887498,85,28,0,81,CARDINAL,0,2
uc1.32106006887498,87,0,0,3,CARDINAL,0,1
uc1.32106006887498,89,0,0,This Indian Woman,PERSON,7,24
uc1.32106006887498,89,2,0,Aiiee,PERSON,0,5
uc1.32106006887498,89,8,0,Tsailee,LOC,17,24
uc1.32106006887498,90,11,0,998,CARDINAL,0,3
uc1.32106006887498,91,0,0,Salmon Jump It,WORK_OF_ART,9,23
uc1.32106006887498,92,0,0,Indians,NORP,5,12
uc1.32106006887498,92,1,0,Juneau,GPE,0,6
uc1.32106006887498,92,1,1,Pine Ridge,LOC,7,17
uc1.32106006887498,92,1,2,Tahlequah,GPE,24,33
uc1.32106006887498,92,1,3,Salamanca,GPE,34,43
uc1.32106006887498,92,1,4,Choctaw,GPE,44,51
uc1.32106006887498,92,1,5,Red Lake,GPE,52,60
uc1.32106006887498,92,1,6,Lumbee,GPE,61,67
uc1.32106006887498,92,1,7,Boston,GPE,68,74
uc1.32106006887498,92,1,8,Wind River,GPE,75,85
uc1.32106006887498,92,1,9,Nambe,GPE,86,91
uc1.32106006887498,92,1,10,Ft. Duchesne,GPE,92,104
uc1.32106006887498,92,1,11,Tesuque,GPE,105,112
uc1.32106006887498,92,1,12,Chinle,GPE,113,119
uc1.32106006887498,92,1,13,Lame Deer,GPE,120,129
uc1.32106006887498,92,1,14,Seattle,GPE,130,137
uc1.32106006887498,92,1,15,Pit River,GPE,138,147
uc1.32106006887498,92,1,16,Brighton Res,GPE,148,160
uc1.32106006887498,92,1,17,Vancouver,GPE,161,170
uc1.32106006887498,92,1,18,Parker Acoma,GPE,171,183
uc1.32106006887498,92,1,19,ten miles,QUANTITY,200,209
uc1.32106006887498,92,1,20,Snow Bird,GPE,215,224
uc1.32106006887498,92,4,0,88,CARDINAL,0,2
uc1.32106006887498,93,0,0,Places We Have Been,WORK_OF_ART,0,19
uc1.32106006887498,93,0,1,Vada,ORG,20,24
uc1.32106006887498,93,0,2,Cuba,GPE,30,34
uc1.32106006887498,93,0,3,New Mexico,GPE,36,46
uc1.32106006887498,93,3,0,Vada's,ORG,0,6
uc1.32106006887498,93,3,1,a slow spring day,DATE,39,56
uc1.32106006887498,93,4,0,Nageezi,GPE,30,37
uc1.32106006887498,93,6,0,Chicano,NORP,8,15
uc1.32106006887498,93,7,0,German,LANGUAGE,9,15
uc1.32106006887498,93,7,1,War,EVENT,25,28
uc1.32106006887498,93,7,2,French,LANGUAGE,44,50
uc1.32106006887498,93,8,0,Jemez,PERSON,11,16
uc1.32106006887498,93,9,0,Navajo,LANGUAGE,9,15
uc1.32106006887498,93,10,0,Acoma,LANGUAGE,8,13
uc1.32106006887498,93,18,0,89,CARDINAL,0,2
uc1.32106006887498,94,1,0,Maine,GPE,9,14
uc1.32106006887498,94,2,0,Canada,GPE,29,35
uc1.32106006887498,94,3,0,Kaweshtima,LOC,80,90
uc1.32106006887498,94,3,1,a couple months back,DATE,114,134
uc1.32106006887498,94,4,0,Calais,GPE,33,39
uc1.32106006887498,94,5,0,Indian,NORP,134,140
uc1.32106006887498,94,6,0,Moosehead Lake,LOC,22,36
uc1.32106006887498,94,8,0,seventeen miles,QUANTITY,35,50
uc1.32106006887498,94,14,0,late that night,TIME,7,22
uc1.32106006887498,94,17,0,90,CARDINAL,0,2
uc1.32106006887498,95,0,0,Indianhead Bay,LOC,0,14
uc1.32106006887498,95,0,1,Kennebek River,LOC,35,49
uc1.32106006887498,95,0,2,Indians,NORP,90,97
uc1.32106006887498,95,4,0,Indian,NORP,6,12
uc1.32106006887498,95,8,0,Bay,LOC,22,25
uc1.32106006887498,95,11,0,Indians,NORP,20,27
uc1.32106006887498,95,15,0,Acoma Indian,NORP,19,31
uc1.32106006887498,95,15,1,Pilgrim,NORP,42,49
uc1.32106006887498,95,17,0,Ithaca,GPE,0,6
uc1.32106006887498,95,17,1,New York,GPE,8,16
uc1.32106006887498,95,18,0,Buffalo,GPE,14,21
uc1.32106006887498,95,19,0,that year,DATE,17,26
uc1.32106006887498,95,20,0,night,TIME,2,7
uc1.32106006887498,95,20,1,Vada,ORG,40,44
uc1.32106006887498,95,22,0,91,CARDINAL,0,2
uc1.32106006887498,96,1,0,Indian,NORP,135,141
uc1.32106006887498,96,8,0,Montreal,GPE,12,20
uc1.32106006887498,96,10,0,Indian,NORP,46,52
uc1.32106006887498,97,0,0,Vermont,GPE,56,63
uc1.32106006887498,97,7,0,that night,TIME,15,25
uc1.32106006887498,97,9,0,All night long,TIME,0,14
uc1.32106006887498,97,9,1,New England,LOC,45,56
uc1.32106006887498,97,9,2,Indian,NORP,57,63
uc1.32106006887498,97,13,0,93,CARDINAL,0,2
uc1.32106006887498,98,0,0,Morning By A Lakeside,WORK_OF_ART,0,21
uc1.32106006887498,98,0,1,Marion County,GPE,25,38
uc1.32106006887498,98,0,2,S.C.,GPE,40,44
uc1.32106006887498,98,1,0,Kathryn,PERSON,5,12
uc1.32106006887498,98,1,1,Pensacola,GPE,134,143
uc1.32106006887498,98,1,2,Atlanta,GPE,146,153
uc1.32106006887498,98,1,3,Interstate,FAC,232,242
uc1.32106006887498,98,4,0,Kent State USA,GPE,45,59
uc1.32106006887498,98,6,0,2 Spring 1970,DATE,0,13
uc1.32106006887498,98,7,0,Last night,TIME,0,10
uc1.32106006887498,98,7,1,Bullfrog,PERSON,15,23
uc1.32106006887498,98,8,0,one,CARDINAL,10,13
uc1.32106006887498,98,8,1,all night long,TIME,25,39
uc1.32106006887498,98,10,0,the morning,TIME,3,14
uc1.32106006887498,98,11,0,94,CARDINAL,0,2
uc1.32106006887498,99,0,0,South Carolina,GPE,58,72
uc1.32106006887498,99,1,0,Marion County,GPE,15,28
uc1.32106006887498,99,3,0,Black,NORP,45,50
uc1.32106006887498,99,4,0,Blacks,NORP,36,42
uc1.32106006887498,99,6,0,Marion,GPE,0,6
uc1.32106006887498,99,10,0,Jackson,PERSON,23,30
uc1.32106006887498,99,10,1,Texas,GPE,44,49
uc1.32106006887498,99,10,2,Alabama,GPE,69,76
uc1.32106006887498,99,11,0,half,CARDINAL,60,64
uc1.32106006887498,99,11,1,Schlitz,ORG,68,75
uc1.32106006887498,99,11,2,the 1800s,DATE,81,90
uc1.32106006887498,99,12,0,Georgia,GPE,21,28
uc1.32106006887498,99,12,1,Alabama,GPE,30,37
uc1.32106006887498,99,12,2,Mississippi,GPE,43,54
uc1.32106006887498,99,13,0,95,CARDINAL,0,2
uc1.32106006887498,100,0,0,Slender Oak Woman,PERSON,15,32
uc1.32106006887498,100,1,0,Indian,NORP,13,19
uc1.32106006887498,100,2,0,San Luis Valley,LOC,0,15
uc1.32106006887498,100,3,0,Mexican,NORP,34,41
uc1.32106006887498,100,5,0,fourteen,DATE,47,55
uc1.32106006887498,100,7,0,VAH,ORG,42,45
uc1.32106006887498,100,16,0,96,CARDINAL,0,2
uc1.32106006887498,101,5,0,Hozhoni,NORP,0,7
uc1.32106006887498,101,6,0,Hozhoni,NORP,0,7
uc1.32106006887498,101,7,0,Hozhoni,NORP,0,7
uc1.32106006887498,101,8,0,Cibecue,GPE,0,7
uc1.32106006887498,101,8,1,White Mountain,LOC,38,52
uc1.32106006887498,101,8,2,Arizona,GPE,68,75
uc1.32106006887498,101,8,3,Hozhoni,NORP,76,83
uc1.32106006887498,101,9,0,White Mountains,LOC,15,30
uc1.32106006887498,101,9,1,Judy,PERSON,33,37
uc1.32106006887498,101,11,0,97,CARDINAL,0,2
uc1.32106006887498,102,1,0,Apache,NORP,15,21
uc1.32106006887498,102,1,1,Early,PERSON,33,38
uc1.32106006887498,102,5,0,Mountain,LOC,42,50
uc1.32106006887498,102,6,0,Salt River Canyon,LOC,0,17
uc1.32106006887498,102,6,1,about fifteen miles,QUANTITY,25,44
uc1.32106006887498,102,6,2,Sam,PERSON,47,50
uc1.32106006887498,102,7,0,Salt River Canyon,LOC,0,17
uc1.32106006887498,102,8,0,Salt River Canyon,LOC,0,17
uc1.32106006887498,102,9,0,Apache,NORP,0,6
uc1.32106006887498,102,10,0,Apache,NORP,0,6
uc1.32106006887498,102,11,0,Apache,NORP,0,6
uc1.32106006887498,102,12,0,Apache,NORP,0,6
uc1.32106006887498,102,14,0,886,CARDINAL,0,3
uc1.32106006887498,103,0,0,Minnesota,GPE,170,179
uc1.32106006887498,103,1,0,Wolverine Woman,PERSON,8,23
uc1.32106006887498,103,5,0,Wolverine Woman,PERSON,7,22
uc1.32106006887498,103,6,0,99,CARDINAL,0,2
uc1.32106006887498,104,0,0,Two,CARDINAL,0,3
uc1.32106006887498,104,0,1,Coyote,PERSON,4,10
uc1.32106006887498,104,0,2,Coyote,PERSON,42,48
uc1.32106006887498,104,0,3,Laguna Fiesta,GPE,66,79
uc1.32106006887498,104,2,0,Coyote,PERSON,5,11
uc1.32106006887498,104,4,0,one,CARDINAL,48,51
uc1.32106006887498,104,4,1,Navajo,NORP,80,86
uc1.32106006887498,104,4,2,Coyote,PERSON,111,117
uc1.32106006887498,104,4,3,five dollars,MONEY,132,144
uc1.32106006887498,104,4,4,Mesita,NORP,200,206
uc1.32106006887498,104,5,0,Coyote,PERSON,5,11
uc1.32106006887498,104,7,0,Isleta,GPE,9,15
uc1.32106006887498,104,10,0,One night,TIME,0,9
uc1.32106006887498,104,10,1,Colorado,GPE,32,40
uc1.32106006887498,104,11,0,Rex,PERSON,0,3
uc1.32106006887498,104,12,0,100,CARDINAL,12,15
uc1.32106006887498,105,1,0,Rex,PERSON,32,35
uc1.32106006887498,105,5,0,Coyote,NORP,14,20
uc1.32106006887498,105,7,0,some miles,QUANTITY,27,37
uc1.32106006887498,105,7,1,the Rio de la Plata,FAC,65,84
uc1.32106006887498,105,18,0,one,CARDINAL,42,45
uc1.32106006887498,105,18,1,Encinal,FAC,54,61
uc1.32106006887498,105,18,2,only one,CARDINAL,109,117
uc1.32106006887498,106,0,0,Boston,GPE,22,28
uc1.32106006887498,106,0,1,East,LOC,104,108
uc1.32106006887498,106,1,0,the La Plata Mountains,LOC,94,116
uc1.32106006887498,106,4,0,Rex,PERSON,14,17
uc1.32106006887498,106,5,0,that summer,DATE,26,37
uc1.32106006887498,106,7,0,Denver,GPE,47,53
uc1.32106006887498,106,7,1,the next day,DATE,54,66
uc1.32106006887498,106,11,0,Coyote,PERSON,24,30
uc1.32106006887498,106,14,0,102,CARDINAL,0,3
uc1.32106006887498,109,0,0,4,CARDINAL,0,1
uc1.32106006887498,111,0,0,Montezuma Castle,FAC,27,43
uc1.32106006887498,111,0,1,the Verde Valley,LOC,47,63
uc1.32106006887498,111,0,2,Arizona,GPE,65,72
uc1.32106006887498,111,1,0,1.00,MONEY,52,56
uc1.32106006887498,111,1,1,1 DAY,DATE,61,66
uc1.32106006887498,111,1,2,0.50,MONEY,169,173
uc1.32106006887498,111,1,3,1 DAY,DATE,178,183
uc1.32106006887498,111,1,4,THE LAND AND WATER CONSERVATION FUND ACT,LAW,268,308
uc1.32106006887498,111,1,5,1965,DATE,312,316
uc1.32106006887498,111,2,0,This morning,TIME,0,12
uc1.32106006887498,111,10,0,107,CARDINAL,0,3
uc1.32106006887498,112,1,0,Morning,TIME,0,7
uc1.32106006887498,112,2,0,today,DATE,15,20
uc1.32106006887498,112,8,0,59TH,ORDINAL,0,4
uc1.32106006887498,112,8,1,THE UNITED STATES OF AMERICA,GPE,17,45
uc1.32106006887498,112,8,2,FIRST,ORDINAL,53,58
uc1.32106006887498,112,8,3,WASHINGTON,GPE,98,108
uc1.32106006887498,112,8,4,"MONDAY, THE FOURTH DAY OF DECEMBER",DATE,112,146
uc1.32106006887498,112,8,5,ONE THOUSAND,DATE,148,160
uc1.32106006887498,112,8,6,NINE HUNDRED AND,DATE,162,178
uc1.32106006887498,112,8,7,FIVE,CARDINAL,179,183
uc1.32106006887498,112,10,0,1200 AD,DATE,51,58
uc1.32106006887498,112,10,1,1350 AD,DATE,63,70
uc1.32106006887498,112,10,2,AD 1450,DATE,84,91
uc1.32106006887498,112,11,0,The Sinagua Indians,NORP,3,22
uc1.32106006887498,113,0,0,Long House Valley,LOC,0,17
uc1.32106006887498,113,0,1,Arizona,GPE,53,60
uc1.32106006887498,113,0,2,one,CARDINAL,67,70
uc1.32106006887498,113,3,0,Tsegi,LOC,0,5
uc1.32106006887498,113,5,0,millions of years old,DATE,15,36
uc1.32106006887498,113,6,0,Mohawk,PRODUCT,2,8
uc1.32106006887498,113,6,1,Cadillac,ORG,50,58
uc1.32106006887498,113,11,0,the Peabody Coal Company,ORG,19,43
uc1.32106006887498,113,12,0,Black Mesa Mine,FAC,0,15
uc1.32106006887498,113,14,0,Mountain,LOC,20,28
uc1.32106006887498,113,14,1,Phoenix,GPE,37,44
uc1.32106006887498,113,14,2,Denver,GPE,53,59
uc1.32106006887498,114,0,0,Los Angeles,GPE,7,18
uc1.32106006887498,114,0,1,Las Vegas,GPE,27,36
uc1.32106006887498,114,3,0,Mountain,LOC,47,55
uc1.32106006887498,114,5,0,millions of years old,DATE,15,36
uc1.32106006887498,114,9,0,110,CARDINAL,0,3
uc1.32106006887498,115,0,0,Aguilar,PERSON,19,26
uc1.32106006887498,115,0,1,James,PERSON,28,33
uc1.32106006887498,115,0,2,1969,DATE,87,91
uc1.32106006887498,115,1,0,James,PERSON,26,31
uc1.32106006887498,115,2,0,Aguilar,PERSON,26,33
uc1.32106006887498,115,7,0,three,CARDINAL,4,9
uc1.32106006887498,115,14,0,111,CARDINAL,61,64
uc1.32106006887498,116,3,0,Aguilar,PERSON,5,12
uc1.32106006887498,116,3,1,tomorrow,DATE,210,218
uc1.32106006887498,116,4,0,James,PERSON,0,5
uc1.32106006887498,116,4,1,1950,DATE,11,15
uc1.32106006887498,116,5,0,Indians,NORP,17,24
uc1.32106006887498,116,6,0,112,CARDINAL,0,3
uc1.32106006887498,117,0,0,Irish Poets on Saturday,WORK_OF_ART,0,23
uc1.32106006887498,117,1,0,Welch,PERSON,59,64
uc1.32106006887498,117,1,1,Blackfeet,NORP,66,75
uc1.32106006887498,117,1,2,Montana,GPE,81,88
uc1.32106006887498,117,1,3,Indian,NORP,106,112
uc1.32106006887498,117,3,0,Tony,PERSON,0,4
uc1.32106006887498,117,3,1,one,CARDINAL,6,9
uc1.32106006887498,117,3,2,Irish,NORP,10,15
uc1.32106006887498,117,3,3,Sydney,PERSON,26,32
uc1.32106006887498,117,3,4,Irish,NORP,44,49
uc1.32106006887498,117,3,5,Tony,PERSON,79,83
uc1.32106006887498,117,4,0,Murphy,PERSON,0,6
uc1.32106006887498,117,4,1,Murphy Many Horses,PERSON,8,26
uc1.32106006887498,117,4,2,Irish,NORP,37,42
uc1.32106006887498,117,4,3,Indian,NORP,51,57
uc1.32106006887498,117,5,0,Indians,NORP,56,63
uc1.32106006887498,118,0,0,Ten O'clock,TIME,0,11
uc1.32106006887498,118,0,1,American,NORP,24,32
uc1.32106006887498,118,0,2,Midwest,LOC,33,40
uc1.32106006887498,118,0,3,Bernstein,PERSON,41,50
uc1.32106006887498,118,0,4,Indians,NORP,75,82
uc1.32106006887498,118,0,5,ten o'clock,TIME,90,101
uc1.32106006887498,118,2,0,Indians,NORP,29,36
uc1.32106006887498,118,2,1,yesterday,DATE,37,46
uc1.32106006887498,118,2,2,Kansas,GPE,113,119
uc1.32106006887498,118,3,0,Late today,DATE,0,10
uc1.32106006887498,118,3,1,early tomorrow,DATE,14,28
uc1.32106006887498,118,3,2,Bernstein,PERSON,71,80
uc1.32106006887498,118,3,3,Indians,NORP,99,106
uc1.32106006887498,118,3,4,these days,DATE,111,121
uc1.32106006887498,118,5,0,Indians,NORP,9,16
uc1.32106006887498,118,5,1,Bernstein,PERSON,78,87
uc1.32106006887498,118,5,2,ten o'clock news,TIME,104,120
uc1.32106006887498,118,6,0,114,CARDINAL,0,3
uc1.32106006887498,119,0,0,Gallup,GPE,10,16
uc1.32106006887498,119,0,1,New Mexico,GPE,18,28
uc1.32106006887498,119,0,2,Grants,GPE,29,35
uc1.32106006887498,119,0,3,Okie,GPE,37,41
uc1.32106006887498,119,0,4,Texans,NORP,48,54
uc1.32106006887498,119,0,5,Phillips Petroleum,ORG,98,116
uc1.32106006887498,119,1,0,Milan,GPE,0,5
uc1.32106006887498,119,3,0,Prewitt,GPE,21,28
uc1.32106006887498,119,4,0,California,GPE,9,19
uc1.32106006887498,119,5,0,Thoreau,PERSON,0,7
uc1.32106006887498,119,5,1,Navajos,NORP,30,37
uc1.32106006887498,119,7,0,Real Indian Village,FAC,18,37
uc1.32106006887498,119,9,0,Continental Divide,LOC,0,18
uc1.32106006887498,119,10,0,North Chavez,FAC,0,12
uc1.32106006887498,119,11,0,Iyanbito,GPE,0,8
uc1.32106006887498,119,11,1,Shell Oil Co.,ORG,12,25
uc1.32106006887498,119,12,0,several miles,QUANTITY,48,61
uc1.32106006887498,119,12,1,Santa Fe,ORG,75,83
uc1.32106006887498,119,14,0,Wingate Army Depot,ORG,0,18
uc1.32106006887498,119,14,1,Vietcong,ORG,119,127
uc1.32106006887498,119,16,0,Cadillac,ORG,2,10
uc1.32106006887498,119,17,0,Church Rock,FAC,0,11
uc1.32106006887498,119,17,1,115,CARDINAL,20,23
uc1.32106006887498,120,0,0,Indian,NORP,9,15
uc1.32106006887498,120,4,0,Gallup,ORG,0,6
uc1.32106006887498,120,6,0,California,GPE,0,10
uc1.32106006887498,120,7,0,California,GPE,15,25
uc1.32106006887498,120,8,0,L.A.,GPE,12,16
uc1.32106006887498,120,8,1,Fresno,GPE,30,36
uc1.32106006887498,120,8,2,Oakland,GPE,52,59
uc1.32106006887498,120,8,3,Barstow,GPE,74,81
uc1.32106006887498,120,9,0,Gallup,GPE,0,6
uc1.32106006887498,120,9,1,Indian,NORP,8,14
uc1.32106006887498,120,9,2,357,CARDINAL,102,105
uc1.32106006887498,120,9,3,Indian,NORP,180,186
uc1.32106006887498,120,11,0,Indian Ceremonial,EVENT,0,17
uc1.32106006887498,120,11,1,August 7-10,DATE,18,29
uc1.32106006887498,120,13,0,evening,TIME,21,28
uc1.32106006887498,120,14,0,116,CARDINAL,0,3
uc1.32106006887498,121,0,0,day before New Years 1972,DATE,77,102
uc1.32106006887498,121,0,1,Jemez,NORP,120,125
uc1.32106006887498,121,1,0,Jemez,PERSON,30,35
uc1.32106006887498,121,4,0,one,CARDINAL,86,89
uc1.32106006887498,121,4,1,American,NORP,115,123
uc1.32106006887498,122,0,0,ASTANA,PERSON,0,6
uc1.32106006887498,122,0,1,118,CARDINAL,7,10
uc1.32106006887498,123,0,0,Peter LaFarge,PERSON,50,63
uc1.32106006887498,123,4,0,Interstate Highway 10,FAC,37,58
uc1.32106006887498,123,4,1,Tucson,GPE,62,68
uc1.32106006887498,123,4,2,Sacaton,GPE,70,77
uc1.32106006887498,123,4,3,Bapchule,GPE,79,87
uc1.32106006887498,123,4,4,Tucson,GPE,128,134
uc1.32106006887498,123,7,0,Ira,PERSON,13,16
uc1.32106006887498,123,7,1,Mesa,GPE,65,69
uc1.32106006887498,123,8,0,Phoenix,GPE,12,19
uc1.32106006887498,123,8,1,John Jacobs Farm,ORG,48,64
uc1.32106006887498,123,9,0,one,CARDINAL,39,42
uc1.32106006887498,123,9,1,John Jacobs,PERSON,80,91
uc1.32106006887498,123,10,0,5,MONEY,15,16
uc1.32106006887498,123,10,1,quart,CARDINAL,44,49
uc1.32106006887498,123,10,2,Friday,DATE,61,67
uc1.32106006887498,123,11,0,Ira,PERSON,0,3
uc1.32106006887498,123,12,0,Mesa,GPE,20,24
uc1.32106006887498,123,13,0,119,CARDINAL,58,61
uc1.32106006887498,124,0,0,Ford,ORG,28,32
uc1.32106006887498,124,1,0,two years,DATE,34,43
uc1.32106006887498,124,1,1,Phoenix,GPE,101,108
uc1.32106006887498,124,2,0,Gila River,LOC,0,10
uc1.32106006887498,124,2,1,Interstate,FAC,16,26
uc1.32106006887498,124,5,0,Indian,NORP,20,26
uc1.32106006887498,124,6,0,120,CARDINAL,0,3
uc1.32106006887498,125,3,0,Mountains,LOC,4,13
uc1.32106006887498,125,7,0,a million miles,QUANTITY,11,26
uc1.32106006887498,125,9,0,Wyoming,GPE,48,55
uc1.32106006887498,125,14,0,121,CARDINAL,0,3
uc1.32106006887498,127,0,0,Heyaashi Guutah,PERSON,0,15
uc1.32106006887498,127,1,0,morning,TIME,15,22
uc1.32106006887498,127,1,1,Acu,GPE,58,61
uc1.32106006887498,127,1,2,Tsiahma,GPE,71,78
uc1.32106006887498,127,1,3,Budville,GPE,123,131
uc1.32106006887498,127,2,0,Baptist Indian Mission,ORG,26,48
uc1.32106006887498,127,2,1,Kings Bar,GPE,88,97
uc1.32106006887498,127,4,0,night,TIME,4,9
uc1.32106006887498,127,8,0,Kaweshtima,GPE,42,52
uc1.32106006887498,127,10,0,123,CARDINAL,5,8
uc1.32106006887498,128,0,0,Gallup City,GPE,16,27
uc1.32106006887498,128,0,1,Rio Puerco,GPE,78,88
uc1.32106006887498,128,2,0,Yesterday,DATE,0,9
uc1.32106006887498,128,5,0,One,CARDINAL,0,3
uc1.32106006887498,128,6,0,One,CARDINAL,7,10
uc1.32106006887498,128,10,0,Gallup,GPE,6,12
uc1.32106006887498,129,0,0,one,CARDINAL,12,15
uc1.32106006887498,129,9,0,one,CARDINAL,13,16
uc1.32106006887498,129,10,0,Liberty Bar,ORG,65,76
uc1.32106006887498,129,10,1,125,CARDINAL,125,128
uc1.32106006887498,130,0,0,one,CARDINAL,67,70
uc1.32106006887498,130,16,0,the Chuska Mountains,LOC,16,36
uc1.32106006887498,130,19,0,126,CARDINAL,0,3
uc1.32106006887498,131,8,0,127,CARDINAL,0,3
uc1.32106006887498,132,0,0,Blue Jay,PERSON,18,26
uc1.32106006887498,132,0,1,Gold Finch,PERSON,28,38
uc1.32106006887498,132,0,2,Flicker,PERSON,40,47
uc1.32106006887498,132,0,3,Colorado,GPE,165,173
uc1.32106006887498,132,3,0,Blue Jay.,PERSON,0,9
uc1.32106006887498,132,9,0,summer,DATE,122,128
uc1.32106006887498,132,12,0,128,CARDINAL,56,59
uc1.32106006887498,133,0,0,Blue Jay,PERSON,7,15
uc1.32106006887498,133,1,0,Gold Finch,PERSON,0,10
uc1.32106006887498,133,1,1,four,CARDINAL,19,23
uc1.32106006887498,133,5,0,one,CARDINAL,170,173
uc1.32106006887498,134,0,0,Gold Finch,PERSON,9,19
uc1.32106006887498,134,16,0,Highway 17,FAC,21,31
uc1.32106006887498,134,16,1,one,CARDINAL,46,49
uc1.32106006887498,134,16,2,several days,DATE,115,127
uc1.32106006887498,134,18,0,130,CARDINAL,65,68
uc1.32106006887498,135,12,0,131,CARDINAL,0,3
uc1.32106006887498,136,0,0,State,ORG,5,10
uc1.32106006887498,136,0,1,Indians,NORP,54,61
uc1.32106006887498,136,1,0,April 1974,DATE,3,13
uc1.32106006887498,136,1,1,the Albuquerque Journal,ORG,35,58
uc1.32106006887498,136,1,2,Clay,PERSON,82,86
uc1.32106006887498,136,1,3,1882,DATE,115,119
uc1.32106006887498,136,5,0,American,NORP,27,35
uc1.32106006887498,136,5,1,Kennecott Copper,ORG,80,96
uc1.32106006887498,136,5,2,Anaconda Corporation,ORG,101,121
uc1.32106006887498,136,5,3,American,NORP,198,206
uc1.32106006887498,137,1,0,USA,GPE,54,57
uc1.32106006887498,137,2,0,ten-year-old,DATE,13,25
uc1.32106006887498,137,3,0,1920,DATE,12,16
uc1.32106006887498,137,4,0,American,NORP,75,83
uc1.32106006887498,137,4,1,McCartys,PERSON,116,124
uc1.32106006887498,137,4,2,Deedzihyama,GPE,153,164
uc1.32106006887498,137,4,3,McCartys,GPE,188,196
uc1.32106006887498,137,6,0,first,ORDINAL,3,8
uc1.32106006887498,137,6,1,Deezihyama,GPE,109,119
uc1.32106006887498,137,6,2,Deechuna,GPE,124,132
uc1.32106006887498,137,7,0,Acu,GPE,32,35
uc1.32106006887498,137,7,1,America,GPE,41,48
uc1.32106006887498,137,10,0,A couple of days later,DATE,0,22
uc1.32106006887498,137,10,1,133,CARDINAL,37,40
uc1.32106006887498,138,3,0,El Paso,GPE,4,11
uc1.32106006887498,138,3,1,the spring of 1966,DATE,44,62
uc1.32106006887498,138,4,0,Tomato,PERSON,8,14
uc1.32106006887498,138,4,1,that early morning,TIME,44,62
uc1.32106006887498,138,6,0,Dahska,GPE,169,175
uc1.32106006887498,138,7,0,Acomita,GPE,33,40
uc1.32106006887498,138,7,1,El Paso Natural Gas,ORG,51,70
uc1.32106006887498,138,8,0,El Paso Natural Gas,ORG,4,23
uc1.32106006887498,138,9,0,Indian Boarding School,ORG,9,31
uc1.32106006887498,138,10,0,that spring,DATE,111,122
uc1.32106006887498,139,1,0,1952,DATE,3,7
uc1.32106006887498,139,1,1,Felipe,PERSON,13,19
uc1.32106006887498,139,1,2,Nash Garcia,PERSON,33,44
uc1.32106006887498,139,1,3,U.S. 66,FAC,50,57
uc1.32106006887498,139,1,4,State,ORG,95,100
uc1.32106006887498,139,1,5,a few miles,QUANTITY,105,116
uc1.32106006887498,139,1,6,Black Mesa,LOC,125,135
uc1.32106006887498,139,2,0,State,ORG,4,9
uc1.32106006887498,139,2,1,a couple of months,DATE,23,41
uc1.32106006887498,139,3,0,One night,TIME,0,9
uc1.32106006887498,139,3,1,the Korean War,EVENT,17,31
uc1.32106006887498,139,3,2,Eagle,ORG,57,62
uc1.32106006887498,139,4,0,Lolita,PERSON,23,29
uc1.32106006887498,139,5,0,Eagle,ORG,61,66
uc1.32106006887498,139,6,0,Eagle,ORG,28,33
uc1.32106006887498,139,8,0,Greyhound,PRODUCT,22,31
uc1.32106006887498,139,8,1,Eagle,ORG,54,59
uc1.32106006887498,139,8,2,Camp Pendleton,FAC,72,86
uc1.32106006887498,139,8,3,Korea,GPE,91,96
uc1.32106006887498,139,9,0,Interstate,FAC,9,19
uc1.32106006887498,139,10,0,one,CARDINAL,10,13
uc1.32106006887498,139,11,0,four,CARDINAL,18,22
uc1.32106006887498,139,17,0,135,CARDINAL,0,3
uc1.32106006887498,140,1,0,George Washington,PERSON,50,67
uc1.32106006887498,140,2,0,Eisenhower,PERSON,83,93
uc1.32106006887498,140,2,1,Gallup,ORG,97,103
uc1.32106006887498,140,3,0,Ike,PERSON,0,3
uc1.32106006887498,140,3,1,the early 1950s,DATE,59,74
uc1.32106006887498,140,4,0,Acoma,LANGUAGE,65,70
uc1.32106006887498,140,7,0,CABLE TV,ORG,0,8
uc1.32106006887498,140,8,0,Acu,ORG,28,31
uc1.32106006887498,140,8,1,CATV,ORG,64,68
uc1.32106006887498,140,8,2,Grants,GPE,74,80
uc1.32106006887498,140,8,3,thirty,CARDINAL,158,164
uc1.32106006887498,140,9,0,Los Angeles,GPE,17,28
uc1.32106006887498,140,12,0,As the World Turns,WORK_OF_ART,25,43
uc1.32106006887498,140,12,1,the Brady Bunch,WORK_OF_ART,99,114
uc1.32106006887498,140,13,0,136,CARDINAL,82,85
uc1.32106006887498,141,5,0,State,ORG,20,25
uc1.32106006887498,141,8,0,State,ORG,14,19
uc1.32106006887498,141,9,0,State,ORG,4,9
uc1.32106006887498,141,10,0,Americans,NORP,15,24
uc1.32106006887498,141,15,0,Americans,NORP,54,63
uc1.32106006887498,142,9,0,138,CARDINAL,0,3
uc1.32106006887498,143,0,0,5,CARDINAL,0,1
uc1.32106006887498,145,0,0,1,CARDINAL,7,8
uc1.32106006887498,145,1,0,early this morning,TIME,5,23
uc1.32106006887498,145,3,0,morning,TIME,4,11
uc1.32106006887498,145,5,0,2,CARDINAL,0,1
uc1.32106006887498,145,11,0,141,CARDINAL,8,11
uc1.32106006887498,146,1,0,a moment later,TIME,27,41
uc1.32106006887498,146,7,0,142,CARDINAL,0,3
uc1.32106006887498,147,1,0,one,CARDINAL,47,50
uc1.32106006887498,147,4,0,143,CARDINAL,0,3
uc1.32106006887498,148,4,0,144,CARDINAL,0,3
uc1.32106006887498,149,0,0,Jose,PERSON,6,10
uc1.32106006887498,149,1,0,Myrna,PERSON,11,16
uc1.32106006887498,149,1,1,Keithy,PERSON,25,31
uc1.32106006887498,149,2,0,Hishtiyani,PERSON,13,23
uc1.32106006887498,149,2,1,Jose,PERSON,42,46
uc1.32106006887498,149,4,0,Jose,PERSON,6,10
uc1.32106006887498,149,4,1,over ninety,DATE,14,25
uc1.32106006887498,149,7,0,Flint Arrowhead,PERSON,44,59
uc1.32106006887498,149,8,0,Jose,PERSON,65,69
uc1.32106006887498,149,8,1,late at night,TIME,85,98
uc1.32106006887498,149,11,0,The next morning,TIME,0,16
uc1.32106006887498,149,11,1,the first day,DATE,21,34
uc1.32106006887498,149,11,2,the four days,DATE,41,54
uc1.32106006887498,149,11,3,145,CARDINAL,106,109
uc1.32106006887498,150,0,0,Agnes,PERSON,10,15
uc1.32106006887498,150,3,0,Brian,PERSON,0,5
uc1.32106006887498,150,4,0,Agnes,PERSON,0,5
uc1.32106006887498,150,4,1,Navajo,NORP,29,35
uc1.32106006887498,150,4,2,Chee,PERSON,72,76
uc1.32106006887498,150,5,0,Chee,PERSON,89,93
uc1.32106006887498,150,6,0,half,CARDINAL,78,82
uc1.32106006887498,150,7,0,a Squaw Dance,EVENT,25,38
uc1.32106006887498,150,8,0,Chee,PERSON,0,4
uc1.32106006887498,150,10,0,146,CARDINAL,0,3
uc1.32106006887498,151,0,0,This morning,TIME,25,37
uc1.32106006887498,151,1,0,Amado Quintana,PERSON,13,27
uc1.32106006887498,151,2,0,early in the morning,TIME,15,35
uc1.32106006887498,151,8,0,This morning,TIME,0,12
uc1.32106006887498,151,8,1,Quintana,PERSON,29,37
uc1.32106006887498,152,3,0,Faustin,PERSON,155,162
uc1.32106006887498,152,3,1,the Old Place,LOC,230,243
uc1.32106006887498,152,9,0,Amado,PERSON,57,62
uc1.32106006887498,152,10,0,148,CARDINAL,0,3
uc1.32106006887498,153,0,0,Amo,PERSON,16,19
uc1.32106006887498,153,1,0,Amado,PERSON,38,43
uc1.32106006887498,153,3,0,Amado Quintana,PERSON,0,14
uc1.32106006887498,153,4,0,149,CARDINAL,0,3
uc1.32106006887498,154,0,0,The Veterans Hospital,FAC,11,32
uc1.32106006887498,154,0,1,8:50 AM,TIME,33,40
uc1.32106006887498,154,1,0,Ft. Lyons VAH,FAC,0,13
uc1.32106006887498,154,2,0,The Wisconsin Horse,PERSON,0,19
uc1.32106006887498,154,4,0,First,ORDINAL,0,5
uc1.32106006887498,154,7,0,The Wisconsin Horse,PRODUCT,0,19
uc1.32106006887498,154,9,0,1937,DATE,34,38
uc1.32106006887498,154,10,0,three,CARDINAL,25,30
uc1.32106006887498,154,10,1,American,NORP,31,39
uc1.32106006887498,154,12,0,150,CARDINAL,0,3
uc1.32106006887498,155,0,0,Two,CARDINAL,0,3
uc1.32106006887498,155,1,0,Today,DATE,0,5
uc1.32106006887498,155,4,0,yesterday,DATE,41,50
uc1.32106006887498,155,4,1,tomorrow,DATE,116,124
uc1.32106006887498,155,9,0,Iowa,GPE,7,11
uc1.32106006887498,155,9,1,Minneapolis,GPE,50,61
uc1.32106006887498,155,10,0,late June,DATE,7,16
uc1.32106006887498,155,11,0,Today,DATE,0,5
uc1.32106006887498,155,12,0,autumn,DATE,36,42
uc1.32106006887498,155,16,0,November 1974,DATE,47,60
uc1.32106006887498,155,17,0,151,CARDINAL,0,3
uc1.32106006887498,156,11,0,winter,DATE,15,21
uc1.32106006887498,156,11,1,152,CARDINAL,244,247
uc1.32106006887498,157,1,0,the Lukachukai Mountains,LOC,44,68
uc1.32106006887498,157,4,0,Today,DATE,0,5
uc1.32106006887498,157,7,0,a couple of days,DATE,15,31
uc1.32106006887498,157,10,0,thirteen or fourteen dollars,MONEY,32,60
uc1.32106006887498,157,12,0,153,CARDINAL,0,3
uc1.32106006887498,158,0,0,Today,DATE,0,5
uc1.32106006887498,158,0,1,Joe,PERSON,13,16
uc1.32106006887498,158,3,0,The other day,DATE,0,13
uc1.32106006887498,158,3,1,Building 5,FAC,51,61
uc1.32106006887498,158,4,0,Kenny,PERSON,54,59
uc1.32106006887498,158,6,0,Kenny,PERSON,0,5
uc1.32106006887498,158,11,0,VAH,ORG,12,15
uc1.32106006887498,158,11,1,America,GPE,27,34
uc1.32106006887498,158,14,0,Indian School,ORG,21,34
uc1.32106006887498,158,14,1,weekends,DATE,63,71
uc1.32106006887498,158,15,0,evening,TIME,26,33
uc1.32106006887498,158,15,1,Fourth,FAC,60,66
uc1.32106006887498,158,16,0,Two,CARDINAL,0,3
uc1.32106006887498,158,17,0,154,CARDINAL,0,3
uc1.32106006887498,159,0,0,Deanda,PERSON,0,6
uc1.32106006887498,159,2,0,Kelly,PERSON,0,5
uc1.32106006887498,159,9,0,Alabama,GPE,13,20
uc1.32106006887498,159,14,0,Fuentes,PERSON,14,21
uc1.32106006887498,159,14,1,5,CARDINAL,73,74
uc1.32106006887498,159,17,0,Two,CARDINAL,0,3
uc1.32106006887498,159,17,1,four,CARDINAL,19,23
uc1.32106006887498,159,18,0,One night,TIME,0,9
uc1.32106006887498,159,19,0,four,CARDINAL,9,13
uc1.32106006887498,159,20,0,Early next morning,TIME,0,18
uc1.32106006887498,159,20,1,155,CARDINAL,20,23
uc1.32106006887498,160,4,0,six,CARDINAL,15,18
uc1.32106006887498,160,5,0,El Paso,GPE,65,72
uc1.32106006887498,160,6,0,one,CARDINAL,29,32
uc1.32106006887498,160,12,0,the VAH Library,ORG,18,33
uc1.32106006887498,160,12,1,all day long,DATE,34,46
uc1.32106006887498,160,13,0,Acapulco,GPE,0,8
uc1.32106006887498,160,13,1,the Bay of Bengal,LOC,10,27
uc1.32106006887498,160,13,2,Antartica,GPE,29,38
uc1.32106006887498,160,13,3,Madagascar,GPE,40,50
uc1.32106006887498,160,13,4,Rome,GPE,52,56
uc1.32106006887498,160,13,5,Luxembourg,GPE,58,68
uc1.32106006887498,160,14,0,Yokohama,GPE,197,205
uc1.32106006887498,160,14,1,the Aleutian Islands,LOC,215,235
uc1.32106006887498,160,15,0,Cape Cod,LOC,21,29
uc1.32106006887498,160,16,0,Gaugin,PERSON,6,12
uc1.32106006887498,160,16,1,Coyote,PERSON,20,26
uc1.32106006887498,160,17,0,156,CARDINAL,0,3
uc1.32106006887498,161,0,0,Superchief Superchief,PERSON,0,21
uc1.32106006887498,161,0,1,Friday,DATE,30,36
uc1.32106006887498,161,1,0,morning,TIME,93,100
uc1.32106006887498,161,1,1,Central Avenue,FAC,109,123
uc1.32106006887498,161,1,2,Fourth Street,FAC,128,141
uc1.32106006887498,161,2,0,the Nob Hill Shopping Center,FAC,25,53
uc1.32106006887498,161,9,0,Silver,FAC,14,20
uc1.32106006887498,161,11,0,Superchief,PERSON,20,30
uc1.32106006887498,161,12,0,157,CARDINAL,0,3
uc1.32106006887498,162,0,0,The Arkansas River,LOC,6,24
uc1.32106006887498,162,1,0,four,CARDINAL,4,8
uc1.32106006887498,162,1,1,two,CARDINAL,16,19
uc1.32106006887498,162,1,2,two,CARDINAL,30,33
uc1.32106006887498,162,4,0,Two,CARDINAL,0,3
uc1.32106006887498,162,6,0,two,CARDINAL,33,36
uc1.32106006887498,162,8,0,winter,DATE,36,42
uc1.32106006887498,162,17,0,winter,DATE,44,50
uc1.32106006887498,162,18,0,Coyote,PERSON,13,19
uc1.32106006887498,162,19,0,Tulsa,GPE,12,17
uc1.32106006887498,162,19,1,University,FAC,69,79
uc1.32106006887498,163,0,0,three o'clock,TIME,10,23
uc1.32106006887498,163,4,0,Coyote,PERSON,22,28
uc1.32106006887498,163,6,0,This morning,TIME,0,12
uc1.32106006887498,163,6,1,the Day Room,FAC,47,59
uc1.32106006887498,163,6,2,Ralph,PERSON,67,72
uc1.32106006887498,163,7,0,Ralph,PERSON,9,14
uc1.32106006887498,163,7,1,two,CARDINAL,60,63
uc1.32106006887498,163,7,2,morning,TIME,84,91
uc1.32106006887498,163,9,0,the Arkansas River,LOC,105,123
uc1.32106006887498,163,13,0,Taos,GPE,14,18
uc1.32106006887498,163,20,0,159,CARDINAL,0,3
uc1.32106006887498,164,4,0,Heading South Thunder,WORK_OF_ART,15,36
uc1.32106006887498,164,5,0,the Print Shop,FAC,30,44
uc1.32106006887498,164,5,1,Canteen,FAC,52,59
uc1.32106006887498,164,11,0,Acu,FAC,28,31
uc1.32106006887498,164,17,0,Mondragon,ORG,0,9
uc1.32106006887498,164,17,1,Taos,GPE,27,31
uc1.32106006887498,164,17,2,today,DATE,32,37
uc1.32106006887498,164,22,0,160,CARDINAL,0,3
uc1.32106006887498,165,4,0,Yesterday,DATE,0,9
uc1.32106006887498,165,4,1,VA,ORG,19,21
uc1.32106006887498,165,4,2,one-eighth,CARDINAL,49,59
uc1.32106006887498,165,4,3,Indian,NORP,60,66
uc1.32106006887498,165,6,0,Mondragon,PERSON,0,9
uc1.32106006887498,165,10,0,Acu,GPE,11,14
uc1.32106006887498,165,11,0,July,DATE,32,36
uc1.32106006887498,165,11,1,four days,DATE,38,47
uc1.32106006887498,165,15,0,Mondragon,PERSON,24,33
uc1.32106006887498,165,18,0,Taos,GPE,36,40
uc1.32106006887498,165,22,0,161,CARDINAL,0,3
uc1.32106006887498,166,0,0,162,CARDINAL,0,3
uc1.32106006887498,167,0,0,Isleta,GPE,47,53
uc1.32106006887498,167,0,1,Gizmo,ORG,75,80
uc1.32106006887498,167,0,2,2nd & Central,FAC,88,101
uc1.32106006887498,167,0,3,Albuquerque,GPE,103,114
uc1.32106006887498,167,1,0,two,CARDINAL,9,12
uc1.32106006887498,167,3,0,Gizmo,ORG,4,9
uc1.32106006887498,167,3,1,Albuquerque,GPE,153,164
uc1.32106006887498,167,6,0,American,NORP,55,63
uc1.32106006887498,167,10,0,Pueblo,GPE,71,77
uc1.32106006887498,167,10,1,thirty dollars,MONEY,115,129
uc1.32106006887498,167,13,0,163,CARDINAL,18,21
uc1.32106006887498,168,4,0,the San Augustine Fiesta,EVENT,17,41
uc1.32106006887498,168,4,1,the coming weekend,DATE,42,60
uc1.32106006887498,168,6,0,Catholic,NORP,50,58
uc1.32106006887498,168,7,0,German,NORP,27,33
uc1.32106006887498,168,8,0,Isleta,GPE,27,33
uc1.32106006887498,168,8,1,the Rio Grande,LOC,62,76
uc1.32106006887498,168,9,0,American,NORP,17,25
uc1.32106006887498,168,10,0,America,GPE,30,37
uc1.32106006887498,168,11,0,over a hundred,CARDINAL,11,25
uc1.32106006887498,168,14,0,Maine,GPE,39,44
uc1.32106006887498,168,14,1,Florida,GPE,46,53
uc1.32106006887498,168,14,2,Indian,NORP,68,74
uc1.32106006887498,168,14,3,USA,GPE,90,93
uc1.32106006887498,168,16,0,Isleta,GPE,14,20
uc1.32106006887498,168,16,1,State,ORG,47,52
uc1.32106006887498,168,16,2,State,ORG,62,67
uc1.32106006887498,168,16,3,Interstate,FAC,99,109
uc1.32106006887498,168,17,0,State,ORG,43,48
uc1.32106006887498,168,19,0,Army,ORG,30,34
uc1.32106006887498,168,19,1,Isleta,GPE,45,51
uc1.32106006887498,168,19,2,Albuquerque,GPE,60,71
uc1.32106006887498,168,19,3,two days,DATE,85,93
uc1.32106006887498,168,20,0,El Paso,GPE,3,10
uc1.32106006887498,168,20,1,almost ten years ago,DATE,12,32
uc1.32106006887498,168,20,2,three,CARDINAL,66,71
uc1.32106006887498,168,22,0,164,CARDINAL,0,3
uc1.32106006887498,169,0,0,One,CARDINAL,0,3
uc1.32106006887498,169,0,1,American,NORP,165,173
uc1.32106006887498,169,1,0,one,CARDINAL,27,30
uc1.32106006887498,169,1,1,AT&SFRY,ORG,112,119
uc1.32106006887498,169,3,0,165,CARDINAL,0,3
uc1.32106006887498,170,0,0,"THE UNIVERSITY LIBRARY UNIVERSITY OF CALIFORNIA,",ORG,0,48
uc1.32106006887498,170,0,1,SANTA CRUZ,GPE,49,59
uc1.32106006887498,170,2,0,429-2756,CARDINAL,24,32
uc1.32106006887498,170,2,1,14 days,DATE,70,77
uc1.32106006887498,170,3,0,MAR 24 87,DATE,0,9
uc1.32106006887498,170,3,1,JUL 03,DATE,20,26
uc1.32106006887498,170,3,2,APR 15'90,DATE,37,46
uc1.32106006887498,170,3,3,JAN 2.0,DATE,47,54
uc1.32106006887498,170,3,4,JAN 2,DATE,102,107
uc1.32106006887498,170,3,5,1991,DATE,108,112
uc1.32106006887498,170,3,6,MAR 2 2,DATE,141,148
uc1.32106006887498,170,3,7,1993,DATE,149,153
uc1.32106006887498,170,3,8,APR 1 5,DATE,160,167
uc1.32106006887498,170,3,9,APR 30,DATE,172,178
uc1.32106006887498,172,1,0,Simon Ortiz,PERSON,21,32
uc1.32106006887498,172,2,0,Indian,NORP,0,6
uc1.32106006887498,172,4,0,San,PERSON,0,3
uc1.32106006887498,172,4,1,one,CARDINAL,8,11
uc1.32106006887498,172,4,2,Orti,NORP,28,32
uc1.32106006887498,172,7,0,Navajo,NORP,85,91
uc1.32106006887498,172,7,1,L Sam,PERSON,104,109
uc1.32106006887498,172,7,2,Janet B,PERSON,112,119
uc1.32106006887498,172,7,3,Yu Leanne Hinton,PERSON,145,161
uc1.32106006887498,172,7,4,Lucil HOPITUTUWU,PERSON,164,180
uc1.32106006887498,172,7,5,Herschel Talas Ekkehart,PERSON,204,227
uc1.32106006887498,172,7,6,THE UNIVERSITY,ORG,232,246
uc1.32106006887498,172,7,7,8165,CARDINAL,261,265
