vol_id,page,sentence_id,ent_id,entity,entity_type,start_char,end_char
uc1.32106008463074,1,0,0,SANTA CRUZ,GPE,50,60
uc1.32106008463074,3,0,0,Anita Endrezze-Danielson,PERSON,18,42
uc1.32106008463074,5,0,0,Anita Endrezze-Danielson,PERSON,17,41
uc1.32106008463074,5,0,1,Marvin,GPE,73,79
uc1.32106008463074,5,0,2,South Dakota,GPE,81,93
uc1.32106008463074,5,0,3,57251,CARDINAL,94,99
uc1.32106008463074,5,0,4,1983,DATE,100,104
uc1.32106008463074,6,0,0,Univ. Library,ORG,0,13
uc1.32106008463074,6,0,1,UC Santa Cruz,ORG,15,28
uc1.32106008463074,6,0,2,1989,DATE,29,33
uc1.32106008463074,6,0,3,Malahat,PERSON,78,85
uc1.32106008463074,6,0,4,"""October Morning Walk""",WORK_OF_ART,93,115
uc1.32106008463074,6,0,5,Sestina: Winter “ Solstice,WORK_OF_ART,121,147
uc1.32106008463074,6,0,6,The Trees Address the Poet”,WORK_OF_ART,166,193
uc1.32106008463074,6,0,7,The North People,WORK_OF_ART,211,227
uc1.32106008463074,6,0,8,Amber Moon,WORK_OF_ART,230,240
uc1.32106008463074,6,0,9,"What We Believe"" Words In The Blood Cover",WORK_OF_ART,243,284
uc1.32106008463074,6,0,10,THE NORTH PEOPLE,WORK_OF_ART,320,336
uc1.32106008463074,6,0,11,Anita Endrezze-Danielson,PERSON,340,364
uc1.32106008463074,6,1,0,1983,DATE,12,16
uc1.32106008463074,6,1,1,Anita Endrezze-Danielson,PERSON,20,44
uc1.32106008463074,6,1,2,the Blue Cloud Quarterly,ORG,58,82
uc1.32106008463074,6,1,3,Vol.,WORK_OF_ART,84,88
uc1.32106008463074,6,1,4,29,CARDINAL,89,91
uc1.32106008463074,6,1,5,3,CARDINAL,97,98
uc1.32106008463074,8,2,0,seven,CARDINAL,20,25
uc1.32106008463074,8,2,1,seven,CARDINAL,36,41
uc1.32106008463074,9,3,0,sarahabrahamrebecca,WORK_OF_ART,48,67
uc1.32106008463074,11,0,0,ANHA ENSRECE DEL.99 $,PERSON,17,38
uc1.32106008463074,12,0,0,AMBER MOON,PERSON,0,10
uc1.32106008463074,12,0,1,Indian,NORP,35,41
uc1.32106008463074,12,4,0,seven,CARDINAL,37,42
uc1.32106008463074,12,11,0,half,CARDINAL,5,9
uc1.32106008463074,13,3,0,autumn,DATE,145,151
uc1.32106008463074,14,0,0,Avalanche,WORK_OF_ART,165,174
uc1.32106008463074,14,1,0,Abbey,ORG,53,58
uc1.32106008463074,14,2,0,the Main Hall,FAC,3,16
uc1.32106008463074,14,5,0,The Winter Whore,PERSON,19,35
uc1.32106008463074,14,8,0,the White Harper,PERSON,52,68
uc1.32106008463074,15,1,0,Yesterday,DATE,0,9
uc1.32106008463074,15,1,1,morning,TIME,10,17
uc1.32106008463074,15,1,2,Rain,PERSON,40,44
uc1.32106008463074,15,2,0,Water,PERSON,91,96
uc1.32106008463074,15,2,1,Rain,PERSON,133,137
uc1.32106008463074,15,6,0,Rain,PERSON,14,18
uc1.32106008463074,17,4,0,first,ORDINAL,92,97
uc1.32106008463074,17,5,0,two,CARDINAL,87,90
uc1.32106008463074,18,0,0,SESTINA,GPE,0,7
uc1.32106008463074,18,1,0,autumn,DATE,95,101
uc1.32106008463074,18,2,0,The shortest day,DATE,0,16
uc1.32106008463074,18,4,0,the night,TIME,13,22
uc1.32106008463074,18,7,0,last night's,TIME,20,32
uc1.32106008463074,18,13,0,night,TIME,30,35
uc1.32106008463074,18,14,0,Solstice,DATE,0,8
uc1.32106008463074,18,14,1,the long night,TIME,27,41
uc1.32106008463074,18,17,0,summer,DATE,53,59
uc1.32106008463074,18,20,0,Every night,TIME,0,11
uc1.32106008463074,19,4,0,Thomas,PERSON,88,94
uc1.32106008463074,20,0,0,THE SOLID BEASTS,PERSON,0,16
uc1.32106008463074,20,0,1,Richland,GPE,17,25
uc1.32106008463074,20,0,2,Wash.,GPE,27,32
uc1.32106008463074,20,2,0,Battelle Northwest Laboratories,ORG,115,146
uc1.32106008463074,20,4,0,-Spokane Chronicle,ORG,0,18
uc1.32106008463074,20,14,0,Yesterday,DATE,0,9
uc1.32106008463074,22,1,0,Bluffs,LOC,17,23
uc1.32106008463074,22,1,1,Council,ORG,28,35
uc1.32106008463074,23,3,0,David Rhoades Rowan,PERSON,4,23
uc1.32106008463074,23,7,0,only one,CARDINAL,15,23
uc1.32106008463074,25,0,0,OCTOBER MORNING,DATE,0,15
uc1.32106008463074,25,0,1,Aaron,PERSON,25,30
uc1.32106008463074,25,0,2,age 2,DATE,32,37
uc1.32106008463074,25,2,0,one,CARDINAL,61,64
uc1.32106008463074,25,3,0,summer,DATE,34,40
uc1.32106008463074,25,4,0,Aaron,PERSON,0,5
uc1.32106008463074,25,7,0,Aaron,PERSON,0,5
uc1.32106008463074,25,7,1,Autumn,DATE,9,15
uc1.32106008463074,27,0,0,SPIRIT-SONG,PERSON,0,11
uc1.32106008463074,27,1,0,four,CARDINAL,19,23
uc1.32106008463074,27,4,0,Blackbird,PERSON,38,47
uc1.32106008463074,27,8,0,River,LOC,94,99
uc1.32106008463074,27,8,1,dusk,TIME,164,168
uc1.32106008463074,27,9,0,the Earth-Spirit Song,WORK_OF_ART,192,213
uc1.32106008463074,28,1,0,first,ORDINAL,24,29
uc1.32106008463074,28,2,0,Cascades,LOC,22,30
uc1.32106008463074,28,5,0,Coulee,LOC,39,45
uc1.32106008463074,28,5,1,Vantage,PRODUCT,64,71
uc1.32106008463074,28,5,2,Columbia,PRODUCT,79,87
uc1.32106008463074,28,10,0,Chinook,LANGUAGE,29,36
uc1.32106008463074,30,0,0,"THE UNIVERSITY LIBRARY UNIVERSITY OF CALIFORNIA,",ORG,1,49
uc1.32106008463074,30,0,1,SANTA CRUZ,GPE,50,60
uc1.32106008463074,30,2,0,429-2756,CARDINAL,24,32
uc1.32106008463074,30,3,0,14 days,DATE,37,44
uc1.32106008463074,30,4,0,NOV 15 '94,DATE,42,52
uc1.32106008463074,30,4,1,NOV 1 5,DATE,53,60
uc1.32106008463074,30,4,2,JUL 23,DATE,72,78
uc1.32106008463074,30,4,3,APR 15 2005,DATE,102,113
uc1.32106008463074,30,4,4,OCT 07 2004,DATE,118,129
uc1.32106008463074,30,4,5,2373,CARDINAL,142,146
uc1.32106008463074,30,4,6,THE BLUE CLOUD,PERSON,149,163
uc1.32106008463074,30,4,7,Marvin,GPE,174,180
uc1.32106008463074,30,4,8,South Dakota,GPE,182,194
uc1.32106008463074,31,0,0,SANTA CRUZ,GPE,26,36
