vol_id,page,sentence_id,ent_id,entity,entity_type,start_char,end_char
uc1.32106006766478,1,0,0,SANTA CRUZ,GPE,26,36
uc1.32106006766478,2,5,0,The University Library,ORG,168,190
uc1.32106006766478,2,6,0,The University Library,ORG,23,45
uc1.32106006766478,2,8,0,The University Library,ORG,49,71
uc1.32106006766478,2,8,1,SANTA CRUZ,GPE,170,180
uc1.32106006766478,2,9,0,The University Library,ORG,0,22
uc1.32106006766478,2,10,0,CALIFORNIA,GPE,51,61
uc1.32106006766478,2,10,1,SANTA CRUZ,GPE,63,73
uc1.32106006766478,2,11,0,The University Library,ORG,1,23
uc1.32106006766478,2,12,0,The University Library,ORG,0,22
uc1.32106006766478,2,13,0,The University Library,ORG,0,22
uc1.32106006766478,2,13,1,The University Library,ORG,23,45
uc1.32106006766478,2,13,2,The University Library,ORG,46,68
uc1.32106006766478,2,16,0,CALIFORNIA,GPE,50,60
uc1.32106006766478,2,16,1,The University Library,ORG,228,250
uc1.32106006766478,2,16,2,The University Library,ORG,251,273
uc1.32106006766478,2,20,0,The University Library,ORG,0,22
uc1.32106006766478,2,22,0,The University Library,ORG,37,59
uc1.32106006766478,2,25,0,The University Library,ORG,10,32
uc1.32106006766478,2,25,1,The University Library,ORG,33,55
uc1.32106006766478,2,26,0,The University Library,ORG,0,22
uc1.32106006766478,2,32,0,The University Library,ORG,0,22
uc1.32106006766478,2,32,1,The University Library,ORG,23,45
uc1.32106006766478,2,32,2,The University Library,ORG,46,68
uc1.32106006766478,2,32,3,SANTA CRUZ,GPE,94,104
uc1.32106006766478,2,33,0,The University Library,ORG,0,22
uc1.32106006766478,2,33,1,CALIFODALAM SAHTA CRUZ,PERSON,34,56
uc1.32106006766478,2,33,2,BARTA CRUZ,GPE,152,162
uc1.32106006766478,3,0,0,The University II riversity Library OF CALLIORNI L/SANTA CRUZ,ORG,6,67
uc1.32106006766478,3,0,1,The University,ORG,68,82
uc1.32106006766478,3,0,2,L. University Library,ORG,83,104
uc1.32106006766478,3,1,0,Lapugły dựsuaiun,PERSON,133,149
uc1.32106006766478,3,2,0,The University Library,ORG,0,22
uc1.32106006766478,3,2,1,UNIVERSITY OF CALIFORNIASS,ORG,23,49
uc1.32106006766478,3,3,0,The University Library,ORG,1,23
uc1.32106006766478,3,3,1,The University Library,ORG,24,46
uc1.32106006766478,3,5,0,The The University Library,ORG,0,26
uc1.32106006766478,3,5,1,The University Library,ORG,27,49
uc1.32106006766478,3,5,2,UNIVERSITY OF CALIFORNIA/SANTA CRUZ,ORG,50,85
uc1.32106006766478,3,6,0,The University Library,ORG,0,22
uc1.32106006766478,3,6,1,UNIVERSITY OF CALIFORNIS/SANTA CRUZ,ORG,23,58
uc1.32106006766478,3,7,0,The University Library,ORG,0,22
uc1.32106006766478,3,8,0,The University Library,ORG,0,22
uc1.32106006766478,3,9,0,The University Library,ORG,43,65
uc1.32106006766478,3,9,1,The University Library,ORG,66,88
uc1.32106006766478,3,9,2,The University Library,ORG,89,111
uc1.32106006766478,3,11,0,SANTA CRUZ,GPE,0,10
uc1.32106006766478,3,11,1,The University Library,ORG,11,33
uc1.32106006766478,3,13,0,The University Library,ORG,0,22
uc1.32106006766478,3,14,0,The University Library,ORG,0,22
uc1.32106006766478,3,14,1,Santa Cruz,GPE,85,95
uc1.32106006766478,3,15,0,The University Library,ORG,0,22
uc1.32106006766478,3,15,1,The University Library,ORG,23,45
uc1.32106006766478,3,15,2,The University Library,ORG,82,104
uc1.32106006766478,3,15,3,The University Library,ORG,141,163
uc1.32106006766478,3,15,4,The University Library,ORG,206,228
uc1.32106006766478,3,15,5,ZNAD VANUSZ,PERSON,229,240
uc1.32106006766478,3,15,6,19-20,DATE,247,252
uc1.32106006766478,3,16,0,QUIZNI YANIS AVIRON,PERSON,0,19
uc1.32106006766478,3,17,0,The University Library,ORG,29,51
uc1.32106006766478,3,17,1,SANITA GAUZ,GPE,77,88
uc1.32106006766478,3,18,0,The University Library,ORG,0,22
uc1.32106006766478,3,19,0,CALIBRA CANIA SEA SIHIA,GPE,3,26
uc1.32106006766478,3,20,0,The University Library,ORG,0,22
uc1.32106006766478,3,20,1,CALIFORNIA,GPE,36,46
uc1.32106006766478,3,20,2,SANTA CRUZ,GPE,48,58
uc1.32106006766478,3,21,0,CALIFORNIA,GPE,36,46
uc1.32106006766478,3,22,0,The University Library,ORG,0,22
uc1.32106006766478,3,23,0,The University Library,ORG,0,22
uc1.32106006766478,3,23,1,The University Library,ORG,23,45
uc1.32106006766478,3,23,2,The University Library,ORG,51,73
uc1.32106006766478,3,24,0,UM VERSIDE,ORG,0,10
uc1.32106006766478,3,24,1,CALIFORNIA,GPE,14,24
uc1.32106006766478,3,24,2,SANTA CRUZ,GPE,26,36
uc1.32106006766478,3,24,3,The University Library,ORG,37,59
uc1.32106006766478,3,24,4,The University Library,ORG,80,102
uc1.32106006766478,3,25,0,The University Library,ORG,11,33
uc1.32106006766478,3,25,1,SANTA CRUL,GPE,114,124
uc1.32106006766478,3,25,2,The University Library,ORG,125,147
uc1.32106006766478,3,25,3,UNIVERSITY OF CALIFORNIA,ORG,148,172
uc1.32106006766478,3,25,4,SANTA CRUZ,GPE,174,184
uc1.32106006766478,5,0,0,THE THEATRE GUILD,ORG,0,17
uc1.32106006766478,5,0,1,O KL A HOMA,WORK_OF_ART,27,38
uc1.32106006766478,5,0,2,***GREEN GROW TAB Lilacs,WORK_OF_ART,73,97
uc1.32106006766478,5,0,3,Lynn Riggs,PERSON,102,112
uc1.32106006766478,5,0,4,RICHARD RODGERS,PERSON,122,137
uc1.32106006766478,5,0,5,OSCAR HAMMERSTEIN II,PERSON,160,180
uc1.32106006766478,5,0,6,ROUBEN MAMOULIAN,PERSON,204,220
uc1.32106006766478,5,0,7,Theresa Helburn,PERSON,257,272
uc1.32106006766478,5,0,8,Lawrence Langner,PERSON,277,293
uc1.32106006766478,5,0,9,Jar S. BLACKTON,PERSON,311,326
uc1.32106006766478,5,0,10,MILES WAITI,PERSON,339,350
uc1.32106006766478,5,0,11,LEMUEL Ayers,PERSON,363,375
uc1.32106006766478,5,0,12,AGNES DE MILLE,PERSON,386,400
uc1.32106006766478,5,0,13,RUSSELL BENNETT,PERSON,419,434
uc1.32106006766478,5,0,14,25.00,MONEY,442,447
uc1.32106006766478,5,1,0,VOCAL SCORE,PERSON,0,11
uc1.32106006766478,5,1,1,ALBERT SIRMAY,PERSON,23,36
uc1.32106006766478,5,2,0,the Rodgers & Hammerstein Library,ORG,103,136
uc1.32106006766478,5,2,1,New York,GPE,158,166
uc1.32106006766478,5,2,2,N.Y.,GPE,168,172
uc1.32106006766478,5,3,0,U.S.,GPE,63,67
uc1.32106006766478,5,6,0,"WILLIAMSON MUSIC, INC.",ORG,0,22
uc1.32106006766478,6,0,0,First,ORDINAL,0,5
uc1.32106006766478,6,0,1,the St. James Theatre,FAC,21,42
uc1.32106006766478,6,0,2,New York,GPE,44,52
uc1.32106006766478,6,0,3,"March 31st, 1943",DATE,53,69
uc1.32106006766478,6,0,4,OKL A HOMA !,GPE,70,82
uc1.32106006766478,6,1,0,AUNT ELLER,PERSON,19,29
uc1.32106006766478,6,2,0,BETTY GARDE CURLY,PERSON,0,17
uc1.32106006766478,6,3,0,ALFRED DRAKE LAUREY,PERSON,0,19
uc1.32106006766478,6,4,0,Joan ROBERTS,PERSON,0,12
uc1.32106006766478,6,4,1,IKE SKIDMORE,PERSON,13,25
uc1.32106006766478,6,5,0,BARRY KELLBY FRED,PERSON,0,17
uc1.32106006766478,6,6,0,Edwin CLAY,PERSON,0,10
uc1.32106006766478,6,7,0,HERBERT RISSMAN WILL PARKER,PERSON,0,27
uc1.32106006766478,6,8,0,Lee Dixon,PERSON,0,9
uc1.32106006766478,6,8,1,JUD FRY,PERSON,10,17
uc1.32106006766478,6,9,0,HOWARD DA SILVA,PERSON,0,15
uc1.32106006766478,6,9,1,ADO ANNIE CARNES,PERSON,16,32
uc1.32106006766478,6,10,0,.Celeste HOLM ALI HAKIM,PERSON,0,23
uc1.32106006766478,6,11,0,JOSEPH BULOFF,PERSON,0,13
uc1.32106006766478,6,11,1,GERTIE CUMMINGS,PERSON,14,29
uc1.32106006766478,6,12,0,.Pamela BRITTAN ELLEN,PERSON,0,21
uc1.32106006766478,6,14,0,KATHARINE SBRGAVA KATE,PERSON,0,22
uc1.32106006766478,6,15,0,ELLEN,PERSON,0,5
uc1.32106006766478,6,15,1,SYLVIE,PERSON,11,17
uc1.32106006766478,6,16,0,Joan McCRACKEN ARMINA,PERSON,0,21
uc1.32106006766478,6,17,0,FRIEDLICH AGGIE,PERSON,0,15
uc1.32106006766478,6,18,0,Bambi LINN ANDREW CARNES,PERSON,0,24
uc1.32106006766478,6,20,0,Rigos CORD ELAM,PERSON,0,15
uc1.32106006766478,6,21,0,OWEN MARTIN,PERSON,0,11
uc1.32106006766478,6,21,1,VLADIMIR KOSTENKO,PERSON,12,29
uc1.32106006766478,6,22,0,MARC PLATT MIKE,PERSON,18,33
uc1.32106006766478,6,23,0,Paul SAIBRS,PERSON,0,11
uc1.32106006766478,6,23,1,JOE HAROLD GORDON SAM,PERSON,12,33
uc1.32106006766478,6,24,0,ARTHUR ULISSB,PERSON,0,13
uc1.32106006766478,6,24,1,the Century,DATE,43,54
uc1.32106006766478,6,25,0,Indian Territory,LOC,7,23
uc1.32106006766478,6,25,1,Oklahoma,GPE,29,37
uc1.32106006766478,7,1,0,1,CARDINAL,31,32
uc1.32106006766478,7,1,1,Laurey's Farm House,FAC,47,66
uc1.32106006766478,7,2,0,2,CARDINAL,6,7
uc1.32106006766478,7,2,1,The Smoke House,FAC,9,24
uc1.32106006766478,7,3,0,3,CARDINAL,6,7
uc1.32106006766478,7,4,0,Laurey's Farm,FAC,11,24
uc1.32106006766478,7,5,0,1,CARDINAL,13,14
uc1.32106006766478,7,6,0,The Skidmore Ranch,FAC,0,18
uc1.32106006766478,7,7,0,2,CARDINAL,6,7
uc1.32106006766478,7,7,1,Skidmore,GPE,9,17
uc1.32106006766478,7,8,0,3,CARDINAL,6,7
uc1.32106006766478,7,9,0,Laurey's Farm House,FAC,12,31
uc1.32106006766478,8,1,0,5,CARDINAL,5,6
uc1.32106006766478,8,7,0,Kansas CITY,GPE,0,11
uc1.32106006766478,8,12,0,57,CARDINAL,24,26
uc1.32106006766478,8,21,0,77,CARDINAL,0,2
uc1.32106006766478,8,37,0,ACT.,LAW,5,9
uc1.32106006766478,8,37,1,ACT II 19,LAW,16,25
uc1.32106006766478,8,37,2,OPENING Act II,LAW,27,41
uc1.32106006766478,8,38,0,20,CARDINAL,0,2
uc1.32106006766478,8,39,0,21,CARDINAL,0,2
uc1.32106006766478,8,40,0,22,CARDINAL,0,2
uc1.32106006766478,8,41,0,23,CARDINAL,0,2
uc1.32106006766478,8,42,0,24,CARDINAL,0,2
uc1.32106006766478,8,42,1,26,CARDINAL,70,72
uc1.32106006766478,8,42,2,27,CARDINAL,92,94
uc1.32106006766478,8,42,3,28,CARDINAL,108,110
uc1.32106006766478,8,44,0,140,CARDINAL,23,26
uc1.32106006766478,8,45,0,Jay S. Blackton,PERSON,34,49
uc1.32106006766478,9,0,0,RICHARD RODGERS,PERSON,11,26
uc1.32106006766478,9,1,0,W.W. Tutti,PERSON,0,10
uc1.32106006766478,9,3,0,Tutti,PERSON,0,5
uc1.32106006766478,9,4,0,1943,DATE,31,35
uc1.32106006766478,9,4,1,"Williamson Music, Inc.",ORG,39,61
uc1.32106006766478,9,5,0,U. S. A.,GPE,63,71
uc1.32106006766478,15,0,0,11 131,CARDINAL,0,6
uc1.32106006766478,20,1,0,"Oh, What A Beautiful Morning",WORK_OF_ART,1,29
uc1.32106006766478,20,1,1,OSCAR HAMMERSTEIN,PERSON,40,57
uc1.32106006766478,20,2,0,RICHARD RODGERS,PERSON,20,35
uc1.32106006766478,20,8,0,CURLY,PERSON,0,5
uc1.32106006766478,20,10,0,Vns,ORG,11,14
uc1.32106006766478,21,0,0,17,CARDINAL,0,2
uc1.32106006766478,21,6,0,4,CARDINAL,43,44
uc1.32106006766478,21,11,0,a C-523,PRODUCT,34,41
uc1.32106006766478,22,3,0,Hp.,GPE,4,7
uc1.32106006766478,24,2,0,L.H. W.W. Stgs.,PERSON,0,15
uc1.32106006766478,24,7,0,CURLY,PERSON,0,5
uc1.32106006766478,24,8,0,Eller,PERSON,9,14
uc1.32106006766478,24,8,1,ELLER,PERSON,16,21
uc1.32106006766478,24,10,0,CURLY,PERSON,1,6
uc1.32106006766478,25,1,0,9,CARDINAL,12,13
uc1.32106006766478,26,1,0,beau ti ful day,DATE,0,15
uc1.32106006766478,26,3,0,2016 sempre,DATE,0,11
uc1.32106006766478,27,0,0,Laurey,PERSON,3,9
uc1.32106006766478,27,0,1,Curly,PERSON,31,36
uc1.32106006766478,27,1,0,LAUREY,PERSON,0,6
uc1.32106006766478,28,2,0,Curly,PERSON,0,5
uc1.32106006766478,28,3,0,Laurey Smarty,PERSON,55,68
uc1.32106006766478,28,4,0,Laurey,PERSON,0,6
uc1.32106006766478,28,7,0,CURLY,PERSON,0,5
uc1.32106006766478,29,0,0,25 17,DATE,0,5
uc1.32106006766478,29,3,0,the sur-,LOC,88,96
uc1.32106006766478,31,0,0,Two,CARDINAL,4,7
uc1.32106006766478,32,1,0,ELLER,PERSON,8,13
uc1.32106006766478,32,5,0,CURLY,PERSON,0,5
uc1.32106006766478,32,7,0,LAUREY,PERSON,0,6
uc1.32106006766478,32,11,0,CURLY,PERSON,17,22
uc1.32106006766478,32,12,0,ELLER,PERSON,5,10
uc1.32106006766478,33,0,0,Tempo giusto,GPE,7,19
uc1.32106006766478,33,2,0,"Stgs,",GPE,30,35
uc1.32106006766478,33,2,1,Guit.,GPE,36,41
uc1.32106006766478,33,2,2,3  ,CARDINAL,106,109
uc1.32106006766478,34,0,0,30,CARDINAL,0,2
uc1.32106006766478,34,1,0,The Stgs. W.W. Hns.,PERSON,44,63
uc1.32106006766478,35,1,0,60,CARDINAL,20,22
uc1.32106006766478,35,5,0,Tutti,PERSON,2,7
uc1.32106006766478,36,1,0,ELLER,PERSON,5,10
uc1.32106006766478,36,2,0,yil shore,PERSON,0,9
uc1.32106006766478,36,3,0,CURLY,PERSON,4,9
uc1.32106006766478,36,4,0,3,CARDINAL,27,28
uc1.32106006766478,36,5,0,Eller,PERSON,29,34
uc1.32106006766478,36,5,1,Ire,PERSON,36,39
uc1.32106006766478,36,8,0,CURLY,PERSON,0,5
uc1.32106006766478,36,10,0,LAUREY,PERSON,9,15
uc1.32106006766478,36,12,0,Claremore,GPE,38,47
uc1.32106006766478,36,14,0,CURLY,PERSON,0,5
uc1.32106006766478,36,16,0,LAUREY,PERSON,4,10
uc1.32106006766478,36,17,0,CURLY,PERSON,0,5
uc1.32106006766478,36,20,0,1211,CARDINAL,29,33
uc1.32106006766478,37,0,0,LAUREY,PERSON,12,18
uc1.32106006766478,37,3,0,Vn.,PERSON,0,3
uc1.32106006766478,37,5,0,Cel.,PERSON,0,4
uc1.32106006766478,37,6,0,​CURLY,PERSON,0,6
uc1.32106006766478,37,8,0,LAUREY,PERSON,0,6
uc1.32106006766478,37,11,0,Eller,PERSON,5,10
uc1.32106006766478,37,11,1,3,CARDINAL,32,33
uc1.32106006766478,37,21,0,Nen y,PERSON,0,5
uc1.32106006766478,37,26,0,4,MONEY,1,2
uc1.32106006766478,38,2,0,sur,LOC,97,100
uc1.32106006766478,38,2,1,sur,LOC,134,137
uc1.32106006766478,38,3,0,F1,PRODUCT,22,24
uc1.32106006766478,39,0,0,156,CARDINAL,72,75
uc1.32106006766478,39,1,0,а. hill,LOC,35,42
uc1.32106006766478,39,3,0,9,CARDINAL,34,35
uc1.32106006766478,39,3,1,earth,LOC,40,45
uc1.32106006766478,41,0,0,4,CARDINAL,3,4
uc1.32106006766478,41,0,1,37,CARDINAL,5,7
uc1.32106006766478,41,0,2,Kansas City,GPE,8,19
uc1.32106006766478,41,1,0,Will,PERSON,5,9
uc1.32106006766478,41,3,0,WILL PARKER,PERSON,22,33
uc1.32106006766478,41,6,0,Kan-sas Cit,GPE,15,26
uc1.32106006766478,41,7,0,two,CARDINAL,48,51
uc1.32106006766478,43,11,0,W.W. Stgs. Hns,ORG,51,65
uc1.32106006766478,43,11,1,Kan,GPE,86,89
uc1.32106006766478,43,11,2,Kan,GPE,93,96
uc1.32106006766478,44,0,0,4,CARDINAL,77,78
uc1.32106006766478,44,5,0,W.W. Stgs. Hns.,PERSON,56,71
uc1.32106006766478,46,3,0,Tutti,PERSON,8,13
uc1.32106006766478,46,13,0,​9 yg,QUANTITY,3,8
uc1.32106006766478,47,0,0,two,CARDINAL,16,19
uc1.32106006766478,47,0,1,W'ill,PERSON,53,58
uc1.32106006766478,47,2,0,W.W. Hus,PERSON,0,8
uc1.32106006766478,47,6,0,two,CARDINAL,12,15
uc1.32106006766478,47,10,0,one,CARDINAL,14,17
uc1.32106006766478,47,10,1,one,CARDINAL,31,34
uc1.32106006766478,47,12,0,Eller,PERSON,12,17
uc1.32106006766478,47,15,0,Eller,PERSON,26,31
uc1.32106006766478,47,16,0,4 99,CARDINAL,12,16
uc1.32106006766478,48,6,0,Will,PERSON,42,46
uc1.32106006766478,48,7,0,2,CARDINAL,13,14
uc1.32106006766478,52,2,0,229,CARDINAL,9,12
uc1.32106006766478,54,0,0,5,CARDINAL,17,18
uc1.32106006766478,54,0,1,Eller,PERSON,63,68
uc1.32106006766478,55,0,0,CU'RLY,PERSON,3,9
uc1.32106006766478,55,1,0,tonight,TIME,26,33
uc1.32106006766478,55,3,0,CURLY,PERSON,0,5
uc1.32106006766478,56,1,0,Ado Annie Yeow,PERSON,10,24
uc1.32106006766478,56,2,0,4,CARDINAL,18,19
uc1.32106006766478,56,5,0,ten,DATE,50,53
uc1.32106006766478,57,6,0,W.W. 조 ​Stgs.,PERSON,0,13
uc1.32106006766478,58,3,0,9 W W. Stgs.,ORG,121,133
uc1.32106006766478,58,9,0,W.W. Solisis,PERSON,0,12
uc1.32106006766478,58,10,0,W.W. Stgs.,PERSON,0,10
uc1.32106006766478,59,3,0,2,CARDINAL,26,27
uc1.32106006766478,59,3,1,4,CARDINAL,42,43
uc1.32106006766478,59,7,0,AAA AAA,ORG,0,7
uc1.32106006766478,60,0,0,56 80,CARDINAL,0,5
uc1.32106006766478,60,13,0,3,CARDINAL,16,17
uc1.32106006766478,64,1,0,Ado,PERSON,5,8
uc1.32106006766478,64,1,1,Annie,PERSON,9,14
uc1.32106006766478,64,3,0,Will,PERSON,1,5
uc1.32106006766478,64,4,0,WILL,PERSON,9,13
uc1.32106006766478,64,6,0,W.W. Trb.,PERSON,0,9
uc1.32106006766478,65,1,0,W.W. Stgs.,PERSON,0,10
uc1.32106006766478,65,6,0,W.W. Hns.,PERSON,0,9
uc1.32106006766478,67,0,0,9,CARDINAL,3,4
uc1.32106006766478,67,2,0,W.W Hр.,PERSON,142,149
uc1.32106006766478,67,4,0,one,CARDINAL,7,10
uc1.32106006766478,68,9,0,W.W. p Stgs,PERSON,91,102
uc1.32106006766478,71,0,0,67 56,CARDINAL,0,5
uc1.32106006766478,71,0,1,2,CARDINAL,61,62
uc1.32106006766478,72,1,0,3,CARDINAL,0,1
uc1.32106006766478,72,3,0,3,CARDINAL,50,51
uc1.32106006766478,72,4,0,3,CARDINAL,34,35
uc1.32106006766478,72,4,1,3,CARDINAL,89,90
uc1.32106006766478,73,0,0,69,CARDINAL,0,2
uc1.32106006766478,80,1,0,3,CARDINAL,24,25
uc1.32106006766478,81,4,0,Ado Annie,PERSON,0,9
uc1.32106006766478,81,6,0,Ali Hakim,PERSON,1,10
uc1.32106006766478,81,7,0,ALI HAKIM,PERSON,9,18
uc1.32106006766478,81,10,0,4,CARDINAL,6,7
uc1.32106006766478,81,11,0,4,CARDINAL,28,29
uc1.32106006766478,81,17,0,3,CARDINAL,0,1
uc1.32106006766478,81,18,0,3,CARDINAL,0,1
uc1.32106006766478,81,19,0,3,CARDINAL,45,46
uc1.32106006766478,81,19,1,3,CARDINAL,47,48
uc1.32106006766478,81,19,2,3,CARDINAL,56,57
uc1.32106006766478,81,19,3,3,CARDINAL,82,83
uc1.32106006766478,81,20,0,3,CARDINAL,0,1
uc1.32106006766478,82,1,0,Twenty minutes ago,TIME,1,19
uc1.32106006766478,82,6,0,Tuenty minutes ago,TIME,24,42
uc1.32106006766478,84,4,0,Ali Hakim,PERSON,105,114
uc1.32106006766478,84,5,0,Ali lakin,PERSON,7,16
uc1.32106006766478,85,8,0,Ali Hakim,PERSON,31,40
uc1.32106006766478,85,11,0,P2nd,ORDINAL,1,5
uc1.32106006766478,85,11,1,2: 13,TIME,12,17
uc1.32106006766478,85,13,0,Ali Hakim,PERSON,0,9
uc1.32106006766478,86,0,0,82 90,CARDINAL,0,5
uc1.32106006766478,86,12,0,first,ORDINAL,87,92
uc1.32106006766478,86,14,0,1,CARDINAL,20,21
uc1.32106006766478,86,15,0,HAKIM,PERSON,0,5
uc1.32106006766478,86,15,1,2,CARDINAL,11,12
uc1.32106006766478,86,19,0,W.W. Br. Hр,PERSON,0,11
uc1.32106006766478,87,0,0,110,CARDINAL,3,6
uc1.32106006766478,87,1,0,4,CARDINAL,24,25
uc1.32106006766478,88,0,0,84,CARDINAL,0,2
uc1.32106006766478,88,0,1,12,CARDINAL,6,8
uc1.32106006766478,88,2,0,Laurey,PERSON,0,6
uc1.32106006766478,88,4,0,3,CARDINAL,9,10
uc1.32106006766478,88,5,0,Laurey,PERSON,0,6
uc1.32106006766478,88,7,0,Curly,PERSON,0,5
uc1.32106006766478,88,9,0,Curly,PERSON,0,5
uc1.32106006766478,88,10,0,all day,DATE,60,67
uc1.32106006766478,88,14,0,Laurey,PERSON,0,6
uc1.32106006766478,88,15,0,Grant,PERSON,45,50
uc1.32106006766478,89,0,0,85 19,CARDINAL,0,5
uc1.32106006766478,89,1,0,Laurey,PERSON,0,6
uc1.32106006766478,89,5,0,Peo Peo,PERSON,0,7
uc1.32106006766478,89,5,1,8,CARDINAL,34,35
uc1.32106006766478,90,2,0,Peo,PERSON,68,71
uc1.32106006766478,90,2,1,Peo,PERSON,81,84
uc1.32106006766478,91,0,0,night,TIME,40,45
uc1.32106006766478,91,0,1,Give me Till,WORK_OF_ART,51,63
uc1.32106006766478,91,6,0,Peo Peo,PERSON,31,38
uc1.32106006766478,92,1,0,JUD,PERSON,0,3
uc1.32106006766478,92,1,1,Stors,PERSON,12,17
uc1.32106006766478,92,5,0,CURLY,PERSON,0,5
uc1.32106006766478,92,6,0,Jul,PERSON,44,47
uc1.32106006766478,92,6,1,tonight,TIME,72,79
uc1.32106006766478,92,7,0,LAUREY,PERSON,0,6
uc1.32106006766478,92,10,0,CURLY,PERSON,0,5
uc1.32106006766478,92,12,0,Jud,PERSON,50,53
uc1.32106006766478,92,14,0,LAUREY,PERSON,0,6
uc1.32106006766478,92,15,0,Curley,PERSON,0,6
uc1.32106006766478,92,16,0,CURLY,PERSON,0,5
uc1.32106006766478,92,18,0,LAUREY,PERSON,0,6
uc1.32106006766478,92,19,0,​Laurey,PERSON,2,9
uc1.32106006766478,92,19,1,rucker,PERSON,40,46
uc1.32106006766478,93,0,0,89 85,CARDINAL,0,5
uc1.32106006766478,93,1,0,LAUREY,PERSON,0,6
uc1.32106006766478,93,8,0,ELLER,PERSON,6,11
uc1.32106006766478,93,10,0,ELLER,PERSON,5,10
uc1.32106006766478,93,11,0,LAUREY,PERSON,0,6
uc1.32106006766478,93,12,0,Eller,PERSON,9,14
uc1.32106006766478,93,13,0,LAUREY,PERSON,0,6
uc1.32106006766478,93,15,0,ELLER,PERSON,5,10
uc1.32106006766478,94,0,0,90 101,CARDINAL,0,6
uc1.32106006766478,94,0,1,Laurey,PERSON,7,13
uc1.32106006766478,94,0,2,7,CARDINAL,37,38
uc1.32106006766478,94,0,3,42,CARDINAL,48,50
uc1.32106006766478,94,0,4,Elixir of Egypt,WORK_OF_ART,62,77
uc1.32106006766478,95,0,0,17,CARDINAL,94,96
uc1.32106006766478,97,0,0,1.1,CARDINAL,3,6
uc1.32106006766478,97,0,1,Jud,PERSON,15,18
uc1.32106006766478,97,3,0,1,CARDINAL,7,8
uc1.32106006766478,97,5,0,4,CARDINAL,6,7
uc1.32106006766478,97,6,0,Jud,PERSON,0,3
uc1.32106006766478,97,6,1,Pore Jud Fry,PERSON,13,25
uc1.32106006766478,97,12,0,Jud,PERSON,18,21
uc1.32106006766478,97,12,1,Pore Jud Fry,PERSON,31,43
uc1.32106006766478,98,0,0,JUD,PERSON,3,6
uc1.32106006766478,98,6,0,CURLY,PERSON,0,5
uc1.32106006766478,98,10,0,one,CARDINAL,13,16
uc1.32106006766478,98,13,0,Jud Fry,PERSON,56,63
uc1.32106006766478,98,17,0,one,CARDINAL,10,13
uc1.32106006766478,98,18,0,Jud,PERSON,16,19
uc1.32106006766478,99,2,0,W.W. subito p,PERSON,0,13
uc1.32106006766478,99,7,0,Jud Fry,PERSON,0,7
uc1.32106006766478,99,9,0,CURLY,PERSON,7,12
uc1.32106006766478,99,10,0,30,CARDINAL,9,11
uc1.32106006766478,100,6,0,38,CARDINAL,0,2
uc1.32106006766478,100,9,0,Pore Jud,PERSON,0,8
uc1.32106006766478,100,10,0,Pore Jud Fry,PERSON,0,12
uc1.32106006766478,100,18,0,por Jud,PERSON,70,77
uc1.32106006766478,101,0,0,JUD,PERSON,3,6
uc1.32106006766478,101,2,0,Jud,PERSON,5,8
uc1.32106006766478,101,5,0,CURLY,PERSON,0,5
uc1.32106006766478,101,7,0,JUD,PERSON,0,3
uc1.32106006766478,101,9,0,CURLY,PERSON,68,73
uc1.32106006766478,101,12,0,8 Hns.,DATE,0,6
uc1.32106006766478,102,3,0,Jud,PERSON,5,8
uc1.32106006766478,102,11,0,Jud,PERSON,19,22
uc1.32106006766478,102,12,0,Jud,PERSON,0,3
uc1.32106006766478,103,0,0,Jud,PERSON,26,29
uc1.32106006766478,103,5,0,4,CARDINAL,28,29
uc1.32106006766478,104,0,0,100,CARDINAL,0,3
uc1.32106006766478,104,1,0,23,CARDINAL,13,15
uc1.32106006766478,105,0,0,Al eck,PERSON,63,69
uc1.32106006766478,106,0,0,102,CARDINAL,0,3
uc1.32106006766478,106,1,0,7 999,CARDINAL,8,13
uc1.32106006766478,107,5,0,Allegro,PERSON,0,7
uc1.32106006766478,109,0,0,3,CARDINAL,61,62
uc1.32106006766478,109,0,1,2,CARDINAL,78,79
uc1.32106006766478,110,3,0,Vns.,PERSON,0,4
uc1.32106006766478,110,4,0,VIVIAN,PERSON,0,6
uc1.32106006766478,110,6,0,雖 ​Piano P LAUREY,PERSON,0,17
uc1.32106006766478,110,10,0,bei 步​带 ​GERTIE:,PERSON,2,18
uc1.32106006766478,110,12,0,F 構 ​LAUREY:,PERSON,3,15
uc1.32106006766478,111,0,0,107,CARDINAL,0,3
uc1.32106006766478,111,2,0,GERTIE,PERSON,0,6
uc1.32106006766478,111,4,0,17,CARDINAL,0,2
uc1.32106006766478,111,5,0,LAUREY,PERSON,0,6
uc1.32106006766478,111,7,0,ELLEN,PERSON,0,5
uc1.32106006766478,111,8,0,Laurey,PERSON,4,10
uc1.32106006766478,111,8,1,Jud,PERSON,37,40
uc1.32106006766478,111,8,2,tonight,TIME,50,57
uc1.32106006766478,111,8,3,Curly,PERSON,66,71
uc1.32106006766478,111,9,0,LAUREY,PERSON,0,6
uc1.32106006766478,111,10,0,64%,PERCENT,9,12
uc1.32106006766478,111,11,0,KATIE,PERSON,0,5
uc1.32106006766478,112,1,0,Tempo di Valse,PERSON,0,14
uc1.32106006766478,114,0,0,110 25,CARDINAL,0,6
uc1.32106006766478,114,1,0,Laur ey,PERSON,38,45
uc1.32106006766478,114,2,0,Laur ey,PERSON,1,8
uc1.32106006766478,114,3,0,Laur ey,PERSON,64,71
uc1.32106006766478,114,5,0,Ol Pha roah's,PERSON,0,13
uc1.32106006766478,116,0,0,eve ning,PERSON,24,32
uc1.32106006766478,116,5,0,Curly,PERSON,0,5
uc1.32106006766478,116,5,1,L.,GPE,13,15
uc1.32106006766478,116,6,0,Laurey,GPE,46,52
uc1.32106006766478,116,7,0,Curly,PERSON,24,29
uc1.32106006766478,117,0,0,113,CARDINAL,0,3
uc1.32106006766478,117,1,0,Tutti W.W. Stgs.,PERSON,29,45
uc1.32106006766478,117,8,0,Laurey,PERSON,11,17
uc1.32106006766478,117,8,1,Curly,PERSON,22,27
uc1.32106006766478,117,9,0,Curly,PERSON,77,82
uc1.32106006766478,117,9,1,Laurey,PERSON,87,93
uc1.32106006766478,118,0,0,Laurey,PERSON,64,70
uc1.32106006766478,118,0,1,Curly,PERSON,75,80
uc1.32106006766478,119,1,0,Laurey,PERSON,33,39
uc1.32106006766478,120,3,0,111 2 79,CARDINAL,75,83
uc1.32106006766478,121,0,0,3,CARDINAL,24,25
uc1.32106006766478,121,0,1,Two,CARDINAL,48,51
uc1.32106006766478,121,0,2,Curly,PERSON,55,60
uc1.32106006766478,122,0,0,Curly,PERSON,84,89
uc1.32106006766478,122,0,1,Laurey,PERSON,99,105
uc1.32106006766478,123,0,0,Luurey,PERSON,27,33
uc1.32106006766478,123,2,0,2,CARDINAL,0,1
uc1.32106006766478,123,2,1,6,CARDINAL,5,6
uc1.32106006766478,123,8,0,4,CARDINAL,0,1
uc1.32106006766478,123,9,0,4,CARDINAL,4,5
uc1.32106006766478,125,0,0,175,CARDINAL,36,39
uc1.32106006766478,125,4,0,Laurey,PERSON,62,68
uc1.32106006766478,125,5,0,Tutti,PERSON,0,5
uc1.32106006766478,125,5,1,C -523-,PRODUCT,14,21
uc1.32106006766478,128,0,0,124,CARDINAL,0,3
uc1.32106006766478,128,0,1,Andantino religioso,PERSON,14,33
uc1.32106006766478,128,0,2,Curly,PERSON,35,40
uc1.32106006766478,129,0,0,Jud,PERSON,29,32
uc1.32106006766478,130,0,0,Laurey'is,PERSON,5,14
uc1.32106006766478,130,0,1,Judi,PERSON,32,36
uc1.32106006766478,130,0,2,14,CARDINAL,41,43
uc1.32106006766478,130,0,3,283,CARDINAL,59,62
uc1.32106006766478,130,0,4,Maestoso,PERSON,63,71
uc1.32106006766478,130,0,5,Three,CARDINAL,72,77
uc1.32106006766478,130,1,0,Tutti,PERSON,5,10
uc1.32106006766478,131,2,0,Juit,PERSON,33,37
uc1.32106006766478,131,3,0,307,CARDINAL,0,3
uc1.32106006766478,133,0,0,371,CARDINAL,20,23
uc1.32106006766478,133,0,1,4,CARDINAL,146,147
uc1.32106006766478,134,0,0,Allegro,PERSON,4,11
uc1.32106006766478,134,0,1,one,CARDINAL,13,16
uc1.32106006766478,134,0,2,3,CARDINAL,68,69
uc1.32106006766478,136,1,0,W.W. Stgs.,PERSON,0,10
uc1.32106006766478,136,2,0,Curly,PERSON,17,22
uc1.32106006766478,136,5,0,1116,CARDINAL,3,7
uc1.32106006766478,136,5,1,5,CARDINAL,35,36
uc1.32106006766478,136,6,0,4,CARDINAL,0,1
uc1.32106006766478,136,7,0,2,CARDINAL,5,6
uc1.32106006766478,136,8,0,Sogs,NORP,13,17
uc1.32106006766478,136,10,0,Celi,PERSON,0,4
uc1.32106006766478,136,10,1,Br,NORP,6,8
uc1.32106006766478,136,10,2,9,CARDINAL,11,12
uc1.32106006766478,137,1,0,Agitato,PERSON,53,60
uc1.32106006766478,137,1,1,2,CARDINAL,65,66
uc1.32106006766478,138,0,0,3,CARDINAL,21,22
uc1.32106006766478,138,2,0,Grandioso,PERSON,23,32
uc1.32106006766478,138,2,1,4,CARDINAL,37,38
uc1.32106006766478,138,7,0,Jud,PERSON,9,12
uc1.32106006766478,138,7,1,Laurey,PERSON,21,27
uc1.32106006766478,138,8,0,Curly,PERSON,9,14
uc1.32106006766478,138,12,0,L.H. bo o C-523End Act I,LAW,14,38
uc1.32106006766478,141,1,0,Subito piú mosso,PERSON,0,16
uc1.32106006766478,144,0,0,140,CARDINAL,0,3
uc1.32106006766478,144,0,1,The Farmer and the Cowman No 19 Brightly > 1000 Piano Tutti f TOA,WORK_OF_ART,21,86
uc1.32106006766478,145,0,0,141 21,CARDINAL,0,6
uc1.32106006766478,146,9,0,One,CARDINAL,0,3
uc1.32106006766478,147,0,0,143 65,CARDINAL,0,6
uc1.32106006766478,148,0,0,144,CARDINAL,0,3
uc1.32106006766478,149,1,0,CORD ELAM,PERSON,0,9
uc1.32106006766478,149,2,0,Missouri,GPE,35,43
uc1.32106006766478,149,3,0,PARMER,PERSON,0,6
uc1.32106006766478,149,5,0,CARNES,PERSON,0,6
uc1.32106006766478,149,11,0,CARNES,PERSON,73,79
uc1.32106006766478,149,12,0,Tutti,NORP,8,13
uc1.32106006766478,150,0,0,146 121,CARDINAL,0,7
uc1.32106006766478,150,2,0,Perc. 4 farm er,PERSON,0,15
uc1.32106006766478,151,1,0,Ter-ri,NORP,45,51
uc1.32106006766478,151,1,1,24,CARDINAL,84,86
uc1.32106006766478,151,4,0,PARMER,PERSON,9,15
uc1.32106006766478,152,0,0,days,DATE,29,33
uc1.32106006766478,152,1,0,Ishore,PERSON,7,13
uc1.32106006766478,153,2,0,9 4,CARDINAL,83,86
uc1.32106006766478,154,0,0,Eller,PERSON,22,27
uc1.32106006766478,154,1,0,ELLER,PERSON,5,10
uc1.32106006766478,154,3,0,Andreu,PERSON,8,14
uc1.32106006766478,154,7,0,CARNES,PERSON,0,6
uc1.32106006766478,154,13,0,One,CARDINAL,0,3
uc1.32106006766478,155,1,0,no rea,PERSON,8,14
uc1.32106006766478,155,1,1,2,CARDINAL,124,125
uc1.32106006766478,155,1,2,un ion,ORG,150,156
uc1.32106006766478,155,1,3,mer,NORP,227,230
uc1.32106006766478,156,2,0,Tutti,PERSON,12,17
uc1.32106006766478,156,3,0,10100 13 Ź Stgs,QUANTITY,76,91
uc1.32106006766478,156,5,0,Tutti,PERSON,3,8
uc1.32106006766478,162,0,0,4,CARDINAL,81,82
uc1.32106006766478,162,0,1,109,CARDINAL,87,90
uc1.32106006766478,163,0,0,4,CARDINAL,117,118
uc1.32106006766478,164,1,0,Will,PERSON,0,4
uc1.32106006766478,164,5,0,half,CARDINAL,1,5
uc1.32106006766478,164,8,0,4,CARDINAL,5,6
uc1.32106006766478,164,8,1,4,CARDINAL,37,38
uc1.32106006766478,164,10,0,ANNIE,PERSON,8,13
uc1.32106006766478,164,12,0,Br,NORP,6,8
uc1.32106006766478,164,16,0,C-523-,PRODUCT,36,42
uc1.32106006766478,165,0,0,Kan sas,GPE,25,32
uc1.32106006766478,165,1,0,8,CARDINAL,43,44
uc1.32106006766478,165,4,0,Tutti ANNIE,PERSON,0,11
uc1.32106006766478,165,6,0,33  Foot,QUANTITY,0,8
uc1.32106006766478,165,8,0,81,CARDINAL,0,2
uc1.32106006766478,166,0,0,4,CARDINAL,68,69
uc1.32106006766478,166,3,0,4,CARDINAL,54,55
uc1.32106006766478,167,0,0,163,CARDINAL,0,3
uc1.32106006766478,167,2,0,Flan-ni gans,FAC,67,79
uc1.32106006766478,168,0,0,164 73,CARDINAL,0,6
uc1.32106006766478,169,0,0,165 89,CARDINAL,0,6
uc1.32106006766478,169,1,0,one,CARDINAL,6,9
uc1.32106006766478,170,0,0,WILL,PERSON,12,16
uc1.32106006766478,170,3,0,2,CARDINAL,31,32
uc1.32106006766478,170,7,0,Will,PERSON,5,9
uc1.32106006766478,170,7,1,Annie,PERSON,49,54
uc1.32106006766478,171,0,0,167 119,CARDINAL,0,7
uc1.32106006766478,171,2,0,ANNIE,PERSON,0,5
uc1.32106006766478,171,4,0,ANNIE,PERSON,0,5
uc1.32106006766478,171,6,0,39 3 3។,CARDINAL,21,28
uc1.32106006766478,171,11,0,ANNIE,PERSON,0,5
uc1.32106006766478,171,13,0,two,CARDINAL,16,19
uc1.32106006766478,171,13,1,three,CARDINAL,32,37
uc1.32106006766478,172,0,0,168 135,CARDINAL,0,7
uc1.32106006766478,172,1,0,ANNIE,PERSON,0,5
uc1.32106006766478,172,2,0,third,ORDINAL,35,40
uc1.32106006766478,172,3,0,WILL,PERSON,6,10
uc1.32106006766478,172,4,0,> 70,CARDINAL,30,34
uc1.32106006766478,172,5,0,ANNIE,PERSON,0,5
uc1.32106006766478,172,6,0,WILL,PERSON,0,4
uc1.32106006766478,172,8,0,Intet,PERSON,27,32
uc1.32106006766478,172,8,1,Two,CARDINAL,34,37
uc1.32106006766478,172,8,2,Will,PERSON,65,69
uc1.32106006766478,175,2,0,Annie,PERSON,1,6
uc1.32106006766478,177,2,0,Annie,PERSON,1,6
uc1.32106006766478,178,0,0,172 199,CARDINAL,0,7
uc1.32106006766478,178,1,0,ANNIE,PERSON,0,5
uc1.32106006766478,178,2,0,9,CARDINAL,6,7
uc1.32106006766478,178,2,1,4,CARDINAL,64,65
uc1.32106006766478,178,2,2,4,CARDINAL,99,100
uc1.32106006766478,179,0,0,173,CARDINAL,0,3
uc1.32106006766478,179,2,0,Tutti,PERSON,0,5
uc1.32106006766478,179,6,0,three,TIME,39,44
uc1.32106006766478,179,6,1,4,CARDINAL,104,105
uc1.32106006766478,180,6,0,C-523-,PRODUCT,35,41
uc1.32106006766478,181,0,0,23,CARDINAL,23,25
uc1.32106006766478,182,2,0,Laurey,PERSON,1,7
uc1.32106006766478,182,2,1,Curly,PERSON,12,17
uc1.32106006766478,182,6,0,CURLY,PERSON,0,5
uc1.32106006766478,182,8,0,Laurey Williams,PERSON,86,101
uc1.32106006766478,182,9,0,LAUREY,PERSON,0,6
uc1.32106006766478,182,11,0,CURLY,PERSON,0,5
uc1.32106006766478,182,13,0,LAUREY,PERSON,0,6
uc1.32106006766478,182,15,0,Catoosie,GPE,15,23
uc1.32106006766478,182,16,0,CURLY,PERSON,0,5
uc1.32106006766478,182,18,0,CURLY,PERSON,0,5
uc1.32106006766478,182,21,0,Tutti 步 ​C-523-,PERSON,0,15
uc1.32106006766478,183,1,0,Perc,PERSON,0,4
uc1.32106006766478,183,4,0,LAUREY,PERSON,0,6
uc1.32106006766478,184,0,0,178 33,CARDINAL,0,6
uc1.32106006766478,184,0,1,US,GPE,35,37
uc1.32106006766478,184,0,2,Tutti,PERSON,38,43
uc1.32106006766478,187,0,0,20,CARDINAL,7,9
uc1.32106006766478,187,0,1,Will,PERSON,48,52
uc1.32106006766478,187,2,0,4,CARDINAL,17,18
uc1.32106006766478,189,1,0,Curly,PERSON,0,5
uc1.32106006766478,189,2,0,ELLER,PERSON,14,19
uc1.32106006766478,189,4,0,Curlyit,PERSON,18,25
uc1.32106006766478,189,8,0,LAUREY,PERSON,0,6
uc1.32106006766478,189,10,0,CURLY,PERSON,30,35
uc1.32106006766478,189,15,0,Tutti,PERSON,0,5
uc1.32106006766478,190,0,0,184 17,DATE,0,6
uc1.32106006766478,190,1,0,CORD ELAM,PERSON,0,9
uc1.32106006766478,190,3,0,AUNT ELLER,PERSON,0,10
uc1.32106006766478,191,0,0,185 45,CARDINAL,0,6
uc1.32106006766478,194,0,0,188,CARDINAL,0,3
uc1.32106006766478,194,0,1,141,CARDINAL,9,12
uc1.32106006766478,194,0,2,2nd,ORDINAL,24,27
uc1.32106006766478,195,0,0,183,CARDINAL,0,3
uc1.32106006766478,195,3,0,4,CARDINAL,37,38
uc1.32106006766478,196,1,0,the la zy,LOC,40,49
uc1.32106006766478,196,2,0,the la zy,LOC,24,33
uc1.32106006766478,197,2,0,들 ​W.W. Stgs.,PERSON,0,13
uc1.32106006766478,197,3,0,Hns.,GPE,0,4
uc1.32106006766478,197,8,0,Yi,PERSON,0,2
uc1.32106006766478,197,9,0,cresc.,PERSON,0,6
uc1.32106006766478,197,11,0,Yi!,PERSON,0,3
uc1.32106006766478,197,12,0,cresc.,PERSON,0,6
uc1.32106006766478,197,15,0,Yip py,PERSON,0,6
uc1.32106006766478,197,15,1,Br. Stgs.,ORG,15,24
uc1.32106006766478,198,1,0,Yi,PERSON,0,2
uc1.32106006766478,198,2,0,Yi,PERSON,0,2
uc1.32106006766478,198,3,0,Yi,PERSON,0,2
uc1.32106006766478,198,4,0,Yi,PERSON,0,2
uc1.32106006766478,198,8,0,Yi,PERSON,0,2
uc1.32106006766478,198,9,0,Yi,PERSON,0,2
uc1.32106006766478,200,0,0,194,CARDINAL,0,3
uc1.32106006766478,200,1,0,3,CARDINAL,12,13
uc1.32106006766478,200,1,1,Ok la ho ma,PERSON,19,30
uc1.32106006766478,200,6,0,Ok la ho,PERSON,23,31
uc1.32106006766478,200,6,1,Ok la ho ma,PERSON,36,47
uc1.32106006766478,200,11,0,Ok la ho ma,PERSON,14,25
uc1.32106006766478,200,12,0,Ok la ho ma,PERSON,0,11
uc1.32106006766478,200,12,1,Ok-la,PERSON,12,17
uc1.32106006766478,200,12,2,Okla ho ma,PERSON,18,28
uc1.32106006766478,200,12,3,Ok-la ho ma,PERSON,29,40
uc1.32106006766478,200,12,4,Ok-la,PERSON,41,46
uc1.32106006766478,200,13,0,Ok la ho ma,PERSON,0,11
uc1.32106006766478,200,13,1,Ok-la ho ma,PERSON,12,23
uc1.32106006766478,200,13,2,Ok la HT,PERSON,24,32
uc1.32106006766478,201,0,0,177,CARDINAL,23,26
uc1.32106006766478,204,0,0,Oklahoma,GPE,11,19
uc1.32106006766478,204,4,0,Ok la ho ma,GPE,51,62
uc1.32106006766478,205,2,0,2,CARDINAL,37,38
uc1.32106006766478,206,10,0,4,CARDINAL,93,94
uc1.32106006766478,207,15,0,Okla ho ma,PERSON,0,10
uc1.32106006766478,211,1,0,Annie,PERSON,5,10
uc1.32106006766478,211,12,0,Laurey,PERSON,25,31
uc1.32106006766478,211,12,1,Eller,PERSON,44,49
uc1.32106006766478,212,0,0,Laurry,PERSON,38,44
uc1.32106006766478,212,1,0,Curly,PERSON,0,5
uc1.32106006766478,212,2,0,Curly,PERSON,92,97
uc1.32106006766478,212,2,1,Laurey,PERSON,102,108
uc1.32106006766478,212,3,0,10 10,CARDINAL,61,66
uc1.32106006766478,212,3,1,NHO,ORG,72,75
uc1.32106006766478,212,4,0,Cooler,GPE,48,54
uc1.32106006766478,213,0,0,207 37,CARDINAL,0,6
uc1.32106006766478,213,1,0,first,ORDINAL,31,36
uc1.32106006766478,213,4,0,Peo ple,PERSON,1,8
uc1.32106006766478,214,0,0,208 53,CARDINAL,0,6
uc1.32106006766478,216,1,0,ALISA BAINO,PERSON,13,24
uc1.32106006766478,216,2,0,The University Library,ORG,0,22
uc1.32106006766478,216,9,0,The University,ORG,0,14
uc1.32106006766478,216,9,1,The University Library,ORG,21,43
uc1.32106006766478,216,9,2,The University CP,ORG,44,61
uc1.32106006766478,216,9,3,The University Library,ORG,62,84
uc1.32106006766478,216,10,0,ALSARAN Capuqiy,PERSON,14,29
uc1.32106006766478,216,10,1,SANTA CRUZ,GPE,126,136
uc1.32106006766478,216,11,0,SANTA CRUZ,GPE,32,42
uc1.32106006766478,216,12,0,The University Library,ORG,0,22
uc1.32106006766478,216,12,1,The Un ) Library,ORG,23,39
uc1.32106006766478,216,13,0,459-2756,CARDINAL,24,32
uc1.32106006766478,216,14,0,14 days,DATE,37,44
uc1.32106006766478,216,15,0,The University Library,ORG,0,22
uc1.32106006766478,216,15,1,UNIVERSITY OF CALIFORNIA/SANTA CRUZ,ORG,118,153
uc1.32106006766478,216,16,0,UNIVERSITY OF CALIFORNIA/SANTA CRUZ,ORG,10,45
uc1.32106006766478,216,16,1,2003,DATE,46,50
uc1.32106006766478,216,16,2,APR 14,DATE,108,114
uc1.32106006766478,216,18,0,The University Lil Library,ORG,0,26
uc1.32106006766478,216,18,1,The University Library,ORG,62,84
uc1.32106006766478,216,18,2,The Un Library,ORG,177,191
uc1.32106006766478,216,18,3,The University Library,ORG,192,214
uc1.32106006766478,216,18,4,APR 15 '99,DATE,246,256
uc1.32106006766478,216,18,5,MAY 3 0,DATE,257,264
uc1.32106006766478,216,18,6,MAY 19,DATE,276,282
uc1.32106006766478,216,19,0,The University Library,ORG,0,22
uc1.32106006766478,216,20,0,SARTA CRUZ,PERSON,48,58
uc1.32106006766478,216,20,1,CALIFORNIA,GPE,96,106
uc1.32106006766478,216,20,2,SANTA CRUZ,GPE,144,154
uc1.32106006766478,216,20,3,SANTA CRUZ,GPE,180,190
uc1.32106006766478,216,21,0,ZAHD VINTELOMERANTO,PERSON,24,43
uc1.32106006766478,216,22,0,ALUSTARD Gsport,PERSON,0,15
uc1.32106006766478,216,23,0,BAASANTA CRUZ W.,PERSON,0,16
uc1.32106006766478,216,23,1,The University Library,ORG,17,39
uc1.32106006766478,216,23,2,CALIFORNIA,GPE,54,64
uc1.32106006766478,216,23,3,SANTA CRUZ,PERSON,66,76
uc1.32106006766478,217,0,0,SANTA CRUZ,GPE,10,20
uc1.32106006766478,217,1,0,SANTA CRUZ,GPE,0,10
uc1.32106006766478,217,2,0,The University Library,ORG,0,22
uc1.32106006766478,217,3,0,The University-Libra University Library,ORG,0,39
uc1.32106006766478,217,3,1,The University Library,ORG,40,62
uc1.32106006766478,217,3,2,SANTA CRUZ,GPE,127,137
uc1.32106006766478,217,3,3,CALIFORNIA,GPE,151,161
uc1.32106006766478,217,4,0,CALIFORALLA SAHIA CRUZ,GPE,14,36
uc1.32106006766478,217,9,0,The University Library,ORG,0,22
uc1.32106006766478,217,11,0,The University Library,ORG,0,22
uc1.32106006766478,217,11,1,SANTA CRUZ,GPE,50,60
uc1.32106006766478,217,11,2,The University Library,ORG,61,83
uc1.32106006766478,217,11,3,The University Library,ORG,84,106
uc1.32106006766478,217,11,4,The University Library,ORG,107,129
uc1.32106006766478,217,11,5,UNIVERSITY OF CALIFORNIA/SANTA CRUZ,ORG,130,165
uc1.32106006766478,217,11,6,The University,ORG,166,180
uc1.32106006766478,217,11,7,The University Library,ORG,188,210
uc1.32106006766478,217,11,8,The University Library,ORG,211,233
uc1.32106006766478,217,12,0,The University,ORG,0,14
uc1.32106006766478,217,12,1,2013,DATE,58,62
uc1.32106006766478,217,14,0,NYO 20,DATE,0,6
uc1.32106006766478,217,15,0,The University Library,ORG,0,22
uc1.32106006766478,217,15,1,The University Library,ORG,63,85
uc1.32106006766478,217,15,2,CALIFORNIA,GPE,99,109
uc1.32106006766478,217,15,3,SANTA CALI,GPE,110,120
uc1.32106006766478,217,15,4,The University Library,ORG,122,144
uc1.32106006766478,217,17,0,CALIFORNIA,GPE,143,153
uc1.32106006766478,217,19,0,The University Library,ORG,44,66
uc1.32106006766478,217,20,0,The University Library,ORG,0,22
uc1.32106006766478,217,20,1,The University Library,ORG,23,45
uc1.32106006766478,217,21,0,The University Library,ORG,0,22
uc1.32106006766478,217,21,1,The University Library,ORG,23,45
uc1.32106006766478,217,22,0,The University Library,ORG,21,43
uc1.32106006766478,217,23,0,The University Library,ORG,0,22
uc1.32106006766478,217,23,1,10 20 20,DATE,64,72
uc1.32106006766478,217,23,2,10,CARDINAL,122,124
uc1.32106006766478,217,23,3,CALIYCANIA,GPE,155,165
uc1.32106006766478,217,23,4,CALIFORNIA,GPE,191,201
uc1.32106006766478,217,23,5,SANTA CRUZ,GPE,202,212
uc1.32106006766478,217,23,6,CALIFORNIA,GPE,224,234
uc1.32106006766478,217,25,0,SANTA UNIVERSITY,GPE,14,30
uc1.32106006766478,217,25,1,CALIFORNIA,GPE,34,44
uc1.32106006766478,217,25,2,CALIFORNIR,GPE,68,78
uc1.32106006766478,217,25,3,CALIFORNIK,GPE,101,111
uc1.32106006766478,217,25,4,SANTA CRUZ,GPE,112,122
uc1.32106006766478,217,27,0,The University Library,ORG,0,22
uc1.32106006766478,217,28,0,CALISIANA,GPE,12,21
uc1.32106006766478,217,28,1,SAMACHAL,GPE,23,31
