vol_id,page,sentence_id,ent_id,entity,entity_type,start_char,end_char
uc1.32106016179241,1,0,0,SANTA CRUZ,GPE,27,37
uc1.32106016179241,2,0,0,LIFORNIA,GPE,0,8
uc1.32106016179241,2,0,1,The University Library,ORG,45,67
uc1.32106016179241,2,0,2,The University Library,ORG,68,90
uc1.32106016179241,2,0,3,SANTA CRUZ,GPE,116,126
uc1.32106016179241,2,0,4,The University Library,ORG,163,185
uc1.32106016179241,2,0,5,UNIVERSITY OF CALIFORN,ORG,186,208
uc1.32106016179241,2,1,0,The Universit,ORG,0,13
uc1.32106016179241,2,1,1,The University,ORG,14,28
uc1.32106016179241,2,2,0,The University Library,ORG,0,22
uc1.32106016179241,2,3,0,The University Library,ORG,0,22
uc1.32106016179241,2,3,1,The Univer,ORG,23,33
uc1.32106016179241,2,3,2,The University Library,ORG,70,92
uc1.32106016179241,2,3,3,The University Library,ORG,199,221
uc1.32106016179241,2,3,4,The University Library,ORG,258,280
uc1.32106016179241,2,3,5,FORHIA/SANTA CRUZ,GPE,281,298
uc1.32106016179241,2,3,6,The University Library,ORG,299,321
uc1.32106016179241,2,4,0,SCEMIA/SANTA CRUZ,GPE,2,19
uc1.32106016179241,2,4,1,The University Library,ORG,20,42
uc1.32106016179241,2,4,2,The University Library,ORG,108,130
uc1.32106016179241,2,4,3,CALIFORNI,GPE,145,154
uc1.32106016179241,2,5,0,ANIA/SANTA CRUZ ibrary,GPE,1,23
uc1.32106016179241,3,0,0,CA ARHIA/,GPE,0,9
uc1.32106016179241,3,0,1,CA MIA/SANTA CRUZ,GPE,34,51
uc1.32106016179241,3,0,2,The University Library,ORG,52,74
uc1.32106016179241,3,0,3,The University Library,ORG,83,105
uc1.32106016179241,3,0,4,The University Library,ORG,106,128
uc1.32106016179241,3,0,5,GRNIA,GPE,129,134
uc1.32106016179241,3,0,6,The University,ORG,146,160
uc1.32106016179241,3,0,7,The University Library,ORG,161,183
uc1.32106016179241,3,0,8,The University Library,ORG,221,243
uc1.32106016179241,3,0,9,The University Library,ORG,319,341
uc1.32106016179241,3,0,10,The University Library,ORG,376,398
uc1.32106016179241,3,0,11,The University Library,ORG,648,670
uc1.32106016179241,3,0,12,The University Library,ORG,686,708
uc1.32106016179241,3,1,0,The University Library,ORG,0,22
uc1.32106016179241,3,1,1,The University Library,ORG,152,174
uc1.32106016179241,3,1,2,LIFORNIA,GPE,175,183
uc1.32106016179241,3,1,3,The University Library,ORG,195,217
uc1.32106016179241,5,1,0,James Welch,PERSON,54,65
uc1.32106016179241,5,1,1,American,NORP,72,80
uc1.32106016179241,5,1,2,Indian-Blackfeet,NORP,81,97
uc1.32106016179241,5,1,3,Gros Ventre,NORP,102,113
uc1.32106016179241,5,2,0,Blackfeet,LOC,27,36
uc1.32106016179241,5,2,1,Fort Belknap,LOC,41,53
uc1.32106016179241,5,2,2,Montana,GPE,70,77
uc1.32106016179241,5,2,3,the University of Montana,ORG,97,122
uc1.32106016179241,5,2,4,Richard Hugo,PERSON,163,175
uc1.32106016179241,5,3,0,two,CARDINAL,20,23
uc1.32106016179241,5,3,1,Fools Crow,WORK_OF_ART,55,65
uc1.32106016179241,5,3,2,1986,DATE,67,71
uc1.32106016179241,5,3,3,The Death of Jim Loney,WORK_OF_ART,77,99
uc1.32106016179241,5,3,4,1979,DATE,101,105
uc1.32106016179241,5,3,5,Penguin Contemporary American Fiction,ORG,143,180
uc1.32106016179241,5,4,0,Welch,PERSON,0,5
uc1.32106016179241,5,4,1,Missoula,GPE,15,23
uc1.32106016179241,5,4,2,Montana,GPE,25,32
uc1.32106016179241,5,4,3,Lois,PERSON,49,53
uc1.32106016179241,5,5,0,795 50p,MONEY,0,7
uc1.32106016179241,7,0,0,Winter in the Blood,WORK_OF_ART,0,19
uc1.32106016179241,7,0,1,JAMES WELCH,PERSON,20,31
uc1.32106016179241,7,0,2,Penguin Books,ORG,32,45
uc1.32106016179241,8,0,0,UC Santa Cruz,ORG,12,25
uc1.32106016179241,8,0,1,1992,DATE,26,30
uc1.32106016179241,8,0,2,the Penguin Group,ORG,58,75
uc1.32106016179241,8,0,3,Viking Penguin,ORG,76,90
uc1.32106016179241,8,0,4,Penguin Books USA Inc.,ORG,106,128
uc1.32106016179241,8,0,5,New York,GPE,149,157
uc1.32106016179241,8,0,6,New York,GPE,159,167
uc1.32106016179241,8,0,7,U.S.A.,GPE,175,181
uc1.32106016179241,8,0,8,Penguin Books Ltd,ORG,182,199
uc1.32106016179241,8,0,9,27,CARDINAL,201,203
uc1.32106016179241,8,0,10,Wrights Lane,FAC,204,216
uc1.32106016179241,8,0,11,London,GPE,218,224
uc1.32106016179241,8,0,12,W8 5TZ,GPE,225,231
uc1.32106016179241,8,0,13,England,GPE,233,240
uc1.32106016179241,8,0,14,Penguin Books Australia Ltd,ORG,241,268
uc1.32106016179241,8,0,15,Ringwood,GPE,270,278
uc1.32106016179241,8,0,16,Victoria,GPE,280,288
uc1.32106016179241,8,0,17,Australia,GPE,290,299
uc1.32106016179241,8,0,18,Penguin Books Canada Ltd,ORG,300,324
uc1.32106016179241,8,0,19,Markham,GPE,344,351
uc1.32106016179241,8,0,20,Ontario,GPE,353,360
uc1.32106016179241,8,0,21,Canada,GPE,362,368
uc1.32106016179241,8,0,22,Penguin Books (N.Z.) Ltd,ORG,377,401
uc1.32106016179241,8,0,23,182,CARDINAL,403,406
uc1.32106016179241,8,0,24,Auckland,GPE,424,432
uc1.32106016179241,8,0,25,New Zealand,GPE,437,448
uc1.32106016179241,8,0,26,Penguin Books Ltd,ORG,449,466
uc1.32106016179241,8,0,27,"Harmondsworth,",ORG,488,502
uc1.32106016179241,8,0,28,Middlesex,GPE,503,512
uc1.32106016179241,8,0,29,England,GPE,514,521
uc1.32106016179241,8,1,0,First,ORDINAL,0,5
uc1.32106016179241,8,1,1,the United States,GPE,19,36
uc1.32106016179241,8,1,2,"Harper & Row, Publishers, Inc.",ORG,40,70
uc1.32106016179241,8,1,3,1974,DATE,72,76
uc1.32106016179241,8,1,4,First,ORDINAL,77,82
uc1.32106016179241,8,1,5,Perennial Library,ORG,109,126
uc1.32106016179241,8,1,6,1981,DATE,127,131
uc1.32106016179241,8,1,7,Penguin Books,ORG,145,158
uc1.32106016179241,8,1,8,1986 9,DATE,159,165
uc1.32106016179241,8,2,0,James Welch,PERSON,10,21
uc1.32106016179241,8,2,1,1974,DATE,23,27
uc1.32106016179241,8,4,0,the South Dakota Review,ORG,35,58
uc1.32106016179241,8,6,0,Welch,PERSON,0,5
uc1.32106016179241,8,6,1,James,PERSON,7,12
uc1.32106016179241,8,6,2,1940Winter,DATE,14,24
uc1.32106016179241,8,8,0,the United States of America,GPE,11,39
uc1.32106016179241,8,8,1,Caledonia,GPE,47,56
uc1.32106016179241,8,9,0,the United States of America,GPE,10,38
uc1.32106016179241,11,2,0,Earthboy,WORK_OF_ART,22,30
uc1.32106016179241,13,0,0,Winter in the Blood,WORK_OF_ART,0,19
uc1.32106016179241,15,0,0,One,CARDINAL,5,8
uc1.32106016179241,15,2,0,Earthboy,LOC,18,26
uc1.32106016179241,15,2,1,twenty years,DATE,98,110
uc1.32106016179241,15,5,0,Earthboys,NORP,84,93
uc1.32106016179241,15,5,1,Lodgepole,GPE,144,153
uc1.32106016179241,15,6,0,Earthboys,WORK_OF_ART,31,40
uc1.32106016179241,15,7,0,1,CARDINAL,48,49
uc1.32106016179241,16,0,0,WINTER IN THE BLOOD,WORK_OF_ART,0,19
uc1.32106016179241,16,2,0,Rocky Boy,WORK_OF_ART,19,28
uc1.32106016179241,16,9,0,the Little Rockies,LOC,44,62
uc1.32106016179241,16,13,0,one,CARDINAL,42,45
uc1.32106016179241,16,15,0,the years,DATE,98,107
uc1.32106016179241,16,16,0,Milk River,LOC,95,105
uc1.32106016179241,16,22,0,the last two miles,QUANTITY,94,112
uc1.32106016179241,16,24,0,2,CARDINAL,0,1
uc1.32106016179241,17,0,0,WINTER IN THE BLOOD,PERSON,0,19
uc1.32106016179241,17,1,0,three days ago,DATE,10,24
uc1.32106016179241,17,5,0,early afternoon,TIME,16,31
uc1.32106016179241,17,12,0,.30-30,PRODUCT,16,22
uc1.32106016179241,17,13,0,the day,DATE,90,97
uc1.32106016179241,17,13,1,Buster Cutfinger's,PERSON,107,125
uc1.32106016179241,17,14,0,four years ago,DATE,9,23
uc1.32106016179241,17,22,0,one,CARDINAL,22,25
uc1.32106016179241,17,24,0,3,CARDINAL,48,49
uc1.32106016179241,18,3,0,Lame Bull,PERSON,7,16
uc1.32106016179241,18,6,0,Lame Bull,PERSON,7,16
uc1.32106016179241,18,7,0,this evening,TIME,15,27
uc1.32106016179241,18,15,0,mid-June,DATE,14,22
uc1.32106016179241,18,19,0,afternoon,TIME,81,90
uc1.32106016179241,18,19,1,two,CARDINAL,113,116
uc1.32106016179241,18,24,0,Cree,NORP,10,14
uc1.32106016179241,18,24,1,Havre,GPE,20,25
uc1.32106016179241,18,25,0,three weeks ago,DATE,31,46
uc1.32106016179241,18,27,0,Catholic,NORP,16,24
uc1.32106016179241,18,28,0,Harlem,GPE,31,37
uc1.32106016179241,18,28,1,4,CARDINAL,64,65
uc1.32106016179241,19,1,0,Indians,NORP,16,23
uc1.32106016179241,19,4,0,Raquel Welch,PERSON,98,110
uc1.32106016179241,19,5,0,Cree,NORP,40,44
uc1.32106016179241,19,7,0,two,CARDINAL,21,24
uc1.32106016179241,19,13,0,three,CARDINAL,25,30
uc1.32106016179241,19,14,0,Chinook,GPE,29,36
uc1.32106016179241,20,0,0,seven years before,DATE,20,38
uc1.32106016179241,20,3,0,thousands,CARDINAL,34,43
uc1.32106016179241,20,9,0,Indians,NORP,59,66
uc1.32106016179241,20,11,0,one,CARDINAL,19,22
uc1.32106016179241,20,13,0,those days,DATE,58,68
uc1.32106016179241,20,15,0,First Raise's,ORG,41,54
uc1.32106016179241,20,16,0,Dodson,GPE,31,37
uc1.32106016179241,20,19,0,Twenty dollars,MONEY,0,14
uc1.32106016179241,20,19,1,one dollar,MONEY,37,47
uc1.32106016179241,20,19,2,nineteen,CARDINAL,65,73
uc1.32106016179241,20,20,0,the thirty-below morning,TIME,25,49
uc1.32106016179241,20,20,1,ten years ago,DATE,50,63
uc1.32106016179241,20,20,2,Earthboy,PERSON,116,124
uc1.32106016179241,21,2,0,Glacier Park,LOC,68,80
uc1.32106016179241,21,7,0,Lame Bull,PERSON,22,31
uc1.32106016179241,21,7,1,Dodson,GPE,52,58
uc1.32106016179241,21,10,0,.30-30,CARDINAL,32,38
uc1.32106016179241,21,16,0,Lame Bull,PERSON,0,9
uc1.32106016179241,21,21,0,7,CARDINAL,0,1
uc1.32106016179241,22,1,0,evening,TIME,25,32
uc1.32106016179241,22,2,0,Lame Bull's,LOC,18,29
uc1.32106016179241,22,5,0,one,CARDINAL,29,32
uc1.32106016179241,22,8,0,First,ORDINAL,0,5
uc1.32106016179241,22,12,0,a poor season,DATE,10,23
uc1.32106016179241,22,19,0,Almost twelve years ago,DATE,0,23
uc1.32106016179241,22,19,1,Chinook,GPE,47,54
uc1.32106016179241,22,23,0,almost twenty,DATE,7,20
uc1.32106016179241,22,25,0,Teresa,PERSON,38,44
uc1.32106016179241,22,28,0,almost twenty,DATE,6,19
uc1.32106016179241,22,30,0,Lame Bull,PERSON,0,9
uc1.32106016179241,22,36,0,any day,DATE,22,29
uc1.32106016179241,22,38,0,Lame Bull,PERSON,0,9
uc1.32106016179241,23,2,0,Teresa,PERSON,5,11
uc1.32106016179241,23,11,0,Teresa,PERSON,43,49
uc1.32106016179241,23,12,0,Two,CARDINAL,0,3
uc1.32106016179241,23,15,0,Lame Bull,PERSON,0,9
uc1.32106016179241,23,20,0,today,DATE,43,48
uc1.32106016179241,23,21,0,Teresa,PERSON,0,6
uc1.32106016179241,23,22,0,one,CARDINAL,7,10
uc1.32106016179241,23,23,0,all night,TIME,17,26
uc1.32106016179241,23,24,0,Evening,TIME,0,7
uc1.32106016179241,23,32,0,9,CARDINAL,0,1
uc1.32106016179241,24,1,0,a few feet,QUANTITY,60,70
uc1.32106016179241,24,2,0,one,CARDINAL,64,67
uc1.32106016179241,24,7,0,Mose,PERSON,64,68
uc1.32106016179241,24,8,0,Hour,TIME,0,4
uc1.32106016179241,24,8,1,hour,TIME,11,15
uc1.32106016179241,24,9,0,first,ORDINAL,31,36
uc1.32106016179241,24,20,0,10,CARDINAL,0,2
uc1.32106016179241,25,6,0,Lame Bull,PERSON,0,9
uc1.32106016179241,25,8,0,Teresa,PERSON,0,6
uc1.32106016179241,25,11,0,Lame Bull's,PERSON,23,34
uc1.32106016179241,25,25,0,1,CARDINAL,12,13
uc1.32106016179241,26,1,0,a thousand,CARDINAL,18,28
uc1.32106016179241,26,7,0,Three,CARDINAL,0,5
uc1.32106016179241,26,10,0,the Sports Afield,ORG,13,30
uc1.32106016179241,26,14,0,three,CARDINAL,54,59
uc1.32106016179241,26,14,1,Africa,LOC,67,73
uc1.32106016179241,26,14,2,four days,DATE,108,117
uc1.32106016179241,26,15,0,one day,DATE,72,79
uc1.32106016179241,26,16,0,the fourth day,DATE,36,50
uc1.32106016179241,26,17,0,four-day,DATE,27,35
uc1.32106016179241,26,18,0,McLeod,PERSON,28,34
uc1.32106016179241,26,18,1,Pepsi,ORG,38,43
uc1.32106016179241,26,18,2,Atlanta,GPE,56,63
uc1.32106016179241,26,18,3,Georgia,GPE,65,72
uc1.32106016179241,26,19,0,that night,TIME,21,31
uc1.32106016179241,26,21,0,One,CARDINAL,0,3
uc1.32106016179241,26,21,1,McLeod,PERSON,11,17
uc1.32106016179241,26,21,2,Henderson,PERSON,22,31
uc1.32106016179241,26,22,0,third,ORDINAL,4,9
uc1.32106016179241,26,22,1,Enright,PERSON,15,22
uc1.32106016179241,26,25,0,12,DATE,9,11
uc1.32106016179241,27,1,0,Lame Bull,PERSON,0,9
uc1.32106016179241,27,1,1,three days,DATE,38,48
uc1.32106016179241,27,4,0,Teresa,PERSON,0,6
uc1.32106016179241,27,4,1,Malta,GPE,47,52
uc1.32106016179241,27,5,0,That night,TIME,0,10
uc1.32106016179241,27,6,0,Lame Bull,PERSON,2,11
uc1.32106016179241,27,6,1,360 acres,QUANTITY,24,33
uc1.32106016179241,27,6,2,2000-acre,QUANTITY,121,130
uc1.32106016179241,27,8,0,Teresa,PERSON,31,37
uc1.32106016179241,27,9,0,forty-seven,DATE,3,14
uc1.32106016179241,27,9,1,eight years younger,DATE,23,42
uc1.32106016179241,27,11,0,The next day,DATE,0,12
uc1.32106016179241,27,11,1,Lame Bull,PERSON,14,23
uc1.32106016179241,27,12,0,John Deere,ORG,49,59
uc1.32106016179241,27,15,0,13,CARDINAL,96,98
uc1.32106016179241,28,5,0,Lame Bull,FAC,61,70
uc1.32106016179241,28,6,0,two,CARDINAL,62,65
uc1.32106016179241,28,7,0,one,CARDINAL,94,97
uc1.32106016179241,28,8,0,Lame Bull,PERSON,85,94
uc1.32106016179241,28,18,0,Nig,PERSON,96,99
uc1.32106016179241,28,20,0,14,CARDINAL,0,2
uc1.32106016179241,29,4,0,Teresa,PERSON,0,6
uc1.32106016179241,29,5,0,Amos,PERSON,17,21
uc1.32106016179241,29,7,0,Amos,PERSON,1,5
uc1.32106016179241,29,7,1,every morning,TIME,43,56
uc1.32106016179241,29,12,0,Lame Bull,PERSON,13,22
uc1.32106016179241,29,14,0,that day,DATE,17,25
uc1.32106016179241,29,17,0,Amos,PERSON,7,11
uc1.32106016179241,29,21,0,Lame Bull's,PERSON,0,11
uc1.32106016179241,29,24,0,One,CARDINAL,0,3
uc1.32106016179241,29,25,0,Indians,NORP,13,20
uc1.32106016179241,29,26,0,15,CARDINAL,49,51
uc1.32106016179241,30,3,0,Dodson,GPE,40,46
uc1.32106016179241,30,5,0,five,CARDINAL,11,15
uc1.32106016179241,30,5,1,Amos,PERSON,34,38
uc1.32106016179241,30,9,0,That late afternoon,TIME,0,19
uc1.32106016179241,30,9,1,several days later,DATE,21,39
uc1.32106016179241,30,9,2,less than an inch,QUANTITY,72,89
uc1.32106016179241,30,11,0,That one inch,QUANTITY,0,13
uc1.32106016179241,30,11,1,the Grand Canyon,LOC,62,78
uc1.32106016179241,30,14,0,hours,TIME,213,218
uc1.32106016179241,30,16,0,Amos,PERSON,4,8
uc1.32106016179241,30,19,0,Amos,PERSON,26,30
uc1.32106016179241,30,21,0,16,CARDINAL,0,2
uc1.32106016179241,31,2,0,Amos,PERSON,22,26
uc1.32106016179241,31,3,0,Christmas,DATE,16,25
uc1.32106016179241,31,18,0,Lame Bull,PERSON,0,9
uc1.32106016179241,31,21,0,Teresa,PERSON,0,6
uc1.32106016179241,31,22,0,Amos,PERSON,7,11
uc1.32106016179241,31,25,0,those days,DATE,70,80
uc1.32106016179241,32,4,0,Teresa,PERSON,58,64
uc1.32106016179241,32,6,0,First Raise,ORG,57,68
uc1.32106016179241,32,8,0,Amos,PERSON,22,26
uc1.32106016179241,32,10,0,Lame Bull,PERSON,75,84
uc1.32106016179241,32,10,1,Bird,PERSON,134,138
uc1.32106016179241,32,10,2,Amos,PERSON,256,260
uc1.32106016179241,32,23,0,Teresa,PERSON,0,6
uc1.32106016179241,32,23,1,Mazola,LOC,19,25
uc1.32106016179241,33,1,0,Harlem,GPE,38,44
uc1.32106016179241,33,13,0,the third day,DATE,165,178
uc1.32106016179241,33,13,1,the fourth day,DATE,183,197
uc1.32106016179241,33,13,2,the fifth,DATE,202,211
uc1.32106016179241,33,14,0,Dodson,GPE,46,52
uc1.32106016179241,33,14,1,the night before,TIME,94,110
uc1.32106016179241,33,17,0,first,ORDINAL,86,91
uc1.32106016179241,33,23,0,Three,CARDINAL,0,5
uc1.32106016179241,33,25,0,19,CARDINAL,2,4
uc1.32106016179241,34,4,0,Teresa,PERSON,0,6
uc1.32106016179241,34,9,0,Teresa,PERSON,7,13
uc1.32106016179241,34,16,0,Teresa,PERSON,0,6
uc1.32106016179241,34,21,0,Indians,NORP,61,68
uc1.32106016179241,34,24,0,Tacoma,GPE,17,23
uc1.32106016179241,34,24,1,second,ORDINAL,33,39
uc1.32106016179241,34,28,0,Indian,NORP,36,42
uc1.32106016179241,34,30,0,almost two years,DATE,10,26
uc1.32106016179241,34,31,0,Two years,DATE,1,10
uc1.32106016179241,34,32,0,One,CARDINAL,1,4
uc1.32106016179241,34,32,1,20,DATE,14,16
uc1.32106016179241,35,0,0,Seattle,GPE,72,79
uc1.32106016179241,35,10,0,Teresa,PERSON,27,33
uc1.32106016179241,35,12,0,First Raise,ORG,17,28
uc1.32106016179241,35,17,0,Teresa,PERSON,22,28
uc1.32106016179241,35,18,0,Mose,PERSON,42,46
uc1.32106016179241,35,21,0,Mose,PERSON,41,45
uc1.32106016179241,35,22,0,two,CARDINAL,46,49
uc1.32106016179241,35,24,0,month,DATE,16,21
uc1.32106016179241,35,27,0,Ten years,DATE,0,9
uc1.32106016179241,35,27,1,that winter day,DATE,27,42
uc1.32106016179241,36,1,0,Tacoma,GPE,75,81
uc1.32106016179241,36,4,0,Indians,NORP,26,33
uc1.32106016179241,36,4,1,first,ORDINAL,123,128
uc1.32106016179241,36,4,2,Indians,NORP,141,148
uc1.32106016179241,36,9,0,Teresa,PERSON,31,37
uc1.32106016179241,36,13,0,those nights,DATE,21,33
uc1.32106016179241,36,15,0,Lame Bull,PERSON,0,9
uc1.32106016179241,36,20,0,22,CARDINAL,0,2
uc1.32106016179241,37,0,0,WINTER IN THE BLOOD,PERSON,0,19
uc1.32106016179241,37,1,0,Lame Bull,PERSON,0,9
uc1.32106016179241,37,5,0,Teresa,PERSON,0,6
uc1.32106016179241,37,7,0,the summer nights,DATE,35,52
uc1.32106016179241,37,8,0,Teresa,PERSON,0,6
uc1.32106016179241,37,9,0,first,ORDINAL,18,23
uc1.32106016179241,37,9,1,four,CARDINAL,140,144
uc1.32106016179241,37,10,0,Early next morning,TIME,0,18
uc1.32106016179241,37,13,0,Farmall,PRODUCT,33,40
uc1.32106016179241,37,13,1,Lame Bull,PERSON,76,85
uc1.32106016179241,37,15,0,23,CARDINAL,15,17
uc1.32106016179241,38,0,0,WINTER IN THE BLOOD,PERSON,0,19
uc1.32106016179241,38,0,1,Lame Bull's,PERSON,111,122
uc1.32106016179241,38,1,0,Raymond Long Knife,PERSON,74,92
uc1.32106016179241,38,2,0,Long Knife,PERSON,0,10
uc1.32106016179241,38,3,0,every day,DATE,61,70
uc1.32106016179241,38,5,0,one,CARDINAL,62,65
uc1.32106016179241,38,6,0,Long Knife,PERSON,50,60
uc1.32106016179241,38,8,0,Belva Long Knife's,PERSON,19,37
uc1.32106016179241,38,8,1,Dodson,GPE,103,109
uc1.32106016179241,38,9,0,The day,DATE,0,7
uc1.32106016179241,38,10,0,mid-July days,DATE,25,38
uc1.32106016179241,38,10,1,fifty feet,QUANTITY,115,125
uc1.32106016179241,38,12,0,Lame Bull,PERSON,0,9
uc1.32106016179241,38,14,0,24,DATE,16,18
uc1.32106016179241,39,0,0,WINTER,DATE,0,6
uc1.32106016179241,39,0,1,half,CARDINAL,37,41
uc1.32106016179241,39,0,2,Teresa,PERSON,69,75
uc1.32106016179241,39,1,0,first,ORDINAL,36,41
uc1.32106016179241,39,5,0,noon,TIME,3,7
uc1.32106016179241,39,5,1,first,ORDINAL,19,24
uc1.32106016179241,39,6,0,those first two days,DATE,28,48
uc1.32106016179241,39,7,0,Long Knife,PERSON,0,10
uc1.32106016179241,39,8,0,those days,DATE,31,41
uc1.32106016179241,39,9,0,Lame Bull,PERSON,25,34
uc1.32106016179241,39,11,0,The third day,DATE,0,13
uc1.32106016179241,39,12,0,that morning,TIME,15,27
uc1.32106016179241,39,14,0,Long Knife,PERSON,12,22
uc1.32106016179241,39,15,0,Lame Bull,PERSON,0,9
uc1.32106016179241,39,15,1,two,CARDINAL,21,24
uc1.32106016179241,39,16,0,a long hard,TIME,53,64
uc1.32106016179241,39,16,1,afternoon,TIME,65,74
uc1.32106016179241,39,17,0,Lame Bull's,PERSON,35,46
uc1.32106016179241,39,18,0,Long Knife,PERSON,0,10
uc1.32106016179241,39,18,1,25,CARDINAL,44,46
uc1.32106016179241,40,2,0,Chink,PERSON,16,21
uc1.32106016179241,40,4,0,1954,DATE,121,125
uc1.32106016179241,40,6,0,Chink,PERSON,18,23
uc1.32106016179241,40,6,1,the day,DATE,47,54
uc1.32106016179241,40,6,2,Hutterite,NORP,74,83
uc1.32106016179241,40,10,0,Lame Bull,ORG,15,24
uc1.32106016179241,40,11,0,Two days-twenty bucks,DATE,1,22
uc1.32106016179241,40,13,0,two-day,DATE,71,78
uc1.32106016179241,40,15,0,Twenty bucks,MONEY,1,13
uc1.32106016179241,40,15,1,two days',DATE,34,43
uc1.32106016179241,40,21,0,ten bucks,MONEY,12,21
uc1.32106016179241,40,26,0,scarcely ten feet,QUANTITY,79,96
uc1.32106016179241,40,28,0,Long Knife's,PERSON,13,25
uc1.32106016179241,40,28,1,26,CARDINAL,66,68
uc1.32106016179241,41,0,0,WINTER IN THE BLOOD,PERSON,0,19
uc1.32106016179241,41,1,0,Lame Bull,PERSON,14,23
uc1.32106016179241,41,4,0,Raymond,PERSON,1,8
uc1.32106016179241,41,4,1,Raymond,PERSON,34,41
uc1.32106016179241,41,5,0,Long Knife,PERSON,0,10
uc1.32106016179241,41,6,0,Lame Bull,PERSON,34,43
uc1.32106016179241,41,8,0,Long Knife,PERSON,8,18
uc1.32106016179241,41,10,0,Lame Bull,PERSON,0,9
uc1.32106016179241,41,10,1,Long Knife,PERSON,29,39
uc1.32106016179241,41,16,0,Lame Bull,PERSON,0,9
uc1.32106016179241,41,21,0,Long Knife,PERSON,0,10
uc1.32106016179241,41,21,1,one,CARDINAL,18,21
uc1.32106016179241,41,23,0,Lame Bull,PERSON,0,9
uc1.32106016179241,41,26,0,Long Knife,PERSON,65,75
uc1.32106016179241,41,29,0,Long Knife,PERSON,0,10
uc1.32106016179241,41,29,1,Lame Bull,PERSON,21,30
uc1.32106016179241,41,31,0,Lame Bull,PERSON,0,9
uc1.32106016179241,41,34,0,27,CARDINAL,30,32
uc1.32106016179241,42,6,0,One,CARDINAL,0,3
uc1.32106016179241,42,7,0,last night,TIME,14,24
uc1.32106016179241,42,9,0,Long Knife,PERSON,0,10
uc1.32106016179241,42,13,0,Lame Bull,PERSON,15,24
uc1.32106016179241,42,15,0,Long Knife,PERSON,27,37
uc1.32106016179241,42,16,0,Lame Bull,PERSON,16,25
uc1.32106016179241,42,17,0,Lame Bull,PERSON,0,9
uc1.32106016179241,42,22,0,Lame Bull,PERSON,9,18
uc1.32106016179241,42,23,0,Long Knife,PERSON,21,31
uc1.32106016179241,42,29,0,the Little Rockies,LOC,20,38
uc1.32106016179241,42,30,0,28,CARDINAL,0,2
uc1.32106016179241,43,1,0,Lame Bull,PERSON,24,33
uc1.32106016179241,43,3,0,Long Knife,PERSON,23,33
uc1.32106016179241,43,4,0,twenty,CARDINAL,9,15
uc1.32106016179241,43,9,0,Teresa,PERSON,14,20
uc1.32106016179241,43,11,0,Long Knife,PERSON,0,10
uc1.32106016179241,43,12,0,Lame Bull's,PERSON,37,48
uc1.32106016179241,43,14,0,Long Knife,PERSON,0,10
uc1.32106016179241,43,14,1,a minute,TIME,34,42
uc1.32106016179241,43,16,0,two dollars,MONEY,15,26
uc1.32106016179241,43,16,1,Lame Bull,PERSON,68,77
uc1.32106016179241,43,17,0,Two dollars,MONEY,1,12
uc1.32106016179241,43,18,0,afternoon,TIME,44,53
uc1.32106016179241,43,18,1,Lame Bull's,PERSON,99,110
uc1.32106016179241,43,19,0,Long Knife's,PERSON,0,12
uc1.32106016179241,43,21,0,Jesus Christ almighty,PERSON,1,22
uc1.32106016179241,43,23,0,Lame Bull,PERSON,9,18
uc1.32106016179241,43,24,0,Long Knife,PERSON,13,23
uc1.32106016179241,43,27,0,Lame Bull,PERSON,0,9
uc1.32106016179241,43,28,0,29,CARDINAL,20,22
uc1.32106016179241,44,0,0,WINTER,DATE,0,6
uc1.32106016179241,44,1,0,Long Knife,FAC,97,107
uc1.32106016179241,44,2,0,Lame Bull,PERSON,3,12
uc1.32106016179241,44,3,0,one,CARDINAL,4,7
uc1.32106016179241,44,4,0,Indians,NORP,44,51
uc1.32106016179241,44,6,0,Ferdinand Horn,PERSON,0,14
uc1.32106016179241,44,8,0,Ferdinand Horn's,PERSON,0,16
uc1.32106016179241,44,9,0,Long Knife,PERSON,46,56
uc1.32106016179241,44,13,0,Lame Bull's,PERSON,24,35
uc1.32106016179241,44,15,0,Ferdinand Horn,PERSON,0,14
uc1.32106016179241,44,17,0,Teresa,PERSON,0,6
uc1.32106016179241,44,19,0,Ferdinand Horn,PERSON,0,14
uc1.32106016179241,44,19,1,Malta,GPE,55,60
uc1.32106016179241,44,19,2,today,DATE,61,66
uc1.32106016179241,44,19,3,30,CARDINAL,69,71
uc1.32106016179241,45,0,0,WINTER,PERSON,0,6
uc1.32106016179241,45,1,0,Ferdinand,PERSON,27,36
uc1.32106016179241,45,7,0,Lame Bull,PERSON,0,9
uc1.32106016179241,45,7,1,one,CARDINAL,52,55
uc1.32106016179241,45,10,0,Ferdinand Horn's,PERSON,44,60
uc1.32106016179241,45,13,0,Teresa,PERSON,13,19
uc1.32106016179241,45,16,0,Teresa,PERSON,20,26
uc1.32106016179241,45,17,0,Long Knife,PRODUCT,7,17
uc1.32106016179241,45,17,1,Lame Bull,PERSON,51,60
uc1.32106016179241,45,21,0,Lame Bull's,PERSON,4,15
uc1.32106016179241,45,25,0,Teresa,PERSON,0,6
uc1.32106016179241,45,29,0,These days,DATE,1,11
uc1.32106016179241,45,29,1,Ferdinand Horn,PERSON,51,65
uc1.32106016179241,46,2,0,Lame Bull,PERSON,23,32
uc1.32106016179241,46,4,0,three,CARDINAL,27,32
uc1.32106016179241,46,5,0,Mama,PERSON,16,20
uc1.32106016179241,46,6,0,Teresa,PERSON,0,6
uc1.32106016179241,46,8,0,a hot day,DATE,7,16
uc1.32106016179241,46,12,0,Teresa,PERSON,33,39
uc1.32106016179241,46,15,0,first,ORDINAL,109,114
uc1.32106016179241,46,17,0,Teresa,PERSON,29,35
uc1.32106016179241,46,22,0,years,DATE,63,68
uc1.32106016179241,46,24,0,the years,DATE,44,53
uc1.32106016179241,46,25,0,Ferdinand Horn,PERSON,0,14
uc1.32106016179241,46,25,1,32,CARDINAL,83,85
uc1.32106016179241,47,1,0,Lame Bull,PERSON,0,9
uc1.32106016179241,47,3,0,First,ORDINAL,0,5
uc1.32106016179241,47,7,0,Lame Bull,PERSON,0,9
uc1.32106016179241,47,7,1,Ferdinand Horn's,PERSON,17,33
uc1.32106016179241,47,11,0,Lame Bull,PERSON,0,9
uc1.32106016179241,47,13,0,Cree,NORP,8,12
uc1.32106016179241,47,15,0,Crees,NORP,57,62
uc1.32106016179241,47,16,0,Crees,NORP,0,5
uc1.32106016179241,47,16,1,Indians,NORP,43,50
uc1.32106016179241,47,17,0,Crees,NORP,16,21
uc1.32106016179241,47,17,1,Indians,NORP,77,84
uc1.32106016179241,47,18,0,Crees,PERSON,0,5
uc1.32106016179241,47,21,0,33,CARDINAL,0,2
uc1.32106016179241,48,2,0,Three,CARDINAL,0,5
uc1.32106016179241,48,3,0,almost a century old,DATE,7,27
uc1.32106016179241,48,3,1,Crees,NORP,152,157
uc1.32106016179241,48,4,0,the days,DATE,97,105
uc1.32106016179241,48,6,0,Teresa,PERSON,19,25
uc1.32106016179241,48,7,0,Mose,PERSON,12,16
uc1.32106016179241,48,7,1,one winter,TIME,51,61
uc1.32106016179241,48,8,0,Standing Bear,PERSON,28,41
uc1.32106016179241,48,8,1,Blackfeet,NORP,45,54
uc1.32106016179241,48,8,2,the Rocky Mountains,LOC,111,130
uc1.32106016179241,48,9,0,her teens,DATE,26,35
uc1.32106016179241,48,9,1,Standing Bear,PERSON,42,55
uc1.32106016179241,48,10,0,two,CARDINAL,28,31
uc1.32106016179241,48,10,1,three,CARDINAL,43,48
uc1.32106016179241,48,11,0,four,CARDINAL,86,90
uc1.32106016179241,48,12,0,One,CARDINAL,0,3
uc1.32106016179241,48,12,1,Standing Bear's,PERSON,27,42
uc1.32106016179241,48,12,2,second,ORDINAL,43,49
uc1.32106016179241,48,12,3,third,ORDINAL,74,79
uc1.32106016179241,48,14,0,34,DATE,76,78
uc1.32106016179241,49,0,0,WINTER,PERSON,0,6
uc1.32106016179241,49,1,0,almost thirty years older,DATE,44,69
uc1.32106016179241,49,2,0,those nights,DATE,3,15
uc1.32106016179241,49,5,0,the Long Knives,ORG,28,43
uc1.32106016179241,49,8,0,the long sagebrush miles,QUANTITY,26,50
uc1.32106016179241,49,11,0,The Long Knives,ORG,0,15
uc1.32106016179241,49,12,0,A week later,DATE,0,12
uc1.32106016179241,49,15,0,two,CARDINAL,30,33
uc1.32106016179241,49,15,1,Little Badger,LOC,180,193
uc1.32106016179241,49,16,0,Heart Butte,LOC,14,25
uc1.32106016179241,49,17,0,two,CARDINAL,4,7
uc1.32106016179241,49,17,1,35,CARDINAL,49,51
uc1.32106016179241,50,3,0,three days,DATE,50,60
uc1.32106016179241,50,5,0,the early hours of morning,TIME,42,68
uc1.32106016179241,50,6,0,the third morning,TIME,10,27
uc1.32106016179241,50,6,1,Fish,PERSON,33,37
uc1.32106016179241,50,7,0,A week later,DATE,0,12
uc1.32106016179241,50,8,0,many years ago,DATE,42,56
uc1.32106016179241,50,10,0,Heavy Runner's,PERSON,0,14
uc1.32106016179241,50,10,1,Canada,GPE,80,86
uc1.32106016179241,50,11,0,Standing Bear's,PERSON,0,15
uc1.32106016179241,50,11,1,Little Badger,LOC,32,45
uc1.32106016179241,50,11,2,Birch Creek,LOC,52,63
uc1.32106016179241,50,11,3,the Marias River,LOC,72,88
uc1.32106016179241,50,11,4,Missouri,GPE,166,174
uc1.32106016179241,50,12,0,morning,TIME,45,52
uc1.32106016179241,50,12,1,the Bear Paw,LOC,81,93
uc1.32106016179241,50,13,0,the Milk River,LOC,39,53
uc1.32106016179241,50,13,1,one,CARDINAL,80,83
uc1.32106016179241,50,13,2,winters,DATE,99,106
uc1.32106016179241,50,14,0,that winter,DATE,34,45
uc1.32106016179241,50,15,0,Standing Bear,PERSON,0,13
uc1.32106016179241,50,15,1,the Gros Ventres,PERSON,47,63
uc1.32106016179241,50,16,0,many days,DATE,107,116
uc1.32106016179241,50,17,0,36,CARDINAL,21,23
uc1.32106016179241,51,0,0,Standing Bear,PERSON,28,41
uc1.32106016179241,51,1,0,twenty,DATE,27,33
uc1.32106016179241,51,3,0,Standing Bear,PERSON,33,46
uc1.32106016179241,51,4,0,Standing Bear,PERSON,167,180
uc1.32106016179241,51,7,0,three,CARDINAL,31,36
uc1.32106016179241,51,7,1,four,CARDINAL,40,44
uc1.32106016179241,51,9,0,the many nights,DATE,43,58
uc1.32106016179241,51,10,0,four years old,DATE,73,87
uc1.32106016179241,51,11,0,Standing Bear,WORK_OF_ART,64,77
uc1.32106016179241,51,12,0,twenty-five years,DATE,46,63
uc1.32106016179241,51,12,1,half,CARDINAL,81,85
uc1.32106016179241,51,12,2,Doagie,PERSON,106,112
uc1.32106016179241,51,13,0,one,CARDINAL,38,41
uc1.32106016179241,51,13,1,37,DATE,101,103
uc1.32106016179241,52,1,0,Teresa,PERSON,0,6
uc1.32106016179241,52,2,0,Doagie,PERSON,30,36
uc1.32106016179241,52,6,0,Mose,PERSON,38,42
uc1.32106016179241,52,7,0,one,CARDINAL,3,6
uc1.32106016179241,52,8,0,two childhoods,DATE,42,56
uc1.32106016179241,52,8,1,two,CARDINAL,58,61
uc1.32106016179241,52,8,2,one,CARDINAL,72,75
uc1.32106016179241,52,11,0,Two,CARDINAL,0,3
uc1.32106016179241,52,12,0,Indian,NORP,107,113
uc1.32106016179241,52,24,0,38,CARDINAL,25,27
uc1.32106016179241,53,4,0,Lame Bull,PERSON,3,12
uc1.32106016179241,53,4,1,the night before,TIME,25,41
uc1.32106016179241,53,4,2,Dodson,GPE,65,71
uc1.32106016179241,53,5,0,Malta,GPE,41,46
uc1.32106016179241,53,10,0,one night,TIME,77,86
uc1.32106016179241,53,10,1,last winter,DATE,95,106
uc1.32106016179241,53,14,0,Lame Bull,PERSON,0,9
uc1.32106016179241,53,19,0,39,CARDINAL,83,85
uc1.32106016179241,54,1,0,Emily Short's,PERSON,10,23
uc1.32106016179241,54,3,0,Emily,PERSON,0,5
uc1.32106016179241,54,5,0,Lame Bull,PERSON,0,9
uc1.32106016179241,54,8,0,one,CARDINAL,36,39
uc1.32106016179241,54,11,0,Dodson,GPE,15,21
uc1.32106016179241,54,11,1,Wally,PERSON,43,48
uc1.32106016179241,54,12,0,Lame Bull,PERSON,0,9
uc1.32106016179241,54,12,1,thirty dollars,MONEY,63,77
uc1.32106016179241,54,17,0,Teresa,PERSON,153,159
uc1.32106016179241,54,20,0,Mose,PERSON,0,4
uc1.32106016179241,54,21,0,Teresa,PERSON,22,28
uc1.32106016179241,54,21,1,Harlem,GPE,48,54
uc1.32106016179241,54,22,0,second,ORDINAL,33,39
uc1.32106016179241,54,22,1,40,CARDINAL,108,110
uc1.32106016179241,55,0,0,Levi,ORG,26,30
uc1.32106016179241,55,5,0,Lame Bull,PRODUCT,27,36
uc1.32106016179241,55,6,0,the hours,TIME,13,22
uc1.32106016179241,55,6,1,First Raise,ORG,237,248
uc1.32106016179241,55,7,0,First Raise,ORG,149,160
uc1.32106016179241,55,9,0,Lame Bull,PERSON,18,27
uc1.32106016179241,55,11,0,two hours late,TIME,15,29
uc1.32106016179241,55,14,0,early afternoon,TIME,47,62
uc1.32106016179241,55,16,0,Malta,GPE,79,84
uc1.32106016179241,56,1,0,An hour later,TIME,0,13
uc1.32106016179241,56,1,1,Malta,GPE,25,30
uc1.32106016179241,56,2,0,Minough's,ORG,69,78
uc1.32106016179241,56,3,0,Dougie,PERSON,0,6
uc1.32106016179241,56,12,0,Dougie,PERSON,0,6
uc1.32106016179241,56,28,0,Buick,PRODUCT,21,26
uc1.32106016179241,57,1,0,Buick,PRODUCT,16,21
uc1.32106016179241,57,3,0,all day,DATE,59,66
uc1.32106016179241,57,10,0,half a foot,QUANTITY,7,18
uc1.32106016179241,57,11,0,Dougie,PERSON,0,6
uc1.32106016179241,57,16,0,Dougie,PERSON,10,16
uc1.32106016179241,57,17,0,a minute,TIME,6,14
uc1.32106016179241,57,30,0,practically a week,DATE,19,37
uc1.32106016179241,57,31,0,Dougie,PERSON,0,6
uc1.32106016179241,57,32,0,43,CARDINAL,0,2
uc1.32106016179241,58,3,0,Dougie,PERSON,0,6
uc1.32106016179241,58,5,0,Buick,PRODUCT,13,18
uc1.32106016179241,58,8,0,seventy-five cents,MONEY,7,25
uc1.32106016179241,58,10,0,Doris Day,PERSON,13,22
uc1.32106016179241,58,12,0,Buick,PRODUCT,22,27
uc1.32106016179241,58,13,0,Minough's,ORG,14,23
uc1.32106016179241,58,16,0,dusk,TIME,21,25
uc1.32106016179241,58,16,1,Minough's,ORG,58,67
uc1.32106016179241,58,22,0,the Pomp Room,FAC,30,43
uc1.32106016179241,58,22,1,the Regent's Roost Hotel,ORG,68,92
uc1.32106016179241,58,23,0,44,DATE,8,10
uc1.32106016179241,59,0,0,WINTER IN THE BLOOD,PERSON,0,19
uc1.32106016179241,59,0,1,New York,GPE,29,37
uc1.32106016179241,59,2,0,two,CARDINAL,75,78
uc1.32106016179241,59,5,0,one,CARDINAL,10,13
uc1.32106016179241,59,5,1,African,NORP,42,49
uc1.32106016179241,59,6,0,McLeod,PERSON,13,19
uc1.32106016179241,59,6,1,Henderson,PERSON,24,33
uc1.32106016179241,59,12,0,Dougie,PERSON,85,91
uc1.32106016179241,59,15,0,the Middle East,LOC,57,72
uc1.32106016179241,59,23,0,hours ago,TIME,24,33
uc1.32106016179241,59,23,1,first,ORDINAL,62,67
uc1.32106016179241,59,24,0,second,ORDINAL,54,60
uc1.32106016179241,59,26,0,one,CARDINAL,6,9
uc1.32106016179241,60,3,0,yesterday,DATE,23,32
uc1.32106016179241,60,5,0,three,CARDINAL,6,11
uc1.32106016179241,60,5,1,five pounds,QUANTITY,25,36
uc1.32106016179241,60,5,2,one,CARDINAL,45,48
uc1.32106016179241,60,5,3,Minnesota,GPE,65,74
uc1.32106016179241,60,5,4,thirty,CARDINAL,89,95
uc1.32106016179241,60,6,0,Minnesota,GPE,10,19
uc1.32106016179241,60,17,0,tomorrow,DATE,27,35
uc1.32106016179241,60,17,1,Malta,GPE,117,122
uc1.32106016179241,60,19,0,fifty miles,QUANTITY,20,31
uc1.32106016179241,60,26,0,Kalamazoo,GPE,36,45
uc1.32106016179241,60,32,0,Two,CARDINAL,0,3
uc1.32106016179241,60,34,0,46,CARDINAL,0,2
uc1.32106016179241,61,3,0,One,CARDINAL,0,3
uc1.32106016179241,61,7,0,New York,GPE,52,60
uc1.32106016179241,61,8,0,a few feet,QUANTITY,9,19
uc1.32106016179241,61,9,0,Coke,PRODUCT,31,35
uc1.32106016179241,61,11,0,two,CARDINAL,4,7
uc1.32106016179241,61,24,0,two,CARDINAL,4,7
uc1.32106016179241,61,25,0,One,CARDINAL,0,3
uc1.32106016179241,61,27,0,first,ORDINAL,25,30
uc1.32106016179241,61,29,0,Just the other day,DATE,0,18
uc1.32106016179241,61,30,0,second,ORDINAL,38,44
uc1.32106016179241,61,31,0,47,CARDINAL,0,2
uc1.32106016179241,62,6,0,second,ORDINAL,16,22
uc1.32106016179241,62,10,0,First,ORDINAL,0,5
uc1.32106016179241,62,17,0,Second,ORDINAL,0,6
uc1.32106016179241,62,24,0,second,ORDINAL,26,32
uc1.32106016179241,62,29,0,a minute,TIME,6,14
uc1.32106016179241,62,29,1,just a minute,TIME,16,29
uc1.32106016179241,62,31,0,48,CARDINAL,35,37
uc1.32106016179241,63,5,0,North Dakota,GPE,0,12
uc1.32106016179241,63,7,0,Minneapolis,GPE,1,12
uc1.32106016179241,63,10,0,Chicago,GPE,19,26
uc1.32106016179241,63,12,0,the West Coast,LOC,16,30
uc1.32106016179241,63,14,0,Seattle,GPE,0,7
uc1.32106016179241,63,17,0,Seattle,GPE,1,8
uc1.32106016179241,63,18,0,Seattle,GPE,20,27
uc1.32106016179241,63,18,1,China,GPE,48,53
uc1.32106016179241,63,20,0,Portland,GPE,6,14
uc1.32106016179241,63,21,0,morning,TIME,18,25
uc1.32106016179241,63,22,0,Los Angeles,GPE,1,12
uc1.32106016179241,63,29,0,one night,TIME,19,28
uc1.32106016179241,63,35,0,San Francisco,GPE,1,14
uc1.32106016179241,63,38,0,49,CARDINAL,0,2
uc1.32106016179241,64,0,0,San Francisco,GPE,21,34
uc1.32106016179241,64,3,0,New York,GPE,15,23
uc1.32106016179241,64,6,0,dollar,MONEY,20,26
uc1.32106016179241,64,10,0,San Francisco,GPE,1,14
uc1.32106016179241,64,11,0,Santa Rosa,GPE,0,10
uc1.32106016179241,64,12,0,Santa Rosa,GPE,17,27
uc1.32106016179241,64,18,0,one,CARDINAL,7,10
uc1.32106016179241,64,20,0,two,CARDINAL,4,7
uc1.32106016179241,64,21,0,first,ORDINAL,31,36
uc1.32106016179241,64,23,0,second,ORDINAL,16,22
uc1.32106016179241,64,31,0,second,ORDINAL,31,37
uc1.32106016179241,64,34,0,50,CARDINAL,4,6
uc1.32106016179241,65,0,0,WINTER IN THE BLOOD,PERSON,0,19
uc1.32106016179241,65,6,0,Second,ORDINAL,0,6
uc1.32106016179241,65,14,0,seven,CARDINAL,10,15
uc1.32106016179241,65,18,0,first,ORDINAL,48,53
uc1.32106016179241,65,25,0,51,CARDINAL,27,29
uc1.32106016179241,66,0,0,WINTER IN THE BLOOD,PERSON,0,19
uc1.32106016179241,66,1,0,the next morning,TIME,8,24
uc1.32106016179241,66,2,0,nights past,DATE,68,79
uc1.32106016179241,66,7,0,Teresa,PERSON,0,6
uc1.32106016179241,66,8,0,last night,TIME,46,56
uc1.32106016179241,66,9,0,Teresa,PERSON,0,6
uc1.32106016179241,66,11,0,Amos,PERSON,43,47
uc1.32106016179241,66,11,1,one,CARDINAL,91,94
uc1.32106016179241,66,12,0,second,ORDINAL,46,52
uc1.32106016179241,66,13,0,Teresa,PERSON,15,21
uc1.32106016179241,66,14,0,52,CARDINAL,109,111
uc1.32106016179241,67,7,0,about a foot,QUANTITY,23,35
uc1.32106016179241,67,11,0,two or,TIME,27,33
uc1.32106016179241,67,17,0,one,CARDINAL,9,12
uc1.32106016179241,67,19,0,One,CARDINAL,0,3
uc1.32106016179241,67,19,1,one,CARDINAL,13,16
uc1.32106016179241,67,22,0,53,CARDINAL,0,2
uc1.32106016179241,68,1,0,Minough's,ORG,94,103
uc1.32106016179241,68,9,0,Malta,GPE,39,44
uc1.32106016179241,68,11,0,one,CARDINAL,14,17
uc1.32106016179241,68,12,0,Dougie,PERSON,9,15
uc1.32106016179241,68,19,0,Levi,ORG,18,22
uc1.32106016179241,68,19,1,first,ORDINAL,131,136
uc1.32106016179241,68,22,0,54,CARDINAL,0,2
uc1.32106016179241,69,1,0,Two,CARDINAL,0,3
uc1.32106016179241,69,6,0,Saturday,DATE,7,15
uc1.32106016179241,69,8,0,last Saturday,DATE,122,135
uc1.32106016179241,69,8,1,the Saturday,DATE,140,152
uc1.32106016179241,69,8,2,Levi's,ORG,241,247
uc1.32106016179241,69,10,0,Saturday,DATE,0,8
uc1.32106016179241,69,14,0,Coke,PRODUCT,12,16
uc1.32106016179241,69,21,0,55,CARDINAL,0,2
uc1.32106016179241,70,0,0,WINTER IN THE BLOOD,PERSON,0,19
uc1.32106016179241,70,3,0,Dodson,GPE,6,12
uc1.32106016179241,70,6,0,Teresa First Raise's,PERSON,8,28
uc1.32106016179241,70,7,0,thirty-two,DATE,5,15
uc1.32106016179241,70,12,0,these days,DATE,35,45
uc1.32106016179241,70,13,0,Lame Bull,PERSON,44,53
uc1.32106016179241,70,17,0,a couple of weeks ago,DATE,18,39
uc1.32106016179241,70,26,0,that day,DATE,31,39
uc1.32106016179241,71,4,0,late morning,TIME,75,87
uc1.32106016179241,71,20,0,two,CARDINAL,67,70
uc1.32106016179241,71,21,0,first,ORDINAL,36,41
uc1.32106016179241,71,21,1,57,DATE,154,156
uc1.32106016179241,72,8,0,Coke,PRODUCT,16,20
uc1.32106016179241,72,9,0,Dodson,GPE,40,46
uc1.32106016179241,72,13,0,Teresa,PERSON,67,73
uc1.32106016179241,72,13,1,Harlem,GPE,93,99
uc1.32106016179241,72,14,0,Teresa,PERSON,0,6
uc1.32106016179241,72,15,0,85,CARDINAL,4,6
uc1.32106016179241,72,16,0,Dodson,GPE,0,6
uc1.32106016179241,72,16,1,Montana,GPE,8,15
uc1.32106016179241,72,24,0,58,DATE,28,30
uc1.32106016179241,73,0,0,Indians,NORP,110,117
uc1.32106016179241,73,2,0,Saturday,DATE,7,15
uc1.32106016179241,73,6,0,one,CARDINAL,18,21
uc1.32106016179241,73,7,0,Popular Science,ORG,15,30
uc1.32106016179241,73,9,0,59,CARDINAL,0,2
uc1.32106016179241,75,0,0,Two,CARDINAL,5,8
uc1.32106016179241,75,1,0,First,ORDINAL,0,5
uc1.32106016179241,75,3,0,second,ORDINAL,11,17
uc1.32106016179241,75,9,0,Lame Bull,PERSON,0,9
uc1.32106016179241,75,9,1,61,CARDINAL,81,83
uc1.32106016179241,76,2,0,Bird,PERSON,11,15
uc1.32106016179241,76,4,0,four,CARDINAL,22,26
uc1.32106016179241,76,6,0,Lame Bull,PERSON,20,29
uc1.32106016179241,76,7,0,Bird,PERSON,51,55
uc1.32106016179241,76,8,0,Lame Bull,PRODUCT,8,17
uc1.32106016179241,76,9,0,Bird,PERSON,7,11
uc1.32106016179241,76,9,1,Milk River,LOC,59,69
uc1.32106016179241,76,11,0,Bird,PERSON,52,56
uc1.32106016179241,76,13,0,first,ORDINAL,15,20
uc1.32106016179241,77,5,0,Mose,PERSON,128,132
uc1.32106016179241,77,6,0,Teresa,PERSON,26,32
uc1.32106016179241,77,12,0,all day,DATE,51,58
uc1.32106016179241,77,14,0,Bird,PERSON,77,81
uc1.32106016179241,77,22,0,63,CARDINAL,43,45
uc1.32106016179241,78,2,0,a hundred feet,QUANTITY,28,42
uc1.32106016179241,78,8,0,Yellow Calf,PERSON,14,25
uc1.32106016179241,78,13,0,First Raise's,PERSON,5,18
uc1.32106016179241,78,16,0,a winter,DATE,15,23
uc1.32106016179241,78,18,0,Bird,PERSON,7,11
uc1.32106016179241,78,21,0,Bird,PERSON,46,50
uc1.32106016179241,78,22,0,so many years,DATE,34,47
uc1.32106016179241,78,23,0,Teresa,PERSON,9,15
uc1.32106016179241,78,30,0,Some 64,CARDINAL,0,7
uc1.32106016179241,79,0,0,the night,TIME,96,105
uc1.32106016179241,79,12,0,those days,DATE,71,81
uc1.32106016179241,79,13,0,first,ORDINAL,72,77
uc1.32106016179241,79,17,0,two,CARDINAL,40,43
uc1.32106016179241,79,20,0,December 1936,DATE,8,21
uc1.32106016179241,79,22,0,Yellow Calf,PERSON,0,11
uc1.32106016179241,79,23,0,two,CARDINAL,8,11
uc1.32106016179241,79,23,1,one,CARDINAL,18,21
uc1.32106016179241,79,29,0,65,CARDINAL,0,2
uc1.32106016179241,80,1,0,Bird,PERSON,72,76
uc1.32106016179241,80,4,0,many years',DATE,8,19
uc1.32106016179241,80,20,0,night,TIME,45,50
uc1.32106016179241,81,16,0,half an inch,QUANTITY,20,32
uc1.32106016179241,81,31,0,67,CARDINAL,42,44
uc1.32106016179241,82,7,0,the days,DATE,100,108
uc1.32106016179241,82,11,0,one year,DATE,21,29
uc1.32106016179241,82,28,0,Yellow Calf's,PERSON,66,79
uc1.32106016179241,82,34,0,68,CARDINAL,0,2
uc1.32106016179241,83,26,0,one,CARDINAL,15,18
uc1.32106016179241,83,30,0,69,CARDINAL,0,2
uc1.32106016179241,84,2,0,Teresa,PERSON,23,29
uc1.32106016179241,84,7,0,First Raise,ORG,20,31
uc1.32106016179241,84,7,1,ten years,DATE,50,59
uc1.32106016179241,84,8,0,afternoon,TIME,36,45
uc1.32106016179241,84,14,0,Yellow Calf,PERSON,0,11
uc1.32106016179241,84,14,1,two,CARDINAL,58,61
uc1.32106016179241,84,15,0,19,CARDINAL,0,2
uc1.32106016179241,84,16,0,Lame Bull,PERSON,0,9
uc1.32106016179241,84,16,1,Harlem,GPE,70,76
uc1.32106016179241,84,18,0,Eddy's Bread,ORG,3,15
uc1.32106016179241,84,19,0,Lame Bull,PERSON,0,9
uc1.32106016179241,84,20,0,Teresa,PERSON,0,6
uc1.32106016179241,84,23,0,White Bear,LOC,53,63
uc1.32106016179241,84,24,0,70,CARDINAL,37,39
uc1.32106016179241,85,2,0,First,ORDINAL,0,5
uc1.32106016179241,85,2,1,Bird,PERSON,58,62
uc1.32106016179241,85,3,0,Lame Bull,PERSON,23,32
uc1.32106016179241,85,5,0,thirty-two,DATE,5,15
uc1.32106016179241,85,10,0,Lame Bull,PERSON,0,9
uc1.32106016179241,85,16,0,Teresa,PERSON,26,32
uc1.32106016179241,85,17,0,White Bear,LOC,28,38
uc1.32106016179241,85,19,0,Bird,PRODUCT,35,39
uc1.32106016179241,85,20,0,Lame Bull's,LOC,23,34
uc1.32106016179241,85,22,0,the day,DATE,17,24
uc1.32106016179241,85,23,0,Charley,PERSON,12,19
uc1.32106016179241,85,24,0,three,CARDINAL,8,13
uc1.32106016179241,85,24,1,Bird,PRODUCT,36,40
uc1.32106016179241,85,26,0,barely three years old,DATE,7,29
uc1.32106016179241,85,27,0,A three-year-old,DATE,0,16
uc1.32106016179241,85,28,0,year,DATE,0,4
uc1.32106016179241,85,28,1,Mose,PERSON,5,9
uc1.32106016179241,85,28,2,three,CARDINAL,32,37
uc1.32106016179241,85,29,0,71,CARDINAL,54,56
uc1.32106016179241,86,2,0,Mose,PERSON,1,5
uc1.32106016179241,86,3,0,Bird,PERSON,21,25
uc1.32106016179241,86,4,0,Lame Bull,PERSON,67,76
uc1.32106016179241,86,5,0,Bird,PERSON,15,19
uc1.32106016179241,86,7,0,Mose,PERSON,34,38
uc1.32106016179241,86,8,0,two,CARDINAL,45,48
uc1.32106016179241,86,9,0,Charley,PERSON,0,7
uc1.32106016179241,86,10,0,Mose,PERSON,42,46
uc1.32106016179241,86,12,0,Charley,PERSON,36,43
uc1.32106016179241,86,12,1,one,CARDINAL,62,65
uc1.32106016179241,86,16,0,Mose,PERSON,0,4
uc1.32106016179241,86,18,0,Charley,PERSON,28,35
uc1.32106016179241,86,18,1,one,CARDINAL,42,45
uc1.32106016179241,86,18,2,Bull Durham,ORG,53,64
uc1.32106016179241,86,19,0,four,CARDINAL,83,87
uc1.32106016179241,86,20,0,White Bear,LOC,62,72
uc1.32106016179241,86,21,0,Bird,PERSON,65,69
uc1.32106016179241,86,22,0,Mose,PERSON,0,4
uc1.32106016179241,86,22,1,fourteen,DATE,9,17
uc1.32106016179241,86,22,2,twelve,DATE,25,31
uc1.32106016179241,86,22,3,72,CARDINAL,33,35
uc1.32106016179241,87,2,0,Teresa,PERSON,0,6
uc1.32106016179241,87,3,0,noon,TIME,7,11
uc1.32106016179241,87,3,1,Harlem,GPE,28,34
uc1.32106016179241,87,4,0,Malta,GPE,80,85
uc1.32106016179241,87,5,0,Teresa,PERSON,29,35
uc1.32106016179241,87,5,1,Lame Bull,PERSON,48,57
uc1.32106016179241,87,6,0,Lame Bull,PERSON,4,13
uc1.32106016179241,87,7,0,Buttrey,PERSON,17,24
uc1.32106016179241,87,7,1,John Deere,ORG,55,65
uc1.32106016179241,87,8,0,Indians,NORP,6,13
uc1.32106016179241,87,9,0,Edgar Bullshoe,PERSON,0,14
uc1.32106016179241,87,9,1,Beany's Tavern,ORG,45,59
uc1.32106016179241,87,12,0,Musty,PERSON,16,21
uc1.32106016179241,87,13,0,Musty,PERSON,0,5
uc1.32106016179241,87,13,1,a quarter,CARDINAL,32,41
uc1.32106016179241,87,14,0,Larue Henderson,PERSON,0,15
uc1.32106016179241,87,14,1,Chevy,ORG,46,51
uc1.32106016179241,87,26,0,Lame Bull,PERSON,0,9
uc1.32106016179241,87,26,1,Larue Henderson,PERSON,59,74
uc1.32106016179241,88,0,0,Beany,PERSON,28,33
uc1.32106016179241,88,0,1,one night,TIME,36,45
uc1.32106016179241,88,0,2,Larue Henderson,PERSON,89,104
uc1.32106016179241,88,0,3,Lame Bull,PERSON,154,163
uc1.32106016179241,88,1,0,Lame Bull,PERSON,5,14
uc1.32106016179241,88,1,1,Larue Henderson,PERSON,81,96
uc1.32106016179241,88,3,0,Larue Henderson,PERSON,0,15
uc1.32106016179241,88,4,0,Chevy,ORG,60,65
uc1.32106016179241,88,8,0,an extra dollar,MONEY,19,34
uc1.32106016179241,88,12,0,Larue Henderson,PERSON,20,35
uc1.32106016179241,88,12,1,the extra dollar,MONEY,40,56
uc1.32106016179241,88,17,0,Lame Bull,PERSON,18,27
uc1.32106016179241,89,2,0,Jesus Christ,PERSON,1,13
uc1.32106016179241,89,3,0,one,CARDINAL,18,21
uc1.32106016179241,89,4,0,ten-dollar,MONEY,41,51
uc1.32106016179241,89,5,0,Just a minute,TIME,1,14
uc1.32106016179241,89,30,0,Lame Bull,PERSON,0,9
uc1.32106016179241,89,30,1,Beany,PERSON,25,30
uc1.32106016179241,89,31,0,Beany,PERSON,0,5
uc1.32106016179241,89,34,0,Lame Bull,PERSON,0,9
uc1.32106016179241,89,35,0,Beany,PERSON,0,5
uc1.32106016179241,89,35,1,75,CARDINAL,40,42
uc1.32106016179241,90,3,0,Lame Bull,PERSON,0,9
uc1.32106016179241,90,3,1,Beany,PERSON,71,76
uc1.32106016179241,90,5,0,Beany,PERSON,0,5
uc1.32106016179241,90,7,0,Larue Henderson,PERSON,0,15
uc1.32106016179241,90,7,1,one,CARDINAL,23,26
uc1.32106016179241,90,7,2,Salems,PRODUCT,34,40
uc1.32106016179241,90,8,0,Lame Bull,PERSON,12,21
uc1.32106016179241,90,10,0,Larue Henderson,PERSON,8,23
uc1.32106016179241,90,11,0,Lame Bull,PERSON,24,33
uc1.32106016179241,90,12,0,Beany,PERSON,37,42
uc1.32106016179241,90,13,0,Larue Henderson,PERSON,13,28
uc1.32106016179241,90,13,1,third,ORDINAL,37,42
uc1.32106016179241,90,15,0,Larue,PERSON,65,70
uc1.32106016179241,90,19,0,Lame Bull,PERSON,0,9
uc1.32106016179241,90,21,0,Lame Bull,PERSON,0,9
uc1.32106016179241,90,26,0,Lame Bull,PERSON,0,9
uc1.32106016179241,90,27,0,Larue Henderson,PERSON,0,15
uc1.32106016179241,90,29,0,around forty,DATE,8,20
uc1.32106016179241,90,33,0,76,CARDINAL,0,2
uc1.32106016179241,91,3,0,Lame Bull,PERSON,32,41
uc1.32106016179241,91,5,0,Larue Henderson's,PERSON,0,17
uc1.32106016179241,91,13,0,Havre,GPE,33,38
uc1.32106016179241,91,15,0,Musty,PERSON,0,5
uc1.32106016179241,91,15,1,quarter,CARDINAL,36,43
uc1.32106016179241,91,17,0,Larue Henderson,PERSON,0,15
uc1.32106016179241,91,18,0,Indians,NORP,9,16
uc1.32106016179241,91,19,0,one,CARDINAL,42,45
uc1.32106016179241,91,24,0,Havre,GPE,16,21
uc1.32106016179241,91,25,0,Havre,GPE,15,20
uc1.32106016179241,92,2,0,two,CARDINAL,5,8
uc1.32106016179241,92,2,1,two,CARDINAL,13,16
uc1.32106016179241,92,3,0,Four,CARDINAL,1,5
uc1.32106016179241,92,5,0,Jesus Christ,PERSON,1,13
uc1.32106016179241,92,10,0,Larue Henderson,PERSON,0,15
uc1.32106016179241,92,15,0,Lame Bull,PERSON,5,14
uc1.32106016179241,92,21,0,Beany,PERSON,6,11
uc1.32106016179241,92,29,0,Pall Malls,PRODUCT,58,68
uc1.32106016179241,93,2,0,every day,DATE,68,77
uc1.32106016179241,93,3,0,JR,PERSON,14,16
uc1.32106016179241,93,5,0,JR,PERSON,7,9
uc1.32106016179241,93,6,0,Jesus,PERSON,23,28
uc1.32106016179241,93,15,0,JR,PERSON,6,8
uc1.32106016179241,93,16,0,night,TIME,70,75
uc1.32106016179241,93,31,0,79,CARDINAL,0,2
uc1.32106016179241,94,0,0,WINTER IN THE BLOOD,PERSON,0,19
uc1.32106016179241,94,6,0,Havre,PERSON,1,6
uc1.32106016179241,94,7,0,Havre,PERSON,1,6
uc1.32106016179241,94,8,0,Havre,PERSON,1,6
uc1.32106016179241,94,11,0,morning,TIME,61,68
uc1.32106016179241,94,15,0,First thing,TIME,1,12
uc1.32106016179241,94,15,1,morning,TIME,20,27
uc1.32106016179241,94,18,0,six,CARDINAL,27,30
uc1.32106016179241,94,22,0,Beany,PERSON,14,19
uc1.32106016179241,94,23,0,the Empire Builder,PRODUCT,25,43
uc1.32106016179241,94,24,0,The Western Star,PRODUCT,1,17
uc1.32106016179241,94,25,0,the Empire Builder,PRODUCT,8,26
uc1.32106016179241,94,25,1,Minneapolis,GPE,30,41
uc1.32106016179241,94,30,0,Minneapolis,GPE,49,60
uc1.32106016179241,94,32,0,80,CARDINAL,4,6
uc1.32106016179241,95,0,0,ninety,CARDINAL,20,26
uc1.32106016179241,95,8,0,day one,DATE,40,47
uc1.32106016179241,95,9,0,two years,DATE,12,21
uc1.32106016179241,95,9,1,Haskell,ORG,25,32
uc1.32106016179241,95,9,2,the first day,DATE,120,133
uc1.32106016179241,95,18,0,the morning,TIME,34,45
uc1.32106016179241,95,24,0,Beany,PERSON,0,5
uc1.32106016179241,95,31,0,81,CARDINAL,0,2
uc1.32106016179241,96,0,0,WINTER IN THE BLOOD,PERSON,0,19
uc1.32106016179241,96,3,0,morning,TIME,68,75
uc1.32106016179241,96,5,0,three or four feet,QUANTITY,33,51
uc1.32106016179241,96,14,0,five,CARDINAL,93,97
uc1.32106016179241,96,14,1,six,DATE,101,104
uc1.32106016179241,96,17,0,Malvina,PERSON,56,63
uc1.32106016179241,97,9,0,the cold spring day,DATE,13,32
uc1.32106016179241,97,9,1,Mose,PERSON,33,37
uc1.32106016179241,97,9,2,Teresa,PERSON,80,86
uc1.32106016179241,97,10,0,Christmas,DATE,64,73
uc1.32106016179241,97,12,0,one,CARDINAL,4,7
uc1.32106016179241,97,13,0,Teresa,PERSON,23,29
uc1.32106016179241,97,14,0,First,ORDINAL,0,5
uc1.32106016179241,97,15,0,Malvina,PERSON,26,33
uc1.32106016179241,97,18,0,Malvina,PERSON,10,17
uc1.32106016179241,97,18,1,53,DATE,61,63
uc1.32106016179241,97,18,2,Buick,PRODUCT,64,69
uc1.32106016179241,97,18,3,Malvina,PERSON,200,207
uc1.32106016179241,97,19,0,last night,TIME,39,49
uc1.32106016179241,98,0,0,WINTER,DATE,0,6
uc1.32106016179241,98,21,0,Three,CARDINAL,0,5
uc1.32106016179241,98,21,1,Highway 2,FAC,83,92
uc1.32106016179241,98,22,0,84,CARDINAL,10,12
uc1.32106016179241,99,0,0,two,CARDINAL,20,23
uc1.32106016179241,99,1,0,Gable's,ORG,18,25
uc1.32106016179241,99,1,1,The Silver Dollar,ORG,30,47
uc1.32106016179241,99,2,0,twenty minutes,TIME,63,77
uc1.32106016179241,99,3,0,that hour of morning,TIME,21,41
uc1.32106016179241,99,4,0,Highway 2,FAC,52,61
uc1.32106016179241,99,4,1,Havre,GPE,101,106
uc1.32106016179241,99,7,0,three,CARDINAL,6,11
uc1.32106016179241,99,7,1,eighty-nine dollars,MONEY,24,43
uc1.32106016179241,99,8,0,Dutch Shoppe,ORG,43,55
uc1.32106016179241,99,10,0,Malvina,PRODUCT,10,17
uc1.32106016179241,99,11,0,first,ORDINAL,25,30
uc1.32106016179241,100,0,0,WINTER IN THE BLOOD,PERSON,0,19
uc1.32106016179241,100,1,0,Malta,GPE,20,25
uc1.32106016179241,100,30,0,God,PERSON,5,8
uc1.32106016179241,100,30,1,a minute,TIME,27,35
uc1.32106016179241,101,12,0,the Legion Club,ORG,11,26
uc1.32106016179241,101,16,0,a minute,TIME,35,43
uc1.32106016179241,101,35,0,87,CARDINAL,22,24
uc1.32106016179241,102,17,0,Coast,LOC,38,43
uc1.32106016179241,102,17,1,Coast,LOC,47,52
uc1.32106016179241,102,18,0,Gable's,ORG,0,7
uc1.32106016179241,102,18,1,The Silver Dollar,ORG,12,29
uc1.32106016179241,102,21,0,evening,TIME,167,174
uc1.32106016179241,103,2,0,the Legion Club,ORG,69,84
uc1.32106016179241,103,18,0,one minute,TIME,24,34
uc1.32106016179241,103,29,0,this morning,TIME,24,36
uc1.32106016179241,104,7,0,a dozen,CARDINAL,11,18
uc1.32106016179241,104,9,0,a dozen,CARDINAL,42,49
uc1.32106016179241,104,12,0,a dozen,CARDINAL,11,18
uc1.32106016179241,104,20,0,his sixties,DATE,24,35
uc1.32106016179241,104,23,0,second,ORDINAL,29,35
uc1.32106016179241,104,23,1,third,ORDINAL,47,52
uc1.32106016179241,105,7,0,Walt,PERSON,5,9
uc1.32106016179241,105,9,0,About thirty,CARDINAL,1,13
uc1.32106016179241,105,10,0,a nickel,MONEY,4,12
uc1.32106016179241,105,17,0,thirty,CARDINAL,16,22
uc1.32106016179241,105,17,1,five,CARDINAL,29,33
uc1.32106016179241,105,18,0,five,CARDINAL,29,33
uc1.32106016179241,105,18,1,thirty,CARDINAL,39,45
uc1.32106016179241,105,19,0,five dollars,MONEY,30,42
uc1.32106016179241,105,21,0,Thirty nickels,MONEY,1,15
uc1.32106016179241,105,21,1,five dollars,MONEY,34,46
uc1.32106016179241,105,24,0,fives,CARDINAL,33,38
uc1.32106016179241,105,24,1,first,ORDINAL,49,54
uc1.32106016179241,105,29,0,fives,CARDINAL,22,27
uc1.32106016179241,105,33,0,one dollar and ninety-five centavos,MONEY,12,47
uc1.32106016179241,105,35,0,two dollars,MONEY,22,33
uc1.32106016179241,106,2,0,one,CARDINAL,20,23
uc1.32106016179241,106,4,0,a minute,TIME,6,14
uc1.32106016179241,106,6,0,the two bucks,MONEY,15,28
uc1.32106016179241,106,9,0,the dollar ninety-five,MONEY,11,33
uc1.32106016179241,106,15,0,one,CARDINAL,13,16
uc1.32106016179241,106,15,1,Reno,GPE,53,57
uc1.32106016179241,106,29,0,Two,CARDINAL,0,3
uc1.32106016179241,106,30,0,92,CARDINAL,0,2
uc1.32106016179241,107,1,0,Canada,GPE,1,7
uc1.32106016179241,107,6,0,Canada,GPE,9,15
uc1.32106016179241,107,10,0,just a minute,TIME,5,18
uc1.32106016179241,107,12,0,The Federal Bureau of Investigation,ORG,1,36
uc1.32106016179241,107,17,0,fifth,ORDINAL,12,17
uc1.32106016179241,107,22,0,Montana,GPE,14,21
uc1.32106016179241,107,23,0,Canada,GPE,7,13
uc1.32106016179241,107,31,0,93,CARDINAL,18,20
uc1.32106016179241,108,8,0,Calgary,GPE,103,110
uc1.32106016179241,108,16,0,Mussolini,PERSON,24,33
uc1.32106016179241,108,18,0,Calgary,GPE,15,22
uc1.32106016179241,108,22,0,five hundred,CARDINAL,44,56
uc1.32106016179241,108,24,0,Indians,NORP,91,98
uc1.32106016179241,108,25,0,Indian,NORP,33,39
uc1.32106016179241,108,25,1,Canada,GPE,61,67
uc1.32106016179241,109,0,0,WINTER,PERSON,0,6
uc1.32106016179241,109,1,0,two,CARDINAL,23,26
uc1.32106016179241,109,2,0,One,CARDINAL,0,3
uc1.32106016179241,109,12,0,Tonight,TIME,1,8
uc1.32106016179241,109,15,0,Havre,GPE,76,81
uc1.32106016179241,109,17,0,five,CARDINAL,7,11
uc1.32106016179241,109,23,0,95,DATE,41,43
uc1.32106016179241,110,7,0,Two,CARDINAL,0,3
uc1.32106016179241,110,8,0,One,CARDINAL,0,3
uc1.32106016179241,110,22,0,two,CARDINAL,12,15
uc1.32106016179241,110,23,0,today,DATE,29,34
uc1.32106016179241,110,31,0,96,CARDINAL,3,5
uc1.32106016179241,111,0,0,WINTER IN THE BLOOD,WORK_OF_ART,0,19
uc1.32106016179241,111,4,0,two,CARDINAL,67,70
uc1.32106016179241,111,4,1,three,CARDINAL,74,79
uc1.32106016179241,111,9,0,Eight ninety-five,CARDINAL,1,18
uc1.32106016179241,111,19,0,Highway 2,FAC,75,84
uc1.32106016179241,111,20,0,Half Moon,PRODUCT,104,113
uc1.32106016179241,111,24,0,97,CARDINAL,0,2
uc1.32106016179241,112,21,0,three,CARDINAL,39,44
uc1.32106016179241,112,24,0,Malta,GPE,61,66
uc1.32106016179241,112,34,0,Houston,GPE,58,65
uc1.32106016179241,112,36,0,that night,TIME,27,37
uc1.32106016179241,112,36,1,Malta,GPE,41,46
uc1.32106016179241,112,37,0,98,CARDINAL,27,29
uc1.32106016179241,113,12,0,first,ORDINAL,31,36
uc1.32106016179241,113,22,0,Ford,ORG,36,40
uc1.32106016179241,113,23,0,Cadillacs,PRODUCT,15,24
uc1.32106016179241,113,23,1,Thunderbirds,PRODUCT,26,38
uc1.32106016179241,113,23,2,Pontiacs,PRODUCT,40,48
uc1.32106016179241,113,23,3,Fords,PRODUCT,50,55
uc1.32106016179241,113,23,4,Chevrolets,PRODUCT,57,67
uc1.32106016179241,113,23,5,afternoon,TIME,145,154
uc1.32106016179241,113,24,0,one,CARDINAL,58,61
uc1.32106016179241,113,24,1,Chrysler,ORG,70,78
uc1.32106016179241,113,24,2,Bonneville,PRODUCT,112,122
uc1.32106016179241,113,28,0,Ford,ORG,9,13
uc1.32106016179241,113,28,1,Falcon,PRODUCT,14,20
uc1.32106016179241,114,4,0,two one-hundreds,CARDINAL,55,71
uc1.32106016179241,114,4,1,a fifty,CARDINAL,73,80
uc1.32106016179241,114,6,0,Ford,ORG,37,41
uc1.32106016179241,114,8,0,three,CARDINAL,4,9
uc1.32106016179241,114,9,0,two,CARDINAL,42,45
uc1.32106016179241,114,9,1,three,CARDINAL,49,54
uc1.32106016179241,114,12,0,a minute,TIME,17,25
uc1.32106016179241,114,17,0,Chrysler,ORG,43,51
uc1.32106016179241,114,23,0,first,ORDINAL,21,26
uc1.32106016179241,114,24,0,100,CARDINAL,0,3
uc1.32106016179241,115,6,0,dollar,MONEY,54,60
uc1.32106016179241,115,15,0,The Silver Dollar,ORG,116,133
uc1.32106016179241,115,19,0,Dougie,PERSON,0,6
uc1.32106016179241,115,21,0,Dougie,PERSON,44,50
uc1.32106016179241,115,24,0,The Silver Dollar,ORG,38,55
uc1.32106016179241,115,26,0,Gable's,ORG,35,42
uc1.32106016179241,116,11,0,Calgary,GPE,71,78
uc1.32106016179241,116,12,0,the Calgary Stampede,EVENT,27,47
uc1.32106016179241,116,14,0,midnight,TIME,55,63
uc1.32106016179241,116,18,0,The Silver Dollar,ORG,23,40
uc1.32106016179241,116,18,1,years,DATE,127,132
uc1.32106016179241,116,21,0,102,CARDINAL,0,3
uc1.32106016179241,117,3,0,the Palace Bar,FAC,31,45
uc1.32106016179241,117,3,1,ten,TIME,49,52
uc1.32106016179241,117,5,0,Gable's,FAC,28,35
uc1.32106016179241,117,7,0,Havre,FAC,77,82
uc1.32106016179241,117,10,0,John Wayne,PERSON,57,67
uc1.32106016179241,117,10,1,Randolph Scott,PERSON,79,93
uc1.32106016179241,117,12,0,Montana,GPE,42,49
uc1.32106016179241,117,12,1,the past twenty,DATE,66,81
uc1.32106016179241,117,13,0,Randolph Scott,PERSON,18,32
uc1.32106016179241,117,14,0,The twenty years,DATE,0,16
uc1.32106016179241,117,14,1,Mose,PERSON,53,57
uc1.32106016179241,117,27,0,103,CARDINAL,0,3
uc1.32106016179241,118,0,0,WINTER IN THE BLOOD 25,DATE,0,22
uc1.32106016179241,118,1,0,that year,DATE,20,29
uc1.32106016179241,118,2,0,August,DATE,10,16
uc1.32106016179241,118,2,1,September,DATE,37,46
uc1.32106016179241,118,4,0,"the hot, fly-buzzing days",DATE,15,40
uc1.32106016179241,118,4,1,summer,DATE,65,71
uc1.32106016179241,118,4,2,Christmas,DATE,91,100
uc1.32106016179241,118,6,0,the end of September,DATE,13,33
uc1.32106016179241,118,6,1,years past,DATE,64,74
uc1.32106016179241,118,8,0,one night,TIME,23,32
uc1.32106016179241,118,9,0,night,TIME,3,8
uc1.32106016179241,118,10,0,winter,DATE,19,25
uc1.32106016179241,118,11,0,winter,DATE,75,81
uc1.32106016179241,118,12,0,one,CARDINAL,14,17
uc1.32106016179241,118,12,1,those bitter nights,DATE,21,40
uc1.32106016179241,118,12,2,First Raise,PERSON,57,68
uc1.32106016179241,118,12,3,Glacier Park,LOC,139,151
uc1.32106016179241,118,12,4,summer,DATE,195,201
uc1.32106016179241,118,13,0,the 104,DATE,29,36
uc1.32106016179241,119,1,0,First,ORDINAL,0,5
uc1.32106016179241,119,1,1,Mose,PERSON,20,24
uc1.32106016179241,119,1,2,tomorrow,DATE,66,74
uc1.32106016179241,119,2,0,Teresa,PERSON,0,6
uc1.32106016179241,119,6,0,about four in the morning,TIME,23,48
uc1.32106016179241,119,7,0,Mose,PERSON,24,28
uc1.32106016179241,119,11,0,Levi,ORG,18,22
uc1.32106016179241,119,12,0,later in the day,TIME,28,44
uc1.32106016179241,120,5,0,Teresa,PERSON,48,54
uc1.32106016179241,120,6,0,First,ORDINAL,0,5
uc1.32106016179241,120,7,0,first,ORDINAL,21,26
uc1.32106016179241,120,8,0,Mose,PERSON,0,4
uc1.32106016179241,120,8,1,fourteen,DATE,9,17
uc1.32106016179241,120,10,0,the other day,DATE,23,36
uc1.32106016179241,120,11,0,twelve,DATE,6,12
uc1.32106016179241,120,14,0,just three years old,DATE,6,26
uc1.32106016179241,120,14,1,morning,TIME,40,47
uc1.32106016179241,120,15,0,Mose,PERSON,0,4
uc1.32106016179241,120,19,0,first,ORDINAL,43,48
uc1.32106016179241,120,21,0,Mose,PERSON,0,4
uc1.32106016179241,120,22,0,morning,TIME,82,89
uc1.32106016179241,120,27,0,one,CARDINAL,51,54
uc1.32106016179241,120,28,0,that year,DATE,27,36
uc1.32106016179241,120,30,0,About midmorning,TIME,0,16
uc1.32106016179241,120,30,1,first,ORDINAL,32,37
uc1.32106016179241,120,31,0,106,CARDINAL,3,6
uc1.32106016179241,121,0,0,three or four,CARDINAL,36,49
uc1.32106016179241,121,1,0,Mose,PERSON,0,4
uc1.32106016179241,121,4,0,every day,DATE,42,51
uc1.32106016179241,121,4,1,the Bear Paws,LOC,78,91
uc1.32106016179241,121,5,0,a couple of hours,TIME,7,24
uc1.32106016179241,121,6,0,Mose,PERSON,26,30
uc1.32106016179241,121,7,0,Bird,PERSON,9,13
uc1.32106016179241,121,8,0,some twenty,CARDINAL,26,37
uc1.32106016179241,121,8,1,two,CARDINAL,70,73
uc1.32106016179241,121,9,0,An hour later,TIME,0,13
uc1.32106016179241,121,9,1,Mose,PERSON,15,19
uc1.32106016179241,121,9,2,five,CARDINAL,59,63
uc1.32106016179241,121,9,3,six,CARDINAL,67,70
uc1.32106016179241,121,11,0,Mose,PERSON,0,4
uc1.32106016179241,121,16,0,three,CARDINAL,7,12
uc1.32106016179241,121,17,0,Two,CARDINAL,1,4
uc1.32106016179241,121,23,0,the other day,DATE,35,48
uc1.32106016179241,121,23,1,107,CARDINAL,51,54
uc1.32106016179241,122,2,0,four,CARDINAL,16,20
uc1.32106016179241,122,2,1,the other day,DATE,29,42
uc1.32106016179241,122,5,0,One,CARDINAL,1,4
uc1.32106016179241,122,5,1,six,CARDINAL,25,28
uc1.32106016179241,122,8,0,Juicy Fruit,PRODUCT,7,18
uc1.32106016179241,122,11,0,tomorrow,DATE,29,37
uc1.32106016179241,122,13,0,today,DATE,60,65
uc1.32106016179241,122,15,0,Mose,PERSON,0,4
uc1.32106016179241,122,16,0,Seventy-eight,CARDINAL,1,14
uc1.32106016179241,122,16,1,four,CARDINAL,24,28
uc1.32106016179241,122,16,2,three,CARDINAL,39,44
uc1.32106016179241,122,16,3,Rankin,GPE,82,88
uc1.32106016179241,122,18,0,tomorrow,DATE,54,62
uc1.32106016179241,122,21,0,Randolph Scott,PERSON,3,17
uc1.32106016179241,122,26,0,8:54.,TIME,42,47
uc1.32106016179241,123,0,0,Gable's,ORG,63,70
uc1.32106016179241,123,1,0,Falcon,PRODUCT,33,39
uc1.32106016179241,123,3,0,the Palace Bar,FAC,41,55
uc1.32106016179241,123,11,0,Malta,GPE,53,58
uc1.32106016179241,123,15,0,Malta,GPE,35,40
uc1.32106016179241,123,18,0,Gable's,ORG,54,61
uc1.32106016179241,123,18,1,that afternoon,TIME,136,150
uc1.32106016179241,123,20,0,Two,CARDINAL,0,3
uc1.32106016179241,123,20,1,third,ORDINAL,30,35
uc1.32106016179241,123,24,0,two,CARDINAL,47,50
uc1.32106016179241,123,26,0,only a moment,TIME,8,21
uc1.32106016179241,123,26,1,Indians,NORP,74,81
uc1.32106016179241,124,24,0,Dougie,PERSON,1,7
uc1.32106016179241,125,20,0,Three,CARDINAL,0,5
uc1.32106016179241,125,21,0,One,CARDINAL,0,3
uc1.32106016179241,125,29,0,a few inches,QUANTITY,19,31
uc1.32106016179241,125,36,0,111,CARDINAL,0,3
uc1.32106016179241,126,13,0,Dougie,PERSON,48,54
uc1.32106016179241,126,14,0,Two,CARDINAL,0,3
uc1.32106016179241,126,16,0,One,CARDINAL,0,3
uc1.32106016179241,126,18,0,One,CARDINAL,0,3
uc1.32106016179241,126,27,0,Agnes,PERSON,104,109
uc1.32106016179241,126,31,0,112,CARDINAL,0,3
uc1.32106016179241,127,1,0,Shorthand,PERSON,1,10
uc1.32106016179241,127,3,0,Shorthand,GPE,46,55
uc1.32106016179241,127,16,0,one,CARDINAL,12,15
uc1.32106016179241,127,17,0,Agnes,PERSON,16,21
uc1.32106016179241,127,30,0,Great Falls-,LOC,23,35
uc1.32106016179241,127,32,0,the split,TIME,3,12
uc1.32106016179241,127,33,0,113,CARDINAL,0,3
uc1.32106016179241,128,1,0,Mose,PERSON,39,43
uc1.32106016179241,128,1,1,Teresa,PERSON,95,101
uc1.32106016179241,128,1,2,the night before,TIME,115,131
uc1.32106016179241,128,2,0,tomorrow,DATE,34,42
uc1.32106016179241,128,4,0,over half,CARDINAL,6,15
uc1.32106016179241,128,8,0,Mose,PERSON,32,36
uc1.32106016179241,128,10,0,two,CARDINAL,19,22
uc1.32106016179241,128,11,0,that afternoon,TIME,32,46
uc1.32106016179241,128,12,0,Only one,CARDINAL,0,8
uc1.32106016179241,128,14,0,Mose,PERSON,23,27
uc1.32106016179241,128,15,0,First Raise,PERSON,14,25
uc1.32106016179241,128,19,0,First Raise,PERSON,14,25
uc1.32106016179241,128,19,1,this fall,DATE,54,63
uc1.32106016179241,128,20,0,114,CARDINAL,0,3
uc1.32106016179241,129,1,0,tomorrow,DATE,36,44
uc1.32106016179241,129,6,0,Mose,PERSON,15,19
uc1.32106016179241,129,17,0,Two,CARDINAL,0,3
uc1.32106016179241,129,21,0,Gable,PERSON,40,45
uc1.32106016179241,129,23,0,one,CARDINAL,6,9
uc1.32106016179241,130,0,0,WINTER IN THE BLOOD,DATE,0,19
uc1.32106016179241,130,3,0,about five or,DATE,9,22
uc1.32106016179241,130,3,1,six,DATE,23,26
uc1.32106016179241,130,7,0,Marlene,PERSON,1,8
uc1.32106016179241,130,8,0,first,ORDINAL,19,24
uc1.32106016179241,130,24,0,one,CARDINAL,45,48
uc1.32106016179241,130,24,1,five-dollar,MONEY,89,100
uc1.32106016179241,130,25,0,Marlene,PERSON,9,16
uc1.32106016179241,130,26,0,fifteen or twenty minutes,TIME,16,41
uc1.32106016179241,130,27,0,fifteen or twenty minutes,TIME,4,29
uc1.32106016179241,130,30,0,one,CARDINAL,21,24
uc1.32106016179241,130,30,1,116,CARDINAL,49,52
uc1.32106016179241,131,9,0,the Palace Bar,FAC,75,89
uc1.32106016179241,131,20,0,Randolph Scott,PERSON,0,14
uc1.32106016179241,131,21,0,Warren,PERSON,6,12
uc1.32106016179241,131,24,0,one,CARDINAL,31,34
uc1.32106016179241,131,26,0,Warren,PERSON,25,31
uc1.32106016179241,131,28,0,one,CARDINAL,9,12
uc1.32106016179241,131,29,0,117,CARDINAL,0,3
uc1.32106016179241,132,0,0,WINTER IN THE BLOOD,PERSON,0,19
uc1.32106016179241,132,1,0,Warren,PERSON,10,16
uc1.32106016179241,132,2,0,Warren,PERSON,45,51
uc1.32106016179241,132,6,0,one,CARDINAL,10,13
uc1.32106016179241,132,7,0,Warren,PERSON,6,12
uc1.32106016179241,132,19,0,first,ORDINAL,21,26
uc1.32106016179241,132,21,0,Two,CARDINAL,0,3
uc1.32106016179241,132,22,0,One,CARDINAL,0,3
uc1.32106016179241,132,27,0,first,ORDINAL,27,32
uc1.32106016179241,132,31,0,second,ORDINAL,35,41
uc1.32106016179241,132,36,0,118,CARDINAL,23,26
uc1.32106016179241,133,8,0,one,CARDINAL,26,29
uc1.32106016179241,133,14,0,first,ORDINAL,4,9
uc1.32106016179241,133,16,0,second,ORDINAL,19,25
uc1.32106016179241,133,21,0,that day,DATE,57,65
uc1.32106016179241,133,31,0,Falcon,PRODUCT,42,48
uc1.32106016179241,133,32,0,three,CARDINAL,4,9
uc1.32106016179241,133,33,0,first,ORDINAL,41,46
uc1.32106016179241,133,35,0,119,CARDINAL,0,3
uc1.32106016179241,134,0,0,WINTER IN THE BLOOD 30,PERSON,0,22
uc1.32106016179241,134,2,0,one,CARDINAL,7,10
uc1.32106016179241,134,2,1,Falcon,PRODUCT,42,48
uc1.32106016179241,134,2,2,Malta,GPE,112,117
uc1.32106016179241,134,6,0,Indians,NORP,10,17
uc1.32106016179241,134,6,1,Gable's,ORG,26,33
uc1.32106016179241,134,12,0,An hour,TIME,0,7
uc1.32106016179241,134,12,1,two,TIME,22,25
uc1.32106016179241,134,12,2,Malta,GPE,53,58
uc1.32106016179241,134,16,0,Marlene,PERSON,8,15
uc1.32106016179241,134,16,1,two,CARDINAL,38,41
uc1.32106016179241,134,18,0,Safeway,ORG,79,86
uc1.32106016179241,134,24,0,120,CARDINAL,0,3
uc1.32106016179241,135,2,0,Marlene,PERSON,0,7
uc1.32106016179241,135,9,0,Marlene,PERSON,0,7
uc1.32106016179241,135,18,0,second,ORDINAL,17,23
uc1.32106016179241,135,18,1,midmorning,TIME,49,59
uc1.32106016179241,135,19,0,Marlene,PERSON,50,57
uc1.32106016179241,135,24,0,Marlene,PERSON,0,7
uc1.32106016179241,136,5,0,millions,CARDINAL,70,78
uc1.32106016179241,136,16,0,Marlene,PERSON,0,7
uc1.32106016179241,136,23,0,Malta,GPE,42,47
uc1.32106016179241,136,23,1,Malvina,PERSON,89,96
uc1.32106016179241,136,28,0,Marlene,PERSON,53,60
uc1.32106016179241,137,9,0,Jesus Christ,PERSON,1,13
uc1.32106016179241,137,16,0,one,CARDINAL,3,6
uc1.32106016179241,137,20,0,the night before,DATE,97,113
uc1.32106016179241,137,26,0,123,CARDINAL,0,3
uc1.32106016179241,138,1,0,first,ORDINAL,8,13
uc1.32106016179241,138,2,0,Marlene,PERSON,0,7
uc1.32106016179241,138,2,1,one,CARDINAL,54,57
uc1.32106016179241,138,20,0,Marlene,PERSON,12,19
uc1.32106016179241,138,22,0,only inches,QUANTITY,49,60
uc1.32106016179241,138,23,0,Gable's,ORG,115,122
uc1.32106016179241,138,25,0,124,CARDINAL,0,3
uc1.32106016179241,139,0,0,WINTER IN THE BLOOD,PERSON,0,19
uc1.32106016179241,139,1,0,Havre,GPE,20,25
uc1.32106016179241,139,6,0,Havre,FAC,79,84
uc1.32106016179241,139,8,0,125,CARDINAL,0,3
uc1.32106016179241,141,0,0,Three,CARDINAL,5,10
uc1.32106016179241,141,1,0,Oldsmobile,PRODUCT,22,32
uc1.32106016179241,141,6,0,Hutterite,NORP,17,26
uc1.32106016179241,141,8,0,127,CARDINAL,0,3
uc1.32106016179241,142,9,0,first,ORDINAL,3,8
uc1.32106016179241,142,18,0,White Bear,PERSON,9,19
uc1.32106016179241,142,19,0,five miles,QUANTITY,13,23
uc1.32106016179241,142,27,0,three feet,QUANTITY,36,46
uc1.32106016179241,142,27,1,128,CARDINAL,53,56
uc1.32106016179241,143,0,0,WINTER,DATE,0,6
uc1.32106016179241,143,4,0,Indians,NORP,8,15
uc1.32106016179241,143,12,0,White Bear,LOC,107,117
uc1.32106016179241,143,13,0,Michigan,GPE,105,113
uc1.32106016179241,143,23,0,129,CARDINAL,10,13
uc1.32106016179241,144,0,0,WINTER,DATE,0,6
uc1.32106016179241,144,2,0,A hundred yards,QUANTITY,0,15
uc1.32106016179241,144,4,0,One,CARDINAL,0,3
uc1.32106016179241,144,5,0,Mose,PERSON,5,9
uc1.32106016179241,144,6,0,.22,PRODUCT,12,15
uc1.32106016179241,144,6,1,First Raise,ORG,81,92
uc1.32106016179241,144,9,0,Mose,PERSON,0,4
uc1.32106016179241,144,10,0,a few feet,QUANTITY,11,21
uc1.32106016179241,144,21,0,Mose,PERSON,42,46
uc1.32106016179241,144,22,0,130,CARDINAL,53,56
uc1.32106016179241,145,0,0,WINTER IN THE BLOOD,WORK_OF_ART,0,19
uc1.32106016179241,145,1,0,that day,DATE,96,104
uc1.32106016179241,145,3,0,a couple of days,DATE,34,50
uc1.32106016179241,145,4,0,Malvina,PERSON,52,59
uc1.32106016179241,145,8,0,Lame Bull,PERSON,0,9
uc1.32106016179241,145,8,1,Teresa,PERSON,14,20
uc1.32106016179241,145,16,0,first,ORDINAL,8,13
uc1.32106016179241,146,5,0,two,CARDINAL,12,15
uc1.32106016179241,146,5,1,the old days,DATE,212,224
uc1.32106016179241,146,6,0,almost a hundred years later,DATE,5,33
uc1.32106016179241,146,8,0,two,CARDINAL,19,22
uc1.32106016179241,146,9,0,Great Falls,GPE,11,22
uc1.32106016179241,146,11,0,Teresa,PERSON,0,6
uc1.32106016179241,146,11,1,First Raise,ORG,59,70
uc1.32106016179241,146,14,0,five,CARDINAL,63,67
uc1.32106016179241,146,18,0,Sunday,DATE,0,6
uc1.32106016179241,146,18,1,nights,TIME,7,13
uc1.32106016179241,146,18,2,Mose,PERSON,14,18
uc1.32106016179241,147,9,0,six o'clock,TIME,33,44
uc1.32106016179241,147,9,1,Chicago,GPE,70,77
uc1.32106016179241,147,10,0,Teresa,PERSON,17,23
uc1.32106016179241,147,15,0,Teresa,PERSON,19,25
uc1.32106016179241,147,17,0,Lame Bull,PERSON,0,9
uc1.32106016179241,147,18,0,Teresa,PERSON,10,16
uc1.32106016179241,147,22,0,Harlem,GPE,16,22
uc1.32106016179241,147,23,0,Teresa,PERSON,0,6
uc1.32106016179241,147,24,0,133,CARDINAL,0,3
uc1.32106016179241,148,1,0,Lame Bull,PERSON,36,45
uc1.32106016179241,148,4,0,Lame Bull,PERSON,24,33
uc1.32106016179241,148,7,0,Kittredge,PERSON,11,20
uc1.32106016179241,148,13,0,Lame Bull,PERSON,22,31
uc1.32106016179241,148,15,0,Teresa,PERSON,0,6
uc1.32106016179241,148,18,0,First Raise,WORK_OF_ART,27,38
uc1.32106016179241,148,21,0,Idaho,GPE,41,46
uc1.32106016179241,148,23,0,Lame Bull,PERSON,0,9
uc1.32106016179241,148,26,0,Teresa,PERSON,0,6
uc1.32106016179241,148,27,0,three,CARDINAL,9,14
uc1.32106016179241,148,28,0,Harlem,GPE,73,79
uc1.32106016179241,149,3,0,Lame Bull,PERSON,20,29
uc1.32106016179241,149,6,0,Teresa,PERSON,0,6
uc1.32106016179241,149,20,0,Vin Rose,PERSON,0,8
uc1.32106016179241,149,22,0,Great Falls,GPE,35,46
uc1.32106016179241,149,24,0,Teresa,PERSON,0,6
uc1.32106016179241,149,30,0,Teresa,PERSON,0,6
uc1.32106016179241,149,32,0,Lame Bull,PERSON,0,9
uc1.32106016179241,149,35,0,135,CARDINAL,0,3
uc1.32106016179241,150,0,0,WINTER IN THE BLOOD,PERSON,0,19
uc1.32106016179241,150,2,0,Fritos,PRODUCT,30,36
uc1.32106016179241,150,8,0,Fritos,PERSON,11,17
uc1.32106016179241,150,8,1,tomorrow,DATE,48,56
uc1.32106016179241,150,11,0,Lame Bull,PERSON,0,9
uc1.32106016179241,150,13,0,ten o'clock,TIME,41,52
uc1.32106016179241,150,15,0,the winter,DATE,31,41
uc1.32106016179241,150,15,1,First Raise,WORK_OF_ART,57,68
uc1.32106016179241,150,16,0,two,CARDINAL,5,8
uc1.32106016179241,150,16,1,fifth,ORDINAL,20,25
uc1.32106016179241,150,16,2,three feet,QUANTITY,63,73
uc1.32106016179241,150,17,0,nightfall,TIME,3,12
uc1.32106016179241,150,19,0,Early the next morning,TIME,0,22
uc1.32106016179241,150,19,1,Lame Bull's,ORG,24,35
uc1.32106016179241,150,20,0,half,CARDINAL,43,47
uc1.32106016179241,150,21,0,An hour later,TIME,0,13
uc1.32106016179241,150,22,0,136,CARDINAL,40,43
uc1.32106016179241,151,2,0,Lame Bull,PERSON,0,9
uc1.32106016179241,151,2,1,five feet,QUANTITY,47,56
uc1.32106016179241,151,3,0,a couple of inches,QUANTITY,22,40
uc1.32106016179241,151,4,0,another foot,QUANTITY,85,97
uc1.32106016179241,151,5,0,five feet,QUANTITY,45,54
uc1.32106016179241,151,6,0,a good five feet,QUANTITY,11,27
uc1.32106016179241,151,8,0,Lame Bull,PERSON,0,9
uc1.32106016179241,151,9,0,First Raise's,FAC,31,44
uc1.32106016179241,151,9,1,about a foot,QUANTITY,60,72
uc1.32106016179241,151,10,0,two,CARDINAL,91,94
uc1.32106016179241,151,14,0,John First Raise,PERSON,29,45
uc1.32106016179241,151,15,0,Dodson,GPE,87,93
uc1.32106016179241,151,15,1,Earthboy's,ORG,161,171
uc1.32106016179241,151,16,0,Teresa,PERSON,0,6
uc1.32106016179241,151,17,0,the night before,TIME,91,107
uc1.32106016179241,151,20,0,137,CARDINAL,29,32
uc1.32106016179241,152,2,0,Teresa,PERSON,37,43
uc1.32106016179241,152,3,0,Lame Bull,PERSON,0,9
uc1.32106016179241,152,5,0,Teresa,PERSON,1,7
uc1.32106016179241,152,10,0,two,CARDINAL,15,18
uc1.32106016179241,152,10,1,three hundred,CARDINAL,20,33
uc1.32106016179241,152,11,0,First Raise,ORG,30,41
uc1.32106016179241,152,12,0,Jesus,PERSON,9,14
uc1.32106016179241,152,14,0,Teresa,PERSON,20,26
uc1.32106016179241,152,17,0,Lame Bull,PERSON,0,9
uc1.32106016179241,152,20,0,one,CARDINAL,25,28
uc1.32106016179241,152,25,0,today,DATE,52,57
uc1.32106016179241,152,25,1,tomorrow,DATE,62,70
uc1.32106016179241,152,28,0,138,CARDINAL,0,3
uc1.32106016179241,153,2,0,the Little Rockies,LOC,40,58
uc1.32106016179241,153,5,0,night,TIME,70,75
uc1.32106016179241,153,5,1,those couple of hours,TIME,106,127
uc1.32106016179241,153,7,0,Fall,DATE,0,4
uc1.32106016179241,153,7,1,winter,DATE,10,16
uc1.32106016179241,153,13,0,Mose,PERSON,46,50
uc1.32106016179241,153,14,0,139,CARDINAL,0,3
uc1.32106016179241,154,1,0,Levi,ORG,49,53
uc1.32106016179241,154,3,0,Mose,PERSON,0,4
uc1.32106016179241,154,10,0,Roger,PERSON,1,6
uc1.32106016179241,154,11,0,Mose,PERSON,0,4
uc1.32106016179241,154,11,1,fourteen,DATE,9,17
uc1.32106016179241,154,16,0,dusk,TIME,7,11
uc1.32106016179241,154,20,0,first,ORDINAL,27,32
uc1.32106016179241,155,12,0,Dodson,GPE,76,82
uc1.32106016179241,155,12,1,twenty dollars,MONEY,83,97
uc1.32106016179241,155,12,2,One dollar,MONEY,124,134
uc1.32106016179241,155,18,0,Bird,PERSON,37,41
uc1.32106016179241,156,0,0,Bird,PERSON,67,71
uc1.32106016179241,156,2,0,Mose,PERSON,0,4
uc1.32106016179241,156,3,0,one,CARDINAL,5,8
uc1.32106016179241,156,3,1,Bird,PERSON,194,198
uc1.32106016179241,156,12,0,Teresa,PERSON,0,6
uc1.32106016179241,156,13,0,142,CARDINAL,15,18
uc1.32106016179241,157,3,0,one,CARDINAL,10,13
uc1.32106016179241,157,15,0,Teresa,PERSON,29,35
uc1.32106016179241,157,18,0,Lame Bull,PERSON,24,33
uc1.32106016179241,157,18,1,the night,TIME,55,64
uc1.32106016179241,158,0,0,WINTER IN THE BLOOD,WORK_OF_ART,0,19
uc1.32106016179241,158,7,0,one year,DATE,48,56
uc1.32106016179241,158,7,1,four,CARDINAL,72,76
uc1.32106016179241,158,7,2,five,CARDINAL,80,84
uc1.32106016179241,158,8,0,a hundred years,DATE,20,35
uc1.32106016179241,158,10,0,Bird,PERSON,17,21
uc1.32106016179241,158,16,0,a hundred years,DATE,62,77
uc1.32106016179241,158,20,0,those days,DATE,47,57
uc1.32106016179241,158,21,0,Those days,DATE,0,10
uc1.32106016179241,158,25,0,144,CARDINAL,35,38
uc1.32106016179241,159,2,0,first,ORDINAL,142,147
uc1.32106016179241,159,3,0,first,ORDINAL,77,82
uc1.32106016179241,159,7,0,first,ORDINAL,132,137
uc1.32106016179241,160,0,0,summer,DATE,92,98
uc1.32106016179241,160,0,1,afternoon,TIME,101,110
uc1.32106016179241,160,2,0,ten feet,QUANTITY,71,79
uc1.32106016179241,160,5,0,Bird,PERSON,20,24
uc1.32106016179241,160,12,0,Bird,PERSON,73,77
uc1.32106016179241,161,1,0,147,CARDINAL,0,3
uc1.32106016179241,163,0,0,Four 38,CARDINAL,5,12
uc1.32106016179241,163,5,0,tonight,TIME,17,24
uc1.32106016179241,163,5,1,tomorrow,DATE,32,40
uc1.32106016179241,163,16,0,149,CARDINAL,0,3
uc1.32106016179241,164,1,0,this morning,TIME,31,43
uc1.32106016179241,164,8,0,Bird,PERSON,46,50
uc1.32106016179241,164,12,0,French,NORP,6,12
uc1.32106016179241,164,19,0,one,CARDINAL,31,34
uc1.32106016179241,164,23,0,Bird,PERSON,11,15
uc1.32106016179241,164,25,0,tomorrow,DATE,25,33
uc1.32106016179241,164,27,0,Bird,PERSON,53,57
uc1.32106016179241,164,32,0,tomorrow,DATE,25,33
uc1.32106016179241,164,33,0,Harlem,GPE,22,28
uc1.32106016179241,164,36,0,150,CARDINAL,35,38
uc1.32106016179241,165,4,0,first,ORDINAL,91,96
uc1.32106016179241,165,6,0,one,CARDINAL,33,36
uc1.32106016179241,165,12,0,First Raise,PERSON,15,26
uc1.32106016179241,165,15,0,Teresa,PERSON,13,19
uc1.32106016179241,165,16,0,Yellow Calf,WORK_OF_ART,24,35
uc1.32106016179241,165,16,1,two,CARDINAL,48,51
uc1.32106016179241,165,20,0,151,CARDINAL,0,3
uc1.32106016179241,166,1,0,Standing Bear,PERSON,30,43
uc1.32106016179241,166,4,0,today,DATE,79,84
uc1.32106016179241,166,5,0,Standing Bear,PERSON,20,33
uc1.32106016179241,166,6,0,Blackfeet,NORP,7,16
uc1.32106016179241,166,8,0,Blackfeet,NORP,8,17
uc1.32106016179241,166,9,0,that winter,DATE,19,30
uc1.32106016179241,166,10,0,the cruelest winter,DATE,7,26
uc1.32106016179241,166,11,0,one,CARDINAL,22,25
uc1.32106016179241,166,13,0,Gros Ventre,PERSON,24,35
uc1.32106016179241,166,15,0,that winter,DATE,21,32
uc1.32106016179241,166,19,0,All winter long,DATE,0,15
uc1.32106016179241,166,20,0,one,CARDINAL,18,21
uc1.32106016179241,166,24,0,those days,DATE,22,32
uc1.32106016179241,166,30,0,Standing Bear,PERSON,10,23
uc1.32106016179241,166,30,1,that winter,DATE,35,46
uc1.32106016179241,166,31,0,the Gros Ventres,PERSON,24,40
uc1.32106016179241,167,0,0,WINTER IN THE BLOOD,EVENT,0,19
uc1.32106016179241,167,0,1,Standing Bear's,PERSON,28,43
uc1.32106016179241,167,2,0,Yellow Calf's,PERSON,9,22
uc1.32106016179241,167,5,0,winters,DATE,40,47
uc1.32106016179241,167,5,1,Standing Bear's,PERSON,77,92
uc1.32106016179241,167,16,0,winter,DATE,13,19
uc1.32106016179241,167,20,0,four,CARDINAL,6,10
uc1.32106016179241,167,21,0,first,ORDINAL,20,25
uc1.32106016179241,167,25,0,153,CARDINAL,23,26
uc1.32106016179241,168,17,0,more than a month,DATE,26,43
uc1.32106016179241,168,17,1,two,CARDINAL,47,50
uc1.32106016179241,168,17,2,three,DATE,58,63
uc1.32106016179241,168,28,0,Standing Bear,WORK_OF_ART,5,18
uc1.32106016179241,168,28,1,154,CARDINAL,23,26
uc1.32106016179241,169,0,0,WINTER,DATE,0,6
uc1.32106016179241,169,8,0,Fish,PERSON,18,22
uc1.32106016179241,169,13,0,Standing Bear,WORK_OF_ART,9,22
uc1.32106016179241,169,20,0,winter,DATE,158,164
uc1.32106016179241,170,9,0,winter,DATE,19,25
uc1.32106016179241,170,13,0,spring,DATE,14,20
uc1.32106016179241,170,14,0,Spring,DATE,0,6
uc1.32106016179241,170,17,0,winter,DATE,30,36
uc1.32106016179241,170,18,0,Yellow Calf,PERSON,13,24
uc1.32106016179241,170,18,1,Standing Bear's,PERSON,110,125
uc1.32106016179241,170,20,0,the Gros Ventres,PERSON,39,55
uc1.32106016179241,170,23,0,156,CARDINAL,29,32
uc1.32106016179241,171,2,0,Fort Assiniboine,FAC,33,49
uc1.32106016179241,171,3,0,one,CARDINAL,15,18
uc1.32106016179241,171,3,1,late-spring day,DATE,19,34
uc1.32106016179241,171,3,2,Blackfeet Reservation,FAC,103,124
uc1.32106016179241,171,5,0,a Gros Ventre,PERSON,21,34
uc1.32106016179241,171,10,0,Yellow Calf,PERSON,29,40
uc1.32106016179241,171,11,0,Blackfeet,NORP,62,71
uc1.32106016179241,171,13,0,that winter,DATE,31,42
uc1.32106016179241,171,15,0,That first winter,DATE,1,18
uc1.32106016179241,171,22,0,Ten,CARDINAL,1,4
uc1.32106016179241,171,22,1,Twelve,CARDINAL,6,12
uc1.32106016179241,171,23,0,Fifteen,CARDINAL,0,7
uc1.32106016179241,171,24,0,66,CARDINAL,0,2
uc1.32106016179241,172,8,0,1936,DATE,13,17
uc1.32106016179241,172,10,0,over thirty years,DATE,22,39
uc1.32106016179241,172,14,0,one,CARDINAL,44,47
uc1.32106016179241,172,14,1,Bird,PERSON,86,90
uc1.32106016179241,172,18,0,first,ORDINAL,21,26
uc1.32106016179241,172,24,0,Yellow Calf,PERSON,0,11
uc1.32106016179241,173,4,0,Doagie,PERSON,21,27
uc1.32106016179241,173,6,0,Teresa,PERSON,10,16
uc1.32106016179241,173,6,1,Yellow Calf,PERSON,39,50
uc1.32106016179241,173,12,0,that winter,DATE,142,153
uc1.32106016179241,173,14,0,Yellow Calf,PERSON,0,11
uc1.32106016179241,173,19,0,Bird,PERSON,29,33
uc1.32106016179241,173,23,0,Bird,PERSON,30,34
uc1.32106016179241,173,25,0,159,CARDINAL,0,3
uc1.32106016179241,174,0,0,WINTER IN THE BLOOD,PERSON,0,19
uc1.32106016179241,174,8,0,those days,DATE,81,91
uc1.32106016179241,174,9,0,only three miles,QUANTITY,50,66
uc1.32106016179241,174,11,0,Teresa,PERSON,35,41
uc1.32106016179241,174,12,0,twenty-five years,DATE,11,28
uc1.32106016179241,174,12,1,Teresa,PERSON,99,105
uc1.32106016179241,174,18,0,two,CARDINAL,52,55
uc1.32106016179241,174,19,0,Yellow Calf's,PERSON,21,34
uc1.32106016179241,174,19,1,more than four or five years,DATE,65,93
uc1.32106016179241,174,20,0,twenty,DATE,19,25
uc1.32106016179241,174,20,1,fifteen,DATE,45,52
uc1.32106016179241,174,20,2,sixteen,DATE,56,63
uc1.32106016179241,174,23,0,that first winter,DATE,68,85
uc1.32106016179241,174,25,0,160,CARDINAL,4,7
uc1.32106016179241,175,0,0,Doagie,PERSON,48,54
uc1.32106016179241,175,0,1,Teresa,PERSON,87,93
uc1.32106016179241,175,1,0,Yellow Calf,PERSON,21,32
uc1.32106016179241,175,2,0,years,DATE,7,12
uc1.32106016179241,175,2,1,the three miles,QUANTITY,13,28
uc1.32106016179241,175,2,2,early morning,TIME,59,72
uc1.32106016179241,175,4,0,the Little Rockies,LOC,106,124
uc1.32106016179241,175,6,0,his younger days,DATE,59,75
uc1.32106016179241,175,8,0,years,DATE,7,12
uc1.32106016179241,175,8,1,twenty-five,DATE,68,79
uc1.32106016179241,175,9,0,Twenty-five years,DATE,0,17
uc1.32106016179241,175,9,1,twenty-five years,DATE,43,60
uc1.32106016179241,175,10,0,First Raise,PERSON,28,39
uc1.32106016179241,175,12,0,First Raise,PERSON,91,102
uc1.32106016179241,175,14,0,Yellow Calf,WORK_OF_ART,20,31
uc1.32106016179241,175,16,0,those three new miles,QUANTITY,29,50
uc1.32106016179241,175,16,1,First Raise's,PERSON,188,201
uc1.32106016179241,176,0,0,WINTER IN THE BLOOD,PERSON,0,19
uc1.32106016179241,176,1,0,the day,DATE,40,47
uc1.32106016179241,176,1,1,that snowy day,DATE,73,87
uc1.32106016179241,176,15,0,Ferdinand Horn,PERSON,7,21
uc1.32106016179241,176,16,0,Hudson,PRODUCT,18,24
uc1.32106016179241,176,23,0,Ferdinand Horn's,PERSON,0,16
uc1.32106016179241,176,27,0,162,CARDINAL,0,3
uc1.32106016179241,177,1,0,Ferdinand Horn,PERSON,24,38
uc1.32106016179241,177,3,0,Teresa,PERSON,1,7
uc1.32106016179241,177,3,1,Lame Bull,PERSON,12,21
uc1.32106016179241,177,3,2,Harlem,GPE,30,36
uc1.32106016179241,177,9,0,Ferdinand Horn's,PERSON,0,16
uc1.32106016179241,177,12,0,tomorrow,DATE,25,33
uc1.32106016179241,177,16,0,Teresa,PERSON,26,32
uc1.32106016179241,177,22,0,two,CARDINAL,11,14
uc1.32106016179241,177,32,0,Yellow Calf,PERSON,10,21
uc1.32106016179241,177,32,1,a minute,TIME,26,34
uc1.32106016179241,177,38,0,Louie,PERSON,21,26
uc1.32106016179241,177,38,1,Reclamation,ORG,76,87
uc1.32106016179241,178,0,0,Yellow Calf's,FAC,52,65
uc1.32106016179241,178,1,0,ten years ago,DATE,19,32
uc1.32106016179241,178,1,1,twenty,DATE,40,46
uc1.32106016179241,178,7,0,Yellow Calf,PERSON,1,12
uc1.32106016179241,178,8,0,Ferdinand Horn's,PERSON,0,16
uc1.32106016179241,178,15,0,tomorrow,DATE,25,33
uc1.32106016179241,178,16,0,Ferdinand Horn,PERSON,32,46
uc1.32106016179241,178,21,0,Havre,GPE,20,25
uc1.32106016179241,178,23,0,Gable,PERSON,4,9
uc1.32106016179241,178,24,0,Ferdinand Horn,PERSON,30,44
uc1.32106016179241,179,3,0,Ferdinand Horn,PERSON,54,68
uc1.32106016179241,179,12,0,Ferdinand Horn,PERSON,0,14
uc1.32106016179241,179,15,0,a minute,TIME,17,25
uc1.32106016179241,179,21,0,a minute,TIME,16,24
uc1.32106016179241,179,21,1,Ferdinand Horn,PERSON,27,41
uc1.32106016179241,179,23,0,Ferdinand Horn,PERSON,0,14
uc1.32106016179241,179,30,0,Bird,PERSON,3,7
uc1.32106016179241,179,32,0,165,CARDINAL,56,59
uc1.32106016179241,180,1,0,Bird,PERSON,0,4
uc1.32106016179241,180,3,0,Bird,PERSON,106,110
uc1.32106016179241,180,23,0,166,CARDINAL,42,45
uc1.32106016179241,181,0,0,one,CARDINAL,93,96
uc1.32106016179241,181,0,1,half,CARDINAL,103,107
uc1.32106016179241,181,0,2,one,CARDINAL,134,137
uc1.32106016179241,181,3,0,four,CARDINAL,45,49
uc1.32106016179241,181,6,0,half,CARDINAL,2,6
uc1.32106016179241,181,6,1,half,CARDINAL,12,16
uc1.32106016179241,181,11,0,one,CARDINAL,7,10
uc1.32106016179241,181,11,1,Bird,PERSON,54,58
uc1.32106016179241,181,22,0,167,CARDINAL,117,120
uc1.32106016179241,182,2,0,The two or three inches,QUANTITY,0,23
uc1.32106016179241,182,4,0,One,CARDINAL,0,3
uc1.32106016179241,182,9,0,Bird,PERSON,29,33
uc1.32106016179241,182,11,0,a few inches,QUANTITY,10,22
uc1.32106016179241,182,11,1,those years,DATE,94,105
uc1.32106016179241,182,22,0,168,CARDINAL,19,22
uc1.32106016179241,183,0,0,WINTER,DATE,0,6
uc1.32106016179241,183,3,0,Bird,PERSON,23,27
uc1.32106016179241,183,5,0,Bird,PERSON,13,17
uc1.32106016179241,183,6,0,Ferdinand Horn,PERSON,8,22
uc1.32106016179241,183,10,0,Indians,NORP,124,131
uc1.32106016179241,183,16,0,Ferdinand Horn,PERSON,13,27
uc1.32106016179241,183,17,0,Teresa,PERSON,4,10
uc1.32106016179241,183,31,0,the next few minutes,TIME,21,41
uc1.32106016179241,184,3,0,Bird,PERSON,18,22
uc1.32106016179241,184,13,0,half,CARDINAL,42,46
uc1.32106016179241,184,17,0,first,ORDINAL,49,54
uc1.32106016179241,184,29,0,170,CARDINAL,0,3
uc1.32106016179241,185,12,0,Bird,PERSON,54,58
uc1.32106016179241,185,22,0,171,CARDINAL,0,3
uc1.32106016179241,186,7,0,Mose,PERSON,14,18
uc1.32106016179241,186,11,0,Bird,PERSON,8,12
uc1.32106016179241,186,16,0,summer,DATE,112,118
uc1.32106016179241,186,18,0,172,CARDINAL,0,3
uc1.32106016179241,187,1,0,the next day,DATE,23,35
uc1.32106016179241,187,2,0,Harlem,GPE,16,22
uc1.32106016179241,187,3,0,four,CARDINAL,18,22
uc1.32106016179241,187,3,1,Teresa,PERSON,29,35
uc1.32106016179241,187,3,2,Lame Bull,PERSON,37,46
uc1.32106016179241,187,4,0,Ferdinand Horn,PERSON,25,39
uc1.32106016179241,187,5,0,Lame Bull,PERSON,20,29
uc1.32106016179241,187,8,0,Teresa,PERSON,0,6
uc1.32106016179241,187,11,0,173,CARDINAL,3,6
uc1.32106016179241,188,3,0,an hour,TIME,32,39
uc1.32106016179241,188,5,0,noonday,DATE,35,42
uc1.32106016179241,188,8,0,two,CARDINAL,30,33
uc1.32106016179241,188,9,0,Teresa,PERSON,0,6
uc1.32106016179241,188,17,0,Harlem,GPE,25,31
uc1.32106016179241,188,19,0,One,CARDINAL,0,3
uc1.32106016179241,188,20,0,Teresa,PERSON,0,6
uc1.32106016179241,188,21,0,Lame Bull,PERSON,0,9
uc1.32106016179241,188,23,0,Teresa,PERSON,0,6
uc1.32106016179241,188,24,0,174,CARDINAL,3,6
uc1.32106016179241,189,0,0,WINTER IN THE BLOOD,PERSON,0,19
uc1.32106016179241,189,4,0,Teresa,PERSON,0,6
uc1.32106016179241,189,7,0,yesterday,DATE,23,32
uc1.32106016179241,189,10,0,Teresa,PERSON,0,6
uc1.32106016179241,189,11,0,Lame Bull,PERSON,0,9
uc1.32106016179241,189,21,0,Teresa,PERSON,0,6
uc1.32106016179241,189,23,0,Great Falls,GPE,44,55
uc1.32106016179241,189,26,0,a year,DATE,26,32
uc1.32106016179241,189,28,0,Teresa,PERSON,0,6
uc1.32106016179241,189,32,0,175,CARDINAL,6,9
uc1.32106016179241,190,2,0,Bird,PERSON,23,27
uc1.32106016179241,190,3,0,176,CARDINAL,41,44
uc1.32106016179241,191,1,0,Penguin,ORG,62,69
uc1.32106016179241,191,1,1,today,DATE,129,134
uc1.32106016179241,191,2,0,Penguin,ORG,52,59
uc1.32106016179241,191,2,1,Pelicans,WORK_OF_ART,70,78
uc1.32106016179241,191,2,2,Puffins,ORG,80,87
uc1.32106016179241,191,2,3,Peregrines,WORK_OF_ART,89,99
uc1.32106016179241,191,2,4,Penguin Classics,ORG,105,121
uc1.32106016179241,191,4,0,the United Kingdom,GPE,3,21
uc1.32106016179241,191,4,1,Penguin,ORG,67,74
uc1.32106016179241,191,4,2,U.K.,GPE,82,86
uc1.32106016179241,191,4,3,Dept E.P.,ORG,104,113
uc1.32106016179241,191,4,4,Penguin Books Ltd,ORG,115,132
uc1.32106016179241,191,4,5,Harmondsworth,GPE,134,147
uc1.32106016179241,191,4,6,Middlesex,GPE,149,158
uc1.32106016179241,191,5,0,the United States,GPE,3,20
uc1.32106016179241,191,5,1,Penguin,ORG,66,73
uc1.32106016179241,191,5,2,U.S.,GPE,81,85
uc1.32106016179241,191,5,3,Dept BA,ORG,103,110
uc1.32106016179241,191,5,4,Penguin,ORG,112,119
uc1.32106016179241,191,5,5,120,CARDINAL,125,128
uc1.32106016179241,191,5,6,Bergenfield,GPE,130,141
uc1.32106016179241,191,5,7,New Jersey,GPE,143,153
uc1.32106016179241,191,6,0,Canada,GPE,3,9
uc1.32106016179241,191,6,1,Penguin,ORG,55,62
uc1.32106016179241,191,6,2,Canada,GPE,66,72
uc1.32106016179241,191,6,3,Penguin Books Ltd,ORG,90,107
uc1.32106016179241,191,6,4,Markham,GPE,127,134
uc1.32106016179241,191,6,5,Ontario,GPE,136,143
uc1.32106016179241,191,7,0,Australia,GPE,3,12
uc1.32106016179241,191,8,0,Penguin,ORG,44,51
uc1.32106016179241,191,8,1,Australia,GPE,55,64
uc1.32106016179241,191,8,2,the Marketing Department,ORG,82,106
uc1.32106016179241,191,8,3,Penguin Books Ltd,ORG,108,125
uc1.32106016179241,191,8,4,257,CARDINAL,136,139
uc1.32106016179241,191,8,5,Ringwood,GPE,141,149
uc1.32106016179241,191,8,6,Victoria,GPE,151,159
uc1.32106016179241,191,9,0,New Zealand,GPE,3,14
uc1.32106016179241,191,10,0,Penguin,ORG,44,51
uc1.32106016179241,191,10,1,New Zealand,GPE,55,66
uc1.32106016179241,191,10,2,the Marketing Department,ORG,84,108
uc1.32106016179241,191,10,3,Penguin Books (NZ) Ltd,ORG,110,132
uc1.32106016179241,191,10,4,Takapuna,GPE,147,155
uc1.32106016179241,191,10,5,Auckland,GPE,157,165
uc1.32106016179241,191,11,0,India,GPE,3,8
uc1.32106016179241,191,12,0,Penguin,ORG,44,51
uc1.32106016179241,191,12,1,Penguin Overseas Ltd,ORG,69,89
uc1.32106016179241,191,12,2,706 Eros Apartments,ORG,91,110
uc1.32106016179241,191,12,3,New Delhi,GPE,128,137
uc1.32106016179241,191,13,0,Holland,GPE,3,10
uc1.32106016179241,191,14,0,Penguin,ORG,44,51
uc1.32106016179241,191,14,1,Holland,GPE,55,62
uc1.32106016179241,191,14,2,Penguin Books Nederland B.V.,ORG,80,108
uc1.32106016179241,191,14,3,Netherlands,GPE,140,151
uc1.32106016179241,191,15,0,Germany,GPE,3,10
uc1.32106016179241,191,16,0,Penguin,ORG,44,51
uc1.32106016179241,191,16,1,Penguin Books Ltd,ORG,69,86
uc1.32106016179241,191,16,2,Main I,FAC,129,135
uc1.32106016179241,191,16,3,Federal Republic of Germany,GPE,137,164
uc1.32106016179241,191,17,0,Spain,GPE,3,8
uc1.32106016179241,191,18,0,Penguin,ORG,44,51
uc1.32106016179241,191,18,1,Spain,GPE,55,60
uc1.32106016179241,191,18,2,"Longman, Penguin España",ORG,78,101
uc1.32106016179241,191,18,3,Calle San Nicolas 15,FAC,103,123
uc1.32106016179241,191,18,4,Madrid,GPE,133,139
uc1.32106016179241,191,18,5,Spain,GPE,141,146
uc1.32106016179241,191,19,0,Japan,GPE,3,8
uc1.32106016179241,191,19,1,Penguin,ORG,54,61
uc1.32106016179241,191,19,2,Japan,GPE,65,70
uc1.32106016179241,191,19,3,Longman Penguin Japan Co Ltd,ORG,88,116
uc1.32106016179241,191,19,4,Yamaguchi Building,FAC,118,136
uc1.32106016179241,191,19,5,Chiyoda-Ku,ORG,161,171
uc1.32106016179241,191,19,6,Tokyo,GPE,173,178
uc1.32106016179241,191,19,7,Japan,GPE,184,189
uc1.32106016179241,193,0,0,WHITE NOISE,WORK_OF_ART,46,57
uc1.32106016179241,193,0,1,Don DeLillo,PERSON,58,69
uc1.32106016179241,193,1,0,The New Republic,ORG,0,16
uc1.32106016179241,193,1,1,White Noise,WORK_OF_ART,23,34
uc1.32106016179241,193,1,2,one,CARDINAL,64,67
uc1.32106016179241,193,2,0,Jack Gladney,PERSON,55,67
uc1.32106016179241,193,2,1,Hitler Studies,ORG,84,98
uc1.32106016179241,193,3,0,326,CARDINAL,0,3
uc1.32106016179241,193,3,1,6.95,MONEY,31,35
uc1.32106016179241,193,3,2,William Kennedy,PERSON,45,60
uc1.32106016179241,193,4,0,William Kennedy,PERSON,0,15
uc1.32106016179241,193,4,1,Pulitzer Prize,WORK_OF_ART,18,32
uc1.32106016179241,193,4,2,Francis Phelan,PERSON,63,77
uc1.32106016179241,193,5,0,228,CARDINAL,0,3
uc1.32106016179241,193,5,1,6.95,MONEY,31,35
uc1.32106016179241,193,5,2,LESS THAN ZERO,CARDINAL,36,50
uc1.32106016179241,193,6,0,L.A.,GPE,87,91
uc1.32106016179241,193,7,0,208,CARDINAL,0,3
uc1.32106016179241,193,7,1,6.95,MONEY,31,35
uc1.32106016179241,193,8,0,Larry McMurtry,PERSON,22,36
uc1.32106016179241,193,9,0,Texas,GPE,19,24
uc1.32106016179241,193,9,1,the early 1950s,DATE,32,47
uc1.32106016179241,193,9,2,two,CARDINAL,49,52
uc1.32106016179241,193,10,0,220,CARDINAL,0,3
uc1.32106016179241,193,10,1,5.95,MONEY,31,35
uc1.32106016179241,193,11,0,Penguin Books By Mail Dept,ORG,93,119
uc1.32106016179241,193,11,1,999,CARDINAL,128,131
uc1.32106016179241,193,11,2,Bergenfield,GPE,132,143
uc1.32106016179241,193,11,3,NJ,GPE,145,147
uc1.32106016179241,193,11,4,07621-0999,CARDINAL,148,158
uc1.32106016179241,193,14,0,1.50,MONEY,42,46
uc1.32106016179241,193,16,0,four weeks,DATE,13,23
uc1.32106016179241,193,17,0,USA,GPE,61,64
uc1.32106016179241,193,19,0,CA,GPE,43,45
uc1.32106016179241,193,19,1,6.5%,PERCENT,47,51
uc1.32106016179241,193,19,2,NY,GPE,52,54
uc1.32106016179241,193,19,3,8.25%,PERCENT,56,61
uc1.32106016179241,193,19,4,NJ,GPE,62,64
uc1.32106016179241,193,19,5,6%,PERCENT,66,68
uc1.32106016179241,193,19,6,PA,GPE,69,71
uc1.32106016179241,193,19,7,6%,PERCENT,73,75
uc1.32106016179241,193,19,8,TN,GPE,80,82
uc1.32106016179241,193,19,9,5.5%,PERCENT,84,88
uc1.32106016179241,194,0,0,THE WOMEN OF BREWSTER PLACE,WORK_OF_ART,46,73
uc1.32106016179241,194,0,1,Seven,CARDINAL,85,90
uc1.32106016179241,194,0,2,Gloria Naylor,PERSON,99,112
uc1.32106016179241,194,1,0,the American Book Award,WORK_OF_ART,10,33
uc1.32106016179241,194,1,1,seven,CARDINAL,56,61
uc1.32106016179241,194,2,0,America,GPE,114,121
uc1.32106016179241,194,2,1,today,DATE,122,127
uc1.32106016179241,194,3,0,192,CARDINAL,0,3
uc1.32106016179241,194,3,1,5.95,MONEY,11,15
uc1.32106016179241,194,4,0,Harriet Doerr,PERSON,0,13
uc1.32106016179241,194,5,0,American,NORP,3,11
uc1.32106016179241,194,5,1,Mexican,NORP,38,45
uc1.32106016179241,194,5,2,Ibarra,GPE,57,63
uc1.32106016179241,194,6,0,214,CARDINAL,0,3
uc1.32106016179241,194,6,1,0-14-007562-3,CARDINAL,16,29
uc1.32106016179241,194,6,2,5.95,MONEY,31,35
uc1.32106016179241,194,8,0,Boyle,PERSON,1,6
uc1.32106016179241,194,8,1,The New York Times,ORG,106,124
uc1.32106016179241,194,9,0,Walter Van Brunt,PERSON,27,43
uc1.32106016179241,194,9,1,American,NORP,69,77
uc1.32106016179241,194,10,0,456,CARDINAL,0,3
uc1.32106016179241,194,10,1,8.95,MONEY,31,35
uc1.32106016179241,194,11,0,Ferrol Sams,PERSON,0,11
uc1.32106016179241,194,11,1,"Porter Osborn, Jr.",PERSON,25,43
uc1.32106016179241,194,11,2,1938,DATE,53,57
uc1.32106016179241,194,11,3,Georgia,GPE,76,83
uc1.32106016179241,194,11,4,Willingham University,ORG,110,131
uc1.32106016179241,194,11,5,The Whisper of the River,WORK_OF_ART,133,157
uc1.32106016179241,194,12,0,Ferrol Sams's,PERSON,0,13
uc1.32106016179241,194,13,0,528,CARDINAL,0,3
uc1.32106016179241,194,13,1,0-14-008387-1,CARDINAL,16,29
uc1.32106016179241,194,13,2,6.95,MONEY,31,35
uc1.32106016179241,194,13,3,ENGLISH,NORP,36,43
uc1.32106016179241,194,14,0,Ivan Doig,PERSON,0,9
uc1.32106016179241,194,15,0,This House of Sky,WORK_OF_ART,46,63
uc1.32106016179241,194,15,1,Ivan Doig,PERSON,65,74
uc1.32106016179241,194,15,2,Montana,LOC,122,129
uc1.32106016179241,194,15,3,the late 1930s,DATE,152,166
uc1.32106016179241,194,16,0,338,CARDINAL,0,3
uc1.32106016179241,194,16,1,0-14,CARDINAL,16,20
uc1.32106016179241,194,16,2,6.95,MONEY,31,35
uc1.32106016179241,194,16,3,THE YEAR OF SILENCE,WORK_OF_ART,36,55
uc1.32106016179241,194,16,4,Madison Smartt Bell,PERSON,56,75
uc1.32106016179241,194,17,0,exactly one year later,DATE,70,92
uc1.32106016179241,194,17,1,The Year of Silence,WORK_OF_ART,94,113
uc1.32106016179241,194,18,0,The New York Times Book Review,ORG,1,31
uc1.32106016179241,194,18,1,208,CARDINAL,33,36
uc1.32106016179241,194,18,2,0-14-011533-1,CARDINAL,49,62
uc1.32106016179241,194,18,3,6.95,MONEY,64,68
uc1.32106016179241,195,0,0,Paul Auster,PERSON,80,91
uc1.32106016179241,195,0,1,one,CARDINAL,234,237
uc1.32106016179241,195,1,0,208,CARDINAL,0,3
uc1.32106016179241,195,1,1,5.95,MONEY,31,35
uc1.32106016179241,195,1,2,Lower East Side,LOC,69,84
uc1.32106016179241,195,1,3,Joel Rose,PERSON,102,111
uc1.32106016179241,195,1,4,Catherine Texier,PERSON,116,132
uc1.32106016179241,195,1,5,Tama Janowitz,PERSON,179,192
uc1.32106016179241,195,1,6,Gary Indiana,PERSON,194,206
uc1.32106016179241,195,1,7,Kathy Acker,PERSON,208,219
uc1.32106016179241,195,1,8,Barry Yourgrau,PERSON,221,235
uc1.32106016179241,195,1,9,Between C&D,WORK_OF_ART,249,260
uc1.32106016179241,195,2,0,194,CARDINAL,0,3
uc1.32106016179241,195,2,1,0-14-010570-0,CARDINAL,16,29
uc1.32106016179241,195,2,2,7.95,MONEY,31,35
uc1.32106016179241,195,2,3,LEAVING CHEYENNE,WORK_OF_ART,36,52
uc1.32106016179241,195,2,4,Larry McMurtry,PERSON,53,67
uc1.32106016179241,195,3,0,Leaving Cheyenne,WORK_OF_ART,47,63
uc1.32106016179241,195,3,1,three,CARDINAL,76,81
uc1.32106016179241,195,3,2,Gideon,PERSON,95,101
uc1.32106016179241,195,3,3,Johnny,PERSON,103,109
uc1.32106016179241,195,3,4,Molly,PERSON,115,120
uc1.32106016179241,195,3,5,forty years,DATE,137,148
uc1.32106016179241,195,3,6,Cheyenne,GPE,179,187
uc1.32106016179241,195,4,0,254,CARDINAL,0,3
uc1.32106016179241,195,4,1,0-14-005221-6,CARDINAL,16,29
uc1.32106016179241,195,4,2,6.95,MONEY,31,35
uc1.32106016179241,195,6,0,1.50,MONEY,57,61
uc1.32106016179241,195,8,0,four weeks,DATE,13,23
uc1.32106016179241,195,9,0,USA,GPE,61,64
uc1.32106016179241,195,11,0,999,CARDINAL,7,10
uc1.32106016179241,195,11,1,Bergenfield,GPE,11,22
uc1.32106016179241,195,11,2,NJ,GPE,24,26
uc1.32106016179241,195,11,3,6.5%,PERCENT,42,46
uc1.32106016179241,195,11,4,NY,GPE,47,49
uc1.32106016179241,195,11,5,8.25%,PERCENT,51,56
uc1.32106016179241,195,11,6,NJ,GPE,57,59
uc1.32106016179241,195,11,7,6%,PERCENT,61,63
uc1.32106016179241,195,11,8,6%,PERCENT,68,70
uc1.32106016179241,195,11,9,5.5%,PERCENT,79,83
uc1.32106016179241,196,0,0,MANUEL SENDERO,PERSON,57,71
uc1.32106016179241,196,0,1,Ariel Dorfman,PERSON,72,85
uc1.32106016179241,196,1,0,Manuel Sendero,PERSON,63,77
uc1.32106016179241,196,2,0,464,CARDINAL,0,3
uc1.32106016179241,196,2,1,7.95,MONEY,31,35
uc1.32106016179241,196,2,2,LAUGHTER AND FORGETTING Milan Kundera,WORK_OF_ART,48,85
uc1.32106016179241,196,3,0,Kundera,PERSON,44,51
uc1.32106016179241,196,4,0,The Book of Laughter and Forgetting,WORK_OF_ART,1,36
uc1.32106016179241,196,4,1,John Leonard,PERSON,67,79
uc1.32106016179241,196,4,2,The New York Times,ORG,83,101
uc1.32106016179241,196,6,0,240,CARDINAL,0,3
uc1.32106016179241,196,6,1,0-14-009693-0,CARDINAL,16,29
uc1.32106016179241,196,6,2,6.95,MONEY,31,35
uc1.32106016179241,196,6,3,TIRRA LIRRA BY THE RIVER,WORK_OF_ART,36,60
uc1.32106016179241,196,6,4,Jessica Anderson,PERSON,61,77
uc1.32106016179241,196,7,0,the Miles Franklin Award,WORK_OF_ART,10,34
uc1.32106016179241,196,7,1,Australia,GPE,36,45
uc1.32106016179241,196,7,2,Tirra Litra by the River,WORK_OF_ART,81,105
uc1.32106016179241,196,7,3,seventy-year,DATE,132,144
uc1.32106016179241,196,8,0,Nora Porteous's,PERSON,0,15
uc1.32106016179241,196,8,1,Australia,GPE,57,66
uc1.32106016179241,196,8,2,Sydney,GPE,90,96
uc1.32106016179241,196,8,3,London,GPE,100,106
uc1.32106016179241,196,9,0,142,CARDINAL,0,3
uc1.32106016179241,196,9,1,4.95,MONEY,31,35
uc1.32106016179241,196,9,2,A. N. Wilson,PERSON,49,61
uc1.32106016179241,196,10,0,Monica,PERSON,29,35
uc1.32106016179241,196,10,1,Belinda,PERSON,37,44
uc1.32106016179241,196,10,2,Richeldis,PERSON,50,59
uc1.32106016179241,196,11,0,twenty years later,DATE,5,23
uc1.32106016179241,196,11,1,A. N. Wilson,PERSON,25,37
uc1.32106016179241,196,11,2,three,CARDINAL,75,80
uc1.32106016179241,196,12,0,202,CARDINAL,0,3
uc1.32106016179241,196,12,1,6.95,MONEY,31,35
uc1.32106016179241,196,12,2,Elizabeth Jolley,PERSON,45,61
uc1.32106016179241,196,13,0,Australian,NORP,32,42
uc1.32106016179241,196,13,1,Elizabeth Jolley,PERSON,54,70
uc1.32106016179241,196,13,2,two,CARDINAL,132,135
uc1.32106016179241,196,13,3,Katherine,PERSON,175,184
uc1.32106016179241,196,15,0,176,CARDINAL,0,3
uc1.32106016179241,197,0,0,1,CARDINAL,0,1
uc1.32106016179241,198,0,0,A CRUZ,PERSON,0,6
uc1.32106016179241,198,0,1,The University Library,ORG,7,29
uc1.32106016179241,198,0,2,THE UNIVERSITY LIBRARY UNIVERSITY OF CALIFORNIA,ORG,30,77
uc1.32106016179241,198,0,3,SANTA CRUZ JRNIA,GPE,79,95
uc1.32106016179241,198,2,0,459-2756,CARDINAL,24,32
uc1.32106016179241,198,3,0,14 days,DATE,37,44
uc1.32106016179241,198,4,0,NOV 2 9,DATE,0,7
uc1.32106016179241,198,5,0,CALIFOR S,ORG,39,48
uc1.32106016179241,198,5,1,The University Library,ORG,88,110
uc1.32106016179241,198,6,0,SANTA CRUZ,GPE,0,10
uc1.32106016179241,198,6,1,SANTA CRUZ,GPE,11,21
uc1.32106016179241,199,0,0,SANTA CRUZ A,GPE,0,12
uc1.32106016179241,199,0,1,The University Library,ORG,37,59
uc1.32106016179241,199,0,2,The University Library,ORG,83,105
uc1.32106016179241,199,1,0,The University Library,ORG,0,22
uc1.32106016179241,199,1,1,The University Lib,ORG,65,83
uc1.32106016179241,199,1,2,The University Library,ORG,84,106
uc1.32106016179241,199,1,3,40%,PERCENT,143,146
uc1.32106016179241,199,2,0,The University Library,ORG,44,66
uc1.32106016179241,199,3,0,The University Library,ORG,0,22
uc1.32106016179241,199,3,1,SANTA CRUZ,GPE,85,95
uc1.32106016179241,199,5,0,The University Library,ORG,0,22
