vol_id,page,sentence_id,ent_id,entity,entity_type,start_char,end_char
uc1.b4495444,1,0,0,one,CARDINAL,72,75
uc1.b4495444,1,0,1,Hopi,NORP,76,80
uc1.b4495444,3,0,0,Ramson Lomatewama,PERSON,0,17
uc1.b4495444,3,0,1,one,CARDINAL,41,44
uc1.b4495444,4,0,0,Univ.,ORG,0,5
uc1.b4495444,4,0,1,UC Santa Cruz,ORG,15,28
uc1.b4495444,4,0,2,1992,DATE,29,33
uc1.b4495444,4,0,3,1983,DATE,44,48
uc1.b4495444,4,0,4,Ramson Lomatewama,PERSON,52,69
uc1.b4495444,4,0,5,132,CARDINAL,79,82
uc1.b4495444,4,0,6,Hotevilla,GPE,83,92
uc1.b4495444,4,0,7,Arizona,GPE,94,101
uc1.b4495444,4,2,0,Library of Congress,ORG,0,19
uc1.b4495444,4,2,1,Sam Minkler,PERSON,64,75
uc1.b4495444,4,2,2,the United States of America,GPE,101,129
uc1.b4495444,4,2,3,La Plata Color Printing,ORG,130,153
uc1.b4495444,4,2,4,Colorado,GPE,162,170
uc1.b4495444,6,0,0,1,CARDINAL,0,1
uc1.b4495444,7,0,0,5:30 am,TIME,51,58
uc1.b4495444,8,0,0,Song of the Hoer,WORK_OF_ART,0,16
uc1.b4495444,8,0,1,10:47 pm,TIME,17,25
uc1.b4495444,8,1,0,New England,LOC,299,310
uc1.b4495444,9,0,0,one,CARDINAL,23,26
uc1.b4495444,9,0,1,Hopi,NORP,27,31
uc1.b4495444,12,0,0,5:30 AM,TIME,20,27
uc1.b4495444,12,2,0,the morning,TIME,29,40
uc1.b4495444,12,8,0,This morning,TIME,0,12
uc1.b4495444,13,11,0,all night,TIME,10,19
uc1.b4495444,14,2,0,winter,DATE,12,18
uc1.b4495444,17,0,0,WUPATKI,GPE,0,7
uc1.b4495444,17,1,0,the years,DATE,51,60
uc1.b4495444,18,5,0,morning,TIME,53,60
uc1.b4495444,19,0,0,WINTER,DATE,0,6
uc1.b4495444,19,0,1,Midnight,TIME,15,23
uc1.b4495444,19,0,2,kyaamuya the month,DATE,34,52
uc1.b4495444,19,4,0,Winter,DATE,0,6
uc1.b4495444,20,0,0,Winter,DATE,0,6
uc1.b4495444,20,5,0,Short days,DATE,0,10
uc1.b4495444,20,6,0,Long nights,DATE,0,11
uc1.b4495444,20,8,0,Spring,DATE,0,6
uc1.b4495444,20,12,0,spring,DATE,21,27
uc1.b4495444,21,0,0,Summer,DATE,0,6
uc1.b4495444,21,1,0,Early dawn,TIME,0,10
uc1.b4495444,21,8,0,Long days,DATE,0,9
uc1.b4495444,21,9,0,Short nights,DATE,0,12
uc1.b4495444,21,11,0,Fall,DATE,0,4
uc1.b4495444,21,12,0,Late dawn,TIME,0,9
uc1.b4495444,21,17,0,Orion,LOC,22,27
uc1.b4495444,22,0,0,A RAIN SONG,PERSON,46,57
uc1.b4495444,23,2,0,Qalatoto,GPE,0,8
uc1.b4495444,23,3,0,Qalatoto,GPE,0,8
uc1.b4495444,23,3,1,Qalatoto,GPE,9,17
uc1.b4495444,23,3,2,Qalatoto,GPE,39,47
uc1.b4495444,24,6,0,summer,DATE,68,74
uc1.b4495444,26,2,0,the morning,TIME,96,107
uc1.b4495444,28,1,0,summer,DATE,12,18
uc1.b4495444,28,3,0,the day,DATE,7,14
uc1.b4495444,28,3,1,tonight,TIME,52,59
uc1.b4495444,29,0,0,MESA,GPE,6,10
uc1.b4495444,29,0,1,winter,DATE,17,23
uc1.b4495444,29,0,2,earth,LOC,175,180
uc1.b4495444,30,0,0,Four,CARDINAL,15,19
uc1.b4495444,30,0,1,one,CARDINAL,52,55
uc1.b4495444,30,4,0,one,CARDINAL,41,44
uc1.b4495444,31,0,0,noon day,TIME,100,108
uc1.b4495444,32,4,0,Blue Yellow,PERSON,8,19
uc1.b4495444,36,1,0,morning,TIME,7,14
uc1.b4495444,38,8,0,as many days,DATE,11,23
uc1.b4495444,40,0,0,day,DATE,0,3
uc1.b4495444,40,0,1,one,CARDINAL,5,8
uc1.b4495444,41,1,0,10:47 PM,TIME,0,8
uc1.b4495444,41,1,1,Taurus,PRODUCT,9,15
uc1.b4495444,41,2,0,Saggitarius,PRODUCT,4,15
uc1.b4495444,44,0,0,BIRTH OF A SONG,PERSON,0,15
uc1.b4495444,46,0,0,SONG TO THE MOON,PERSON,0,16
uc1.b4495444,46,3,0,night,TIME,116,121
uc1.b4495444,46,4,0,December,DATE,3,11
uc1.b4495444,46,4,1,the night,TIME,22,31
uc1.b4495444,46,6,0,winter,DATE,10,16
uc1.b4495444,46,8,0,tomorrow,DATE,4,12
uc1.b4495444,47,0,0,July,DATE,43,47
uc1.b4495444,48,0,0,WINTER NIGHT,DATE,0,12
uc1.b4495444,48,0,1,winter,DATE,31,37
uc1.b4495444,48,4,0,winter,DATE,11,17
uc1.b4495444,50,1,0,.410,PRODUCT,76,80
uc1.b4495444,51,0,0,THE EAST COAST,LOC,3,17
uc1.b4495444,51,0,1,the day,DATE,61,68
uc1.b4495444,51,1,0,Atlantic,LOC,35,43
uc1.b4495444,51,3,0,morning,TIME,48,55
uc1.b4495444,54,0,0,the Grand Canyon,LOC,32,48
uc1.b4495444,54,3,0,first,ORDINAL,16,21
uc1.b4495444,55,0,0,Autumn,DATE,22,28
uc1.b4495444,55,2,0,October,DATE,0,7
uc1.b4495444,57,0,0,WINTER SUNSET,DATE,0,13
uc1.b4495444,57,4,0,Minutes later,TIME,0,13
uc1.b4495444,58,0,0,RAMSON,PERSON,11,17
uc1.b4495444,58,5,0,Selah,PERSON,0,5
uc1.b4495444,59,1,0,Tonight,TIME,0,7
uc1.b4495444,59,2,0,Tomorrow,DATE,0,8
uc1.b4495444,59,3,0,Tomorrow,DATE,0,8
uc1.b4495444,59,4,0,Tonight,TIME,0,7
uc1.b4495444,60,0,0,WORD PLAY,PERSON,0,9
uc1.b4495444,60,24,0,Reagan,PERSON,12,18
uc1.b4495444,61,0,0,Eisenhower,PERSON,0,10
uc1.b4495444,61,1,0,Nixon,PERSON,0,5
uc1.b4495444,61,2,0,Watergate,EVENT,0,9
uc1.b4495444,61,5,0,America,GPE,11,18
uc1.b4495444,61,6,0,America,GPE,0,7
uc1.b4495444,61,8,0,America,GPE,0,7
uc1.b4495444,61,11,0,SSSunday,DATE,0,8
uc1.b4495444,61,22,0,Washington Redskins,ORG,0,19
uc1.b4495444,61,25,0,Superbowl,WORK_OF_ART,0,9
uc1.b4495444,61,26,0,Rosebowl,WORK_OF_ART,0,8
uc1.b4495444,62,5,0,Custer,PERSON,0,6
uc1.b4495444,62,10,0,Custer,PERSON,0,6
uc1.b4495444,62,13,0,Lincoln,PERSON,0,7
uc1.b4495444,62,14,0,Moses,PERSON,0,5
uc1.b4495444,62,16,0,M'daddy,PERSON,0,7
uc1.b4495444,62,38,0,Kentuckey,GPE,0,9
uc1.b4495444,64,0,0,NEW ENGLAND,GPE,12,23
uc1.b4495444,65,0,0,1,CARDINAL,0,1
uc1.b4495444,66,0,0,"THE UNIVERSITY LIBRARY UNIVERSITY OF CALIFORNIA,",ORG,0,48
uc1.b4495444,66,0,1,SANTA CRUZ,GPE,49,59
uc1.b4495444,66,2,0,459-2756,CARDINAL,24,32
uc1.b4495444,66,3,0,14 days,DATE,37,44
uc1.b4495444,66,4,0,2373,CARDINAL,7,11
uc1.b4495444,67,0,0,CALIFORNIA,GPE,15,25
uc1.b4495444,67,0,1,SANTA CRUZ,GPE,27,37
uc1.b4495444,68,1,0,Ramson Lomatewama,PERSON,17,34
uc1.b4495444,68,2,0,Victorville,GPE,15,26
uc1.b4495444,68,2,1,California,GPE,28,38
uc1.b4495444,68,2,2,Flagstaff,GPE,75,84
uc1.b4495444,68,2,3,Arizona,GPE,86,93
uc1.b4495444,68,3,0,Flagstaff High School,ORG,18,39
uc1.b4495444,68,3,1,1971,DATE,43,47
uc1.b4495444,68,3,2,Northern Arizona University,ORG,70,97
uc1.b4495444,68,4,0,Two years later,DATE,0,15
uc1.b4495444,68,5,0,several years,DATE,4,17
uc1.b4495444,68,6,0,1977,DATE,9,13
uc1.b4495444,68,8,0,1979,DATE,3,7
uc1.b4495444,68,8,1,Hotevilla-Bacavi Community School,ORG,64,97
uc1.b4495444,68,9,0,Goddard College,ORG,104,119
uc1.b4495444,68,9,1,Plainfield,GPE,123,133
uc1.b4495444,68,9,2,Vermont,GPE,135,142
uc1.b4495444,68,9,3,Bachelor of Arts,WORK_OF_ART,163,179
uc1.b4495444,68,11,0,Hopiland,LOC,50,58
uc1.b4495444,68,11,1,Hopi,NORP,128,132
uc1.b4495444,68,13,0,Today,DATE,0,5
uc1.b4495444,68,13,1,Ramson,PERSON,7,13
uc1.b4495444,68,13,2,8th,ORDINAL,26,29
uc1.b4495444,68,15,0,Ramson,PERSON,0,6
uc1.b4495444,68,15,1,Northern Arizona,LOC,33,49
