vol_id,page,sentence_id,ent_id,entity,entity_type,start_char,end_char
uc1.b4338173,2,0,0,CALIFORNIA,GPE,29,39
uc1.b4338173,6,0,0,Gina Knee Toward,PERSON,16,32
uc1.b4338173,7,1,0,LYNN RIGGS,PERSON,38,48
uc1.b4338173,7,1,1,NATHAN KROLL,PERSON,58,70
uc1.b4338173,7,1,2,THE PRESS OF WESTERN RESERVE UNIVERSITY,ORG,71,110
uc1.b4338173,8,0,0,1951,DATE,34,38
uc1.b4338173,8,0,1,LYNN RIGGS,PERSON,42,52
uc1.b4338173,8,0,2,1951,DATE,64,68
uc1.b4338173,8,0,3,LYNN RIGGS,PERSON,73,83
uc1.b4338173,8,1,0,THE WESTERN SKY,LOC,57,72
uc1.b4338173,8,3,0,Lucy Kroll,PERSON,57,67
uc1.b4338173,8,3,1,New York 19,GPE,91,102
uc1.b4338173,8,3,2,New York,GPE,104,112
uc1.b4338173,9,0,0,Lynn Riggs,PERSON,0,10
uc1.b4338173,9,0,1,Toward the WESTERN SKY,WORK_OF_ART,52,74
uc1.b4338173,9,0,2,Western Reserve University,ORG,78,104
uc1.b4338173,9,0,3,the one-hundred-twenty-fifth year,DATE,124,157
uc1.b4338173,9,1,0,TOWARD THE WESTERN SKY,WORK_OF_ART,0,22
uc1.b4338173,9,1,1,the Ohio Country,LOC,100,116
uc1.b4338173,9,1,2,University,ORG,132,142
uc1.b4338173,9,2,0,Riggs,PERSON,4,9
uc1.b4338173,9,2,1,Mid,LOC,98,101
uc1.b4338173,9,2,2,-,LOC,101,102
uc1.b4338173,9,2,3,American,NORP,140,148
uc1.b4338173,9,3,0,University,ORG,4,14
uc1.b4338173,9,3,1,the Great Lakes Basin,LOC,100,121
uc1.b4338173,9,3,2,America,GPE,139,146
uc1.b4338173,11,1,0,TOWARD The WestERN SKY,WORK_OF_ART,29,51
uc1.b4338173,11,2,0,Connecticut,GPE,43,54
uc1.b4338173,11,2,1,the Western Reserve,ORG,81,100
uc1.b4338173,11,3,0,Western Reserve University,ORG,52,78
uc1.b4338173,11,7,0,University,ORG,64,74
uc1.b4338173,11,7,1,one-hundred-twenty-fifth,DATE,81,105
uc1.b4338173,11,8,0,University,ORG,121,131
uc1.b4338173,11,8,1,X,PERSON,149,150
uc1.b4338173,11,8,2,66,CARDINAL,169,171
uc1.b4338173,11,9,0,Shelter Island,GPE,11,25
uc1.b4338173,11,9,1,New York,GPE,27,35
uc1.b4338173,11,9,2,1951,DATE,37,41
uc1.b4338173,11,9,3,LYNN RIGGS,PERSON,42,52
uc1.b4338173,13,0,0,THE WESTERN SKY,LOC,7,22
uc1.b4338173,14,0,0,FIRST,ORDINAL,0,5
uc1.b4338173,14,0,1,"JUNE 11, 1951",DATE,16,29
uc1.b4338173,14,0,2,CAIN PARK THEATRE,FAC,34,51
uc1.b4338173,14,0,3,CLEVELAND HEIGHTS,GPE,53,70
uc1.b4338173,14,0,4,OHIO,GPE,72,76
uc1.b4338173,14,0,5,The University Division of Dramatic Arts,ORG,88,128
uc1.b4338173,14,0,6,Nadine Miles,PERSON,137,149
uc1.b4338173,14,0,7,F. Karl Grossman,PERSON,168,184
uc1.b4338173,14,0,8,Russell L. Gee,PERSON,202,216
uc1.b4338173,14,0,9,Miriam McCollom,PERSON,230,245
uc1.b4338173,14,0,10,Henry Kurth,PERSON,277,288
uc1.b4338173,14,0,11,Helen Trutko,PERSON,298,310
uc1.b4338173,14,0,12,John Osborn,PERSON,328,339
uc1.b4338173,14,0,13,1,CARDINAL,340,341
uc1.b4338173,15,0,0,Thaddeus Eaton,PERSON,0,14
uc1.b4338173,15,0,1,Abigail Eaton,PERSON,15,28
uc1.b4338173,15,0,2,LOUISA EATON,PERSON,29,41
uc1.b4338173,15,0,3,Lou,PERSON,43,46
uc1.b4338173,15,0,4,Tabitha Gun,PERSON,48,59
uc1.b4338173,15,0,5,Tabby,PERSON,61,66
uc1.b4338173,15,0,6,NED WEBSTER,PERSON,68,79
uc1.b4338173,15,0,7,Eben Porter,PERSON,80,91
uc1.b4338173,15,0,8,Beriah Stow,PERSON,100,111
uc1.b4338173,15,0,9,Berry,PERSON,113,118
uc1.b4338173,15,0,10,AMASA TINKER,PERSON,120,132
uc1.b4338173,15,0,11,Tink,PERSON,140,144
uc1.b4338173,15,1,0,New Haven,GPE,0,9
uc1.b4338173,15,1,1,Anderson Stripwine,PERSON,41,59
uc1.b4338173,15,1,2,Herndon,PERSON,64,71
uc1.b4338173,15,1,3,AARON,PERSON,72,77
uc1.b4338173,15,1,4,Birdsey,PERSON,105,112
uc1.b4338173,15,1,5,Golda Parmelee,PERSON,125,139
uc1.b4338173,15,1,6,John Moses Spafford,PERSON,140,159
uc1.b4338173,15,2,0,'Lije Clay Hal Snyder,PERSON,21,42
uc1.b4338173,15,2,1,Lydia Addams,PERSON,43,55
uc1.b4338173,15,2,2,Lacy Addams,PERSON,56,67
uc1.b4338173,15,2,3,Maisie Mills,PERSON,68,80
uc1.b4338173,15,2,4,Honey Callahan,PERSON,81,95
uc1.b4338173,15,2,5,Kurt,PERSON,108,112
uc1.b4338173,15,2,6,JETHRO,PERSON,123,129
uc1.b4338173,15,2,7,Clyde William Evans,PERSON,134,153
uc1.b4338173,15,2,8,Barbara Chandler,PERSON,154,170
uc1.b4338173,15,2,9,Eugenie Miller,PERSON,171,185
uc1.b4338173,15,2,10,Shirley Pleshinger,PERSON,186,204
uc1.b4338173,15,2,11,William Jones,PERSON,205,218
uc1.b4338173,15,2,12,Tony Riendeau,PERSON,219,232
uc1.b4338173,15,2,13,Donald Holman,PERSON,233,246
uc1.b4338173,15,2,14,Jack Eykyn,PERSON,247,257
uc1.b4338173,15,2,15,Ronnie Snyder,PERSON,277,290
uc1.b4338173,15,2,16,Clara Phister,PERSON,291,304
uc1.b4338173,15,2,17,Angela Romeo,PERSON,305,317
uc1.b4338173,15,2,18,Harvey Levin,PERSON,318,330
uc1.b4338173,15,2,19,Leon Lee,PERSON,331,339
uc1.b4338173,15,2,20,Jack Held,PERSON,340,349
uc1.b4338173,15,2,21,Florence McGlenn,PERSON,350,366
uc1.b4338173,15,2,22,Larry Kuhl,PERSON,367,377
uc1.b4338173,15,2,23,Ellie Cate Hudson,PERSON,378,395
uc1.b4338173,15,2,24,Stow,PERSON,433,437
uc1.b4338173,15,2,25,Patricia Leathem,PERSON,454,470
uc1.b4338173,15,2,26,William McCollom,PERSON,471,487
uc1.b4338173,15,2,27,Gene Dingenary,PERSON,488,502
uc1.b4338173,15,2,28,Charles King,PERSON,503,515
uc1.b4338173,15,2,29,Sterrett Neale,PERSON,516,530
uc1.b4338173,17,1,0,Eaton,PERSON,12,17
uc1.b4338173,17,1,1,New Haven,GPE,29,38
uc1.b4338173,17,1,2,Conn.,GPE,40,45
uc1.b4338173,17,1,3,"June 10, 1825",DATE,46,59
uc1.b4338173,17,3,0,Conneaut,GPE,19,27
uc1.b4338173,17,3,1,the Western Reserve,LOC,32,51
uc1.b4338173,17,4,0,A July evening,TIME,0,14
uc1.b4338173,17,4,1,the same year,DATE,16,29
uc1.b4338173,17,6,0,Hudson,GPE,18,24
uc1.b4338173,17,6,1,Western Reserve,ORG,26,41
uc1.b4338173,17,7,0,"April 26, 1826",DATE,0,14
uc1.b4338173,17,9,0,Webster,PERSON,12,19
uc1.b4338173,17,9,1,Hudson,GPE,31,37
uc1.b4338173,17,10,0,Eighteen years later,DATE,0,20
uc1.b4338173,17,11,0,"April 26, 1844",DATE,0,14
uc1.b4338173,17,13,0,1st,ORDINAL,0,3
uc1.b4338173,17,13,1,"Early May, 1844",DATE,11,26
uc1.b4338173,17,14,0,2nd,ORDINAL,0,3
uc1.b4338173,17,14,1,"Late in May, 1844",DATE,11,28
uc1.b4338173,17,15,0,3rd,ORDINAL,0,3
uc1.b4338173,17,15,1,"July, 1844",DATE,11,21
uc1.b4338173,17,17,0,the Chapel of Western Reserve College,FAC,7,44
uc1.b4338173,17,18,0,Seven years later,DATE,0,17
uc1.b4338173,17,19,0,"April 26, 1851",DATE,0,14
uc1.b4338173,19,2,0,Connecticut,GPE,26,37
uc1.b4338173,19,3,0,Ned,PERSON,35,38
uc1.b4338173,19,3,1,Lou -Uncle Tink,PERSON,43,58
uc1.b4338173,19,3,2,Ned,PERSON,78,81
uc1.b4338173,19,3,3,Lou,PERSON,83,86
uc1.b4338173,19,3,4,Dan Tucker,PERSON,102,112
uc1.b4338173,19,4,0,Ned,PERSON,0,3
uc1.b4338173,19,4,1,Lou Choir,PERSON,8,17
uc1.b4338173,19,4,2,Ned,PERSON,23,26
uc1.b4338173,19,4,3,Lou Berry,PERSON,31,40
uc1.b4338173,19,4,4,Maisie,PERSON,62,68
uc1.b4338173,19,4,5,Kurt,PERSON,70,74
uc1.b4338173,19,4,6,Jethro,PERSON,93,99
uc1.b4338173,19,4,7,Chorus Jethro,PERSON,104,117
uc1.b4338173,20,0,0,1,CARDINAL,0,1
uc1.b4338173,21,1,0,Colonial,NORP,20,28
uc1.b4338173,21,1,1,Thaddeus,PERSON,40,48
uc1.b4338173,21,1,2,Abigail Eaton,PERSON,53,66
uc1.b4338173,21,1,3,New Haven,GPE,68,77
uc1.b4338173,21,1,4,Connecticut,GPE,79,90
uc1.b4338173,21,1,5,June,DATE,94,98
uc1.b4338173,21,1,6,1825,DATE,105,109
uc1.b4338173,21,3,0,Haydn,PERSON,50,55
uc1.b4338173,21,3,1,Mozart,PERSON,60,66
uc1.b4338173,21,3,2,Wil liam Byrd,PERSON,71,84
uc1.b4338173,21,3,3,Couperin,PERSON,99,107
uc1.b4338173,21,4,0,Orient,LOC,93,99
uc1.b4338173,21,6,0,second,ORDINAL,57,63
uc1.b4338173,21,7,0,early 19th Century,DATE,116,134
uc1.b4338173,21,8,0,THADDEUS EATON,PERSON,41,55
uc1.b4338173,21,10,0,ABIGAIL,PERSON,10,17
uc1.b4338173,21,11,0,THADDEUS,PERSON,0,8
uc1.b4338173,21,15,0,Thaddeus,PERSON,12,20
uc1.b4338173,21,20,0,Eaton,PERSON,4,9
uc1.b4338173,21,21,0,ABIGAIL,PERSON,0,7
uc1.b4338173,21,26,0,THADDEUS,PERSON,0,8
uc1.b4338173,21,27,0,Abigail,PERSON,11,18
uc1.b4338173,21,28,0,this evening,TIME,35,47
uc1.b4338173,21,29,0,1,CARDINAL,10,11
uc1.b4338173,22,0,0,ABIGAIL,PERSON,0,7
uc1.b4338173,22,0,1,Louisa,PERSON,12,18
uc1.b4338173,22,0,2,Tabby TABITHA GUN,PERSON,90,107
uc1.b4338173,22,1,0,Louisa,PERSON,15,21
uc1.b4338173,22,2,0,THADDEUS LOU,PERSON,0,12
uc1.b4338173,22,3,0,TABBY,PERSON,0,5
uc1.b4338173,22,5,0,LOUISA,PERSON,1,7
uc1.b4338173,22,6,0,TABBY,PERSON,0,5
uc1.b4338173,22,7,0,NED WEBSTER,PERSON,4,15
uc1.b4338173,22,9,0,Louisa,PERSON,24,30
uc1.b4338173,22,12,0,Ned Webster,PERSON,1,12
uc1.b4338173,22,13,0,this moment,TIME,19,30
uc1.b4338173,22,13,1,the night,TIME,32,41
uc1.b4338173,22,13,2,Louisa,PERSON,72,78
uc1.b4338173,22,14,0,Ned,PERSON,0,3
uc1.b4338173,22,15,0,THADDEUS,PERSON,0,8
uc1.b4338173,22,18,0,THADDEUS,PERSON,0,8
uc1.b4338173,22,20,0,Eaton,PERSON,24,29
uc1.b4338173,22,21,0,Ned,PERSON,35,38
uc1.b4338173,22,24,0,Thaddeus,PERSON,10,18
uc1.b4338173,22,26,0,THADDEUS ABIGAIL,PERSON,0,16
uc1.b4338173,22,28,0,2,CARDINAL,0,1
uc1.b4338173,23,0,0,THADDEUS,PERSON,0,8
uc1.b4338173,23,1,0,Abigail,PERSON,8,15
uc1.b4338173,23,6,0,Abigail,PERSON,15,22
uc1.b4338173,23,7,0,Thaddeus,PERSON,21,29
uc1.b4338173,23,10,0,Thaddeus,PERSON,24,32
uc1.b4338173,23,11,0,THADDEUS,PERSON,0,8
uc1.b4338173,23,12,0,LOU,PERSON,6,9
uc1.b4338173,23,13,0,THADDEUS,PERSON,0,8
uc1.b4338173,23,13,1,Louisa,PERSON,38,44
uc1.b4338173,23,14,0,Louisa,PERSON,0,6
uc1.b4338173,23,16,0,THADDEUS,PERSON,0,8
uc1.b4338173,23,16,1,Abigail,PERSON,37,44
uc1.b4338173,23,19,0,New Haven,GPE,7,16
uc1.b4338173,23,19,1,Eatons,ORG,58,64
uc1.b4338173,23,19,2,"the tenth of June, 1825",DATE,73,96
uc1.b4338173,23,20,0,THADDEUS,PERSON,0,8
uc1.b4338173,23,22,0,Louisa,PERSON,67,73
uc1.b4338173,23,22,1,Ned Webster,PERSON,99,110
uc1.b4338173,23,26,0,Nat Webster's,PERSON,4,17
uc1.b4338173,23,27,0,Louisa,PERSON,26,32
uc1.b4338173,23,28,0,3,CARDINAL,0,1
uc1.b4338173,24,0,0,NED,PERSON,0,3
uc1.b4338173,24,0,1,Ned,PERSON,21,24
uc1.b4338173,24,2,0,Ned Webster,PERSON,1,12
uc1.b4338173,24,4,0,Eaton,PERSON,24,29
uc1.b4338173,24,5,0,Louisa,PERSON,11,17
uc1.b4338173,24,7,0,THADDEUS,PERSON,0,8
uc1.b4338173,24,13,0,EBEN PORTER,PERSON,13,24
uc1.b4338173,24,21,0,Eben,PERSON,6,10
uc1.b4338173,24,22,0,THADDEUS,PERSON,0,8
uc1.b4338173,24,22,1,Abigail,PERSON,32,39
uc1.b4338173,24,23,0,ABIGAIL,PERSON,0,7
uc1.b4338173,24,24,0,Eben,PERSON,17,21
uc1.b4338173,24,25,0,THADDEUS,PERSON,0,8
uc1.b4338173,24,27,0,ABIGAIL,PERSON,0,7
uc1.b4338173,24,27,1,Eben Porter,PERSON,8,19
uc1.b4338173,24,28,0,Martha,PERSON,12,18
uc1.b4338173,24,29,0,THADDEUS,PERSON,0,8
uc1.b4338173,24,32,0,ABIGAIL,PERSON,0,7
uc1.b4338173,24,34,0,Louisa,PERSON,9,15
uc1.b4338173,24,35,0,THADDEUS,PERSON,0,8
uc1.b4338173,24,38,0,4,CARDINAL,0,1
uc1.b4338173,25,0,0,ABIGAIL THADDEUS,PERSON,0,16
uc1.b4338173,25,4,0,ABIGAIL LOU THADDEUS LOU,PERSON,0,24
uc1.b4338173,25,7,0,Eben,PERSON,0,4
uc1.b4338173,25,8,0,THADDEUS LOU LOU,PERSON,0,16
uc1.b4338173,25,10,0,NED THADDEUS LOU,PERSON,0,16
uc1.b4338173,25,14,0,NED,PERSON,0,3
uc1.b4338173,25,14,1,Eben,PERSON,8,12
uc1.b4338173,25,18,0,ten,DATE,13,16
uc1.b4338173,25,27,0,EBEN,PERSON,0,4
uc1.b4338173,25,29,0,Ned Webster,PERSON,14,25
uc1.b4338173,25,32,0,5,CARDINAL,20,21
uc1.b4338173,26,0,0,THADDEUS ABIGAIL,PERSON,0,16
uc1.b4338173,26,0,1,LOU NED,PERSON,26,33
uc1.b4338173,26,0,2,LOU NED LOU,PERSON,42,53
uc1.b4338173,26,1,0,Eben,PERSON,14,18
uc1.b4338173,26,2,0,Martha,PERSON,16,22
uc1.b4338173,26,3,0,NED LOU,PERSON,0,7
uc1.b4338173,26,5,0,Martha,PERSON,12,18
uc1.b4338173,26,6,0,NED Martha,PERSON,0,10
uc1.b4338173,26,8,0,tonight,TIME,4,11
uc1.b4338173,26,9,0,Tonight,TIME,0,7
uc1.b4338173,26,25,0,Louisa,PERSON,19,25
uc1.b4338173,26,26,0,Paul Revere's,PERSON,3,16
uc1.b4338173,26,37,0,6,CARDINAL,0,1
uc1.b4338173,27,0,0,LOU NED LOU NED LOU NED LOU NED LOU NED LOU NED LOU NED LOU,PERSON,0,59
uc1.b4338173,27,3,0,Ned,PERSON,0,3
uc1.b4338173,27,8,0,Ned,PERSON,0,3
uc1.b4338173,27,20,0,half,CARDINAL,12,16
uc1.b4338173,27,20,1,New Haven,GPE,20,29
uc1.b4338173,28,0,0,NED LOU NED LOU NED LOU NED LOU NED,PERSON,0,35
uc1.b4338173,28,5,0,Lou,PERSON,1,4
uc1.b4338173,28,22,0,Ned,PERSON,12,15
uc1.b4338173,28,23,0,Lou,PERSON,14,17
uc1.b4338173,28,34,0,the night,TIME,3,12
uc1.b4338173,28,34,1,East,LOC,64,68
uc1.b4338173,28,34,2,Venus,LOC,83,88
uc1.b4338173,28,34,3,8,CARDINAL,92,93
uc1.b4338173,29,0,0,LOU NED LOU NED LOU NED LOU,PERSON,0,27
uc1.b4338173,29,0,1,Connecticut,GPE,51,62
uc1.b4338173,29,5,0,LOU,PERSON,0,3
uc1.b4338173,29,21,0,Orient,LOC,117,123
uc1.b4338173,29,27,0,Connecticut,GPE,0,11
uc1.b4338173,29,29,0,Connecticut,GPE,7,18
uc1.b4338173,30,0,0,NED LOU NED LOU NED LOU NED LOU NED LOU,PERSON,0,39
uc1.b4338173,30,7,0,Connecticut,GPE,19,30
uc1.b4338173,30,8,0,Connecticut,GPE,7,18
uc1.b4338173,30,12,0,New Haven,GPE,28,37
uc1.b4338173,30,14,0,West River,LOC,12,22
uc1.b4338173,30,14,1,Ft. Hale,FAC,32,40
uc1.b4338173,30,14,2,the Hopkins Grammar School,ORG,46,72
uc1.b4338173,30,14,3,Grove Street,FAC,104,116
uc1.b4338173,30,15,0,Yale College,ORG,93,105
uc1.b4338173,31,0,0,LOU NED LOU NED,PERSON,0,15
uc1.b4338173,31,0,1,LOU NED,PERSON,24,31
uc1.b4338173,31,0,2,Ned,PERSON,58,61
uc1.b4338173,31,3,0,Ned,PERSON,4,7
uc1.b4338173,31,3,1,Ned,PERSON,9,12
uc1.b4338173,31,9,0,first,ORDINAL,99,104
uc1.b4338173,31,10,0,Ned,PERSON,24,27
uc1.b4338173,32,0,0,LOU NED LOU NED LOU,PERSON,0,19
uc1.b4338173,32,2,0,two,CARDINAL,26,29
uc1.b4338173,32,11,0,about 50,DATE,6,14
uc1.b4338173,32,13,0,Amasa Tinker -Uncle Tink,PERSON,6,30
uc1.b4338173,32,14,0,Tink,PERSON,72,76
uc1.b4338173,33,0,0,Just a moment,TIME,22,35
uc1.b4338173,33,1,0,TINK NED,PERSON,0,8
uc1.b4338173,33,2,0,NED,PERSON,0,3
uc1.b4338173,33,2,1,two,CARDINAL,12,15
uc1.b4338173,33,7,0,Tink,PERSON,22,26
uc1.b4338173,33,7,1,one,CARDINAL,35,38
uc1.b4338173,33,8,0,TINK,PERSON,0,4
uc1.b4338173,33,12,0,Ned Webster,PERSON,8,19
uc1.b4338173,33,14,0,Eaton,PERSON,26,31
uc1.b4338173,33,16,0,Louisa Eaton,PERSON,18,30
uc1.b4338173,33,16,1,Ned Webster,PERSON,82,93
uc1.b4338173,33,17,0,TINK,PERSON,0,4
uc1.b4338173,33,19,0,Amasa Tinker,PERSON,0,12
uc1.b4338173,33,20,0,Tink,PERSON,6,10
uc1.b4338173,33,23,0,Ned,PERSON,7,10
uc1.b4338173,33,24,0,TINK 13,PERSON,0,7
uc1.b4338173,34,0,0,NED TINK NED LOU LOU,PERSON,0,20
uc1.b4338173,34,1,0,TINK LOU,PERSON,0,8
uc1.b4338173,34,4,0,NED Louisa,PERSON,0,10
uc1.b4338173,34,4,1,Tink,PERSON,35,39
uc1.b4338173,34,7,0,Ned,PERSON,0,3
uc1.b4338173,34,8,0,NED,PERSON,0,3
uc1.b4338173,34,8,1,Louisa,PERSON,15,21
uc1.b4338173,34,10,0,Ned,PERSON,6,9
uc1.b4338173,34,12,0,Louisa,PERSON,9,15
uc1.b4338173,34,14,0,the Boston Tea Party,EVENT,9,29
uc1.b4338173,34,17,0,1773,DATE,13,17
uc1.b4338173,34,18,0,Boston,GPE,75,81
uc1.b4338173,34,23,0,Tink,PERSON,33,37
uc1.b4338173,34,26,0,Louisa,GPE,0,6
uc1.b4338173,35,0,0,TINK,PERSON,0,4
uc1.b4338173,35,0,1,NED TINK,PERSON,9,17
uc1.b4338173,35,1,0,Next year,DATE,0,9
uc1.b4338173,35,1,1,two,CARDINAL,36,39
uc1.b4338173,35,2,0,NED,PERSON,0,3
uc1.b4338173,35,2,1,Tink,PERSON,33,37
uc1.b4338173,35,3,0,New Haven,GPE,32,41
uc1.b4338173,35,4,0,the Western Reserve,FAC,56,75
uc1.b4338173,35,9,0,Israel,GPE,10,16
uc1.b4338173,35,13,0,Berry,PERSON,46,51
uc1.b4338173,35,14,0,Berry,PERSON,1,6
uc1.b4338173,35,14,1,Ned,PERSON,30,33
uc1.b4338173,35,15,0,BERRY,PERSON,0,5
uc1.b4338173,35,16,0,Eaton,PERSON,59,64
uc1.b4338173,35,17,0,Berry,PERSON,16,21
uc1.b4338173,35,18,0,Tink,PERSON,12,16
uc1.b4338173,35,20,0,Eaton,PERSON,5,10
uc1.b4338173,35,20,1,Eaton,PERSON,16,21
uc1.b4338173,35,22,0,Amasa Tinker,PERSON,35,47
uc1.b4338173,35,23,0,Amasa,PERSON,23,28
uc1.b4338173,35,26,0,Amasa Tinker,PERSON,39,51
uc1.b4338173,35,28,0,Tink,PERSON,30,34
uc1.b4338173,36,4,0,Britishers,NORP,51,61
uc1.b4338173,36,4,1,British,NORP,73,80
uc1.b4338173,36,4,2,Loyalist Tories,NORP,81,96
uc1.b4338173,36,8,0,New England,LOC,0,11
uc1.b4338173,36,8,1,two,CARDINAL,56,59
uc1.b4338173,36,11,0,British,NORP,35,42
uc1.b4338173,36,12,0,British,NORP,17,24
uc1.b4338173,36,13,0,British,NORP,10,17
uc1.b4338173,36,14,0,Tink,PERSON,21,25
uc1.b4338173,36,15,0,the 'eighties,DATE,128,141
uc1.b4338173,36,16,0,Western Reserve,LOC,93,108
uc1.b4338173,36,17,0,Firelands,LOC,12,21
uc1.b4338173,36,18,0,the Connecticut Land Company,ORG,29,57
uc1.b4338173,36,22,0,the Western Reserve,LOC,35,54
uc1.b4338173,36,23,0,Western Reserve,LOC,21,36
uc1.b4338173,36,25,0,Lake Erie,LOC,7,16
uc1.b4338173,36,26,0,New York,GPE,5,13
uc1.b4338173,36,26,1,Lake Erie,LOC,21,30
uc1.b4338173,36,27,0,Pennsylvania,GPE,5,17
uc1.b4338173,37,2,0,MUSIC,ORG,1,6
uc1.b4338173,37,4,0,the Western Reserve,ORG,30,49
uc1.b4338173,37,5,0,Rufus Choate,PERSON,28,40
uc1.b4338173,37,5,1,North,LOC,78,83
uc1.b4338173,37,6,0,South,LOC,7,12
uc1.b4338173,37,7,0,West,LOC,20,24
uc1.b4338173,37,8,0,East,LOC,15,19
uc1.b4338173,37,8,1,500,CARDINAL,23,26
uc1.b4338173,37,9,0,Niagry,GPE,32,38
uc1.b4338173,37,9,1,Niagry Falls,GPE,41,53
uc1.b4338173,37,17,0,Tink,PERSON,58,62
uc1.b4338173,37,18,0,Moses Cleaveland,PERSON,6,22
uc1.b4338173,37,21,0,17,CARDINAL,0,2
uc1.b4338173,38,0,0,LOU NED NED TINK,PERSON,0,16
uc1.b4338173,38,2,0,next week,DATE,23,32
uc1.b4338173,38,3,0,this minute,TIME,6,17
uc1.b4338173,38,3,1,Louisa,PERSON,21,27
uc1.b4338173,38,5,0,Next week'll,DATE,0,12
uc1.b4338173,38,7,0,ABIGAIL,PERSON,0,7
uc1.b4338173,38,7,1,Louisa,PERSON,12,18
uc1.b4338173,38,10,0,two hundred,CARDINAL,41,52
uc1.b4338173,38,10,1,tonight,TIME,150,157
uc1.b4338173,38,11,0,LOU,PERSON,0,3
uc1.b4338173,38,12,0,Ned,PERSON,27,30
uc1.b4338173,38,15,0,Tink,PERSON,10,14
uc1.b4338173,38,16,0,Tink,PERSON,6,10
uc1.b4338173,38,18,0,LOU,PERSON,14,17
uc1.b4338173,38,18,1,Abigail,PERSON,45,52
uc1.b4338173,38,19,0,Louisa,PERSON,10,16
uc1.b4338173,38,20,0,Lou,PERSON,4,7
uc1.b4338173,38,24,0,a minute,TIME,9,17
uc1.b4338173,38,24,1,Tink,PERSON,25,29
uc1.b4338173,38,27,0,two,CARDINAL,9,12
uc1.b4338173,38,27,1,next Wednesday,DATE,33,47
uc1.b4338173,38,27,2,John Moses Spafford,PERSON,61,80
uc1.b4338173,38,28,0,18,DATE,44,46
uc1.b4338173,39,0,0,LOU Hudson,PERSON,0,10
uc1.b4338173,39,1,0,Next week,DATE,0,9
uc1.b4338173,39,2,0,a month,DATE,3,10
uc1.b4338173,39,3,0,A month,DATE,0,7
uc1.b4338173,39,5,0,one,CARDINAL,59,62
uc1.b4338173,39,18,0,Goshen,GPE,18,24
uc1.b4338173,40,11,0,all day,DATE,52,59
uc1.b4338173,40,14,0,a month,DATE,25,32
uc1.b4338173,40,14,1,the Western Reserve,LOC,51,70
uc1.b4338173,40,16,0,TINK,PERSON,0,4
uc1.b4338173,40,19,0,Tink,PERSON,10,14
uc1.b4338173,40,22,0,Hudson,LOC,21,27
uc1.b4338173,40,27,0,20,CARDINAL,0,2
uc1.b4338173,41,0,0,LOU TINK LOU LOU,PERSON,0,16
uc1.b4338173,41,1,0,LOU TINK LOU,PERSON,0,12
uc1.b4338173,41,9,0,NED,PERSON,0,3
uc1.b4338173,41,16,0,TINK TINK,PERSON,0,9
uc1.b4338173,41,17,0,Tink,PERSON,75,79
uc1.b4338173,41,21,0,Ned,PERSON,26,29
uc1.b4338173,41,26,0,Tink,PERSON,15,19
uc1.b4338173,41,29,0,Lou,PERSON,0,3
uc1.b4338173,41,30,0,21,CARDINAL,0,2
uc1.b4338173,42,0,0,LOU ABIGAIL,PERSON,0,11
uc1.b4338173,42,1,0,NED,PERSON,0,3
uc1.b4338173,42,4,0,Webster,PERSON,17,24
uc1.b4338173,42,6,0,Lou,PERSON,58,61
uc1.b4338173,42,12,0,NED,PERSON,0,3
uc1.b4338173,42,15,0,Webster,PERSON,24,31
uc1.b4338173,42,16,0,Eben,PERSON,8,12
uc1.b4338173,42,19,0,Ned,PERSON,32,35
uc1.b4338173,42,22,0,EBEN,PERSON,0,4
uc1.b4338173,42,26,0,ABIGAIL,PERSON,0,7
uc1.b4338173,42,26,1,Eben,PERSON,35,39
uc1.b4338173,42,31,0,Tabby,PERSON,21,26
uc1.b4338173,42,31,1,22,CARDINAL,39,41
uc1.b4338173,43,1,0,Abby,PERSON,15,19
uc1.b4338173,43,3,0,Margaret Tabitha,PERSON,12,28
uc1.b4338173,43,4,0,TABBY NED LOU,PERSON,0,13
uc1.b4338173,43,7,0,THADDEUS NED EBEN NED,PERSON,0,21
uc1.b4338173,43,7,1,Louisa,PERSON,34,40
uc1.b4338173,43,8,0,Louisa,PERSON,32,38
uc1.b4338173,43,10,0,Lou,PERSON,11,14
uc1.b4338173,43,12,0,NED,PERSON,0,3
uc1.b4338173,43,16,0,Tabby,PERSON,6,11
uc1.b4338173,43,16,1,Lou,PERSON,13,16
uc1.b4338173,43,17,0,EBEN,PERSON,0,4
uc1.b4338173,43,18,0,Jack,PERSON,36,40
uc1.b4338173,43,21,0,EBEN,PERSON,0,4
uc1.b4338173,43,22,0,two,CARDINAL,8,11
uc1.b4338173,43,24,0,one,CARDINAL,6,9
uc1.b4338173,43,33,0,Eben,PERSON,26,30
uc1.b4338173,44,0,0,Sound,LOC,25,30
uc1.b4338173,44,2,0,Eben,PERSON,1,5
uc1.b4338173,44,2,1,Ned,PERSON,57,60
uc1.b4338173,44,3,0,Ned,PERSON,0,3
uc1.b4338173,44,5,0,Eben,PERSON,0,4
uc1.b4338173,44,6,0,Eben,PERSON,69,73
uc1.b4338173,44,9,0,BERRY NED,PERSON,0,9
uc1.b4338173,44,10,0,One,CARDINAL,0,3
uc1.b4338173,44,11,0,Matilda,PERSON,39,46
uc1.b4338173,44,15,0,TABBY,PERSON,0,5
uc1.b4338173,44,15,1,Tabby,PERSON,21,26
uc1.b4338173,44,16,0,Tabby Gun,PERSON,5,14
uc1.b4338173,44,17,0,BERRY,PERSON,37,42
uc1.b4338173,44,18,0,Berry Stow,PERSON,20,30
uc1.b4338173,44,20,0,TABBY,PERSON,0,5
uc1.b4338173,44,23,0,Berry,PERSON,19,24
uc1.b4338173,44,25,0,Ned,PERSON,1,4
uc1.b4338173,44,25,1,Lou,PERSON,9,12
uc1.b4338173,44,27,0,Lou,PERSON,3,6
uc1.b4338173,44,27,1,Lou,PERSON,8,11
uc1.b4338173,44,30,0,tomorrow,DATE,17,25
uc1.b4338173,44,30,1,next week,DATE,30,39
uc1.b4338173,45,0,0,LOU NED LOU NED,PERSON,0,15
uc1.b4338173,45,0,1,LOU NED,PERSON,16,23
uc1.b4338173,45,0,2,LOU NED,PERSON,24,31
uc1.b4338173,45,3,0,Tink,PERSON,55,59
uc1.b4338173,45,17,0,Connecticut,GPE,28,39
uc1.b4338173,45,20,0,Indians,NORP,45,52
uc1.b4338173,45,26,0,MUSIC,ORG,1,6
uc1.b4338173,45,27,0,Ned,PERSON,1,4
uc1.b4338173,45,27,1,second,ORDINAL,37,43
uc1.b4338173,45,27,2,25,CARDINAL,106,108
uc1.b4338173,46,0,0,LOU NED LOU LOU,PERSON,0,15
uc1.b4338173,46,3,0,the Western Reserve,LOC,3,22
uc1.b4338173,46,16,0,the Western Reserve,LOC,3,22
uc1.b4338173,46,19,0,Ned,PERSON,8,11
uc1.b4338173,46,19,1,Orchestra,ORG,89,98
uc1.b4338173,46,20,0,Lou,PERSON,16,19
uc1.b4338173,47,0,0,NED LOU,PERSON,0,7
uc1.b4338173,47,1,0,West,LOC,13,17
uc1.b4338173,47,2,0,CHORUS LOU,PERSON,0,10
uc1.b4338173,47,7,0,Ned,PERSON,1,4
uc1.b4338173,47,9,0,Ned,PERSON,15,18
uc1.b4338173,47,9,1,Lou,PERSON,23,26
uc1.b4338173,47,10,0,one,CARDINAL,6,9
uc1.b4338173,47,14,0,Lou,PERSON,28,31
uc1.b4338173,47,16,0,the West Reserve,LOC,20,36
uc1.b4338173,47,19,0,NED,PERSON,0,3
uc1.b4338173,47,19,1,LOU,PERSON,8,11
uc1.b4338173,48,1,0,Conneaut,GPE,19,27
uc1.b4338173,48,1,1,the Western Reserve,LOC,32,51
uc1.b4338173,48,2,0,A July,TIME,0,6
uc1.b4338173,48,2,1,evening,TIME,7,14
uc1.b4338173,48,2,2,the same year,DATE,16,29
uc1.b4338173,48,3,0,Lake,LOC,30,34
uc1.b4338173,48,4,0,one,CARDINAL,45,48
uc1.b4338173,48,5,0,two,CARDINAL,10,13
uc1.b4338173,48,5,1,one,CARDINAL,25,28
uc1.b4338173,48,9,0,the night,TIME,54,63
uc1.b4338173,48,10,0,Lou,PERSON,56,59
uc1.b4338173,48,10,1,Tabby,PERSON,64,69
uc1.b4338173,48,11,0,Birdsey,PERSON,7,14
uc1.b4338173,48,12,0,BIRDSEY,PERSON,0,7
uc1.b4338173,48,16,0,BISHOP,PERSON,0,6
uc1.b4338173,48,17,0,Birdsey,PERSON,11,18
uc1.b4338173,48,21,0,BIRDSEY LOU,PERSON,0,11
uc1.b4338173,48,24,0,BISHOP,PERSON,0,6
uc1.b4338173,48,25,0,three days,DATE,26,36
uc1.b4338173,48,26,0,BIRDSEY,PERSON,0,7
uc1.b4338173,48,28,0,BISHOP,PERSON,5,11
uc1.b4338173,48,29,0,Webster,PERSON,10,17
uc1.b4338173,48,32,0,BIRDSEY,PERSON,0,7
uc1.b4338173,48,35,0,Birdsey,PERSON,6,13
uc1.b4338173,48,36,0,BISHOP,PERSON,5,11
uc1.b4338173,48,36,1,Webster,PERSON,23,30
uc1.b4338173,48,36,2,Birdsey,PERSON,32,39
uc1.b4338173,48,38,0,28,CARDINAL,0,2
uc1.b4338173,49,0,0,BIRDSEY LOU BIRDSEY,PERSON,0,19
uc1.b4338173,49,2,0,BISHOP,PERSON,5,11
uc1.b4338173,49,4,0,BIRDSEY LOU,PERSON,0,11
uc1.b4338173,49,6,0,three days,DATE,24,34
uc1.b4338173,49,15,0,Tabby,PERSON,0,5
uc1.b4338173,49,16,0,GOLDA PARMELEE TABBY,PERSON,0,20
uc1.b4338173,49,16,1,GOLDA LOU Lou,PERSON,25,38
uc1.b4338173,49,17,0,Tabby,PERSON,13,18
uc1.b4338173,49,18,0,GOLDA,PERSON,0,5
uc1.b4338173,49,19,0,GOLDA,PERSON,14,19
uc1.b4338173,49,20,0,Golda,PERSON,16,21
uc1.b4338173,49,23,0,a minute,TIME,14,22
uc1.b4338173,49,26,0,Lou,PERSON,5,8
uc1.b4338173,49,27,0,Conneaut,LOC,15,23
uc1.b4338173,49,28,0,the Western Reserve,FAC,12,31
uc1.b4338173,49,30,0,GOLDA,PERSON,0,5
uc1.b4338173,49,33,0,the Lake,LOC,3,11
uc1.b4338173,49,35,0,GOLDA,PERSON,0,5
uc1.b4338173,49,35,1,Hudson,LOC,27,33
uc1.b4338173,49,36,0,the 29,DATE,8,14
uc1.b4338173,50,0,0,LOU,PERSON,0,3
uc1.b4338173,50,5,0,York State,GPE,97,107
uc1.b4338173,50,7,0,Golda,PERSON,14,19
uc1.b4338173,50,8,0,GOLDA,PERSON,0,5
uc1.b4338173,50,11,0,LOU LOU,PERSON,0,7
uc1.b4338173,50,12,0,Hudson,LOC,29,35
uc1.b4338173,50,13,0,GOLDA LOU,PERSON,0,9
uc1.b4338173,50,18,0,GOLDA LOU,PERSON,9,18
uc1.b4338173,50,19,0,Lou,PERSON,24,27
uc1.b4338173,50,30,0,TABBY,PERSON,0,5
uc1.b4338173,50,32,0,Lou,PERSON,0,3
uc1.b4338173,50,34,0,Golda,PERSON,4,9
uc1.b4338173,51,4,0,Sarah,PERSON,17,22
uc1.b4338173,51,6,0,BIRDSEY,PERSON,0,7
uc1.b4338173,51,9,0,Tink,PERSON,10,14
uc1.b4338173,51,12,0,Jothan Parmelee,PERSON,5,20
uc1.b4338173,51,13,0,tomorrow,DATE,17,25
uc1.b4338173,51,16,0,Birdsey,PERSON,14,21
uc1.b4338173,51,17,0,BIRDSEY,PERSON,0,7
uc1.b4338173,51,18,0,BISHOP,PERSON,0,6
uc1.b4338173,51,24,0,days,DATE,20,24
uc1.b4338173,51,24,1,Tomorrow,DATE,33,41
uc1.b4338173,51,30,0,the night,TIME,48,57
uc1.b4338173,52,0,0,BIRDSEY,PERSON,0,7
uc1.b4338173,52,14,0,BISHOP,PERSON,0,6
uc1.b4338173,52,18,0,Birdsey,PERSON,1,8
uc1.b4338173,52,21,0,BISHOP,PERSON,5,11
uc1.b4338173,52,21,1,LOU Birdsey,PERSON,12,23
uc1.b4338173,52,22,0,BIRDSEY,PERSON,0,7
uc1.b4338173,52,26,0,Tink,PERSON,6,10
uc1.b4338173,52,27,0,Ned,PERSON,11,14
uc1.b4338173,52,28,0,Lou,PERSON,9,12
uc1.b4338173,52,29,0,Spafford,PERSON,13,21
uc1.b4338173,52,29,1,Berry,PERSON,35,40
uc1.b4338173,52,31,0,all day,DATE,22,29
uc1.b4338173,52,33,0,three days,DATE,36,46
uc1.b4338173,52,37,0,32,CARDINAL,39,41
uc1.b4338173,53,0,0,LOU LOU TINK,PERSON,0,12
uc1.b4338173,53,3,0,LOU,PERSON,0,3
uc1.b4338173,53,3,1,Ned,PERSON,26,29
uc1.b4338173,53,5,0,two,CARDINAL,4,7
uc1.b4338173,53,15,0,LOU,PERSON,5,8
uc1.b4338173,53,16,0,Ned,PERSON,32,35
uc1.b4338173,53,17,0,MARY,PERSON,0,4
uc1.b4338173,53,17,1,Ned,PERSON,13,16
uc1.b4338173,53,21,0,Bill Tallman,PERSON,16,28
uc1.b4338173,53,25,0,Mary,PERSON,18,22
uc1.b4338173,53,27,0,Lou,PERSON,4,7
uc1.b4338173,53,30,0,TINK,PERSON,0,4
uc1.b4338173,53,30,1,Tink,PERSON,73,77
uc1.b4338173,53,35,0,33,CARDINAL,23,25
uc1.b4338173,54,0,0,LOU NED,PERSON,10,17
uc1.b4338173,54,0,1,LOU NED,PERSON,18,25
uc1.b4338173,54,6,0,BERRY LOU,PERSON,0,9
uc1.b4338173,54,7,0,Ned,PERSON,5,8
uc1.b4338173,54,7,1,Ned,PERSON,15,18
uc1.b4338173,54,7,2,Ned,PERSON,32,35
uc1.b4338173,54,8,0,Ned,PERSON,49,52
uc1.b4338173,54,8,1,Berry,PERSON,57,62
uc1.b4338173,54,10,0,John Moses Spafford,PERSON,57,76
uc1.b4338173,54,11,0,John Moses Spafford,PERSON,0,19
uc1.b4338173,54,13,0,Ned,PERSON,0,3
uc1.b4338173,54,17,0,Tabby,PERSON,4,9
uc1.b4338173,54,18,0,Tabby,PERSON,17,22
uc1.b4338173,54,20,0,TABBY BERRY NED,PERSON,0,15
uc1.b4338173,54,24,0,SPAFFORD,PERSON,0,8
uc1.b4338173,54,24,1,Ned,PERSON,22,25
uc1.b4338173,54,26,0,Spafford,PERSON,8,16
uc1.b4338173,54,27,0,SPAFFORD,PERSON,0,8
uc1.b4338173,54,30,0,34,CARDINAL,0,2
uc1.b4338173,55,0,0,NED SPAFFORD,PERSON,0,12
uc1.b4338173,55,0,1,NED,PERSON,13,16
uc1.b4338173,55,1,0,Spafford,PERSON,29,37
uc1.b4338173,55,3,0,three miles,QUANTITY,35,46
uc1.b4338173,55,5,0,NED,PERSON,0,3
uc1.b4338173,55,6,0,SPAFFORD,PERSON,0,8
uc1.b4338173,55,10,0,BERRY NED,PERSON,0,9
uc1.b4338173,55,11,0,Ned,PERSON,21,24
uc1.b4338173,55,12,0,Spafford,PERSON,47,55
uc1.b4338173,55,13,0,SPAFFORD,PERSON,0,8
uc1.b4338173,55,14,0,Spafford,PERSON,18,26
uc1.b4338173,55,15,0,MARY,PERSON,0,4
uc1.b4338173,55,19,0,Mary,PERSON,16,20
uc1.b4338173,55,22,0,Lou,PERSON,6,9
uc1.b4338173,55,24,0,Lou,PERSON,1,4
uc1.b4338173,55,26,0,SPAFFORD,PERSON,0,8
uc1.b4338173,55,28,0,Tomorrow,DATE,0,8
uc1.b4338173,55,29,0,Spafford,PERSON,41,49
uc1.b4338173,55,30,0,SPAFFORD,PERSON,0,8
uc1.b4338173,55,40,0,35,CARDINAL,2,4
uc1.b4338173,56,0,0,LIJE,PERSON,8,12
uc1.b4338173,56,0,1,Spafford,PERSON,33,41
uc1.b4338173,56,9,0,LIJE,PERSON,0,4
uc1.b4338173,56,9,1,France,GPE,69,75
uc1.b4338173,56,10,0,Abe,PERSON,38,41
uc1.b4338173,56,12,0,two,CARDINAL,21,24
uc1.b4338173,56,18,0,Lake,LOC,25,29
uc1.b4338173,56,24,0,'Lije Clay,PERSON,5,15
uc1.b4338173,56,25,0,Lije,PERSON,1,5
uc1.b4338173,56,29,0,MARY Lije,PERSON,0,9
uc1.b4338173,56,33,0,Lake,LOC,22,26
uc1.b4338173,56,33,1,a mile,QUANTITY,27,33
uc1.b4338173,56,36,0,36,CARDINAL,25,27
uc1.b4338173,57,0,0,LIJE,PERSON,4,8
uc1.b4338173,57,12,0,LIJE,PERSON,0,4
uc1.b4338173,57,14,0,SPAFFORD,PERSON,0,8
uc1.b4338173,57,21,0,SPAFFORD,PERSON,0,8
uc1.b4338173,57,23,0,Lije,PERSON,0,4
uc1.b4338173,57,23,1,Jothan,PERSON,34,40
uc1.b4338173,57,24,0,Lije,PERSON,47,51
uc1.b4338173,57,25,0,Nate,PERSON,0,4
uc1.b4338173,57,29,0,SPAFFORD,PERSON,0,8
uc1.b4338173,57,29,1,tomorrow,DATE,24,32
uc1.b4338173,57,31,0,37,DATE,27,29
uc1.b4338173,58,0,0,NED LOU NED,PERSON,0,11
uc1.b4338173,58,3,0,A mile,QUANTITY,0,6
uc1.b4338173,58,3,1,a mile,QUANTITY,19,25
uc1.b4338173,58,7,0,The Western Reserve,ORG,0,19
uc1.b4338173,58,8,0,BERRY,PERSON,4,9
uc1.b4338173,58,13,0,a minute,TIME,5,13
uc1.b4338173,58,14,0,The Western Reserve,ORG,0,19
uc1.b4338173,58,15,0,Connecticut,GPE,88,99
uc1.b4338173,58,16,0,BERRY,PERSON,0,5
uc1.b4338173,58,20,0,BERRY,PERSON,0,5
uc1.b4338173,58,20,1,Connecticut,GPE,39,50
uc1.b4338173,58,21,0,Berry,PERSON,18,23
uc1.b4338173,58,23,0,CHORUS,PERSON,0,6
uc1.b4338173,58,25,0,Connecticut,GPE,16,27
uc1.b4338173,58,26,0,BERRY,PERSON,0,5
uc1.b4338173,58,26,1,Connecticut,GPE,35,46
uc1.b4338173,58,27,0,CHORUS,PERSON,0,6
uc1.b4338173,58,27,1,Connecticut,GPE,23,34
uc1.b4338173,58,29,0,BERRY,PERSON,0,5
uc1.b4338173,59,0,0,CHORUS,PERSON,0,6
uc1.b4338173,59,1,0,BERRY,PERSON,0,5
uc1.b4338173,59,4,0,CHORUS BERRY,PERSON,0,12
uc1.b4338173,59,8,0,CHORUS BERRY,PERSON,0,12
uc1.b4338173,59,10,0,CHORUS,PERSON,0,6
uc1.b4338173,59,11,0,BERRY,PERSON,0,5
uc1.b4338173,59,15,0,CHORUS,PERSON,0,6
uc1.b4338173,59,19,0,Salem,GPE,37,42
uc1.b4338173,59,19,1,Mass.,GPE,44,49
uc1.b4338173,59,21,0,New York State,GPE,17,31
uc1.b4338173,60,0,0,BERRY,PERSON,0,5
uc1.b4338173,60,2,0,New York State,GPE,22,36
uc1.b4338173,60,3,0,Connecticate,GPE,20,32
uc1.b4338173,60,6,0,Birdsey,PERSON,1,8
uc1.b4338173,60,6,1,one,CARDINAL,38,41
uc1.b4338173,60,7,0,BIRDSEY TINK,PERSON,0,12
uc1.b4338173,60,8,0,Tink,PERSON,6,10
uc1.b4338173,60,13,0,Birdsey,PERSON,24,31
uc1.b4338173,60,14,0,Berry,PERSON,106,111
uc1.b4338173,60,15,0,BERRY,PERSON,0,5
uc1.b4338173,61,1,0,MUSIC,ORG,17,22
uc1.b4338173,61,2,0,Hudson,LOC,37,43
uc1.b4338173,61,3,0,Afternoon,TIME,0,9
uc1.b4338173,61,3,1,"April 26, 1826",DATE,11,25
uc1.b4338173,61,4,0,one,CARDINAL,6,9
uc1.b4338173,61,5,0,one,CARDINAL,53,56
uc1.b4338173,61,7,0,One,CARDINAL,0,3
uc1.b4338173,61,8,0,one,CARDINAL,19,22
uc1.b4338173,61,8,1,Tink,PERSON,59,63
uc1.b4338173,61,10,0,Tabby Gun,PERSON,5,14
uc1.b4338173,61,14,0,Tabby,PERSON,31,36
uc1.b4338173,61,16,0,Berry Stow,PERSON,0,10
uc1.b4338173,61,17,0,Tink,PERSON,6,10
uc1.b4338173,61,17,1,Tabby,PERSON,24,29
uc1.b4338173,61,19,0,TINK,PERSON,0,4
uc1.b4338173,61,20,0,BERRY BERRY TINK,PERSON,0,16
uc1.b4338173,61,23,0,41,CARDINAL,0,2
uc1.b4338173,62,0,0,BERRY,PERSON,0,5
uc1.b4338173,62,0,1,TINK,PERSON,6,10
uc1.b4338173,62,1,0,BERRY,PERSON,0,5
uc1.b4338173,62,1,1,TINK,PERSON,6,10
uc1.b4338173,62,2,0,Tabby,PERSON,0,5
uc1.b4338173,62,7,0,TINK BERRY If,PERSON,0,13
uc1.b4338173,62,9,0,TINK BERRY,PERSON,0,10
uc1.b4338173,62,14,0,TABBY,PERSON,0,5
uc1.b4338173,62,16,0,Tabby,PERSON,0,5
uc1.b4338173,62,17,0,Tink,PERSON,6,10
uc1.b4338173,62,20,0,TABBY,PERSON,0,5
uc1.b4338173,62,20,1,TINK,PERSON,6,10
uc1.b4338173,62,23,0,Berry,PERSON,35,40
uc1.b4338173,62,24,0,Berry,PERSON,0,5
uc1.b4338173,62,26,0,TABBY,PERSON,0,5
uc1.b4338173,62,28,0,Tink,PERSON,6,10
uc1.b4338173,62,30,0,Anderson Stripwine,PERSON,6,24
uc1.b4338173,62,31,0,Tink,PERSON,27,31
uc1.b4338173,63,0,0,STRIPWINE,PERSON,0,9
uc1.b4338173,63,4,0,STRIPWINE,PERSON,0,9
uc1.b4338173,63,15,0,TINK STRIPWINE,PERSON,0,14
uc1.b4338173,63,23,0,Tink,PERSON,18,22
uc1.b4338173,63,27,0,STRIPWINE,PERSON,0,9
uc1.b4338173,63,27,1,Ned,PERSON,16,19
uc1.b4338173,63,28,0,Ned,PERSON,5,8
uc1.b4338173,63,29,0,Ned,PERSON,31,34
uc1.b4338173,63,29,1,a month ago to the day,DATE,58,80
uc1.b4338173,63,30,0,STRIPWINE,PERSON,0,9
uc1.b4338173,63,32,0,43,CARDINAL,0,2
uc1.b4338173,64,0,0,TINK STRIPWINE,PERSON,0,14
uc1.b4338173,64,0,1,TINK LOU,PERSON,15,23
uc1.b4338173,64,1,0,STRIPWINE LOU,PERSON,0,13
uc1.b4338173,64,1,1,today,DATE,28,33
uc1.b4338173,64,2,0,LOU,PERSON,5,8
uc1.b4338173,64,3,0,Ned,PERSON,0,3
uc1.b4338173,64,4,0,LOU,PERSON,5,8
uc1.b4338173,64,4,1,April 26,DATE,9,17
uc1.b4338173,64,5,0,today,DATE,7,12
uc1.b4338173,64,8,0,Lou,PERSON,0,3
uc1.b4338173,64,9,0,Lou,PERSON,0,3
uc1.b4338173,64,10,0,LOU,PERSON,0,3
uc1.b4338173,64,11,0,Tink,PERSON,11,15
uc1.b4338173,64,12,0,STRIPWINE,PERSON,0,9
uc1.b4338173,64,13,0,a minute,TIME,14,22
uc1.b4338173,64,14,0,Lou,PERSON,1,4
uc1.b4338173,64,15,0,today,DATE,29,34
uc1.b4338173,64,18,0,Anderson Stripwine,PERSON,18,36
uc1.b4338173,64,19,0,STRIPWINE,PERSON,0,9
uc1.b4338173,64,19,1,Akron,GPE,18,23
uc1.b4338173,64,19,2,a week ago,DATE,25,35
uc1.b4338173,64,20,0,today,DATE,19,24
uc1.b4338173,64,21,0,Stripwine,PERSON,19,28
uc1.b4338173,64,22,0,Webster,PERSON,9,16
uc1.b4338173,64,23,0,Ned,PERSON,8,11
uc1.b4338173,64,25,0,STRIPWINE,PERSON,0,9
uc1.b4338173,64,30,0,STRIPWINE,PERSON,0,9
uc1.b4338173,64,31,0,April 26,DATE,29,37
uc1.b4338173,64,32,0,month-old,DATE,16,25
uc1.b4338173,64,33,0,Andy,PERSON,14,18
uc1.b4338173,65,0,0,LOU,PERSON,0,3
uc1.b4338173,65,1,0,STRIPWINE,PERSON,0,9
uc1.b4338173,65,2,0,LOU,PERSON,0,3
uc1.b4338173,65,3,0,LOU,PERSON,0,3
uc1.b4338173,65,4,0,STRIPWINE LOU,PERSON,0,13
uc1.b4338173,65,6,0,LOU,PERSON,0,3
uc1.b4338173,65,8,0,STRIPWINE LOU,PERSON,0,13
uc1.b4338173,65,10,0,LOU,PERSON,0,3
uc1.b4338173,65,14,0,STRIPWINE,PERSON,0,9
uc1.b4338173,65,17,0,LOU,PERSON,0,3
uc1.b4338173,65,19,0,Ned,PERSON,29,32
uc1.b4338173,65,19,1,Webster,PERSON,39,46
uc1.b4338173,65,21,0,STRIPWINE,PERSON,0,9
uc1.b4338173,65,24,0,Webster,PERSON,20,27
uc1.b4338173,65,25,0,Ned,PERSON,11,14
uc1.b4338173,65,26,0,STRIPWINE,PERSON,0,9
uc1.b4338173,65,27,0,Aaron,PERSON,8,13
uc1.b4338173,65,29,0,only a month old,DATE,5,21
uc1.b4338173,65,30,0,STRIPWINE,PERSON,0,9
uc1.b4338173,65,30,1,Ned,PERSON,29,32
uc1.b4338173,65,36,0,45,CARDINAL,0,2
uc1.b4338173,66,0,0,STRIPWINE,PERSON,0,9
uc1.b4338173,66,0,1,LOU,PERSON,15,18
uc1.b4338173,66,2,0,STRIPWINE,PERSON,0,9
uc1.b4338173,66,3,0,Lou,PERSON,1,4
uc1.b4338173,66,4,0,Ned,PERSON,15,18
uc1.b4338173,66,6,0,LOU Yeow,PERSON,0,8
uc1.b4338173,66,6,1,Brandywine,PERSON,27,37
uc1.b4338173,66,11,0,Brandywine,PERSON,30,40
uc1.b4338173,66,12,0,Stripwine,PERSON,0,9
uc1.b4338173,66,13,0,Brandy,PERSON,0,6
uc1.b4338173,66,14,0,LOU,PERSON,0,3
uc1.b4338173,66,16,0,TINK LOU Stripwine,PERSON,0,18
uc1.b4338173,66,17,0,Brandy,PERSON,0,6
uc1.b4338173,66,19,0,TINK LOU,PERSON,0,8
uc1.b4338173,66,21,0,Ned,PERSON,13,16
uc1.b4338173,66,26,0,Aaron,PERSON,12,17
uc1.b4338173,66,26,1,Ned,PERSON,38,41
uc1.b4338173,66,30,0,46,CARDINAL,5,7
uc1.b4338173,67,0,0,TINK LOU,PERSON,18,26
uc1.b4338173,67,3,0,Aaron,PERSON,21,26
uc1.b4338173,67,6,0,every day,DATE,8,17
uc1.b4338173,67,7,0,every day,DATE,7,16
uc1.b4338173,67,9,0,Aaron,PERSON,15,20
uc1.b4338173,67,10,0,Tink,PERSON,10,14
uc1.b4338173,67,14,0,Ned,PERSON,26,29
uc1.b4338173,67,15,0,Aaron,PERSON,47,52
uc1.b4338173,67,16,0,any day of the week,DATE,42,61
uc1.b4338173,67,17,0,Ned,PERSON,1,4
uc1.b4338173,67,19,0,LOU TINK Lou,PERSON,0,12
uc1.b4338173,67,25,0,NED LOU,PERSON,0,7
uc1.b4338173,67,27,0,Brandywine,PERSON,29,39
uc1.b4338173,67,28,0,NED,PERSON,0,3
uc1.b4338173,67,29,0,Ned,PERSON,17,20
uc1.b4338173,67,31,0,47,DATE,2,4
uc1.b4338173,68,0,0,LOU NED LOU NED NED LOU TINK NED,PERSON,0,32
uc1.b4338173,68,0,1,Ned,PERSON,68,71
uc1.b4338173,68,3,0,LOU,PERSON,0,3
uc1.b4338173,68,5,0,Tink,PERSON,13,17
uc1.b4338173,68,7,0,Lou,PERSON,9,12
uc1.b4338173,68,9,0,Ned,PERSON,4,7
uc1.b4338173,68,13,0,Portage,ORG,18,25
uc1.b4338173,68,21,0,one,CARDINAL,25,28
uc1.b4338173,68,24,0,48,CARDINAL,0,2
uc1.b4338173,69,0,0,NED LOU NED LOU NED LOU NED LOU NED LOU,PERSON,0,39
uc1.b4338173,69,2,0,MUSIC,ORG,1,6
uc1.b4338173,69,6,0,Ned,PERSON,33,36
uc1.b4338173,69,23,0,49,CARDINAL,0,2
uc1.b4338173,70,0,0,NED NED LOU,PERSON,0,11
uc1.b4338173,70,4,0,LOU,PERSON,0,3
uc1.b4338173,70,14,0,Ned,PERSON,24,27
uc1.b4338173,70,21,0,Reserve,ORG,10,17
uc1.b4338173,70,22,0,Tink,PERSON,47,51
uc1.b4338173,70,23,0,Tink,PERSON,6,10
uc1.b4338173,71,0,0,NED LOU NED LOU NED LOU NED LOU NED,PERSON,0,35
uc1.b4338173,71,3,0,Hudson,PERSON,4,10
uc1.b4338173,71,3,1,Oviatt,PERSON,19,25
uc1.b4338173,71,12,0,Pitkin,PERSON,4,10
uc1.b4338173,71,12,1,Latin,LANGUAGE,20,25
uc1.b4338173,71,14,0,Greek,NORP,7,12
uc1.b4338173,71,14,1,Latin,NORP,40,45
uc1.b4338173,71,19,0,Ned,PERSON,4,7
uc1.b4338173,71,24,0,Hoskins,PERSON,5,12
uc1.b4338173,71,24,1,Audeal Comer,PERSON,17,29
uc1.b4338173,71,24,2,Hooper,PERSON,38,44
uc1.b4338173,71,27,0,Tink,PERSON,10,14
uc1.b4338173,71,27,1,Aaron,PERSON,38,43
uc1.b4338173,71,29,0,TINK,PERSON,0,4
uc1.b4338173,71,34,0,Aaron,PERSON,0,5
uc1.b4338173,71,35,0,51,CARDINAL,0,2
uc1.b4338173,72,0,0,LOU NED,PERSON,0,7
uc1.b4338173,72,0,1,LOU NED,PERSON,21,28
uc1.b4338173,72,0,2,LOU NED,PERSON,29,36
uc1.b4338173,72,0,3,LOU NED,PERSON,37,44
uc1.b4338173,72,6,0,Ned,PERSON,0,3
uc1.b4338173,72,12,0,NED Oh,PERSON,0,6
uc1.b4338173,72,13,0,Ned,PERSON,4,7
uc1.b4338173,72,17,0,Brandywine,PERSON,16,26
uc1.b4338173,72,18,0,Stip,PERSON,7,11
uc1.b4338173,72,19,0,Stip,PERSON,0,4
uc1.b4338173,72,20,0,Stripwine,PERSON,0,9
uc1.b4338173,72,21,0,Andy Stripwine,PERSON,0,14
uc1.b4338173,72,23,0,Ned,PERSON,19,22
uc1.b4338173,72,34,0,Tink,PERSON,25,29
uc1.b4338173,72,35,0,52,CARDINAL,0,2
uc1.b4338173,73,0,0,LOU NED LOU,PERSON,21,32
uc1.b4338173,73,2,0,Ned,PERSON,13,16
uc1.b4338173,73,10,0,Aaron,PERSON,11,16
uc1.b4338173,73,12,0,Stripwine,PERSON,6,15
uc1.b4338173,73,13,0,Aaron,PERSON,93,98
uc1.b4338173,73,21,0,Ned,PERSON,4,7
uc1.b4338173,73,22,0,West,LOC,45,49
uc1.b4338173,73,27,0,West,LOC,19,23
uc1.b4338173,73,28,0,Ned,PERSON,4,7
uc1.b4338173,73,32,0,Stripwine,PERSON,11,20
uc1.b4338173,73,39,0,first,ORDINAL,37,42
uc1.b4338173,73,41,0,53,CARDINAL,37,39
uc1.b4338173,74,0,0,LOU TINK,PERSON,0,8
uc1.b4338173,74,15,0,New Haven,GPE,32,41
uc1.b4338173,74,17,0,Ned,PERSON,9,12
uc1.b4338173,74,20,0,LOU A WOMAN,PERSON,0,11
uc1.b4338173,74,22,0,Lou,PERSON,16,19
uc1.b4338173,74,24,0,Lou,PERSON,10,13
uc1.b4338173,74,29,0,Dedham,PERSON,12,18
uc1.b4338173,74,30,0,Herndon,PERSON,4,11
uc1.b4338173,74,33,0,Webster,PERSON,28,35
uc1.b4338173,74,34,0,SECOND,ORDINAL,0,6
uc1.b4338173,74,34,1,Clutie,PERSON,23,29
uc1.b4338173,74,34,2,weeks,DATE,78,83
uc1.b4338173,74,35,0,HERNDON,PERSON,4,11
uc1.b4338173,74,35,1,Ned,PERSON,12,15
uc1.b4338173,74,36,0,HERNDON,PERSON,4,11
uc1.b4338173,74,39,0,Choir,ORG,5,10
uc1.b4338173,74,39,1,54,CARDINAL,37,39
uc1.b4338173,75,0,0,CHOIR LOU,PERSON,0,9
uc1.b4338173,75,3,0,LOU,PERSON,0,3
uc1.b4338173,75,15,0,FIRST,ORDINAL,0,5
uc1.b4338173,75,20,0,55,DATE,24,26
uc1.b4338173,76,0,0,SECOND,ORDINAL,0,6
uc1.b4338173,76,2,0,HERNDON,PERSON,9,16
uc1.b4338173,76,2,1,Lou,PERSON,32,35
uc1.b4338173,76,5,0,one,CARDINAL,21,24
uc1.b4338173,76,7,0,LOU,PERSON,0,3
uc1.b4338173,76,9,0,HERNDON,PERSON,34,41
uc1.b4338173,76,10,0,Aaron,PERSON,4,9
uc1.b4338173,76,13,0,CHOIR,PERSON,0,5
uc1.b4338173,76,23,0,NED,PERSON,0,3
uc1.b4338173,76,23,1,LOU,PERSON,5,8
uc1.b4338173,76,23,2,CHOIR,PERSON,13,18
uc1.b4338173,76,26,0,56,DATE,19,21
uc1.b4338173,77,0,0,NED LOU,PERSON,0,7
uc1.b4338173,77,7,0,Webster,PERSON,21,28
uc1.b4338173,77,8,0,Lou,PERSON,22,25
uc1.b4338173,77,10,0,NED,PERSON,0,3
uc1.b4338173,77,10,1,LOU,PERSON,8,11
uc1.b4338173,77,16,0,Lou,PERSON,0,3
uc1.b4338173,77,17,0,Lou,PERSON,0,3
uc1.b4338173,77,20,0,Aaron,PERSON,0,5
uc1.b4338173,77,22,0,a few years,DATE,8,19
uc1.b4338173,77,23,0,MUSIC,ORG,1,6
uc1.b4338173,77,23,1,about 1844,DATE,142,152
uc1.b4338173,77,23,2,Chapel,FAC,159,165
uc1.b4338173,77,23,3,Observatory,FAC,171,182
uc1.b4338173,77,27,0,New England,LOC,65,76
uc1.b4338173,77,27,1,West,LOC,100,104
uc1.b4338173,77,28,0,Aaron,PERSON,13,18
uc1.b4338173,77,30,0,Aaron Webster,PERSON,87,100
uc1.b4338173,77,30,1,Ned,PERSON,137,140
uc1.b4338173,77,31,0,1,CARDINAL,0,1
uc1.b4338173,78,0,0,LOU NED LOU NED LOU NED LOU,PERSON,0,27
uc1.b4338173,78,2,0,Aaron,PERSON,0,5
uc1.b4338173,78,13,0,Aaron,PERSON,34,39
uc1.b4338173,78,16,0,Mathematician,PERSON,19,32
uc1.b4338173,78,19,0,FIRST,ORDINAL,0,5
uc1.b4338173,78,19,1,Aaron,PERSON,15,20
uc1.b4338173,78,20,0,Aaron Webster,PERSON,14,27
uc1.b4338173,78,21,0,AARON,PERSON,0,5
uc1.b4338173,78,22,0,FIRST,ORDINAL,5,10
uc1.b4338173,78,23,0,three trillion eight hundred million and ninety-six,CARDINAL,27,78
uc1.b4338173,78,24,0,AARON,PERSON,0,5
uc1.b4338173,78,25,0,nought to,CARDINAL,22,31
uc1.b4338173,78,25,1,nine,CARDINAL,32,36
uc1.b4338173,78,27,0,58,CARDINAL,66,68
uc1.b4338173,79,0,0,FIRST,ORDINAL,0,5
uc1.b4338173,79,0,1,NED LOU MAN GIRL,PERSON,11,27
uc1.b4338173,79,1,0,AARON GIRL,PERSON,14,24
uc1.b4338173,79,5,0,one,CARDINAL,12,15
uc1.b4338173,79,5,1,Aaron,PERSON,60,65
uc1.b4338173,79,9,0,AARON,ORG,17,22
uc1.b4338173,79,14,0,AARON,ORG,0,5
uc1.b4338173,79,16,0,Aaron,PERSON,13,18
uc1.b4338173,79,17,0,AARON Kan De Koge,PERSON,0,17
uc1.b4338173,79,20,0,Aaron,PERSON,0,5
uc1.b4338173,79,23,0,59,CARDINAL,0,2
uc1.b4338173,80,0,0,NED LOU,PERSON,0,7
uc1.b4338173,80,2,0,Thracian,NORP,34,42
uc1.b4338173,80,6,0,Aaron,PERSON,1,6
uc1.b4338173,80,8,0,Aaron,PERSON,11,16
uc1.b4338173,80,17,0,Aaron,PERSON,28,33
uc1.b4338173,80,19,0,one,CARDINAL,8,11
uc1.b4338173,80,23,0,SECOND,ORDINAL,4,10
uc1.b4338173,80,23,1,1,CARDINAL,16,17
uc1.b4338173,80,28,0,Sue,PERSON,0,3
uc1.b4338173,80,29,0,Aaron,PERSON,34,39
uc1.b4338173,80,30,0,Aaron,PERSON,0,5
uc1.b4338173,80,31,0,60,CARDINAL,0,2
uc1.b4338173,81,0,0,Aaron,PERSON,12,17
uc1.b4338173,81,1,0,Aaron,PERSON,9,14
uc1.b4338173,81,2,0,Aaron,PERSON,4,9
uc1.b4338173,81,6,0,Ned,PERSON,0,3
uc1.b4338173,81,10,0,ruffians,NORP,12,20
uc1.b4338173,81,13,0,Aaron,PERSON,4,9
uc1.b4338173,81,14,0,AARON,PERSON,0,5
uc1.b4338173,81,14,1,Aaron,PERSON,64,69
uc1.b4338173,81,22,0,Lee,PERSON,0,3
uc1.b4338173,81,24,0,Aaron,PERSON,0,5
uc1.b4338173,81,27,0,Aaron,PERSON,12,17
uc1.b4338173,81,28,0,Aaron,PERSON,17,22
uc1.b4338173,81,30,0,Ned,PERSON,34,37
uc1.b4338173,81,30,1,Lou,PERSON,42,45
uc1.b4338173,81,30,2,one,CARDINAL,59,62
uc1.b4338173,81,31,0,Western Reserve College,ORG,17,40
uc1.b4338173,82,0,0,LOU NED LOU NED LOU,PERSON,0,19
uc1.b4338173,82,2,0,Ned,PERSON,4,7
uc1.b4338173,82,4,0,NED Aaron,PERSON,0,9
uc1.b4338173,82,7,0,Aaron,PERSON,91,96
uc1.b4338173,82,8,0,Ned,PERSON,0,3
uc1.b4338173,82,12,0,NED,PERSON,0,3
uc1.b4338173,82,17,0,Hudson,LOC,30,36
uc1.b4338173,82,19,0,Ned,PERSON,4,7
uc1.b4338173,82,20,0,NED,PERSON,0,3
uc1.b4338173,82,21,0,College,ORG,11,18
uc1.b4338173,82,22,0,Cleveland,GPE,26,35
uc1.b4338173,82,22,1,East,LOC,56,60
uc1.b4338173,82,23,0,STRIPWINE,PERSON,4,13
uc1.b4338173,82,24,0,Ned,PERSON,19,22
uc1.b4338173,82,32,0,Andy,PERSON,14,18
uc1.b4338173,82,35,0,62,CARDINAL,49,51
uc1.b4338173,83,0,0,STRIPWINE NED,PERSON,0,13
uc1.b4338173,83,1,0,East,LOC,69,73
uc1.b4338173,83,7,0,NED,PERSON,0,3
uc1.b4338173,83,8,0,STRIPWINE,PERSON,0,9
uc1.b4338173,83,11,0,NED,PERSON,0,3
uc1.b4338173,83,11,1,Ned,PERSON,9,12
uc1.b4338173,83,12,0,STRIPWINE NED,PERSON,0,13
uc1.b4338173,83,15,0,STRIPWINE,PERSON,0,9
uc1.b4338173,83,21,0,Andy,PERSON,29,33
uc1.b4338173,83,23,0,Tink,PERSON,25,29
uc1.b4338173,83,25,0,Stripwine,PERSON,4,13
uc1.b4338173,83,26,0,Ned,PERSON,15,18
uc1.b4338173,83,28,0,STRIPWINE TINK,PERSON,0,14
uc1.b4338173,83,30,0,Stripwine,PERSON,20,29
uc1.b4338173,83,33,0,63,CARDINAL,67,69
uc1.b4338173,84,0,0,STRIPWINE NED NED STRIPWINE,PERSON,0,27
uc1.b4338173,84,4,0,NED,PERSON,0,3
uc1.b4338173,84,5,0,Ned,PERSON,20,23
uc1.b4338173,84,6,0,STRIPWINE NED,PERSON,0,13
uc1.b4338173,84,6,1,Stripwine,PERSON,50,59
uc1.b4338173,84,7,0,LOU NED,PERSON,0,7
uc1.b4338173,84,9,0,STRIPWINE,PERSON,0,9
uc1.b4338173,84,13,0,Stripwine,PERSON,24,33
uc1.b4338173,84,18,0,Ned,PERSON,1,4
uc1.b4338173,84,20,0,I'm Afraid That He's Ours,WORK_OF_ART,23,48
uc1.b4338173,84,21,0,Ned,PERSON,0,3
uc1.b4338173,84,21,1,Lou,PERSON,12,15
uc1.b4338173,84,21,2,Stripwine,PERSON,30,39
uc1.b4338173,84,22,0,Lou,PERSON,0,3
uc1.b4338173,84,23,0,Ned,PERSON,4,7
uc1.b4338173,84,25,0,Stripwine,PERSON,12,21
uc1.b4338173,84,29,0,Aaron,PERSON,4,9
uc1.b4338173,84,30,0,64,CARDINAL,0,2
uc1.b4338173,85,0,0,LOU NED,PERSON,0,7
uc1.b4338173,85,2,0,NED,PERSON,0,3
uc1.b4338173,85,3,0,day,DATE,54,57
uc1.b4338173,85,4,0,BERRY,PERSON,0,5
uc1.b4338173,85,4,1,Berry,PERSON,43,48
uc1.b4338173,85,4,2,Tabby,PERSON,53,58
uc1.b4338173,85,5,0,LOU,PERSON,0,3
uc1.b4338173,85,7,0,TABBY TINK,PERSON,0,10
uc1.b4338173,85,8,0,BERRY,PERSON,0,5
uc1.b4338173,85,8,1,Lou,PERSON,17,20
uc1.b4338173,85,9,0,Lou,PERSON,4,7
uc1.b4338173,85,12,0,Tink,PERSON,7,11
uc1.b4338173,85,13,0,Ned,PERSON,1,4
uc1.b4338173,85,13,1,Berry,PERSON,9,14
uc1.b4338173,85,16,0,BERRY,PERSON,0,5
uc1.b4338173,85,20,0,65,CARDINAL,0,2
uc1.b4338173,86,0,0,NED LOU NED LOU,PERSON,0,15
uc1.b4338173,86,6,0,Ned,PERSON,0,3
uc1.b4338173,86,6,1,Lou,PERSON,93,96
uc1.b4338173,86,8,0,Ned,PERSON,9,12
uc1.b4338173,87,1,0,Ned,PERSON,27,30
uc1.b4338173,87,1,1,Lou Webster,PERSON,35,46
uc1.b4338173,87,1,2,Hudson,GPE,51,57
uc1.b4338173,87,2,0,Eighteen years later,DATE,0,20
uc1.b4338173,87,2,1,"April 26, 1844",DATE,22,36
uc1.b4338173,87,4,0,Tink,PERSON,31,35
uc1.b4338173,87,4,1,Aaron,PERSON,57,62
uc1.b4338173,87,5,0,18 years,DATE,54,62
uc1.b4338173,87,6,0,Spring,DATE,58,64
uc1.b4338173,87,7,0,Lou,PERSON,54,57
uc1.b4338173,87,7,1,New Haven,GPE,77,86
uc1.b4338173,87,10,0,Aaron,PERSON,39,44
uc1.b4338173,87,11,0,Haydn,PERSON,45,50
uc1.b4338173,87,11,1,Thomas Tallis,PERSON,62,75
uc1.b4338173,87,11,2,Mozart,PERSON,80,86
uc1.b4338173,87,12,0,Lacy H. Addams,PERSON,13,27
uc1.b4338173,87,14,0,Lacy,PERSON,46,50
uc1.b4338173,87,15,0,LYDIA ADDAMS,PERSON,0,12
uc1.b4338173,87,16,0,Lacy,PERSON,31,35
uc1.b4338173,87,17,0,LACY ADDAMS,PERSON,0,11
uc1.b4338173,87,20,0,LACY LYDIA,PERSON,0,10
uc1.b4338173,87,22,0,Connecticut,GPE,26,37
uc1.b4338173,87,23,0,LYDIA,PERSON,0,5
uc1.b4338173,87,26,0,Lou,PERSON,31,34
uc1.b4338173,87,26,1,New Haven,GPE,60,69
uc1.b4338173,87,28,0,Lacy,PERSON,27,31
uc1.b4338173,87,31,0,67,CARDINAL,0,2
uc1.b4338173,88,0,0,LACY,PERSON,0,4
uc1.b4338173,88,1,0,the Western Reserve,ORG,8,27
uc1.b4338173,88,1,1,Connecticut,GPE,32,43
uc1.b4338173,88,2,0,LYDIA,PERSON,0,5
uc1.b4338173,88,3,0,Louisa,PERSON,0,6
uc1.b4338173,88,5,0,LACY,PERSON,0,4
uc1.b4338173,88,8,0,a pretty penny,MONEY,15,29
uc1.b4338173,88,10,0,LYDIA,PERSON,0,5
uc1.b4338173,88,10,1,LACY,PERSON,6,10
uc1.b4338173,88,11,0,LYDIA,PERSON,0,5
uc1.b4338173,88,11,1,a pretty penny,MONEY,11,25
uc1.b4338173,88,12,0,LACY LYDIA,PERSON,0,10
uc1.b4338173,88,13,0,Ned,PERSON,18,21
uc1.b4338173,88,16,0,LACY,PERSON,0,4
uc1.b4338173,88,21,0,Canal,FAC,32,37
uc1.b4338173,88,22,0,LYDIA,PERSON,0,5
uc1.b4338173,88,22,1,Canal,FAC,40,45
uc1.b4338173,88,25,0,LACY,PERSON,0,4
uc1.b4338173,88,25,1,Lou,PERSON,12,15
uc1.b4338173,88,26,0,Aaron,PERSON,0,5
uc1.b4338173,88,27,0,Aaron,PERSON,0,5
uc1.b4338173,88,28,0,LYDIA LACY,PERSON,0,10
uc1.b4338173,88,29,0,Aaron,PERSON,5,10
uc1.b4338173,88,29,1,eighteenth,ORDINAL,13,23
uc1.b4338173,88,32,0,Websters,PERSON,12,20
uc1.b4338173,88,32,1,Aaron,PERSON,38,43
uc1.b4338173,88,34,0,68,CARDINAL,0,2
uc1.b4338173,89,0,0,LYDIA,PERSON,0,5
uc1.b4338173,89,0,1,Aaron,PERSON,31,36
uc1.b4338173,89,1,0,LACY,PERSON,0,4
uc1.b4338173,89,4,0,LYDIA,PERSON,0,5
uc1.b4338173,89,5,0,LACY,PERSON,0,4
uc1.b4338173,89,6,0,LYDIA,PERSON,0,5
uc1.b4338173,89,7,0,LACY,PERSON,0,4
uc1.b4338173,89,8,0,Lydia,PERSON,4,9
uc1.b4338173,89,9,0,LYDIA,PERSON,0,5
uc1.b4338173,89,10,0,Lacy Addams,PERSON,14,25
uc1.b4338173,89,12,0,all evening,TIME,20,31
uc1.b4338173,89,13,0,Ned,PERSON,26,29
uc1.b4338173,89,16,0,LACY,PERSON,0,4
uc1.b4338173,89,16,1,Aaron,PERSON,9,14
uc1.b4338173,89,16,2,Canalers,PERSON,80,88
uc1.b4338173,89,16,3,Tink,PERSON,153,157
uc1.b4338173,89,17,0,Tink,PERSON,13,17
uc1.b4338173,89,18,0,Tink,PERSON,13,17
uc1.b4338173,89,19,0,Tink,PERSON,7,11
uc1.b4338173,89,20,0,Tink,PERSON,20,24
uc1.b4338173,89,21,0,LYDIA,PERSON,0,5
uc1.b4338173,89,21,1,Tonight,TIME,18,25
uc1.b4338173,89,23,0,Tink,PERSON,27,31
uc1.b4338173,89,26,0,69,CARDINAL,0,2
uc1.b4338173,90,3,0,Lacy H. Addams,PERSON,13,27
uc1.b4338173,90,4,0,Addamses,PERSON,5,13
uc1.b4338173,90,6,0,Tink,PERSON,13,17
uc1.b4338173,90,8,0,Lacy Addams,PERSON,9,20
uc1.b4338173,90,10,0,Christmas,DATE,36,45
uc1.b4338173,90,10,1,a year ago,DATE,46,56
uc1.b4338173,90,11,0,Lou,PERSON,21,24
uc1.b4338173,90,13,0,Tink,PERSON,49,53
uc1.b4338173,90,14,0,Barrows,PERSON,24,31
uc1.b4338173,90,15,0,Alice Star,PERSON,5,15
uc1.b4338173,90,16,0,Loomis,PERSON,13,19
uc1.b4338173,90,18,0,Tink,PERSON,6,10
uc1.b4338173,90,20,0,Aaron Webster,PERSON,5,18
uc1.b4338173,90,20,1,two,CARDINAL,23,26
uc1.b4338173,90,21,0,Maisie Mills,PERSON,17,29
uc1.b4338173,90,23,0,Honey Callahan,PERSON,0,14
uc1.b4338173,90,24,0,Aaron,PERSON,0,5
uc1.b4338173,90,27,0,AARON MAISIE,PERSON,0,12
uc1.b4338173,90,27,1,Aaron,PERSON,27,32
uc1.b4338173,90,29,0,AARON,DATE,0,5
uc1.b4338173,90,30,0,Honey Callahan!,PERSON,0,15
uc1.b4338173,90,31,0,Irish,NORP,10,15
uc1.b4338173,90,32,0,MAISIE HONEY,PERSON,0,12
uc1.b4338173,90,34,0,one,CARDINAL,30,33
uc1.b4338173,90,35,0,70,CARDINAL,0,2
uc1.b4338173,91,0,0,MAISIE,PERSON,0,6
uc1.b4338173,91,0,1,Aaron Webster,PERSON,11,24
uc1.b4338173,91,1,0,Maisie,PERSON,21,27
uc1.b4338173,91,3,0,AARON HONEY,PERSON,0,11
uc1.b4338173,91,4,0,Maisie,PERSON,14,20
uc1.b4338173,91,5,0,Aaron,PERSON,4,9
uc1.b4338173,91,7,0,AARON MAISIE,PERSON,0,12
uc1.b4338173,91,10,0,eighteenth,ORDINAL,8,18
uc1.b4338173,91,10,1,one month,DATE,33,42
uc1.b4338173,91,12,0,Maisie,PERSON,17,23
uc1.b4338173,91,15,0,AARON,PERSON,0,5
uc1.b4338173,91,16,0,MAISIE,PERSON,0,6
uc1.b4338173,91,19,0,AARON,PERSON,0,5
uc1.b4338173,91,19,1,Kurt,PERSON,14,18
uc1.b4338173,91,22,0,MAISIE AARON,PERSON,0,12
uc1.b4338173,91,24,0,MAISIE,PERSON,0,6
uc1.b4338173,91,26,0,Kurt,PERSON,0,4
uc1.b4338173,91,27,0,HONEY · AARON,PERSON,0,13
uc1.b4338173,91,33,0,AARON,PERSON,0,5
uc1.b4338173,91,35,0,71,CARDINAL,0,2
uc1.b4338173,92,0,0,MAISIE,PERSON,0,6
uc1.b4338173,92,2,0,Aaron Webster,PERSON,0,13
uc1.b4338173,92,4,0,Hepzibah,NORP,16,24
uc1.b4338173,92,6,0,Maisie Mills,PERSON,0,12
uc1.b4338173,92,6,1,Kurt,PERSON,17,21
uc1.b4338173,92,6,2,Card,PERSON,27,31
uc1.b4338173,92,6,3,Honey Callahan,PERSON,37,51
uc1.b4338173,92,9,0,Aaron,PERSON,1,6
uc1.b4338173,92,12,0,Maisie,PERSON,1,7
uc1.b4338173,92,15,0,AARON HONEY,PERSON,0,11
uc1.b4338173,92,18,0,AARON,PERSON,0,5
uc1.b4338173,92,21,0,eighteenth,ORDINAL,104,114
uc1.b4338173,92,22,0,HONEY,PERSON,0,5
uc1.b4338173,92,22,1,Aaron,PERSON,21,26
uc1.b4338173,92,23,0,AARON,PERSON,0,5
uc1.b4338173,92,24,0,HONEY,PERSON,0,5
uc1.b4338173,92,25,0,MAISIE,PERSON,0,6
uc1.b4338173,92,25,1,Honey,PERSON,33,38
uc1.b4338173,92,29,0,HONEY Aaron,PERSON,0,11
uc1.b4338173,92,30,0,Maisie,PERSON,4,10
uc1.b4338173,92,30,1,first,ORDINAL,31,36
uc1.b4338173,92,32,0,1,CARDINAL,0,1
uc1.b4338173,93,0,0,MAISIE,PERSON,0,6
uc1.b4338173,93,4,0,AARON,PERSON,0,5
uc1.b4338173,93,6,0,HONEY,PERSON,0,5
uc1.b4338173,93,9,0,AARON,PERSON,0,5
uc1.b4338173,93,13,0,First,ORDINAL,0,5
uc1.b4338173,93,15,0,MAISIE,PERSON,0,6
uc1.b4338173,93,21,0,HONEY,PERSON,0,5
uc1.b4338173,93,23,0,AARON,PERSON,0,5
uc1.b4338173,93,24,0,HONEY AARON Aaron,PERSON,0,17
uc1.b4338173,93,27,0,HONEY,PERSON,0,5
uc1.b4338173,93,29,0,AARON,PERSON,0,5
uc1.b4338173,93,33,0,Honey,PERSON,19,24
uc1.b4338173,93,38,0,Tink,PERSON,6,10
uc1.b4338173,94,0,0,TINK,PERSON,0,4
uc1.b4338173,94,0,1,Aaron,PERSON,20,25
uc1.b4338173,94,3,0,AARON,PERSON,0,5
uc1.b4338173,94,3,1,Tink,PERSON,20,24
uc1.b4338173,94,5,0,TINK,PERSON,0,4
uc1.b4338173,94,10,0,AARON TINK AARON,PERSON,0,16
uc1.b4338173,94,13,0,Tink,PERSON,34,38
uc1.b4338173,94,18,0,AARON TINK AARON,PERSON,0,16
uc1.b4338173,94,21,0,Western Reserve,ORG,52,67
uc1.b4338173,94,22,0,AARON,PERSON,0,5
uc1.b4338173,94,26,0,AARON,PERSON,0,5
uc1.b4338173,94,31,0,74,CARDINAL,0,2
uc1.b4338173,95,0,0,AARON TINK,PERSON,0,10
uc1.b4338173,95,1,0,AARON TINK,PERSON,0,10
uc1.b4338173,95,1,1,AARON TINK,PERSON,11,21
uc1.b4338173,95,1,2,ten,CARDINAL,47,50
uc1.b4338173,95,5,0,TINK LOU TINK,PERSON,0,13
uc1.b4338173,95,5,1,every other day,DATE,30,45
uc1.b4338173,95,6,0,AARON,PERSON,32,37
uc1.b4338173,95,19,0,AARON,PERSON,0,5
uc1.b4338173,95,21,0,Tink,PERSON,48,52
uc1.b4338173,95,26,0,Tink,PERSON,14,18
uc1.b4338173,95,29,0,Ned,PERSON,1,4
uc1.b4338173,95,29,1,Lou,PERSON,9,12
uc1.b4338173,95,31,0,Aaron,PERSON,0,5
uc1.b4338173,95,32,0,75,CARDINAL,0,2
uc1.b4338173,96,0,0,AARON,PERSON,0,5
uc1.b4338173,96,3,0,NED,PERSON,0,3
uc1.b4338173,96,7,0,Lou,PERSON,33,36
uc1.b4338173,96,7,1,Ned,PERSON,41,44
uc1.b4338173,96,7,2,Tink,PERSON,46,50
uc1.b4338173,96,7,3,Ned,PERSON,60,63
uc1.b4338173,96,8,0,Lou,PERSON,14,17
uc1.b4338173,96,11,0,the night,TIME,15,24
uc1.b4338173,96,16,0,Ned,PERSON,0,3
uc1.b4338173,96,17,0,that night,TIME,23,33
uc1.b4338173,96,19,0,MUSIC,ORG,1,6
uc1.b4338173,96,19,1,Scene I,WORK_OF_ART,39,46
uc1.b4338173,97,0,0,BOTH LOU NED LOU LOU,PERSON,0,20
uc1.b4338173,97,4,0,Aaron,PERSON,9,14
uc1.b4338173,97,7,0,LOU,PERSON,0,3
uc1.b4338173,97,8,0,Ned,PERSON,1,4
uc1.b4338173,97,9,0,Vannert Smith,PERSON,18,31
uc1.b4338173,97,12,0,forty or so,DATE,5,16
uc1.b4338173,97,15,0,GRACE,PERSON,0,5
uc1.b4338173,97,15,1,VANNERT Lou,PERSON,10,21
uc1.b4338173,97,17,0,Grace,PERSON,7,12
uc1.b4338173,97,18,0,Vannert,PERSON,0,7
uc1.b4338173,97,19,0,VANNERT Lou,PERSON,0,11
uc1.b4338173,97,21,0,Webster,PERSON,5,12
uc1.b4338173,97,24,0,Tink,PERSON,37,41
uc1.b4338173,97,26,0,GRACE,PERSON,0,5
uc1.b4338173,97,32,0,Vannert Smith,PERSON,13,26
uc1.b4338173,97,33,0,77,CARDINAL,21,23
uc1.b4338173,98,0,0,LOU,PERSON,0,3
uc1.b4338173,98,0,1,Professor X.,PERSON,4,16
uc1.b4338173,98,3,0,PROFESSOR X,PERSON,0,11
uc1.b4338173,98,7,0,LOU,PERSON,0,3
uc1.b4338173,98,12,0,PROFESSOR X LOU,PERSON,0,15
uc1.b4338173,98,13,0,PROFESSOR X,PERSON,0,11
uc1.b4338173,98,21,0,LOU,PERSON,0,3
uc1.b4338173,98,22,0,LOU PROFESSOR X,PERSON,0,15
uc1.b4338173,98,27,0,College,ORG,40,47
uc1.b4338173,98,29,0,LOU PROFESSOR X,PERSON,0,15
uc1.b4338173,98,30,0,the Western Reserve,ORG,57,76
uc1.b4338173,98,35,0,Webster,PERSON,44,51
uc1.b4338173,98,38,0,78,CARDINAL,2,4
uc1.b4338173,99,0,0,LOU PROFESSOR,PERSON,0,13
uc1.b4338173,99,1,0,LOU LOU,PERSON,0,7
uc1.b4338173,99,8,0,LOU,PERSON,0,3
uc1.b4338173,99,11,0,LOU,PERSON,0,3
uc1.b4338173,99,20,0,LOU,PERSON,0,3
uc1.b4338173,99,37,0,Tonight,TIME,0,7
uc1.b4338173,99,41,0,Webster,PERSON,55,62
uc1.b4338173,100,0,0,LOU,PERSON,0,3
uc1.b4338173,100,1,0,LOU,PERSON,12,15
uc1.b4338173,100,4,0,Tink,PERSON,7,11
uc1.b4338173,100,5,0,Lou,PERSON,1,4
uc1.b4338173,100,6,0,Berry Stow,PERSON,1,11
uc1.b4338173,100,6,1,Tabby,PERSON,16,21
uc1.b4338173,100,7,0,BERRY,PERSON,0,5
uc1.b4338173,100,8,0,Tink,PERSON,19,23
uc1.b4338173,100,9,0,Berry,PERSON,0,5
uc1.b4338173,100,10,0,Tabby,PERSON,0,5
uc1.b4338173,100,15,0,Stow,PERSON,34,38
uc1.b4338173,100,15,1,seven,CARDINAL,49,54
uc1.b4338173,100,15,2,eight,CARDINAL,58,63
uc1.b4338173,100,17,0,TINK,PERSON,0,4
uc1.b4338173,100,17,1,BERRY,PERSON,5,10
uc1.b4338173,100,18,0,BERRY,PERSON,0,5
uc1.b4338173,100,21,0,BERRY,PERSON,0,5
uc1.b4338173,100,22,0,a minute,TIME,31,39
uc1.b4338173,100,23,0,Tabby,PERSON,0,5
uc1.b4338173,100,24,0,One,CARDINAL,0,3
uc1.b4338173,100,24,1,two,CARDINAL,5,8
uc1.b4338173,100,24,2,three,CARDINAL,10,15
uc1.b4338173,100,24,3,four,CARDINAL,17,21
uc1.b4338173,100,26,0,BERRY,PERSON,0,5
uc1.b4338173,100,28,0,Tink,PERSON,31,35
uc1.b4338173,101,0,0,Beriah Stow,PERSON,18,29
uc1.b4338173,101,5,0,Tink,PERSON,5,9
uc1.b4338173,101,7,0,Tink,PERSON,13,17
uc1.b4338173,101,8,0,TINK,PERSON,0,4
uc1.b4338173,101,13,0,tonight,TIME,59,66
uc1.b4338173,101,14,0,KURT,PERSON,0,4
uc1.b4338173,101,16,0,Aaron,PERSON,0,5
uc1.b4338173,101,17,0,Kurt,PERSON,14,18
uc1.b4338173,101,19,0,asKURT,PERSON,18,24
uc1.b4338173,101,32,0,Aaron,PERSON,1,6
uc1.b4338173,101,32,1,Lou,PERSON,23,26
uc1.b4338173,101,32,2,Ned,PERSON,63,66
uc1.b4338173,101,32,3,Aaron,PERSON,152,157
uc1.b4338173,101,34,0,AARON,PERSON,0,5
uc1.b4338173,101,34,1,81,CARDINAL,57,59
uc1.b4338173,102,0,0,LOU,PERSON,0,3
uc1.b4338173,102,1,0,Aaron,PERSON,10,15
uc1.b4338173,102,2,0,"""Canal Tale",WORK_OF_ART,14,25
uc1.b4338173,102,4,0,AARON,PERSON,0,5
uc1.b4338173,102,5,0,Tink,PERSON,4,8
uc1.b4338173,102,6,0,Kurt,PERSON,3,7
uc1.b4338173,102,7,0,TINK,PERSON,0,4
uc1.b4338173,102,9,0,AARON,PERSON,0,5
uc1.b4338173,102,15,0,Maisie,PERSON,0,6
uc1.b4338173,102,16,0,Honey,PERSON,0,5
uc1.b4338173,102,17,0,Kurt,PERSON,0,4
uc1.b4338173,102,19,0,Canal,FAC,62,67
uc1.b4338173,102,20,0,Maisie,PERSON,23,29
uc1.b4338173,102,20,1,Honey,PERSON,31,36
uc1.b4338173,102,20,2,Kurt,PERSON,41,45
uc1.b4338173,102,21,0,Kurt,PERSON,13,17
uc1.b4338173,102,21,1,Maisie,PERSON,22,28
uc1.b4338173,102,22,0,Honey,PERSON,10,15
uc1.b4338173,102,24,0,Maisie,PERSON,12,18
uc1.b4338173,102,26,0,first,ORDINAL,23,28
uc1.b4338173,102,29,0,Kurt,PERSON,0,4
uc1.b4338173,103,6,0,Lacy Addams,PERSON,20,31
uc1.b4338173,103,8,0,Lacy,PERSON,92,96
uc1.b4338173,103,11,0,Lacy,PERSON,0,4
uc1.b4338173,103,12,0,LACY LYDIA,PERSON,0,10
uc1.b4338173,103,12,1,LACY,PERSON,11,15
uc1.b4338173,103,12,2,LYDIA,PERSON,16,21
uc1.b4338173,103,12,3,AARON,PERSON,22,27
uc1.b4338173,103,12,4,Ned,PERSON,69,72
uc1.b4338173,103,13,0,LACY NED,PERSON,0,8
uc1.b4338173,103,14,0,LACY,PERSON,0,4
uc1.b4338173,103,15,0,Lacy,PERSON,4,8
uc1.b4338173,103,17,0,Addams,PERSON,23,29
uc1.b4338173,103,19,0,AARON,PERSON,0,5
uc1.b4338173,103,22,0,Lydia,PERSON,24,29
uc1.b4338173,103,25,0,Lydia,PERSON,23,28
uc1.b4338173,103,28,0,Aaron,PERSON,13,18
uc1.b4338173,104,0,0,NED NED AARON,PERSON,6,19
uc1.b4338173,104,0,1,Lacy Addams,PERSON,59,70
uc1.b4338173,104,4,0,NED,PERSON,0,3
uc1.b4338173,104,4,1,AARON,PERSON,20,25
uc1.b4338173,104,6,0,1,CARDINAL,11,12
uc1.b4338173,104,13,0,Connecticut,GPE,36,47
uc1.b4338173,104,20,0,Lacy Addams,PERSON,11,22
uc1.b4338173,104,21,0,AARON,PERSON,0,5
uc1.b4338173,104,30,0,Ned,PERSON,1,4
uc1.b4338173,104,30,1,Aaron,PERSON,44,49
uc1.b4338173,105,0,0,AARON NED LOU,PERSON,0,13
uc1.b4338173,105,2,0,NED LOU NED Aaron,PERSON,0,17
uc1.b4338173,105,4,0,LOU,PERSON,0,3
uc1.b4338173,105,6,0,Lou,PERSON,1,4
uc1.b4338173,105,6,1,Ned,PERSON,14,17
uc1.b4338173,105,7,0,Tink,PERSON,7,11
uc1.b4338173,105,7,1,Berry,PERSON,13,18
uc1.b4338173,105,7,2,Tabby,PERSON,23,28
uc1.b4338173,105,7,3,Lou,PERSON,75,78
uc1.b4338173,105,7,4,Ned,PERSON,83,86
uc1.b4338173,105,12,0,Ned,PERSON,4,7
uc1.b4338173,105,14,0,God Almighty,PERSON,0,12
uc1.b4338173,105,21,0,I'm Afraid That He's Ours,WORK_OF_ART,15,40
uc1.b4338173,105,22,0,Ned,PERSON,0,3
uc1.b4338173,105,23,0,Ned,PERSON,0,3
uc1.b4338173,106,3,0,Ned,PERSON,0,3
uc1.b4338173,107,1,0,The Observatory of Professor X,FAC,0,30
uc1.b4338173,107,2,0,College,ORG,39,46
uc1.b4338173,107,2,1,Scene III,WORK_OF_ART,71,80
uc1.b4338173,107,3,0,Observatory,FAC,86,97
uc1.b4338173,107,4,0,one,CARDINAL,15,18
uc1.b4338173,107,6,0,Sunday,DATE,6,12
uc1.b4338173,107,6,1,dusk,TIME,13,17
uc1.b4338173,107,6,2,a day,DATE,37,42
uc1.b4338173,107,6,3,early May,DATE,46,55
uc1.b4338173,107,6,4,Websters,PERSON,72,80
uc1.b4338173,107,7,0,Sunday,DATE,0,6
uc1.b4338173,107,7,1,afternoon,TIME,142,151
uc1.b4338173,107,7,2,Old Dan Tucker,WORK_OF_ART,291,305
uc1.b4338173,107,8,0,Yankee Doodle,WORK_OF_ART,29,42
uc1.b4338173,107,10,0,JETHRO,PERSON,65,71
uc1.b4338173,107,10,1,Negro,NORP,85,90
uc1.b4338173,107,13,0,Jethro,PERSON,19,25
uc1.b4338173,107,18,0,JETHRO,PERSON,0,6
uc1.b4338173,108,1,0,Sunday,DATE,18,24
uc1.b4338173,108,2,0,JETHRO,PERSON,0,6
uc1.b4338173,108,4,0,Sunday,DATE,0,6
uc1.b4338173,108,7,0,Jethro,PERSON,9,15
uc1.b4338173,108,9,0,JETHRO,PERSON,0,6
uc1.b4338173,109,4,0,the Lacy Addamses,PERSON,27,44
uc1.b4338173,109,5,0,Lacy,PERSON,9,13
uc1.b4338173,109,6,0,LACY,PERSON,0,4
uc1.b4338173,109,8,0,one,CARDINAL,11,14
uc1.b4338173,109,10,0,LACY,PERSON,0,4
uc1.b4338173,109,11,0,Sunday,DATE,3,9
uc1.b4338173,109,12,0,LYDIA LACY,PERSON,0,10
uc1.b4338173,109,13,0,Sunday,DATE,28,34
uc1.b4338173,109,13,1,Lacy,PERSON,36,40
uc1.b4338173,109,14,0,LYDIA,PERSON,0,5
uc1.b4338173,109,16,0,Lydia,PERSON,21,26
uc1.b4338173,109,19,0,LACY LYDIA,PERSON,0,10
uc1.b4338173,109,27,0,LACY LYDIA,PERSON,0,10
uc1.b4338173,109,28,0,Lacy,PERSON,15,19
uc1.b4338173,109,30,0,The LACY LYDIA,PERSON,0,14
uc1.b4338173,109,31,0,Lydia,PERSON,0,5
uc1.b4338173,109,32,0,Virginia,GPE,5,13
uc1.b4338173,109,33,0,Jethro,PERSON,0,6
uc1.b4338173,109,34,0,Underground,ORG,9,20
uc1.b4338173,109,34,1,Canada,GPE,37,43
uc1.b4338173,109,35,0,Jethro,PERSON,19,25
uc1.b4338173,109,36,0,89,CARDINAL,0,2
uc1.b4338173,110,0,0,LACY PROFESSOR X LOU,PERSON,0,20
uc1.b4338173,110,3,0,Lou Webster,PERSON,0,11
uc1.b4338173,110,3,1,Addamses,PERSON,39,47
uc1.b4338173,110,3,2,Observatory,FAC,111,122
uc1.b4338173,110,3,3,one,CARDINAL,203,206
uc1.b4338173,110,4,0,Observatory,FAC,42,53
uc1.b4338173,110,7,0,PROFESSOR X LOU,PERSON,0,15
uc1.b4338173,110,8,0,X,PERSON,10,11
uc1.b4338173,110,9,0,LOU,PERSON,0,3
uc1.b4338173,110,10,0,Lou,PERSON,20,23
uc1.b4338173,110,11,0,PROFESSOR X LOU,PERSON,0,15
uc1.b4338173,110,13,0,Webster,PERSON,20,27
uc1.b4338173,110,18,0,Tink,PERSON,6,10
uc1.b4338173,110,19,0,Observatory,FAC,45,56
uc1.b4338173,110,21,0,Sunday,DATE,34,40
uc1.b4338173,110,23,0,Sunday,DATE,27,33
uc1.b4338173,111,1,0,LOU PROFESSOR X,PERSON,0,15
uc1.b4338173,111,3,0,LOU LOU,PERSON,0,7
uc1.b4338173,111,9,0,Webster,PERSON,15,22
uc1.b4338173,111,14,0,LOU Hardly,PERSON,0,10
uc1.b4338173,111,16,0,PROFESSOR X,PERSON,0,11
uc1.b4338173,111,20,0,Serene,PERSON,0,6
uc1.b4338173,111,23,0,PROFESSOR X,PERSON,0,11
uc1.b4338173,111,24,0,Webster,PERSON,31,38
uc1.b4338173,111,32,0,91,CARDINAL,0,2
uc1.b4338173,112,1,0,LOU,PERSON,0,3
uc1.b4338173,112,2,0,LOU PROFESSOR,PERSON,0,13
uc1.b4338173,112,3,0,two,CARDINAL,33,36
uc1.b4338173,112,4,0,LOU PROFESSOR X LOU,PERSON,0,19
uc1.b4338173,112,5,0,Webster,PERSON,22,29
uc1.b4338173,112,7,0,LOU,PERSON,71,74
uc1.b4338173,112,9,0,LOU,PERSON,0,3
uc1.b4338173,112,16,0,LOU,PERSON,0,3
uc1.b4338173,112,19,0,one,CARDINAL,10,13
uc1.b4338173,112,30,0,Aaron,PERSON,19,24
uc1.b4338173,112,31,0,Aaron,PERSON,4,9
uc1.b4338173,112,41,0,Webster,PERSON,9,16
uc1.b4338173,112,42,0,the other night,TIME,42,57
uc1.b4338173,113,0,0,LOU LOU,PERSON,12,19
uc1.b4338173,113,1,0,LOU,PERSON,0,3
uc1.b4338173,113,2,0,LOU,PERSON,0,3
uc1.b4338173,113,5,0,LOU Professor,PERSON,0,13
uc1.b4338173,113,10,0,LOU,PERSON,0,3
uc1.b4338173,113,14,0,Aaron,PERSON,30,35
uc1.b4338173,114,0,0,LOU LOU PROFESSOR,PERSON,12,29
uc1.b4338173,114,1,0,One moment,TIME,18,28
uc1.b4338173,114,1,1,Webster,PERSON,35,42
uc1.b4338173,114,7,0,LOU,PERSON,0,3
uc1.b4338173,114,9,0,LOU,PERSON,0,3
uc1.b4338173,114,32,0,94,CARDINAL,0,2
uc1.b4338173,115,21,0,LOU LOU,PERSON,12,19
uc1.b4338173,115,29,0,LOU,PERSON,0,3
uc1.b4338173,115,30,0,Webster,PERSON,56,63
uc1.b4338173,115,32,0,LOU,PERSON,0,3
uc1.b4338173,115,34,0,LOU,PERSON,12,15
uc1.b4338173,115,43,0,College,ORG,15,22
uc1.b4338173,115,44,0,AARON,PERSON,0,5
uc1.b4338173,115,46,0,Aaron,PERSON,4,9
uc1.b4338173,115,49,0,AARON,PERSON,0,5
uc1.b4338173,115,49,1,Aaron,PERSON,28,33
uc1.b4338173,115,51,0,95,CARDINAL,0,2
uc1.b4338173,116,0,0,LOU AARON,PERSON,0,9
uc1.b4338173,116,1,0,LOU LOU,PERSON,0,7
uc1.b4338173,116,1,1,AARON LOU,PERSON,8,17
uc1.b4338173,116,2,0,Aaron,PERSON,8,13
uc1.b4338173,116,4,0,Tink,PERSON,6,10
uc1.b4338173,116,7,0,AARON LOU,PERSON,0,9
uc1.b4338173,116,9,0,Aaron,PERSON,4,9
uc1.b4338173,116,9,1,Aaron,PERSON,11,16
uc1.b4338173,116,10,0,AARON LOU,PERSON,0,9
uc1.b4338173,116,16,0,Aaron,PERSON,5,10
uc1.b4338173,116,18,0,LOU AARON,PERSON,0,9
uc1.b4338173,116,23,0,Aaron,PERSON,0,5
uc1.b4338173,116,27,0,AARON,PERSON,0,5
uc1.b4338173,116,28,0,Lou,PERSON,5,8
uc1.b4338173,116,33,0,PROFESSOR X,PERSON,0,11
uc1.b4338173,116,35,0,96,DATE,11,13
uc1.b4338173,117,1,0,AARON,PERSON,0,5
uc1.b4338173,117,4,0,Lou,PERSON,4,7
uc1.b4338173,117,5,0,Webster,PERSON,17,24
uc1.b4338173,117,6,0,Lou,PERSON,1,4
uc1.b4338173,117,7,0,AARON,PERSON,0,5
uc1.b4338173,117,9,0,Lou,PERSON,1,4
uc1.b4338173,117,10,0,AARON,PERSON,0,5
uc1.b4338173,117,14,0,AARON,PERSON,0,5
uc1.b4338173,117,16,0,PROFESSOR X,PERSON,0,11
uc1.b4338173,117,18,0,Aaron,PERSON,1,6
uc1.b4338173,117,23,0,one,CARDINAL,0,3
uc1.b4338173,117,25,0,AARON,PERSON,0,5
uc1.b4338173,117,34,0,Lou,PERSON,26,29
uc1.b4338173,118,7,0,Aaron,PERSON,0,5
uc1.b4338173,118,9,0,Aaron,PERSON,1,6
uc1.b4338173,118,10,0,X,PERSON,10,11
uc1.b4338173,118,12,0,1ST,ORDINAL,16,19
uc1.b4338173,118,12,1,2ND,ORDINAL,26,29
uc1.b4338173,118,12,2,"Late May, 1844",DATE,37,51
uc1.b4338173,118,14,0,X,PERSON,60,61
uc1.b4338173,118,14,1,Jethro,PERSON,66,72
uc1.b4338173,118,15,0,Jethro,PERSON,16,22
uc1.b4338173,118,18,0,JETHRO,PERSON,0,6
uc1.b4338173,118,22,0,Hudson,GPE,18,24
uc1.b4338173,118,22,1,days,DATE,29,33
uc1.b4338173,118,26,0,JETHRO,PERSON,0,6
uc1.b4338173,118,29,0,JETHRO,PERSON,0,6
uc1.b4338173,118,31,0,Jethro,PERSON,18,24
uc1.b4338173,118,32,0,98,CARDINAL,0,2
uc1.b4338173,119,0,0,JETHRO,PERSON,0,6
uc1.b4338173,119,7,0,PROFESSOR X,PERSON,0,11
uc1.b4338173,119,10,0,Canada,GPE,11,17
uc1.b4338173,119,12,0,Canada,GPE,20,26
uc1.b4338173,119,14,0,JETHRO,PERSON,0,6
uc1.b4338173,119,16,0,six whole weeks,DATE,4,19
uc1.b4338173,119,23,0,PROFESSOR X,PERSON,0,11
uc1.b4338173,119,24,0,Virginia,GPE,35,43
uc1.b4338173,119,25,0,JETHRO,PERSON,0,6
uc1.b4338173,119,26,0,the South Louisiana,LOC,38,57
uc1.b4338173,119,29,0,PROFESSOR X,PERSON,18,29
uc1.b4338173,119,34,0,JETHRO,PERSON,0,6
uc1.b4338173,119,36,0,PROFESSOR X JETHRO,PERSON,0,18
uc1.b4338173,119,40,0,99,CARDINAL,0,2
uc1.b4338173,120,0,0,JETHRO,PERSON,0,6
uc1.b4338173,120,1,0,Ohio,GPE,4,8
uc1.b4338173,120,13,0,night,TIME,14,19
uc1.b4338173,120,17,0,JETHRO,PERSON,0,6
uc1.b4338173,120,20,0,JETHRO,PERSON,0,6
uc1.b4338173,120,23,0,night,TIME,6,11
uc1.b4338173,120,29,0,Clyde,PERSON,20,25
uc1.b4338173,120,30,0,Clyde,PERSON,7,12
uc1.b4338173,120,33,0,Clyde,PERSON,38,43
uc1.b4338173,120,33,1,Virginia,GPE,47,55
uc1.b4338173,120,36,0,JETHRO,PERSON,0,6
uc1.b4338173,120,42,0,the night,TIME,8,17
uc1.b4338173,120,46,0,hours,TIME,4,9
uc1.b4338173,121,6,0,JETHRO,PERSON,0,6
uc1.b4338173,121,10,0,JETHRO,PERSON,0,6
uc1.b4338173,121,13,0,JETHRO,PERSON,0,6
uc1.b4338173,121,18,0,JETHRO,PERSON,0,6
uc1.b4338173,121,21,0,JETHRO,PERSON,0,6
uc1.b4338173,121,25,0,this afternoon,TIME,59,73
uc1.b4338173,121,30,0,Jethro,PERSON,19,25
uc1.b4338173,121,34,0,JETHRO,PERSON,0,6
uc1.b4338173,121,36,0,101,CARDINAL,0,3
uc1.b4338173,122,2,0,Jethro,PERSON,1,7
uc1.b4338173,122,4,0,Ned,PERSON,40,43
uc1.b4338173,122,4,1,Lou Webster,PERSON,48,59
uc1.b4338173,122,4,2,Webster,PERSON,114,121
uc1.b4338173,122,5,0,evening,TIME,5,12
uc1.b4338173,122,6,0,every day,DATE,24,33
uc1.b4338173,122,8,0,LOU,PERSON,0,3
uc1.b4338173,122,28,0,102,CARDINAL,0,3
uc1.b4338173,123,0,0,NED PROFESSOR,PERSON,0,13
uc1.b4338173,123,0,1,NED NED,PERSON,16,23
uc1.b4338173,123,11,0,Aaron,PERSON,1,6
uc1.b4338173,123,16,0,Aaron,PERSON,26,31
uc1.b4338173,123,17,0,AARON,PERSON,0,5
uc1.b4338173,123,19,0,AARON,PERSON,0,5
uc1.b4338173,123,30,0,AARON,PERSON,0,5
uc1.b4338173,123,33,0,103,CARDINAL,0,3
uc1.b4338173,124,0,0,AARON LOU AARON LOU,PERSON,0,19
uc1.b4338173,124,3,0,"June 10th, 1825",DATE,19,34
uc1.b4338173,124,4,0,LOU AARON NED LOU,PERSON,0,17
uc1.b4338173,124,5,0,today,DATE,24,29
uc1.b4338173,124,6,0,May 20,DATE,5,11
uc1.b4338173,124,7,0,LOU,PERSON,0,3
uc1.b4338173,124,7,1,May 29,DATE,4,10
uc1.b4338173,124,8,0,1825-1844,DATE,29,38
uc1.b4338173,124,9,0,Nineteen years today,DATE,0,20
uc1.b4338173,124,10,0,LOU AARON,PERSON,0,9
uc1.b4338173,124,12,0,May 29,DATE,30,36
uc1.b4338173,124,15,0,LOU,PERSON,0,3
uc1.b4338173,124,18,0,Aaron,PERSON,5,10
uc1.b4338173,124,24,0,AARON,PERSON,0,5
uc1.b4338173,124,27,0,AARON,PERSON,26,31
uc1.b4338173,125,0,0,AARON LOU LOU AARON LOU,PERSON,0,23
uc1.b4338173,125,4,0,LOU,PERSON,0,3
uc1.b4338173,125,6,0,Aaron,PERSON,0,5
uc1.b4338173,125,9,0,AARON NED LOU,PERSON,0,13
uc1.b4338173,125,12,0,Aaron,PERSON,0,5
uc1.b4338173,125,14,0,AARON,PERSON,0,5
uc1.b4338173,125,18,0,Ned,PERSON,13,16
uc1.b4338173,125,22,0,Lou,PERSON,0,3
uc1.b4338173,125,26,0,Aaron,PERSON,57,62
uc1.b4338173,125,28,0,Ned,PERSON,1,4
uc1.b4338173,125,28,1,Aaron,PERSON,51,56
uc1.b4338173,125,29,0,Lou,PERSON,53,56
uc1.b4338173,126,0,0,AARON,PERSON,0,5
uc1.b4338173,126,1,0,PROFESSOR X,PERSON,0,11
uc1.b4338173,126,3,0,AARON,PERSON,0,5
uc1.b4338173,126,6,0,PROFESSOR X,PERSON,0,11
uc1.b4338173,126,8,0,AARON,PERSON,0,5
uc1.b4338173,126,10,0,PROFESSOR X,PERSON,0,11
uc1.b4338173,126,12,0,Aaron,PERSON,0,5
uc1.b4338173,126,13,0,Jethro,PERSON,13,19
uc1.b4338173,126,14,0,AARON,PERSON,0,5
uc1.b4338173,126,18,0,Virginia,GPE,16,24
uc1.b4338173,126,19,0,AARON,PERSON,0,5
uc1.b4338173,126,22,0,AARON,PERSON,0,5
uc1.b4338173,126,24,0,AARON,PERSON,0,5
uc1.b4338173,126,27,0,106,CARDINAL,0,3
uc1.b4338173,127,0,0,AARON,PERSON,0,5
uc1.b4338173,127,4,0,AARON,PERSON,0,5
uc1.b4338173,127,8,0,AARON,PERSON,0,5
uc1.b4338173,127,10,0,one single month,DATE,15,31
uc1.b4338173,127,14,0,AARON,PERSON,0,5
uc1.b4338173,127,21,0,JETHRO,PERSON,0,6
uc1.b4338173,127,24,0,JETHRO,PERSON,0,6
uc1.b4338173,127,28,0,JETHRO,PERSON,0,6
uc1.b4338173,127,29,0,AARON,PERSON,0,5
uc1.b4338173,127,30,0,Jethro,PERSON,23,29
uc1.b4338173,127,31,0,JETHRO,PERSON,0,6
uc1.b4338173,128,0,0,AARON,PERSON,0,5
uc1.b4338173,128,1,0,Jethro,PERSON,21,27
uc1.b4338173,128,2,0,JETHRO,PERSON,0,6
uc1.b4338173,128,5,0,AARON,PERSON,0,5
uc1.b4338173,128,8,0,JETHRO,PERSON,0,6
uc1.b4338173,128,9,0,AARON JETHRO you,PERSON,0,16
uc1.b4338173,128,13,0,AARON,PERSON,0,5
uc1.b4338173,128,18,0,JETHRO,PERSON,0,6
uc1.b4338173,128,20,0,AARON,PERSON,0,5
uc1.b4338173,128,22,0,JETHRO,PERSON,0,6
uc1.b4338173,128,23,0,AARON,PERSON,0,5
uc1.b4338173,128,37,0,1,CARDINAL,0,1
uc1.b4338173,129,0,0,Aaron,PERSON,12,17
uc1.b4338173,129,4,0,AARON,PERSON,0,5
uc1.b4338173,129,5,0,Jethro,PERSON,12,18
uc1.b4338173,129,7,0,Jethro,PERSON,3,9
uc1.b4338173,129,11,0,JETHRO,PERSON,0,6
uc1.b4338173,129,21,0,PROFESSOR X Copernicus,PERSON,0,22
uc1.b4338173,129,22,0,Columbus,GPE,0,8
uc1.b4338173,129,23,0,Thomas Jefferson,PERSON,0,16
uc1.b4338173,129,25,0,Jethro,PERSON,10,16
uc1.b4338173,129,26,0,JETHRO,PERSON,0,6
uc1.b4338173,129,30,0,Aaron,PERSON,4,9
uc1.b4338173,129,32,0,AARON,PERSON,0,5
uc1.b4338173,129,34,0,JETHRO,PERSON,0,6
uc1.b4338173,129,36,0,AARON,PERSON,0,5
uc1.b4338173,129,36,1,JETHRO,PERSON,14,20
uc1.b4338173,129,39,0,AARON,PERSON,0,5
uc1.b4338173,129,44,0,109,CARDINAL,26,29
uc1.b4338173,130,0,0,JETHRO,PERSON,0,6
uc1.b4338173,130,1,0,Aaron,PERSON,0,5
uc1.b4338173,130,3,0,AARON,PERSON,0,5
uc1.b4338173,130,4,0,Jethro,PERSON,1,7
uc1.b4338173,130,5,0,Aaron,PERSON,0,5
uc1.b4338173,130,6,0,A moment,TIME,0,8
uc1.b4338173,130,7,0,Aaron,PERSON,6,11
uc1.b4338173,130,8,0,AARON,PERSON,0,5
uc1.b4338173,130,10,0,JETHRO BOY,PERSON,0,10
uc1.b4338173,130,15,0,3RD,ORDINAL,0,3
uc1.b4338173,130,15,1,2ND,ORDINAL,27,30
uc1.b4338173,130,15,2,"July, 1844",DATE,37,47
uc1.b4338173,130,17,0,Observatory,FAC,75,86
uc1.b4338173,130,25,0,seven,CARDINAL,65,70
uc1.b4338173,130,25,1,Southern,NORP,106,114
uc1.b4338173,130,27,0,one,CARDINAL,59,62
uc1.b4338173,130,27,1,one,CARDINAL,197,200
uc1.b4338173,130,27,2,Negro,NORP,221,226
uc1.b4338173,131,0,0,LOU,PERSON,44,47
uc1.b4338173,131,3,0,Aaron,PERSON,0,5
uc1.b4338173,131,3,1,Jethro,PERSON,10,16
uc1.b4338173,131,5,0,Lou,PERSON,10,13
uc1.b4338173,131,7,0,Aaron,PERSON,4,9
uc1.b4338173,131,17,0,Aaron,PERSON,28,33
uc1.b4338173,131,17,1,Jethro,PERSON,38,44
uc1.b4338173,131,20,0,Ned,PERSON,4,7
uc1.b4338173,131,23,0,two,CARDINAL,27,30
uc1.b4338173,131,24,0,Ledge,PERSON,0,5
uc1.b4338173,131,24,1,Ford,PRODUCT,8,12
uc1.b4338173,131,30,0,Aaron,PERSON,23,28
uc1.b4338173,131,30,1,Jethro,PERSON,33,39
uc1.b4338173,131,33,0,111,CARDINAL,0,3
uc1.b4338173,132,0,0,LOU LOU AARON,PERSON,12,25
uc1.b4338173,132,2,0,NED,PERSON,0,3
uc1.b4338173,132,4,0,Aaron,PERSON,0,5
uc1.b4338173,132,5,0,LOU,PERSON,0,3
uc1.b4338173,132,7,0,AARON,PERSON,0,5
uc1.b4338173,132,10,0,AARON,PERSON,0,5
uc1.b4338173,132,17,0,AARON,PERSON,0,5
uc1.b4338173,132,21,0,AARON,PERSON,0,5
uc1.b4338173,132,23,0,Ohio,GPE,64,68
uc1.b4338173,132,24,0,112,CARDINAL,0,3
uc1.b4338173,133,0,0,AARON,PERSON,0,5
uc1.b4338173,133,1,0,Clyde,PERSON,16,21
uc1.b4338173,133,2,0,PROFESSOR X,PERSON,0,11
uc1.b4338173,133,5,0,AARON,PERSON,0,5
uc1.b4338173,133,7,0,JETHRO,PERSON,0,6
uc1.b4338173,133,13,0,MUSIC,ORG,1,6
uc1.b4338173,133,14,0,Negro,NORP,25,30
uc1.b4338173,133,15,0,PROFESSOR X,PERSON,0,11
uc1.b4338173,133,16,0,JETHRO I,PERSON,0,8
uc1.b4338173,133,24,0,Africa,LOC,8,14
uc1.b4338173,133,24,1,Africa,LOC,48,54
uc1.b4338173,133,30,0,113,CARDINAL,0,3
uc1.b4338173,134,0,0,CHORUS,PERSON,0,6
uc1.b4338173,134,0,1,JETHRO,PERSON,11,17
uc1.b4338173,134,2,0,JETHRO,PERSON,0,6
uc1.b4338173,134,2,1,America,GPE,15,22
uc1.b4338173,134,2,2,America,GPE,48,55
uc1.b4338173,134,7,0,CHORUS,PERSON,0,6
uc1.b4338173,134,7,1,JETHRO JETHRO,PERSON,11,24
uc1.b4338173,134,7,2,Negro,NORP,28,33
uc1.b4338173,134,7,3,one,CARDINAL,89,92
uc1.b4338173,134,7,4,Observatory,FAC,163,174
uc1.b4338173,134,8,0,Aaron,PERSON,21,26
uc1.b4338173,134,11,0,ONE,CARDINAL,35,38
uc1.b4338173,134,17,0,Jethro,PERSON,0,6
uc1.b4338173,134,18,0,Jethro,PERSON,0,6
uc1.b4338173,135,1,0,JETHRO,PERSON,0,6
uc1.b4338173,135,4,0,AARON,PERSON,0,5
uc1.b4338173,135,5,0,Jethro,PERSON,10,16
uc1.b4338173,135,6,0,Ben,PERSON,0,3
uc1.b4338173,135,9,0,JETHRO,PERSON,0,6
uc1.b4338173,135,11,0,AARON,PERSON,0,5
uc1.b4338173,135,12,0,Jethro,PERSON,5,11
uc1.b4338173,135,13,0,CHORUS,PERSON,0,6
uc1.b4338173,135,15,0,JETHRO,PERSON,0,6
uc1.b4338173,135,15,1,CHORUS,PERSON,11,17
uc1.b4338173,135,17,0,Aaron,PERSON,1,6
uc1.b4338173,135,17,1,Jethro,PERSON,35,41
uc1.b4338173,135,18,0,Clyde,PERSON,5,10
uc1.b4338173,135,19,0,Clyde,PERSON,4,9
uc1.b4338173,135,20,0,CLYDE,PERSON,4,9
uc1.b4338173,135,23,0,115,CARDINAL,7,10
uc1.b4338173,136,0,0,Aaron,PERSON,6,11
uc1.b4338173,136,0,1,Jethro,PERSON,16,22
uc1.b4338173,136,2,0,JETHRO,PERSON,0,6
uc1.b4338173,136,2,1,Clyde,PERSON,24,29
uc1.b4338173,136,3,0,Clyde,PERSON,4,9
uc1.b4338173,136,5,0,CLYDE,PERSON,4,9
uc1.b4338173,136,6,0,Jethro,PERSON,5,11
uc1.b4338173,136,8,0,AARON,PERSON,0,5
uc1.b4338173,136,9,0,Just a moment,TIME,0,13
uc1.b4338173,136,9,1,Clyde,PERSON,19,24
uc1.b4338173,136,11,0,CLYDE,PERSON,4,9
uc1.b4338173,136,13,0,AARON,PERSON,0,5
uc1.b4338173,136,14,0,Ohio,GPE,13,17
uc1.b4338173,136,15,0,CLYDE,PERSON,4,9
uc1.b4338173,136,17,0,thousands,CARDINAL,46,55
uc1.b4338173,136,20,0,AARON,PERSON,0,5
uc1.b4338173,136,20,1,Canada,GPE,22,28
uc1.b4338173,136,21,0,CLYDE,PERSON,4,9
uc1.b4338173,136,24,0,CLYDE,PERSON,4,9
uc1.b4338173,136,27,0,Jethro,PERSON,11,17
uc1.b4338173,136,28,0,Jethro,PERSON,47,53
uc1.b4338173,136,29,0,116,CARDINAL,0,3
uc1.b4338173,137,0,0,CLYDE,PERSON,4,9
uc1.b4338173,137,7,0,Aaron Webster,PERSON,14,27
uc1.b4338173,137,8,0,AARON,PERSON,0,5
uc1.b4338173,137,9,0,LOU,PERSON,0,3
uc1.b4338173,137,10,0,Aaron,PERSON,4,9
uc1.b4338173,137,10,1,Aaron,PERSON,11,16
uc1.b4338173,137,13,0,CLYDE,PERSON,4,9
uc1.b4338173,137,19,0,Clyde,PERSON,11,16
uc1.b4338173,137,20,0,CLYDE,PERSON,4,9
uc1.b4338173,137,21,0,Aaron,PERSON,12,17
uc1.b4338173,137,22,0,AARON,PERSON,0,5
uc1.b4338173,137,24,0,CLYDE,PERSON,4,9
uc1.b4338173,137,27,0,AARON,PERSON,0,5
uc1.b4338173,137,30,0,Clyde,PERSON,5,10
uc1.b4338173,137,32,0,117,CARDINAL,0,3
uc1.b4338173,138,0,0,LOU NED LOU NED Aaron,PERSON,0,21
uc1.b4338173,138,2,0,Lou,PERSON,0,3
uc1.b4338173,138,5,0,Aaron,PERSON,26,31
uc1.b4338173,138,5,1,Observatory,FAC,48,59
uc1.b4338173,138,7,0,Lou,PERSON,0,3
uc1.b4338173,138,8,0,Ned,PERSON,0,3
uc1.b4338173,138,18,0,Lou,PERSON,2,5
uc1.b4338173,138,19,0,Lou,PERSON,0,3
uc1.b4338173,138,20,0,Ned,PERSON,1,4
uc1.b4338173,138,22,0,PROFESSOR X,PERSON,0,11
uc1.b4338173,138,24,0,JETHRO,PERSON,0,6
uc1.b4338173,138,25,0,one,CARDINAL,14,17
uc1.b4338173,138,25,1,Jethro,PERSON,59,65
uc1.b4338173,138,28,0,Aaron,PERSON,17,22
uc1.b4338173,138,31,0,Aaron,PERSON,0,5
uc1.b4338173,138,33,0,Aaron,PERSON,53,58
uc1.b4338173,138,34,0,118,CARDINAL,0,3
uc1.b4338173,139,2,0,Chorus,WORK_OF_ART,5,11
uc1.b4338173,139,3,0,Lou,PERSON,1,4
uc1.b4338173,139,3,1,first,ORDINAL,52,57
uc1.b4338173,139,4,0,Ned,PERSON,16,19
uc1.b4338173,139,5,0,Jethro,PERSON,65,71
uc1.b4338173,140,1,0,the Chapel of the College,FAC,49,74
uc1.b4338173,140,1,1,"April 26, 1851",DATE,76,90
uc1.b4338173,140,6,0,Aaron Webster,PERSON,3,16
uc1.b4338173,140,23,0,seven short years,DATE,16,33
uc1.b4338173,141,0,0,LOU,PERSON,0,3
uc1.b4338173,141,0,1,Lou,PERSON,8,11
uc1.b4338173,141,0,2,Ned,PERSON,16,19
uc1.b4338173,141,6,0,Ned,PERSON,0,3
uc1.b4338173,141,10,0,Thaddeus Eaton,PERSON,5,19
uc1.b4338173,141,10,1,Abigail,PERSON,33,40
uc1.b4338173,141,10,2,Tabby,PERSON,46,51
uc1.b4338173,141,10,3,Berry,PERSON,56,61
uc1.b4338173,141,10,4,Eben,PERSON,66,70
uc1.b4338173,141,10,5,Tink,PERSON,81,85
uc1.b4338173,141,10,6,John Moses Spafford,PERSON,87,106
uc1.b4338173,141,10,7,Lacy Addams,PERSON,111,122
uc1.b4338173,141,10,8,Anderson Stripwine,PERSON,127,145
uc1.b4338173,141,11,0,one,CARDINAL,18,21
uc1.b4338173,141,11,1,Greek,NORP,90,95
uc1.b4338173,141,13,0,Pierce,PERSON,40,46
uc1.b4338173,141,13,1,25th,ORDINAL,80,84
uc1.b4338173,141,14,0,twenty-five years old,DATE,7,28
uc1.b4338173,141,14,1,today,DATE,29,34
uc1.b4338173,141,22,0,121,CARDINAL,0,3
uc1.b4338173,142,21,0,the years ahead,DATE,26,41
uc1.b4338173,143,0,0,tomorrow,DATE,21,29
uc1.b4338173,143,2,0,Hudson,LOC,59,65
uc1.b4338173,143,3,0,Cleveland,GPE,112,121
uc1.b4338173,143,3,1,Hudson,LOC,199,205
uc1.b4338173,143,8,0,Cleveland,GPE,79,88
uc1.b4338173,143,8,1,the United States,GPE,189,206
uc1.b4338173,143,10,0,the years,DATE,31,40
uc1.b4338173,143,11,0,Serb,NORP,10,14
uc1.b4338173,143,11,1,Slav,NORP,19,23
uc1.b4338173,143,11,2,German,NORP,28,34
uc1.b4338173,143,11,3,Pole,NORP,36,40
uc1.b4338173,143,11,4,Rumanian,NORP,42,50
uc1.b4338173,143,11,5,Armenian,NORP,52,60
uc1.b4338173,143,11,6,Irish,NORP,62,67
uc1.b4338173,143,11,7,Greek,NORP,69,74
uc1.b4338173,143,13,0,a thousand,CARDINAL,50,60
uc1.b4338173,143,15,0,A thousand,CARDINAL,0,10
uc1.b4338173,143,17,0,a hundred years from today,DATE,9,35
uc1.b4338173,143,17,1,125 years old,DATE,55,68
uc1.b4338173,144,1,0,1951,DATE,54,58
uc1.b4338173,144,1,1,4,CARDINAL,172,173
uc1.b4338173,144,2,0,days,DATE,238,242
uc1.b4338173,144,3,0,Chapel,FAC,124,130
uc1.b4338173,144,3,1,BIRDSEY,PERSON,132,139
uc1.b4338173,144,4,0,JETHRO,PERSON,0,6
uc1.b4338173,144,4,1,CHORUS,PERSON,11,17
uc1.b4338173,144,12,0,Tink,PERSON,28,32
uc1.b4338173,144,15,0,124,CARDINAL,0,3
uc1.b4338173,145,0,0,Niagry Niagry Falls,LOC,43,62
uc1.b4338173,145,2,0,NED,PERSON,0,3
uc1.b4338173,145,2,1,LOU,PERSON,8,11
uc1.b4338173,145,4,0,CANAL TALE,WORK_OF_ART,13,23
uc1.b4338173,145,4,1,Kurt,PERSON,30,34
uc1.b4338173,145,4,2,Maisie,PERSON,36,42
uc1.b4338173,145,4,3,Honey,PERSON,47,52
uc1.b4338173,145,4,4,Lacy,PERSON,59,63
uc1.b4338173,145,6,0,JETHRO,PERSON,0,6
uc1.b4338173,145,6,1,CHORUS,PERSON,11,17
uc1.b4338173,145,8,0,NED,PERSON,0,3
uc1.b4338173,145,8,1,LOU,PERSON,5,8
uc1.b4338173,145,8,2,CHORUS,PERSON,13,19
uc1.b4338173,145,17,0,125,CARDINAL,8,11
uc1.b4338173,148,0,0,1,CARDINAL,0,1
uc1.b4338173,151,0,0,University of California at Berkeley,ORG,82,118
