vol_id,page,sentence_id,ent_id,entity,entity_type,start_char,end_char
uc1.b4366032,1,0,0,A MOUNTAIN CLIMBER'S HANDBOOK,WORK_OF_ART,56,85
uc1.b4366032,1,0,1,carol lee sanchez,PERSON,86,103
uc1.b4366032,3,0,0,A MOUNTAIN CLIMBER'S HANDBOOK,WORK_OF_ART,14,43
uc1.b4366032,3,0,1,carol lee sanchez,PERSON,45,62
uc1.b4366032,5,0,0,A Mountain Climber's Handbook,WORK_OF_ART,14,43
uc1.b4366032,5,0,1,1971-1984,DATE,61,70
uc1.b4366032,5,0,2,Carol Lee Sanchez,PERSON,75,92
uc1.b4366032,5,0,3,Taurean Horn Press,ORG,93,111
uc1.b4366032,5,0,4,Out West Limited,ORG,112,128
uc1.b4366032,6,0,0,Univ. Library,ORG,0,13
uc1.b4366032,6,0,1,UC Santa Cruz,ORG,15,28
uc1.b4366032,6,0,2,1989,DATE,29,33
uc1.b4366032,6,1,0,Beloit Poetry Journal,ORG,52,73
uc1.b4366032,6,1,1,Strawberry Press,ORG,97,113
uc1.b4366032,6,1,2,Message Bringer Woman,WORK_OF_ART,125,146
uc1.b4366032,6,2,0,1985,DATE,12,16
uc1.b4366032,6,2,1,Carol Lee Sanchez,PERSON,20,37
uc1.b4366032,6,5,0,746,CARDINAL,140,143
uc1.b4366032,6,5,1,Santa Margarita,GPE,145,160
uc1.b4366032,6,5,2,CA,GPE,162,164
uc1.b4366032,6,5,3,93453,CARDINAL,165,170
uc1.b4366032,6,5,4,San Francisco,GPE,192,205
uc1.b4366032,6,5,5,CA,GPE,207,209
uc1.b4366032,6,7,0,Carol Lee Sanchez,PERSON,20,37
uc1.b4366032,6,7,1,Gary Whitney,PERSON,85,97
uc1.b4366032,7,5,0,first,ORDINAL,4,9
uc1.b4366032,7,5,1,Carol Lee Sanchez,PERSON,27,44
uc1.b4366032,7,5,2,Message Bringer Woman,WORK_OF_ART,79,100
uc1.b4366032,7,5,3,English,LANGUAGE,122,129
uc1.b4366032,7,5,4,Carol Lee's,PERSON,145,156
uc1.b4366032,7,5,5,Laguna Pueblo,GPE,163,176
uc1.b4366032,7,5,6,twentieth century,DATE,238,255
uc1.b4366032,7,5,7,America,GPE,256,263
uc1.b4366032,7,8,0,twelve year,DATE,74,85
uc1.b4366032,7,10,0,The Creation Myth of Message Bringer Woman,WORK_OF_ART,44,86
uc1.b4366032,7,11,0,A Mountain Climber's Handbook,WORK_OF_ART,84,113
uc1.b4366032,7,13,0,Afterword,WORK_OF_ART,25,34
uc1.b4366032,7,15,0,one,CARDINAL,21,24
uc1.b4366032,7,17,0,Carol Lee Sanchez,PERSON,0,17
uc1.b4366032,8,2,0,Carol Lee,PERSON,105,114
uc1.b4366032,8,6,0,first,ORDINAL,31,36
uc1.b4366032,8,8,0,Mestiza,NORP,7,14
uc1.b4366032,8,10,0,four,CARDINAL,15,19
uc1.b4366032,8,10,1,five,CARDINAL,51,55
uc1.b4366032,8,10,2,three,CARDINAL,77,82
uc1.b4366032,8,10,3,one,CARDINAL,160,163
uc1.b4366032,8,12,0,Arabic,NORP,77,83
uc1.b4366032,8,12,1,Indian,NORP,178,184
uc1.b4366032,8,12,2,Anglo,NORP,272,277
uc1.b4366032,8,13,0,American,NORP,50,58
uc1.b4366032,8,14,0,Carol Lee,PERSON,0,9
uc1.b4366032,8,14,1,three,CARDINAL,23,28
uc1.b4366032,8,18,0,Carol Lee Sanchez',PERSON,63,81
uc1.b4366032,8,19,0,A Mountain Climber's Handbook,WORK_OF_ART,14,43
uc1.b4366032,8,20,0,Joker ridin,PERSON,195,206
uc1.b4366032,9,0,0,first,ORDINAL,4,9
uc1.b4366032,9,1,0,second,ORDINAL,4,10
uc1.b4366032,9,1,1,third,ORDINAL,44,49
uc1.b4366032,9,2,0,three,CARDINAL,37,42
uc1.b4366032,9,7,0,Carol Lee Sanchez,PERSON,41,58
uc1.b4366032,9,11,0,Carol Lee,PERSON,96,105
uc1.b4366032,9,12,0,Quincy,GPE,3,9
uc1.b4366032,9,16,0,Blue Mountain,LOC,39,52
uc1.b4366032,9,16,1,third,ORDINAL,140,145
uc1.b4366032,9,20,0,Yellow Mountain Woman,PERSON,0,21
uc1.b4366032,9,21,0,sa ma ka mo kaits/daughter,PERSON,0,26
uc1.b4366032,9,21,1,Yellow Mountain Woman,PERSON,79,100
uc1.b4366032,9,24,0,Laguna,GPE,11,17
uc1.b4366032,9,24,1,Keresan,NORP,33,40
uc1.b4366032,9,24,2,Spanish,LANGUAGE,62,69
uc1.b4366032,9,24,3,Arabic,LANGUAGE,74,80
uc1.b4366032,9,27,0,non-Keresan-speaking,NORP,42,62
uc1.b4366032,9,28,0,Chinatown,FAC,8,17
uc1.b4366032,9,29,0,Carol Lee,PERSON,0,9
uc1.b4366032,9,32,0,Yellow Mountain Woman,WORK_OF_ART,6,27
uc1.b4366032,9,32,1,moe a na ko ko ote,GPE,37,55
uc1.b4366032,9,33,0,Yellow Mountain Woman,FAC,20,41
uc1.b4366032,9,33,1,first,ORDINAL,102,107
uc1.b4366032,9,34,0,one,CARDINAL,4,7
uc1.b4366032,10,3,0,Carol Lee Sanchez,PERSON,53,70
uc1.b4366032,10,6,0,Bill Vartnaw,PERSON,0,12
uc1.b4366032,10,6,1,San Francisco,GPE,13,26
uc1.b4366032,10,6,2,1985,DATE,28,32
uc1.b4366032,11,0,0,third,ORDINAL,36,41
uc1.b4366032,11,0,1,Bill Vartnaw,PERSON,65,77
uc1.b4366032,11,0,2,Taurean Horn Press,ORG,90,108
uc1.b4366032,11,1,0,Euro-American,NORP,45,58
uc1.b4366032,13,0,0,1,CARDINAL,22,23
uc1.b4366032,13,0,1,2,CARDINAL,24,25
uc1.b4366032,13,0,2,3,CARDINAL,26,27
uc1.b4366032,13,0,3,6,CARDINAL,28,29
uc1.b4366032,13,0,4,crystal song of the four winds the old ones,WORK_OF_ART,56,99
uc1.b4366032,13,0,5,lebneni ji-do,PERSON,198,211
uc1.b4366032,13,0,6,july 1977,DATE,315,324
uc1.b4366032,13,1,0,morning,TIME,0,7
uc1.b4366032,13,1,1,silver woman's,PERSON,15,29
uc1.b4366032,13,1,2,two,CARDINAL,77,80
uc1.b4366032,13,1,3,silver mountain,LOC,173,188
uc1.b4366032,13,1,4,lorca,GPE,225,230
uc1.b4366032,13,1,5,olson corn,PERSON,267,277
uc1.b4366032,13,1,6,coral woman's,PERSON,325,338
uc1.b4366032,14,0,0,the universe as artist 66 68 70 xii,WORK_OF_ART,54,89
uc1.b4366032,15,3,0,the night,TIME,31,40
uc1.b4366032,16,0,0,four,CARDINAL,12,16
uc1.b4366032,17,0,0,1,CARDINAL,13,14
uc1.b4366032,17,7,0,2,CARDINAL,126,127
uc1.b4366032,17,8,0,3,CARDINAL,62,63
uc1.b4366032,18,2,0,3,CARDINAL,0,1
uc1.b4366032,18,7,0,4,CARDINAL,0,1
uc1.b4366032,20,0,0,joker ridin,PERSON,15,26
uc1.b4366032,20,2,0,italy,GPE,175,180
uc1.b4366032,20,3,0,dejavu,PERSON,0,6
uc1.b4366032,20,4,0,a hundred,CARDINAL,22,31
uc1.b4366032,20,5,0,6,CARDINAL,34,35
uc1.b4366032,21,2,0,acapulco,GPE,132,140
uc1.b4366032,21,2,1,one magic,TIME,191,200
uc1.b4366032,21,3,0,ojos azules,PERSON,73,84
uc1.b4366032,22,0,0,tenatzín si,GPE,222,233
uc1.b4366032,22,1,0,joker ridin,PERSON,0,11
uc1.b4366032,22,1,1,pecado de mi alma,PERSON,94,111
uc1.b4366032,23,0,0,flint,PERSON,0,5
uc1.b4366032,23,13,0,yesterday,DATE,33,42
uc1.b4366032,23,13,1,the day,DATE,44,51
uc1.b4366032,24,0,0,sun chant cycle 1),WORK_OF_ART,0,18
uc1.b4366032,24,1,0,marxist,NORP,70,77
uc1.b4366032,24,5,0,rome,GPE,0,4
uc1.b4366032,24,6,0,paris,GPE,0,5
uc1.b4366032,24,7,0,london,GPE,0,6
uc1.b4366032,24,8,0,mexico city,GPE,0,11
uc1.b4366032,24,9,0,tokyo,GPE,0,5
uc1.b4366032,24,10,0,hong kong,GPE,0,9
uc1.b4366032,24,11,0,centuries,DATE,0,9
uc1.b4366032,24,12,0,that day,DATE,146,154
uc1.b4366032,25,0,0,2,CARDINAL,16,17
uc1.b4366032,25,1,0,days,DATE,0,4
uc1.b4366032,25,2,0,a particular day,DATE,39,55
uc1.b4366032,25,3,0,half,CARDINAL,135,139
uc1.b4366032,26,0,0,3,CARDINAL,16,17
uc1.b4366032,27,2,0,two,CARDINAL,63,66
uc1.b4366032,27,5,0,yesterdays,DATE,5,15
uc1.b4366032,27,5,1,tomorrow,DATE,70,78
uc1.b4366032,28,4,0,winter,DATE,67,73
uc1.b4366032,29,0,0,lebneni ji-do,PERSON,26,39
uc1.b4366032,29,0,1,winter,DATE,58,64
uc1.b4366032,29,2,0,keef helek,PERSON,0,10
uc1.b4366032,29,2,1,ji-de,PERSON,12,17
uc1.b4366032,29,3,0,that winter,DATE,77,88
uc1.b4366032,29,3,1,lebneni ji-do,PERSON,107,120
uc1.b4366032,29,4,0,america,GPE,14,21
uc1.b4366032,29,4,1,seboyeta,GPE,32,40
uc1.b4366032,29,4,2,hija,PERSON,54,58
uc1.b4366032,29,5,0,estos carajos,PERSON,20,33
uc1.b4366032,29,6,0,jóvenes,GPE,0,7
uc1.b4366032,29,6,1,this day,DATE,18,26
uc1.b4366032,29,11,0,lebneni grandfather,PERSON,17,36
uc1.b4366032,29,13,0,hija,PERSON,12,16
uc1.b4366032,29,14,0,dose days,DATE,0,9
uc1.b4366032,29,17,0,new york,GPE,26,34
uc1.b4366032,29,18,0,lebanon,GPE,50,57
uc1.b4366032,29,19,0,spring,DATE,91,97
uc1.b4366032,29,23,0,salud,GPE,0,5
uc1.b4366032,29,24,0,lebneni,PERSON,0,7
uc1.b4366032,29,26,0,salud у adiós.,GPE,0,14
uc1.b4366032,30,0,0,atseye,PERSON,27,33
uc1.b4366032,30,0,1,gunn,PERSON,38,42
uc1.b4366032,30,0,2,indian,NORP,67,73
uc1.b4366032,30,1,0,reservation,LOC,12,23
uc1.b4366032,30,1,1,carlisle,GPE,36,44
uc1.b4366032,30,1,2,whiteman,NORP,58,66
uc1.b4366032,30,1,3,scots/irish,NORP,67,78
uc1.b4366032,30,1,4,ohio,GPE,84,88
uc1.b4366032,30,4,0,pueblo,NORP,23,29
uc1.b4366032,30,7,0,meta atseye,ORG,22,33
uc1.b4366032,30,7,1,laguna pueblo,GPE,44,57
uc1.b4366032,30,7,2,kenneth colin campbell,PERSON,62,84
uc1.b4366032,30,7,3,harding county,GPE,100,114
uc1.b4366032,30,7,4,ohio,GPE,115,119
uc1.b4366032,30,7,5,seven,CARDINAL,134,139
uc1.b4366032,30,7,6,four,CARDINAL,141,145
uc1.b4366032,30,7,7,three,CARDINAL,160,165
uc1.b4366032,30,8,0,valencia countygiving,GPE,52,73
uc1.b4366032,31,0,0,the middle east,LOC,42,57
uc1.b4366032,31,2,0,two,CARDINAL,18,21
uc1.b4366032,31,5,0,europe,LOC,21,27
uc1.b4366032,31,5,1,two,CARDINAL,209,212
uc1.b4366032,31,6,0,first,ORDINAL,0,5
uc1.b4366032,31,6,1,americayou,GPE,26,36
uc1.b4366032,31,6,2,17,CARDINAL,100,102
uc1.b4366032,32,0,0,anew,ORG,49,53
uc1.b4366032,32,0,1,america,GPE,145,152
uc1.b4366032,32,1,0,america,GPE,9,16
uc1.b4366032,32,1,1,lebanon,GPE,51,58
uc1.b4366032,32,1,2,germany,GPE,99,106
uc1.b4366032,32,1,3,american,NORP,129,137
uc1.b4366032,32,2,0,Americas,LOC,193,201
uc1.b4366032,32,3,0,other days,DATE,150,160
uc1.b4366032,32,3,1,two,CARDINAL,164,167
uc1.b4366032,32,4,0,america,GPE,8,15
uc1.b4366032,33,3,0,three,CARDINAL,67,72
uc1.b4366032,34,0,0,el rancho gallito,GPE,27,44
uc1.b4366032,34,1,0,texan,NORP,71,76
uc1.b4366032,34,1,1,mexican,NORP,77,84
uc1.b4366032,34,6,0,20,CARDINAL,70,72
uc1.b4366032,35,2,0,21,CARDINAL,0,2
uc1.b4366032,36,0,0,july 1977,DATE,33,42
uc1.b4366032,36,0,1,a week,DATE,43,49
uc1.b4366032,36,0,2,st. anne's,PERSON,57,67
uc1.b4366032,36,5,0,santana's day,DATE,0,13
uc1.b4366032,36,6,0,sixty-one,DATE,0,9
uc1.b4366032,36,7,0,two,CARDINAL,25,28
uc1.b4366032,36,10,0,sixteen,DATE,44,51
uc1.b4366032,36,12,0,america,GPE,73,80
uc1.b4366032,37,9,0,2,CARDINAL,0,1
uc1.b4366032,37,14,0,my forty-fourth year,DATE,92,112
uc1.b4366032,37,15,0,mary austin's,PERSON,245,258
uc1.b4366032,38,1,0,24,CARDINAL,108,110
uc1.b4366032,39,1,0,quincy,GPE,3,9
uc1.b4366032,39,3,0,sa ma ka mo kaits,PERSON,0,17
uc1.b4366032,39,3,1,yellow mountain woman,PERSON,79,100
uc1.b4366032,39,4,0,earth,LOC,107,112
uc1.b4366032,39,8,0,cibola wa puh/,GPE,12,26
uc1.b4366032,39,8,1,shru wi ha,GPE,96,106
uc1.b4366032,39,8,2,kow aisho,PERSON,206,215
uc1.b4366032,39,9,0,shipop,GPE,13,19
uc1.b4366032,39,9,1,rainbow bridge,FAC,25,39
uc1.b4366032,39,9,2,shipop,GPE,53,59
uc1.b4366032,39,9,3,golden gate bridge,FAC,65,83
uc1.b4366032,39,10,0,cibola,GPE,5,11
uc1.b4366032,39,10,1,blue mountain,LOC,22,35
uc1.b4366032,39,11,0,25,CARDINAL,0,2
uc1.b4366032,40,0,0,laguna,GPE,0,6
uc1.b4366032,40,18,0,dallas,PERSON,23,29
uc1.b4366032,40,18,1,sumeria,GPE,58,65
uc1.b4366032,40,19,0,babylon,GPE,9,16
uc1.b4366032,40,25,0,babylon,GPE,8,15
uc1.b4366032,40,25,1,gutenberg,PERSON,86,95
uc1.b4366032,40,26,0,century 25,DATE,15,25
uc1.b4366032,40,29,0,four,CARDINAL,41,45
uc1.b4366032,40,30,0,only five,CARDINAL,0,9
uc1.b4366032,40,31,0,26,CARDINAL,0,2
uc1.b4366032,41,0,0,pinball,PERSON,5,12
uc1.b4366032,41,7,0,certain days,DATE,60,72
uc1.b4366032,41,8,0,janie,PERSON,5,10
uc1.b4366032,41,14,0,one,CARDINAL,0,3
uc1.b4366032,41,17,0,bob cat,PERSON,13,20
uc1.b4366032,41,21,0,lover's pointwhat,FAC,78,95
uc1.b4366032,41,25,0,27,CARDINAL,34,36
uc1.b4366032,42,3,0,northwind,PERSON,5,14
uc1.b4366032,42,10,0,last week,DATE,67,76
uc1.b4366032,42,25,0,28,CARDINAL,35,37
uc1.b4366032,43,7,0,jim,PERSON,5,8
uc1.b4366032,43,10,0,poem,PERSON,44,48
uc1.b4366032,43,24,0,chinese,NORP,13,20
uc1.b4366032,43,31,0,29,CARDINAL,24,26
uc1.b4366032,44,4,0,kraut,PERSON,5,10
uc1.b4366032,44,6,0,pittsburg,GPE,25,34
uc1.b4366032,44,17,0,these days,DATE,66,76
uc1.b4366032,44,23,0,don juan,PERSON,73,81
uc1.b4366032,44,23,1,us,GPE,152,154
uc1.b4366032,44,24,0,30,CARDINAL,0,2
uc1.b4366032,45,4,0,beethoven,PERSON,1,10
uc1.b4366032,45,10,0,medusa,GPE,0,6
uc1.b4366032,45,13,0,sassafras,PERSON,5,14
uc1.b4366032,45,13,1,chinese,NORP,29,36
uc1.b4366032,45,13,2,indians,NORP,70,77
uc1.b4366032,45,13,3,eight,CARDINAL,88,93
uc1.b4366032,45,13,4,california,GPE,163,173
uc1.b4366032,45,14,0,four,CARDINAL,7,11
uc1.b4366032,45,14,1,fours,CARDINAL,15,20
uc1.b4366032,45,16,0,coaltown,GPE,92,100
uc1.b4366032,45,20,0,oklahoma,GPE,5,13
uc1.b4366032,45,21,0,bedouin,NORP,3,10
uc1.b4366032,45,22,0,31,CARDINAL,0,2
uc1.b4366032,46,1,0,american,NORP,0,8
uc1.b4366032,46,4,0,christianized,NORP,0,13
uc1.b4366032,46,9,0,dawn,TIME,36,40
uc1.b4366032,46,10,0,morning,TIME,66,73
uc1.b4366032,46,17,0,adobe,ORG,38,43
uc1.b4366032,46,18,0,northwind,PERSON,5,14
uc1.b4366032,46,21,0,chinese,NORP,22,29
uc1.b4366032,46,23,0,ephanie,PERSON,5,12
uc1.b4366032,46,33,0,rainbow god,PERSON,0,11
uc1.b4366032,47,0,0,shipop,GPE,12,18
uc1.b4366032,47,1,0,emergence,LOC,12,21
uc1.b4366032,47,3,0,kawaik,GPE,9,15
uc1.b4366032,47,4,0,oak,ORG,0,3
uc1.b4366032,47,5,0,hah-pah-nyi,PERSON,17,28
uc1.b4366032,47,6,0,paguate,ORG,0,7
uc1.b4366032,47,7,0,qisch-chi.,PERSON,0,10
uc1.b4366032,47,8,0,first,ORDINAL,3,8
uc1.b4366032,47,9,0,tse-,PERSON,0,4
uc1.b4366032,47,10,0,waht-eh-yeh.,PERSON,0,12
uc1.b4366032,47,13,0,sandstone,GPE,0,9
uc1.b4366032,47,15,0,laguna woman,NORP,9,21
uc1.b4366032,47,17,0,33,CARDINAL,0,2
uc1.b4366032,48,0,0,flint,GPE,0,5
uc1.b4366032,49,2,0,The Residual Years,WORK_OF_ART,6,24
uc1.b4366032,49,2,1,William Everson,PERSON,28,43
uc1.b4366032,49,10,0,indian,NORP,9,15
uc1.b4366032,50,1,0,c-ko'yo magic,ORG,29,42
uc1.b4366032,50,1,1,tsüsh ki,PERSON,94,102
uc1.b4366032,50,1,2,ko yem si,PERSON,139,148
uc1.b4366032,50,1,3,ko shar e,PERSON,150,159
uc1.b4366032,50,1,4,ko ko mish,PERSON,161,171
uc1.b4366032,50,1,5,kuñ e tyea,PERSON,176,186
uc1.b4366032,50,3,0,36,CARDINAL,0,2
uc1.b4366032,51,0,0,summer,DATE,93,99
uc1.b4366032,51,1,0,shiwana,GPE,0,7
uc1.b4366032,51,1,1,shiwana,NORP,9,16
uc1.b4366032,51,1,2,shiwana,GPE,37,44
uc1.b4366032,51,1,3,shiwana,NORP,46,53
uc1.b4366032,51,1,4,shiwana,GPE,71,78
uc1.b4366032,51,1,5,shiwana,NORP,80,87
uc1.b4366032,51,1,6,srahts,PERSON,95,101
uc1.b4366032,51,1,7,shiwana,GPE,108,115
uc1.b4366032,51,1,8,shíwana,NORP,117,124
uc1.b4366032,51,2,0,shiwana,NORP,0,7
uc1.b4366032,51,2,1,mesas,LOC,48,53
uc1.b4366032,51,3,0,shiwana,GPE,0,7
uc1.b4366032,51,3,1,four,CARDINAL,57,61
uc1.b4366032,51,3,2,two,CARDINAL,75,78
uc1.b4366032,51,4,0,shiwana,GPE,0,7
uc1.b4366032,51,5,0,shíwana,GPE,0,7
uc1.b4366032,51,6,0,37,CARDINAL,0,2
uc1.b4366032,52,0,0,morning,TIME,0,7
uc1.b4366032,52,2,0,38,CARDINAL,0,2
uc1.b4366032,53,0,0,dorinda moreno,PERSON,26,40
uc1.b4366032,53,0,1,corazón de la tierra,GPE,79,99
uc1.b4366032,53,0,2,yei,NORP,170,173
uc1.b4366032,53,0,3,a la ro000 ro000 ro000 from,PERSON,223,250
uc1.b4366032,53,0,4,hogan,NORP,253,258
uc1.b4366032,53,0,5,adobe,NORP,265,270
uc1.b4366032,53,0,6,casita,GPE,271,277
uc1.b4366032,53,0,7,the di ne,NORP,299,308
uc1.b4366032,53,1,0,mestiza,PERSON,0,7
uc1.b4366032,53,1,1,chicana,NORP,42,49
uc1.b4366032,53,2,0,a la ro000 ro000 ro000 the,PERSON,0,26
uc1.b4366032,53,2,1,yei,NORP,27,30
uc1.b4366032,54,0,0,black elk,PERSON,11,20
uc1.b4366032,54,0,1,wallace,PERSON,26,33
uc1.b4366032,54,0,2,black elk,PERSON,34,43
uc1.b4366032,54,0,3,four,CARDINAL,105,109
uc1.b4366032,54,1,0,one,CARDINAL,0,3
uc1.b4366032,54,1,1,sundays,DATE,13,20
uc1.b4366032,54,1,2,english,LANGUAGE,139,146
uc1.b4366032,54,1,3,indian,NORP,147,153
uc1.b4366032,54,2,0,black elk,PERSON,23,32
uc1.b4366032,54,3,0,lakota,GPE,58,64
uc1.b4366032,54,4,0,black elk,PERSON,0,9
uc1.b4366032,54,8,0,four,CARDINAL,32,36
uc1.b4366032,54,9,0,indians,NORP,50,57
uc1.b4366032,54,10,0,ecologies,ORG,14,23
uc1.b4366032,54,10,1,wakan tanka,PERSON,51,62
uc1.b4366032,54,12,0,four,CARDINAL,30,34
uc1.b4366032,54,12,1,two,CARDINAL,44,47
uc1.b4366032,54,14,0,wakanblack elk,ORG,0,14
uc1.b4366032,54,14,1,grandson wallace,PERSON,31,47
uc1.b4366032,54,14,2,california,GPE,59,69
uc1.b4366032,54,21,0,40,CARDINAL,0,2
uc1.b4366032,55,1,0,english,LANGUAGE,11,18
uc1.b4366032,55,2,0,lakota,GPE,4,10
uc1.b4366032,55,2,1,holy man,PERSON,11,19
uc1.b4366032,55,8,0,the four-wind directions,WORK_OF_ART,22,46
uc1.b4366032,55,9,0,wakan,NORP,46,51
uc1.b4366032,55,9,1,wakan,NORP,90,95
uc1.b4366032,55,9,2,wakan,NORP,117,122
uc1.b4366032,55,10,0,wakan,NORP,0,5
uc1.b4366032,55,11,0,41,CARDINAL,0,2
uc1.b4366032,57,2,0,every minute of every day,TIME,160,185
uc1.b4366032,58,0,0,two,CARDINAL,4,7
uc1.b4366032,58,0,1,two,CARDINAL,62,65
uc1.b4366032,58,1,0,Southline,LOC,6,15
uc1.b4366032,58,1,1,Gogisgi,PERSON,19,26
uc1.b4366032,58,1,2,Carroll Arnett,PERSON,27,41
uc1.b4366032,58,2,0,indians,NORP,26,33
uc1.b4366032,58,2,1,north americathat,LOC,37,54
uc1.b4366032,58,2,2,sd.,GPE,65,68
uc1.b4366032,58,3,0,four,CARDINAL,79,83
uc1.b4366032,58,3,1,today,DATE,171,176
uc1.b4366032,58,4,0,panama,GPE,63,69
uc1.b4366032,58,4,1,three summers,DATE,264,277
uc1.b4366032,58,6,0,americans,NORP,23,32
uc1.b4366032,59,0,0,us,GPE,53,55
uc1.b4366032,59,1,0,ten gallon,QUANTITY,105,115
uc1.b4366032,59,1,1,indian,NORP,277,283
uc1.b4366032,59,1,2,north america,LOC,300,313
uc1.b4366032,59,3,0,five centuries,DATE,0,14
uc1.b4366032,59,4,0,five centuries,DATE,0,14
uc1.b4366032,59,4,1,winter,DATE,77,83
uc1.b4366032,59,7,0,five centuries,DATE,0,14
uc1.b4366032,59,7,1,two,CARDINAL,33,36
uc1.b4366032,59,8,0,indian,NORP,47,53
uc1.b4366032,59,9,0,five centuries,DATE,0,14
uc1.b4366032,59,10,0,five centuries,DATE,0,14
uc1.b4366032,59,11,0,five centuries,DATE,0,14
uc1.b4366032,59,11,1,two,CARDINAL,30,33
uc1.b4366032,60,0,0,years,DATE,101,106
uc1.b4366032,60,12,0,olympus,GPE,0,7
uc1.b4366032,60,12,1,fuji,GPE,12,16
uc1.b4366032,60,13,0,izanami,NORP,52,59
uc1.b4366032,60,13,1,bonsai pines,LOC,93,105
uc1.b4366032,60,13,2,izanagi,NORP,133,140
uc1.b4366032,60,13,3,centuries ago,DATE,150,163
uc1.b4366032,60,14,0,popocatapetl,GPE,0,12
uc1.b4366032,60,14,1,ixtauhuatl,GPE,17,27
uc1.b4366032,60,15,0,46,CARDINAL,41,43
uc1.b4366032,61,0,0,winter,DATE,20,26
uc1.b4366032,61,2,0,one,CARDINAL,14,17
uc1.b4366032,61,16,0,eons,DATE,156,160
uc1.b4366032,62,1,0,two,CARDINAL,0,3
uc1.b4366032,62,1,1,three,CARDINAL,7,12
uc1.b4366032,62,6,0,first,ORDINAL,51,56
uc1.b4366032,62,10,0,daily,DATE,121,126
uc1.b4366032,62,13,0,48,CARDINAL,0,2
uc1.b4366032,63,0,0,1,CARDINAL,21,22
uc1.b4366032,63,1,0,ariadne,PERSON,0,7
uc1.b4366032,63,4,0,ariadne,PERSON,0,7
uc1.b4366032,63,5,0,49,CARDINAL,0,2
uc1.b4366032,64,0,0,2,CARDINAL,31,32
uc1.b4366032,64,1,0,a day,DATE,8,13
uc1.b4366032,64,2,0,any day,DATE,0,7
uc1.b4366032,64,7,0,one moment,TIME,9,19
uc1.b4366032,64,7,1,early morning,TIME,124,137
uc1.b4366032,64,9,0,50,CARDINAL,0,2
uc1.b4366032,65,0,0,3,CARDINAL,21,22
uc1.b4366032,65,1,0,coeur d'angeline,PERSON,0,16
uc1.b4366032,65,1,1,alabaster,NORP,22,31
uc1.b4366032,65,6,0,santa teresa,PERSON,0,12
uc1.b4366032,65,6,1,rosas del cielo,GPE,14,29
uc1.b4366032,65,6,2,tus manos,GPE,33,42
uc1.b4366032,65,8,0,teresa,PERSON,0,6
uc1.b4366032,65,11,0,51,CARDINAL,0,2
uc1.b4366032,66,1,0,52,CARDINAL,0,2
uc1.b4366032,67,6,0,each morning,TIME,40,52
uc1.b4366032,67,18,0,the year,DATE,34,42
uc1.b4366032,67,19,0,53,CARDINAL,0,2
uc1.b4366032,68,0,0,silver mountain,PERSON,5,20
uc1.b4366032,68,2,0,the nameless faces,PERSON,8,26
uc1.b4366032,68,6,0,one,CARDINAL,48,51
uc1.b4366032,68,8,0,nightly,DATE,72,79
uc1.b4366032,69,1,0,55,CARDINAL,48,50
uc1.b4366032,70,1,0,lorca lorcain castellana,PERSON,4,28
uc1.b4366032,71,1,0,olson,PERSON,4,9
uc1.b4366032,71,3,0,days,DATE,0,4
uc1.b4366032,72,0,0,corn,PERSON,0,4
uc1.b4366032,72,0,1,wendy rose,PERSON,19,29
uc1.b4366032,72,5,0,simon,PERSON,26,31
uc1.b4366032,72,5,1,leslie,PERSON,33,39
uc1.b4366032,72,5,2,paula,PERSON,41,46
uc1.b4366032,72,17,0,one,CARDINAL,43,46
uc1.b4366032,73,16,0,simon,PERSON,0,5
uc1.b4366032,73,17,0,leslie,PERSON,0,6
uc1.b4366032,73,18,0,paula,PERSON,0,5
uc1.b4366032,73,19,0,wendy,PERSON,0,5
uc1.b4366032,73,29,0,59,CARDINAL,71,73
uc1.b4366032,74,0,0,one,CARDINAL,27,30
uc1.b4366032,75,0,0,joy harjo,PERSON,24,33
uc1.b4366032,75,4,0,6/84 61,CARDINAL,0,7
uc1.b4366032,76,0,0,blue lake song,WORK_OF_ART,0,14
uc1.b4366032,76,0,1,these mornings,TIME,15,29
uc1.b4366032,76,1,0,la ventana,GPE,62,72
uc1.b4366032,76,1,1,el gallo,GPE,105,113
uc1.b4366032,76,4,0,blue mountain woman,WORK_OF_ART,26,45
uc1.b4366032,76,7,0,huk ko,PERSON,43,49
uc1.b4366032,76,9,0,oh srats/,PERSON,0,9
uc1.b4366032,76,10,0,62,CARDINAL,0,2
uc1.b4366032,77,1,0,placeto,LOC,90,97
uc1.b4366032,77,2,0,six,CARDINAL,34,37
uc1.b4366032,77,3,0,63,CARDINAL,0,2
uc1.b4366032,78,0,0,coral woman's,PERSON,0,13
uc1.b4366032,78,5,0,mediterranean,NORP,23,36
uc1.b4366032,78,5,1,twenty years,DATE,104,116
uc1.b4366032,79,1,0,65,CARDINAL,0,2
uc1.b4366032,80,0,0,days,DATE,47,51
uc1.b4366032,80,1,0,one,CARDINAL,31,34
uc1.b4366032,80,6,0,yesteryears,DATE,18,29
uc1.b4366032,80,9,0,the night,TIME,52,61
uc1.b4366032,80,11,0,evening,TIME,43,50
uc1.b4366032,80,11,1,winter,DATE,51,57
uc1.b4366032,80,14,0,66,CARDINAL,25,27
uc1.b4366032,82,1,0,minutes,TIME,89,96
uc1.b4366032,82,2,0,morning,TIME,0,7
uc1.b4366032,82,2,1,mid,TIME,104,107
uc1.b4366032,82,2,2,early evening,TIME,124,137
uc1.b4366032,82,3,0,the day,DATE,73,80
uc1.b4366032,82,8,0,68,CARDINAL,0,2
uc1.b4366032,84,1,0,Einstein,PERSON,53,61
uc1.b4366032,84,1,1,Carol Lee,PERSON,63,72
uc1.b4366032,84,4,0,a Carol Lee,PERSON,0,11
uc1.b4366032,84,5,0,about thirteen years,DATE,70,90
uc1.b4366032,84,8,0,tsush ki,PERSON,99,107
uc1.b4366032,84,10,0,Carol Lee,PERSON,145,154
uc1.b4366032,85,0,0,Carol Lee,PERSON,122,131
uc1.b4366032,85,2,0,Indian,NORP,51,57
uc1.b4366032,85,2,1,Lebneni,NORP,158,165
uc1.b4366032,85,2,2,European,NORP,176,184
uc1.b4366032,85,2,3,Scot,NORP,195,199
uc1.b4366032,85,2,4,American,NORP,210,218
uc1.b4366032,85,4,0,Carol Lee's,PERSON,16,27
uc1.b4366032,85,5,0,Carol Lee's,PERSON,88,99
uc1.b4366032,85,6,0,Carol Lee,PERSON,0,9
uc1.b4366032,85,6,1,more than a dozen years,DATE,105,128
uc1.b4366032,85,7,0,those years,DATE,77,88
uc1.b4366032,85,13,0,Southwest,LOC,22,31
uc1.b4366032,85,13,1,Carol Lee,PERSON,39,48
uc1.b4366032,85,15,0,moonless nights,DATE,3,18
uc1.b4366032,85,18,0,millenia,DATE,48,56
uc1.b4366032,85,19,0,One,CARDINAL,0,3
uc1.b4366032,85,19,1,Carol Lee,PERSON,24,33
uc1.b4366032,85,19,2,one,CARDINAL,34,37
uc1.b4366032,85,20,0,one,CARDINAL,25,28
uc1.b4366032,85,21,0,71,CARDINAL,98,100
uc1.b4366032,86,1,0,D. Druid Spechtold,PERSON,0,18
uc1.b4366032,86,1,1,San Francisco,GPE,19,32
uc1.b4366032,86,1,2,"March, 1985",DATE,33,44
uc1.b4366032,86,1,3,72,DATE,45,47
uc1.b4366032,87,0,0,Elias Lee Francis,PERSON,30,47
uc1.b4366032,87,0,1,Ethel Gunn Gottlieb,PERSON,52,71
uc1.b4366032,87,2,0,spanish,NORP,26,33
uc1.b4366032,87,2,1,seboyeta,GPE,53,61
uc1.b4366032,87,2,2,laguna village,GPE,88,102
uc1.b4366032,87,3,0,albuquerque,GPE,14,25
uc1.b4366032,87,3,1,paguate village,GPE,40,55
uc1.b4366032,87,3,2,the laguna reservation,LOC,59,81
uc1.b4366032,87,3,3,cubero,GPE,119,125
uc1.b4366032,87,3,4,the cubero land grant,LOC,129,150
uc1.b4366032,87,3,5,four,DATE,179,183
uc1.b4366032,87,4,0,american,NORP,64,72
uc1.b4366032,87,4,1,indian,NORP,73,79
uc1.b4366032,87,4,2,laguna pueblo,GPE,91,104
uc1.b4366032,87,4,3,scotch,NORP,119,125
uc1.b4366032,87,4,4,french,NORP,130,136
uc1.b4366032,87,4,5,lebanese,NORP,175,183
uc1.b4366032,87,4,6,two,CARDINAL,233,236
uc1.b4366032,87,4,7,four,CARDINAL,247,251
uc1.b4366032,87,5,0,european,NORP,3,11
uc1.b4366032,87,5,1,middle eastern,NORP,12,26
uc1.b4366032,87,5,2,new mexico territory,LOC,48,68
uc1.b4366032,87,5,3,the late 1800's,DATE,72,87
uc1.b4366032,87,5,4,laguna,NORP,126,132
uc1.b4366032,87,5,5,acoma pueblo,NORP,137,149
uc1.b4366032,87,10,0,Kathleen Ann Swanquist,PERSON,50,72
uc1.b4366032,87,10,1,Paula Gunn Allen,PERSON,74,90
uc1.b4366032,87,10,2,E. Lee Francis III,PERSON,92,110
uc1.b4366032,87,10,3,John Cecil Francis,PERSON,115,133
uc1.b4366032,87,10,4,many years,DATE,171,181
uc1.b4366032,87,12,0,1966,DATE,3,7
uc1.b4366032,87,12,1,new mexico,GPE,16,26
uc1.b4366032,87,12,2,two,CARDINAL,35,38
uc1.b4366032,87,12,3,Paul Frederick,PERSON,55,69
uc1.b4366032,87,12,4,Suecarol Bartolucci,PERSON,74,93
uc1.b4366032,87,12,5,san francisco's,GPE,198,213
uc1.b4366032,87,12,6,north beach,LOC,214,225
uc1.b4366032,87,13,0,Miguel Rashid Sanchez,PERSON,0,21
uc1.b4366032,87,13,1,september of that year,DATE,48,70
uc1.b4366032,87,13,2,1968,DATE,78,82
uc1.b4366032,87,13,3,bay area,LOC,114,122
uc1.b4366032,87,14,0,the last ten years,DATE,5,23
uc1.b4366032,87,14,1,bay area,LOC,37,45
uc1.b4366032,87,14,2,the california poets in the schools,ORG,89,124
uc1.b4366032,87,14,3,pbs tv,ORG,146,152
uc1.b4366032,87,14,4,san francisco state university,ORG,293,323
uc1.b4366032,87,14,5,american,NORP,325,333
uc1.b4366032,87,14,6,the san francisco art institute,ORG,364,395
uc1.b4366032,87,14,7,mills college,ORG,400,413
uc1.b4366032,87,14,8,u.s.,GPE,440,444
uc1.b4366032,87,14,9,american,NORP,540,548
uc1.b4366032,87,15,0,casa editorial,ORG,60,74
uc1.b4366032,87,15,1,message bringer woman,WORK_OF_ART,80,101
uc1.b4366032,87,15,2,taurean horn press,ORG,104,122
uc1.b4366032,87,15,3,1975,DATE,142,146
uc1.b4366032,87,15,4,1977,DATE,151,155
uc1.b4366032,87,16,0,Bill Vartnaw,PERSON,38,50
uc1.b4366032,87,16,1,Druid Spechtold,PERSON,121,136
uc1.b4366032,87,16,2,Thomas Allen,PERSON,215,227
uc1.b4366032,87,18,0,"june 21, 1985",DATE,0,13
uc1.b4366032,87,18,1,santa margarita,GPE,14,29
uc1.b4366032,87,18,2,california,GPE,31,41
uc1.b4366032,88,0,0,1,CARDINAL,4,5
uc1.b4366032,88,0,1,1,CARDINAL,6,7
uc1.b4366032,89,0,0,1,CARDINAL,0,1
uc1.b4366032,90,0,0,"THE UNIVERSITY LIBRARY UNIVERSITY OF CALIFORNIA,",ORG,0,48
uc1.b4366032,90,0,1,SANTA CRUZ,GPE,49,59
uc1.b4366032,90,2,0,429-2756,CARDINAL,24,32
uc1.b4366032,90,3,0,14 days,DATE,37,44
uc1.b4366032,90,4,0,1989,DATE,26,30
uc1.b4366032,90,4,1,SANTA CRUZ,GPE,34,44
uc1.b4366032,90,4,2,1989,DATE,69,73
uc1.b4366032,90,4,3,1992,DATE,87,91
uc1.b4366032,90,4,4,1993,DATE,124,128
uc1.b4366032,90,4,5,1999,DATE,142,146
uc1.b4366032,91,0,0,CALIFORNIA,GPE,14,24
uc1.b4366032,91,0,1,SANTA CRUZ,GPE,26,36
uc1.b4366032,92,1,0,A Mountain Climber's Handbook,WORK_OF_ART,18,47
uc1.b4366032,92,1,1,Carol Lee Sanchez,PERSON,48,65
uc1.b4366032,92,2,0,Carol Lee's,PERSON,19,30
uc1.b4366032,92,3,0,Ntozake Shange,PERSON,0,14
uc1.b4366032,92,7,0,Carol Lee Sanchez,PERSON,0,17
uc1.b4366032,92,12,0,Carol Lee's,PERSON,12,23
uc1.b4366032,92,15,0,Faye Kicknosway,PERSON,0,15
uc1.b4366032,92,15,1,TAUREANUORN/OUT ITEST LIMITED,ORG,16,45
uc1.b4366032,92,15,2,0-931552-06-0,CARDINAL,51,64
