vol_id,page,sentence_id,ent_id,entity,entity_type,start_char,end_char
uc1.32106006519711,1,0,0,Joy Harjo,PERSON,36,45
uc1.32106006519711,5,1,0,Joy Harjo,PERSON,0,9
uc1.32106006519711,5,1,1,1,CARDINAL,10,11
uc1.32106006519711,5,1,2,Reed Books,ORG,13,23
uc1.32106006519711,5,1,3,New York,GPE,41,49
uc1.32106006519711,5,1,4,N.Y.,GPE,51,55
uc1.32106006519711,5,1,5,1979,DATE,62,66
uc1.32106006519711,6,0,0,Univ. Library,ORG,0,13
uc1.32106006519711,6,0,1,Univ.,GPE,15,20
uc1.32106006519711,6,0,2,Calif.,GPE,21,27
uc1.32106006519711,6,0,3,Santa Cruz,GPE,29,39
uc1.32106006519711,6,2,0,1979,DATE,12,16
uc1.32106006519711,6,2,1,Joy Harjo,PERSON,20,29
uc1.32106006519711,6,3,0,First Printing,ORG,20,34
uc1.32106006519711,6,3,1,79-88563,CARDINAL,39,47
uc1.32106006519711,6,3,2,0-918408-16-4,CARDINAL,54,67
uc1.32106006519711,6,4,0,the New York State Council for the Arts,ORG,59,98
uc1.32106006519711,6,5,0,the United States of America,GPE,11,39
uc1.32106006519711,6,5,1,Joy Harjo,PERSON,49,58
uc1.32106006519711,6,6,0,Andrea DuFlon Typeset,PERSON,15,36
uc1.32106006519711,6,6,1,Archetype,ORG,65,74
uc1.32106006519711,6,6,2,Berkeley,GPE,76,84
uc1.32106006519711,6,6,3,CA,GPE,86,88
uc1.32106006519711,7,1,0,It's the Same,WORK_OF_ART,19,32
uc1.32106006519711,7,1,1,4 A.M.,TIME,36,42
uc1.32106006519711,7,1,2,"Thunderbird ""Too Far Into Arizona",WORK_OF_ART,45,78
uc1.32106006519711,7,1,3,The Last Song,WORK_OF_ART,81,94
uc1.32106006519711,7,1,4,NMSU,ORG,118,122
uc1.32106006519711,7,1,5,The Remembered Earth,WORK_OF_ART,130,150
uc1.32106006519711,7,1,6,Red Earth Press,ORG,152,167
uc1.32106006519711,7,1,7,Albuquerque,GPE,169,180
uc1.32106006519711,7,1,8,Morning Once More,WORK_OF_ART,182,199
uc1.32106006519711,7,1,9,Puerto Del Sol,GPE,202,216
uc1.32106006519711,7,1,10,Are You Still,WORK_OF_ART,251,264
uc1.32106006519711,7,1,11,Conversations Between Here and Home,WORK_OF_ART,274,309
uc1.32106006519711,7,1,12,Watching Crow,WORK_OF_ART,313,326
uc1.32106006519711,7,1,13,The Third Woman,WORK_OF_ART,329,344
uc1.32106006519711,7,1,14,Houghton Mifflin,ORG,346,362
uc1.32106006519711,7,1,15,For A Hopi Silversmith,WORK_OF_ART,364,386
uc1.32106006519711,7,1,16,The First Skin Around Me,WORK_OF_ART,463,487
uc1.32106006519711,7,1,17,Territorial Press,ORG,489,506
uc1.32106006519711,7,1,18,Early Morning Woman,WORK_OF_ART,508,527
uc1.32106006519711,7,1,19,"Best Friends """,WORK_OF_ART,530,544
uc1.32106006519711,7,1,20,Dacotah,GPE,582,589
uc1.32106006519711,7,1,21,Round Dance Somewhere Around Oklahoma City/,WORK_OF_ART,601,644
uc1.32106006519711,7,1,22,"Watching Crow, Looking South Towards the Manzano Mountains",WORK_OF_ART,669,727
uc1.32106006519711,7,1,23,The Last Song,WORK_OF_ART,730,743
uc1.32106006519711,7,1,24,Puerto Del Sol Press,ORG,745,765
uc1.32106006519711,7,1,25,White Sands,WORK_OF_ART,767,778
uc1.32106006519711,7,1,26,The Blanket Around Her,WORK_OF_ART,809,831
uc1.32106006519711,7,1,27,The Indian Rio Grande,WORK_OF_ART,834,855
uc1.32106006519711,7,1,28,San Juan Pueblo,GPE,858,873
uc1.32106006519711,7,1,29,South Dakota,GPE,878,890
uc1.32106006519711,7,1,30,800 Miles,QUANTITY,895,904
uc1.32106006519711,7,1,31,The Last Song,WORK_OF_ART,921,934
uc1.32106006519711,7,1,32,Puerto Del Sol Press,ORG,936,956
uc1.32106006519711,7,1,33,"Black Hills,",WORK_OF_ART,958,970
uc1.32106006519711,7,1,34,Lame Deer,WORK_OF_ART,973,982
uc1.32106006519711,7,1,35,Kansas City Coyote,WORK_OF_ART,986,1004
uc1.32106006519711,7,1,36,Dacotah Territory,GPE,1007,1024
uc1.32106006519711,7,1,37,The Lost Weekend Bar,WORK_OF_ART,1026,1046
uc1.32106006519711,7,1,38,Settling America,WORK_OF_ART,1049,1065
uc1.32106006519711,7,1,39,Four Horse Songs,WORK_OF_ART,1078,1094
uc1.32106006519711,7,1,40,New Mexico,GPE,1097,1107
uc1.32106006519711,7,1,41,Conversations Between Here and Home,WORK_OF_ART,1118,1153
uc1.32106006519711,7,1,42,Puerto Del Sol,GPE,1156,1170
uc1.32106006519711,7,1,43,Isleta Woman Singing,WORK_OF_ART,1172,1192
uc1.32106006519711,7,1,44,The Last Song,WORK_OF_ART,1195,1208
uc1.32106006519711,7,1,45,Puerto Del Sol,GPE,1210,1224
uc1.32106006519711,7,1,46,"Going Towards Pojoaque, A December Full Moon",WORK_OF_ART,1232,1276
uc1.32106006519711,7,1,47,Dacotah,GPE,1279,1286
uc1.32106006519711,7,1,48,We Are All Foreigners,WORK_OF_ART,1298,1319
uc1.32106006519711,7,1,49,"Crows, And I Know My Part",WORK_OF_ART,1342,1367
uc1.32106006519711,7,1,50,Puerto Del Sol,ORG,1481,1495
uc1.32106006519711,7,1,51,3AM,WORK_OF_ART,1497,1500
uc1.32106006519711,7,1,52,New Mexico Magazine,ORG,1503,1522
uc1.32106006519711,7,1,53,The Last Song,WORK_OF_ART,1524,1537
uc1.32106006519711,7,1,54,Puerto Del Sol Press,GPE,1539,1559
uc1.32106006519711,7,1,55,For A Hop Silversmith,WORK_OF_ART,1561,1582
uc1.32106006519711,7,1,56,The Last Song,WORK_OF_ART,1585,1598
uc1.32106006519711,7,1,57,Puerto Del Sol,GPE,1600,1614
uc1.32106006519711,7,1,58,Are You Still,WORK_OF_ART,1622,1635
uc1.32106006519711,7,1,59,The Last Song,WORK_OF_ART,1644,1657
uc1.32106006519711,7,1,60,Puerto Del Sol Press,ORG,1659,1679
uc1.32106006519711,7,1,61,Half Light,WORK_OF_ART,1681,1691
uc1.32106006519711,7,1,62,The Indian Rio Grande,WORK_OF_ART,1694,1715
uc1.32106006519711,9,0,0,BATHEU,GPE,4,10
uc1.32106006519711,9,0,1,Albuquerque,GPE,23,34
uc1.32106006519711,11,0,0,Winter,DATE,9,15
uc1.32106006519711,11,0,1,Oklahoma City/,GPE,101,115
uc1.32106006519711,11,0,2,November,DATE,116,124
uc1.32106006519711,11,0,3,Chicago,GPE,131,138
uc1.32106006519711,11,0,4,Albuquerque,GPE,142,153
uc1.32106006519711,11,0,5,the Manzano Mountains,LOC,235,256
uc1.32106006519711,11,0,6,San Juan Pueblo,GPE,292,307
uc1.32106006519711,11,0,7,South Dakota,GPE,312,324
uc1.32106006519711,11,0,8,800 Miles,QUANTITY,329,338
uc1.32106006519711,11,1,0,Kansas City,GPE,43,54
uc1.32106006519711,11,1,1,Four,CARDINAL,62,66
uc1.32106006519711,11,1,2,Winter,DATE,179,185
uc1.32106006519711,11,1,3,Isleta,GPE,190,196
uc1.32106006519711,11,1,4,Pojoaque,GPE,225,233
uc1.32106006519711,11,1,5,December,DATE,237,245
uc1.32106006519711,11,1,6,First,ORDINAL,272,277
uc1.32106006519711,11,1,7,Noni,NORP,278,282
uc1.32106006519711,12,1,0,Albuquerque,GPE,47,58
uc1.32106006519711,12,1,1,Two Hundred Years,DATE,100,117
uc1.32106006519711,12,1,2,Canada,GPE,195,201
uc1.32106006519711,12,1,3,Hopi,NORP,221,225
uc1.32106006519711,12,1,4,El Paso,GPE,246,253
uc1.32106006519711,12,1,5,#2,CARDINAL,337,339
uc1.32106006519711,12,1,6,Acoma,NORP,411,416
uc1.32106006519711,12,1,7,Indian,NORP,433,439
uc1.32106006519711,12,1,8,Half,CARDINAL,452,456
uc1.32106006519711,12,1,9,Four A.M.,TIME,480,489
uc1.32106006519711,12,1,10,Sunday,DATE,496,502
uc1.32106006519711,12,1,11,Arizona,GPE,524,531
uc1.32106006519711,12,1,12,Morning,TIME,546,553
uc1.32106006519711,15,0,0,early morning,TIME,143,156
uc1.32106006519711,15,0,1,early morning,TIME,253,266
uc1.32106006519711,15,0,2,3,CARDINAL,379,380
uc1.32106006519711,16,0,0,nine months,DATE,109,120
uc1.32106006519711,17,0,0,Oklahoma November,EVENT,95,112
uc1.32106006519711,17,0,1,Indians,NORP,124,131
uc1.32106006519711,17,0,2,Indians,NORP,146,153
uc1.32106006519711,17,0,3,Oklahoma City,GPE,201,214
uc1.32106006519711,17,1,0,Creek,NORP,32,37
uc1.32106006519711,17,1,1,Indians,NORP,137,144
uc1.32106006519711,17,1,2,Canada,GPE,160,166
uc1.32106006519711,17,1,3,5,CARDINAL,397,398
uc1.32106006519711,18,0,0,Chicago,GPE,0,7
uc1.32106006519711,18,0,1,Albuquerque,GPE,11,22
uc1.32106006519711,18,0,2,chicago,GPE,74,81
uc1.32106006519711,18,0,3,albuquerque,GPE,85,96
uc1.32106006519711,18,0,4,all these years,DATE,143,158
uc1.32106006519711,18,1,0,prairies,LOC,99,107
uc1.32106006519711,18,2,0,the long night,TIME,88,102
uc1.32106006519711,19,1,0,four days,DATE,16,25
uc1.32106006519711,19,1,1,some three a.m.,TIME,162,177
uc1.32106006519711,19,2,0,winter,DATE,142,148
uc1.32106006519711,20,0,0,The Manzano Mountains,LOC,36,57
uc1.32106006519711,20,0,1,Albuquerque,GPE,159,170
uc1.32106006519711,20,0,2,Manzanos,LOC,217,225
uc1.32106006519711,20,0,3,thirty years,DATE,347,359
uc1.32106006519711,20,0,4,8,CARDINAL,399,400
uc1.32106006519711,21,0,0,White Sands,GPE,0,11
uc1.32106006519711,21,0,1,Tulsa,GPE,61,66
uc1.32106006519711,21,0,2,December,DATE,125,133
uc1.32106006519711,21,0,3,two,CARDINAL,206,209
uc1.32106006519711,21,0,4,New Mexico,GPE,288,298
uc1.32106006519711,21,0,5,Oklahoma,GPE,315,323
uc1.32106006519711,21,0,6,Alamagordo,GPE,419,429
uc1.32106006519711,21,0,7,9,CARDINAL,502,503
uc1.32106006519711,23,0,0,San Juan Pueblo,GPE,0,15
uc1.32106006519711,23,0,1,South Dakota,GPE,20,32
uc1.32106006519711,23,0,2,800 Miles,QUANTITY,37,46
uc1.32106006519711,23,0,3,Sioux,NORP,97,102
uc1.32106006519711,23,0,4,Siouxs,NORP,201,207
uc1.32106006519711,23,0,5,Sandias,NORP,346,353
uc1.32106006519711,23,0,6,Barbara Wells,PERSON,358,371
uc1.32106006519711,23,0,7,Pine Ridge,LOC,394,404
uc1.32106006519711,23,0,8,11,CARDINAL,432,434
uc1.32106006519711,24,0,0,Black Hills,LOC,0,11
uc1.32106006519711,24,0,1,the Black Hills,GPE,12,27
uc1.32106006519711,24,0,2,12,CARDINAL,136,138
uc1.32106006519711,25,0,0,Lame Deer,PERSON,0,9
uc1.32106006519711,25,0,1,thousands of years old,DATE,60,82
uc1.32106006519711,26,0,0,The Lost Weekend Bar,ORG,0,20
uc1.32106006519711,26,0,1,The Lost Weekend Bar,ORG,21,41
uc1.32106006519711,26,0,2,Tahlequah,GPE,45,54
uc1.32106006519711,26,0,3,Oklahoma,GPE,56,64
uc1.32106006519711,26,0,4,Monday,DATE,86,92
uc1.32106006519711,26,1,0,the Illinois River,LOC,30,48
uc1.32106006519711,26,3,0,daylight,TIME,3,11
uc1.32106006519711,26,3,1,the Illinois River,LOC,53,71
uc1.32106006519711,26,3,2,14,CARDINAL,73,75
uc1.32106006519711,27,0,0,Kansas City,GPE,0,11
uc1.32106006519711,27,0,1,Kansas City,GPE,92,103
uc1.32106006519711,27,0,2,a dollar,MONEY,170,178
uc1.32106006519711,27,0,3,Kansas City,GPE,218,229
uc1.32106006519711,27,0,4,Kansas City,GPE,261,272
uc1.32106006519711,28,0,0,Four,CARDINAL,0,4
uc1.32106006519711,28,0,1,1,CARDINAL,17,18
uc1.32106006519711,28,0,2,White One,PERSON,20,29
uc1.32106006519711,28,0,3,dakota,NORP,81,87
uc1.32106006519711,28,0,4,two feet,QUANTITY,155,163
uc1.32106006519711,28,0,5,2,CARDINAL,286,287
uc1.32106006519711,28,1,0,Red One,PERSON,0,7
uc1.32106006519711,28,1,1,the next day,DATE,58,70
uc1.32106006519711,28,1,2,Gallup,GPE,115,121
uc1.32106006519711,28,1,3,the same day,DATE,188,200
uc1.32106006519711,28,1,4,3,CARDINAL,208,209
uc1.32106006519711,28,1,5,Gray One,PERSON,211,219
uc1.32106006519711,29,0,0,4.,CARDINAL,0,2
uc1.32106006519711,29,0,1,One,CARDINAL,10,13
uc1.32106006519711,29,0,2,Tsaile,GPE,45,51
uc1.32106006519711,30,1,0,Emma Lee's,PERSON,0,10
uc1.32106006519711,30,1,1,this weekend,DATE,31,43
uc1.32106006519711,30,3,0,Anna,PERSON,0,4
uc1.32106006519711,30,3,1,one week,DATE,17,25
uc1.32106006519711,30,4,0,Jim,PERSON,16,19
uc1.32106006519711,30,4,1,two weeks,DATE,24,33
uc1.32106006519711,30,4,2,Saturday,DATE,87,95
uc1.32106006519711,30,4,3,Anadarko,GPE,106,114
uc1.32106006519711,30,5,0,18,CARDINAL,116,118
uc1.32106006519711,31,0,0,second,ORDINAL,93,99
uc1.32106006519711,32,0,0,The United States Army,ORG,11,33
uc1.32106006519711,32,0,1,a million,CARDINAL,60,69
uc1.32106006519711,32,1,0,Kentucky,GPE,74,82
uc1.32106006519711,32,3,0,the United States Army,ORG,4,26
uc1.32106006519711,32,3,1,a thousand,CARDINAL,65,75
uc1.32106006519711,32,4,0,20,CARDINAL,0,2
uc1.32106006519711,33,1,0,Carmen,PERSON,29,35
uc1.32106006519711,33,3,0,Carmen,PERSON,48,54
uc1.32106006519711,33,3,1,Carmen,PERSON,179,185
uc1.32106006519711,33,4,0,one,CARDINAL,40,43
uc1.32106006519711,33,4,1,Central Avenue,FAC,162,176
uc1.32106006519711,33,5,0,two thousand years old,DATE,7,29
uc1.32106006519711,33,8,0,21,CARDINAL,0,2
uc1.32106006519711,34,0,0,Mount Taylor,LOC,69,81
uc1.32106006519711,34,0,1,every evening,TIME,97,110
uc1.32106006519711,34,0,2,dusk,TIME,114,118
uc1.32106006519711,34,1,0,Sandia,LOC,19,25
uc1.32106006519711,34,1,1,every night,TIME,64,75
uc1.32106006519711,34,5,0,last night,TIME,64,74
uc1.32106006519711,34,6,0,first,ORDINAL,14,19
uc1.32106006519711,34,13,0,222,CARDINAL,0,3
uc1.32106006519711,35,0,0,Winter Sun,PERSON,0,10
uc1.32106006519711,35,0,1,the winternoon sun,PERSON,11,29
uc1.32106006519711,35,0,2,two,CARDINAL,65,68
uc1.32106006519711,35,0,3,23,CARDINAL,335,337
uc1.32106006519711,36,0,0,Isleta Woman,PERSON,0,12
uc1.32106006519711,36,0,1,isleta,GPE,60,66
uc1.32106006519711,36,0,2,oklahoma,GPE,251,259
uc1.32106006519711,37,0,0,Pojoaque,GPE,14,22
uc1.32106006519711,37,0,1,December,DATE,26,34
uc1.32106006519711,37,0,2,25,CARDINAL,232,234
uc1.32106006519711,38,0,0,four a.m.,TIME,209,218
uc1.32106006519711,39,0,0,noni daylight,PERSON,24,37
uc1.32106006519711,39,0,1,saturday night special,WORK_OF_ART,47,69
uc1.32106006519711,39,2,0,daylight,PERSON,0,8
uc1.32106006519711,39,2,1,noni daylight's,PERSON,116,131
uc1.32106006519711,39,3,0,177,CARDINAL,0,3
uc1.32106006519711,40,0,0,We Are All Foreigners,WORK_OF_ART,0,21
uc1.32106006519711,40,0,1,1.,CARDINAL,22,24
uc1.32106006519711,40,0,2,Rosalyn Drexler,PERSON,35,50
uc1.32106006519711,40,0,3,Greek,NORP,55,60
uc1.32106006519711,40,1,0,Danarto,PERSON,0,7
uc1.32106006519711,40,1,1,lowa City,GPE,114,123
uc1.32106006519711,40,1,2,Indian,NORP,199,205
uc1.32106006519711,40,1,3,Rosalyn,PERSON,250,257
uc1.32106006519711,40,1,4,Albuquerque,GPE,386,397
uc1.32106006519711,41,5,0,the night,TIME,11,20
uc1.32106006519711,41,6,0,29,CARDINAL,0,2
uc1.32106006519711,45,0,0,Noni,PERSON,7,11
uc1.32106006519711,45,0,1,Daylight,TIME,12,20
uc1.32106006519711,45,0,2,the morning,TIME,26,37
uc1.32106006519711,45,0,3,Bluewater Lake,LOC,41,55
uc1.32106006519711,45,2,0,Sanders,PERSON,46,53
uc1.32106006519711,45,2,1,Falgstaff,GPE,58,67
uc1.32106006519711,45,4,0,Noni,PERSON,0,4
uc1.32106006519711,45,4,1,Hopi,NORP,20,24
uc1.32106006519711,45,4,2,Grand Canyon,LOC,34,46
uc1.32106006519711,45,6,0,this afternoon,TIME,4,18
uc1.32106006519711,45,8,0,Holbrook,GPE,0,8
uc1.32106006519711,45,9,0,Seattle,GPE,0,7
uc1.32106006519711,45,10,0,Oklahoma,GPE,0,8
uc1.32106006519711,45,10,1,Winslow,GPE,13,20
uc1.32106006519711,45,12,0,33,CARDINAL,0,2
uc1.32106006519711,46,0,0,lowa,GPE,67,71
uc1.32106006519711,47,0,0,chicasaw,NORP,32,40
uc1.32106006519711,47,0,1,southern oklahoma,LOC,56,73
uc1.32106006519711,47,0,2,indian,NORP,119,125
uc1.32106006519711,47,0,3,chickasaw,NORP,229,238
uc1.32106006519711,47,0,4,forty years from now,DATE,299,319
uc1.32106006519711,47,0,5,oklahoma,GPE,346,354
uc1.32106006519711,48,0,0,Albuquerque,GPE,20,31
uc1.32106006519711,48,0,1,august,DATE,32,38
uc1.32106006519711,48,0,2,oklahoma,GPE,339,347
uc1.32106006519711,48,0,3,prairie,LOC,363,370
uc1.32106006519711,49,0,0,Sitting Bull,PERSON,24,36
uc1.32106006519711,49,0,1,sitting bull the great-grandson,PERSON,61,92
uc1.32106006519711,49,1,0,oklahoma,GPE,21,29
uc1.32106006519711,49,1,1,six hundred miles,QUANTITY,92,109
uc1.32106006519711,49,1,2,anadarko,GPE,151,159
uc1.32106006519711,49,1,3,tahlequah,GPE,294,303
uc1.32106006519711,49,2,0,sioux,NORP,23,28
uc1.32106006519711,49,2,1,the illinois river,LOC,120,138
uc1.32106006519711,49,2,2,oklahoma,GPE,269,277
uc1.32106006519711,50,0,0,Two Hundred Years,DATE,4,21
uc1.32106006519711,50,1,0,Chino,PERSON,0,5
uc1.32106006519711,50,1,1,200 years,DATE,52,61
uc1.32106006519711,50,1,2,one afternoon,TIME,67,80
uc1.32106006519711,50,1,3,38,DATE,81,83
uc1.32106006519711,51,3,0,Powwow Club,FAC,37,48
uc1.32106006519711,51,7,0,ten minutes,TIME,17,28
uc1.32106006519711,51,9,0,two years ago,DATE,34,47
uc1.32106006519711,51,11,0,Kansas City,GPE,16,27
uc1.32106006519711,51,13,0,39,CARDINAL,0,2
uc1.32106006519711,52,0,0,Canada,GPE,25,31
uc1.32106006519711,52,1,0,midnight,TIME,12,20
uc1.32106006519711,52,1,1,the weekend,DATE,32,43
uc1.32106006519711,52,2,0,Detroit,GPE,14,21
uc1.32106006519711,52,2,1,Canada,GPE,31,37
uc1.32106006519711,52,4,0,Indians,NORP,27,34
uc1.32106006519711,52,5,0,Barney,PERSON,0,6
uc1.32106006519711,52,5,1,English,LANGUAGE,27,34
uc1.32106006519711,52,9,0,Richard,PERSON,37,44
uc1.32106006519711,52,11,0,Richard,PERSON,4,11
uc1.32106006519711,52,12,0,Menominee,NORP,35,44
uc1.32106006519711,52,18,0,years ago,DATE,26,35
uc1.32106006519711,52,22,0,40,CARDINAL,0,2
uc1.32106006519711,53,1,0,Indians,NORP,0,7
uc1.32106006519711,53,1,1,Indian,NORP,14,20
uc1.32106006519711,53,1,2,Delaware,GPE,42,50
uc1.32106006519711,53,1,3,Milwaukee,GPE,87,96
uc1.32106006519711,53,4,0,Moravian Town,GPE,53,66
uc1.32106006519711,53,7,0,midnight,TIME,5,13
uc1.32106006519711,53,8,0,Canada,GPE,21,27
uc1.32106006519711,53,9,0,Canada,GPE,25,31
uc1.32106006519711,53,10,0,America,GPE,47,54
uc1.32106006519711,53,12,0,41,CARDINAL,0,2
uc1.32106006519711,54,1,0,the missing hours,TIME,24,41
uc1.32106006519711,54,1,1,Corrales,GPE,99,107
uc1.32106006519711,54,1,2,Indian School,FAC,114,127
uc1.32106006519711,54,1,3,State Highway 44,FAC,133,149
uc1.32106006519711,54,2,0,All night,TIME,0,9
uc1.32106006519711,54,3,0,dawn,TIME,22,26
uc1.32106006519711,54,3,1,the mile,QUANTITY,81,89
uc1.32106006519711,54,6,0,"Mesita Street""I",FAC,43,58
uc1.32106006519711,54,7,0,42,CARDINAL,0,2
uc1.32106006519711,55,0,0,3AM 3 AM,TIME,0,8
uc1.32106006519711,55,0,1,albuquerque,GPE,16,27
uc1.32106006519711,55,0,2,oraibi,GPE,67,73
uc1.32106006519711,55,0,3,third mesa,LOC,75,85
uc1.32106006519711,55,0,4,new york,GPE,134,142
uc1.32106006519711,55,0,5,third mesa,LOC,179,189
uc1.32106006519711,55,0,6,two,CARDINAL,247,250
uc1.32106006519711,55,0,7,indians,NORP,251,258
uc1.32106006519711,55,0,8,three in the morning,TIME,262,282
uc1.32106006519711,55,0,9,chicago,GPE,309,316
uc1.32106006519711,55,0,10,simon,PERSON,349,354
uc1.32106006519711,55,0,11,acoma,GPE,380,385
uc1.32106006519711,55,0,12,albuquerque,GPE,391,402
uc1.32106006519711,55,0,13,twenty-five dollar,MONEY,405,423
uc1.32106006519711,56,0,0,A Hopi Silversmith,PERSON,4,22
uc1.32106006519711,56,0,1,third,ORDINAL,61,66
uc1.32106006519711,56,0,2,mesa,LOC,67,71
uc1.32106006519711,56,0,3,44,CARDINAL,192,194
uc1.32106006519711,57,0,0,El Paso,GPE,8,15
uc1.32106006519711,57,0,1,the Franklin Mountains,LOC,55,77
uc1.32106006519711,57,1,0,El Paso,GPE,0,7
uc1.32106006519711,57,2,0,Leo,PERSON,0,3
uc1.32106006519711,57,4,0,the seconds,TIME,32,43
uc1.32106006519711,57,5,0,45,CARDINAL,0,2
uc1.32106006519711,58,0,0,Oxford,GPE,71,77
uc1.32106006519711,58,0,1,lowa,GPE,79,83
uc1.32106006519711,58,2,0,Noni,PERSON,30,34
uc1.32106006519711,58,3,0,Old Crow,NORP,46,54
uc1.32106006519711,58,3,1,fifth,CARDINAL,67,72
uc1.32106006519711,58,4,0,Oklahoma,GPE,21,29
uc1.32106006519711,58,4,1,summer,DATE,57,63
uc1.32106006519711,58,4,2,Anadarko,GPE,74,82
uc1.32106006519711,58,5,0,a thousand miles,QUANTITY,65,81
uc1.32106006519711,58,13,0,Noni Daylight,PERSON,0,13
uc1.32106006519711,58,14,0,46,CARDINAL,0,2
uc1.32106006519711,59,0,0,the Turner Turnpike,FAC,12,31
uc1.32106006519711,59,0,1,Tulsa,GPE,40,45
uc1.32106006519711,59,0,2,Oklahoma City,GPE,50,63
uc1.32106006519711,59,0,3,Kickapoo,LOC,112,120
uc1.32106006519711,59,0,4,Creek,LOC,122,127
uc1.32106006519711,59,0,5,Sac,LOC,129,132
uc1.32106006519711,59,0,6,Fox,LOC,137,140
uc1.32106006519711,59,1,0,United States,GPE,36,49
uc1.32106006519711,59,5,0,Africa,LOC,27,33
uc1.32106006519711,59,8,0,Noni Daylight's,PERSON,55,70
uc1.32106006519711,59,9,0,47,CARDINAL,0,2
uc1.32106006519711,60,0,0,Anadarko,GPE,27,35
uc1.32106006519711,60,2,0,Indian,NORP,16,22
uc1.32106006519711,60,2,1,the Oklahoma Highway Patrol,ORG,29,56
uc1.32106006519711,60,6,0,48,CARDINAL,0,2
uc1.32106006519711,61,11,0,49,CARDINAL,0,2
uc1.32106006519711,62,1,0,the sandia mountains,LOC,87,107
uc1.32106006519711,62,1,1,50,CARDINAL,165,167
uc1.32106006519711,63,2,0,TWA,ORG,2,5
uc1.32106006519711,63,2,1,Illinois,GPE,32,40
uc1.32106006519711,63,10,0,A few years before,DATE,0,18
uc1.32106006519711,63,10,1,Santa Fe,GPE,37,45
uc1.32106006519711,63,19,0,51,CARDINAL,0,2
uc1.32106006519711,64,0,0,sixty-five miles,QUANTITY,30,46
uc1.32106006519711,64,0,1,acoma,GPE,73,78
uc1.32106006519711,64,0,2,albuquerque,GPE,83,94
uc1.32106006519711,64,1,0,laguna,GPE,185,191
uc1.32106006519711,64,1,1,the rio puerco,FAC,215,229
uc1.32106006519711,64,1,2,canoncito,GPE,297,306
uc1.32106006519711,64,1,3,mesita,LOC,373,379
uc1.32106006519711,65,0,0,#2,CARDINAL,19,21
uc1.32106006519711,65,4,0,Oklahoma City,GPE,39,52
uc1.32106006519711,65,4,1,Frankie,PERSON,53,60
uc1.32106006519711,65,4,2,Albuquerque,GPE,76,87
uc1.32106006519711,65,6,0,four,CARDINAL,38,42
uc1.32106006519711,65,11,0,two minutes,TIME,45,56
uc1.32106006519711,65,15,0,53,CARDINAL,0,2
uc1.32106006519711,66,0,0,Li Po,PERSON,75,80
uc1.32106006519711,66,0,1,Chinese,NORP,190,197
uc1.32106006519711,66,0,2,tonight,TIME,239,246
uc1.32106006519711,66,0,3,90 miles an hour,QUANTITY,259,275
uc1.32106006519711,67,2,0,Noni Daylight,PERSON,11,24
uc1.32106006519711,67,3,0,Late night,TIME,0,10
uc1.32106006519711,67,6,0,Conroy,GPE,0,6
uc1.32106006519711,67,7,0,Homestead,GPE,0,9
uc1.32106006519711,67,8,0,Six miles,QUANTITY,0,9
uc1.32106006519711,67,8,1,Marengo,GPE,13,20
uc1.32106006519711,67,14,0,55,CARDINAL,0,2
uc1.32106006519711,68,0,0,Diane Reyna,PERSON,10,21
uc1.32106006519711,68,0,1,Taos,GPE,54,58
uc1.32106006519711,68,1,0,several thousand feet,QUANTITY,47,68
uc1.32106006519711,68,2,0,56,CARDINAL,0,2
uc1.32106006519711,69,6,0,57,CARDINAL,0,2
uc1.32106006519711,70,1,0,Chinle,GPE,69,75
uc1.32106006519711,70,1,1,Chuska Mountains,LOC,117,133
uc1.32106006519711,70,1,2,66 Bar,LOC,155,161
uc1.32106006519711,70,1,3,Flagstaff,GPE,165,174
uc1.32106006519711,70,1,4,Albuquerque,GPE,344,355
uc1.32106006519711,70,2,0,58,CARDINAL,0,2
uc1.32106006519711,71,0,0,An Acoma Poet,PERSON,4,17
uc1.32106006519711,73,0,0,Scholder,PERSON,2,10
uc1.32106006519711,73,0,1,Oklahoma,GPE,41,49
uc1.32106006519711,73,1,0,San Francisco,GPE,39,52
uc1.32106006519711,73,1,1,first,ORDINAL,57,62
uc1.32106006519711,73,2,0,PHS,ORG,1,4
uc1.32106006519711,73,3,0,second,ORDINAL,4,10
uc1.32106006519711,73,3,1,Reno,GPE,20,24
uc1.32106006519711,73,3,2,Greyhound,ORG,55,64
uc1.32106006519711,73,4,0,Kiowas,PRODUCT,42,48
uc1.32106006519711,73,5,0,Carnegie,GPE,46,54
uc1.32106006519711,73,5,1,Oklahoma,GPE,56,64
uc1.32106006519711,73,7,0,61,CARDINAL,0,2
uc1.32106006519711,74,0,0,Barney Bush,PERSON,11,22
uc1.32106006519711,74,1,0,Amtrak,ORG,11,17
uc1.32106006519711,74,1,1,Southwest Special,PRODUCT,18,35
uc1.32106006519711,74,1,2,Winslow,GPE,60,67
uc1.32106006519711,74,1,3,Flagstaff,GPE,71,80
uc1.32106006519711,74,5,0,two hours,TIME,12,21
uc1.32106006519711,74,10,0,Shawnee,NORP,11,18
uc1.32106006519711,74,11,0,Indian,NORP,31,37
uc1.32106006519711,74,11,1,ten,TIME,89,92
uc1.32106006519711,74,17,0,62,CARDINAL,0,2
uc1.32106006519711,75,0,0,Half-Light,PERSON,0,10
uc1.32106006519711,75,3,0,durango,GPE,120,127
uc1.32106006519711,75,4,0,half,CARDINAL,75,79
uc1.32106006519711,75,4,1,years ago,DATE,141,150
uc1.32106006519711,75,5,0,63,CARDINAL,0,2
uc1.32106006519711,76,0,0,Four A.M.,TIME,17,26
uc1.32106006519711,76,1,0,Creek,LOC,10,15
uc1.32106006519711,76,1,1,half,CARDINAL,17,21
uc1.32106006519711,76,2,0,Creek,LOC,9,14
uc1.32106006519711,76,3,0,tonight,TIME,24,31
uc1.32106006519711,76,4,0,forty-nine,CARDINAL,4,14
uc1.32106006519711,76,4,1,Creek,LOC,36,41
uc1.32106006519711,76,6,0,half,CARDINAL,23,27
uc1.32106006519711,76,7,0,64,CARDINAL,0,2
uc1.32106006519711,77,0,0,Sunday Morning,TIME,6,20
uc1.32106006519711,77,0,1,this sunday morning,TIME,63,82
uc1.32106006519711,77,1,0,two,CARDINAL,184,187
uc1.32106006519711,78,0,0,Arizona,GPE,13,20
uc1.32106006519711,78,0,1,several miles,QUANTITY,63,76
uc1.32106006519711,78,0,2,Arizona,GPE,82,89
uc1.32106006519711,78,0,3,Santa Fe,FAC,106,114
uc1.32106006519711,78,0,4,ten years,DATE,200,209
uc1.32106006519711,78,0,5,66,CARDINAL,259,261
uc1.32106006519711,79,0,0,The Last Song,WORK_OF_ART,0,13
uc1.32106006519711,79,0,1,oklahoma,GPE,51,59
uc1.32106006519711,79,0,2,new mexico,GPE,148,158
uc1.32106006519711,79,0,3,oklahoma,GPE,414,422
uc1.32106006519711,80,0,0,68,CARDINAL,244,246
uc1.32106006519711,84,0,0,$5 95 M,MONEY,0,7
uc1.32106006519711,84,0,1,THE UNIVERSITY LIBRARY UNIVERSITY OF CALIFORNIA,ORG,8,55
uc1.32106006519711,84,0,2,SANTA CRUZ,GPE,57,67
uc1.32106006519711,84,2,0,459-2756,CARDINAL,24,32
uc1.32106006519711,84,3,0,14 days,DATE,37,44
uc1.32106006519711,84,4,0,JAN 28,DATE,0,6
uc1.32106006519711,84,4,1,1998,DATE,7,11
uc1.32106006519711,84,4,2,MAR 03'98 MAR 0 4,DATE,18,35
uc1.32106006519711,84,4,3,1993,DATE,36,40
uc1.32106006519711,84,4,4,1998,DATE,54,58
uc1.32106006519711,84,4,5,JUN 2 6,DATE,86,93
uc1.32106006519711,84,4,6,1999,DATE,94,98
uc1.32106006519711,84,4,7,APR 15,DATE,105,111
uc1.32106006519711,84,4,8,MAR 0 6,DATE,117,124
