vol_id,page,sentence_id,ent_id,entity,entity_type,start_char,end_char
uc1.32106007840983,1,0,0,SANTA CRUZ,GPE,40,50
uc1.32106007840983,1,0,1,Joseph Bruchac,PERSON,69,83
uc1.32106007840983,4,0,0,1,CARDINAL,2,3
uc1.32106007840983,4,0,1,1,CARDINAL,4,5
uc1.32106007840983,6,0,0,Univ. Library,ORG,0,13
uc1.32106007840983,6,0,1,UC Santa Cruz,ORG,15,28
uc1.32106007840983,6,0,2,1987,DATE,29,33
uc1.32106007840983,7,0,0,1,CARDINAL,31,32
uc1.32106007840983,7,0,1,Vietnam,GPE,33,40
uc1.32106007840983,7,0,2,Nhat Hanh,PERSON,47,56
uc1.32106007840983,7,0,3,2,CARDINAL,64,65
uc1.32106007840983,7,0,4,Seven,CARDINAL,66,71
uc1.32106007840983,7,0,5,Boris Pasternak,PERSON,78,93
uc1.32106007840983,7,0,6,3,CARDINAL,101,102
uc1.32106007840983,7,0,7,Federico García Lorca,PERSON,116,137
uc1.32106007840983,7,0,8,4,CARDINAL,145,146
uc1.32106007840983,7,0,9,12,CARDINAL,147,149
uc1.32106007840983,7,0,10,John Howard Griffin,PERSON,173,192
uc1.32106007840983,7,0,11,5,CARDINAL,200,201
uc1.32106007840983,7,0,12,Jaguar and the Moon,WORK_OF_ART,202,221
uc1.32106007840983,7,0,13,Pablo Antonio Cuadra,PERSON,222,242
uc1.32106007840983,7,0,14,6,CARDINAL,250,251
uc1.32106007840983,7,0,15,Songs of Mririda,WORK_OF_ART,252,268
uc1.32106007840983,7,0,16,Daniel Halpern,PERSON,283,297
uc1.32106007840983,7,0,17,7,CARDINAL,305,306
uc1.32106007840983,7,0,18,Vietnamese,NORP,307,317
uc1.32106007840983,7,0,19,John Balaban,PERSON,344,356
uc1.32106007840983,7,0,20,8,CARDINAL,364,365
uc1.32106007840983,7,0,21,Ishi Means Man Thomas Merton,WORK_OF_ART,366,394
uc1.32106007840983,7,0,22,9,CARDINAL,402,403
uc1.32106007840983,7,0,23,Good Message of Handsome Lake Joseph Bruchac,WORK_OF_ART,404,448
uc1.32106007840983,7,0,24,8794,CARDINAL,452,456
uc1.32106007840983,7,0,25,1777,CARDINAL,462,466
uc1.32106007840983,9,0,0,JOSEPH BRUCHAC,PERSON,0,14
uc1.32106007840983,9,0,1,HANDSOME LAKE,PERSON,35,48
uc1.32106007840983,9,0,2,"Unicorn Press, Inc.",ORG,61,80
uc1.32106007840983,10,0,0,KARY UNIVERSITY OF CALIFORNIA SANTA CRUZ,ORG,0,40
uc1.32106007840983,10,0,1,1979,DATE,51,55
uc1.32106007840983,10,0,2,Joseph Bruchac,PERSON,56,70
uc1.32106007840983,10,1,0,Rita Corbin,PERSON,22,33
uc1.32106007840983,10,2,0,Three,CARDINAL,20,25
uc1.32106007840983,10,2,1,thirty-four,CARDINAL,33,44
uc1.32106007840983,10,2,2,Midwinter at Onondaga,WORK_OF_ART,116,137
uc1.32106007840983,10,2,3,The South Dakota Review,ORG,142,165
uc1.32106007840983,10,2,4,Tonawanda,WORK_OF_ART,168,177
uc1.32106007840983,10,2,5,The Spirit That Moves Us,WORK_OF_ART,182,206
uc1.32106007840983,10,2,6,Thanksgiving Prayer,WORK_OF_ART,213,232
uc1.32106007840983,10,2,7,River Styx,ORG,237,247
uc1.32106007840983,10,4,0,Library of Congress,ORG,0,19
uc1.32106007840983,10,4,1,77-973335,CARDINAL,27,36
uc1.32106007840983,10,4,2,0-87775-112-9,CARDINAL,59,72
uc1.32106007840983,10,4,3,0-87775-113-7,CARDINAL,95,108
uc1.32106007840983,10,4,4,"Unicorn Press, Inc.",ORG,109,128
uc1.32106007840983,10,4,5,3307,CARDINAL,145,149
uc1.32106007840983,10,4,6,Greensboro,GPE,150,160
uc1.32106007840983,10,4,7,North Carolina,GPE,162,176
uc1.32106007840983,11,0,0,Thanksgiving,DATE,29,41
uc1.32106007840983,11,0,1,The Coming of the Good Message II.,WORK_OF_ART,45,79
uc1.32106007840983,11,1,0,the Gai 'wiio,NORP,14,27
uc1.32106007840983,11,1,1,One,CARDINAL,231,234
uc1.32106007840983,11,1,2,The Last Song III,WORK_OF_ART,249,266
uc1.32106007840983,11,3,0,Ganio-dai'yo,PERSON,19,31
uc1.32106007840983,11,3,1,Tonawanda,GPE,83,92
uc1.32106007840983,11,3,2,Onondaga,GPE,139,147
uc1.32106007840983,11,3,3,2 3,CARDINAL,198,201
uc1.32106007840983,11,3,4,19,CARDINAL,210,212
uc1.32106007840983,12,1,0,The Longhouse People,ORG,18,38
uc1.32106007840983,12,1,1,Thanksgiving,DATE,53,65
uc1.32106007840983,12,3,0,Three,CARDINAL,116,121
uc1.32106007840983,12,3,1,Four,CARDINAL,210,214
uc1.32106007840983,13,2,0,One,CARDINAL,0,3
uc1.32106007840983,13,2,1,Arthur Parker's,PERSON,38,53
uc1.32106007840983,13,2,2,The Code of Handsome Lake,WORK_OF_ART,54,79
uc1.32106007840983,13,2,3,The Seneca Prophet,WORK_OF_ART,81,99
uc1.32106007840983,13,3,0,Iroquois,NORP,56,64
uc1.32106007840983,13,3,1,The People of the Longhouse,ORG,145,172
uc1.32106007840983,13,3,2,centuries,DATE,185,194
uc1.32106007840983,13,4,0,Ray Fadden,PERSON,66,76
uc1.32106007840983,13,4,1,Alice Papineau,PERSON,81,95
uc1.32106007840983,13,7,0,Handsome Lake,PERSON,0,13
uc1.32106007840983,13,9,0,Iroquois,NORP,58,66
uc1.32106007840983,13,9,1,the American Revolution,EVENT,123,146
uc1.32106007840983,13,10,0,Anthony Wallace's,PERSON,0,17
uc1.32106007840983,13,10,1,The Death and Rebirth of the Seneca Nation,WORK_OF_ART,18,60
uc1.32106007840983,13,10,2,those years,DATE,80,91
uc1.32106007840983,13,11,0,Handsome Lake,LOC,0,13
uc1.32106007840983,13,11,1,Iroquois,NORP,40,48
uc1.32106007840983,13,12,0,Kakwirakeron,PERSON,26,38
uc1.32106007840983,13,12,1,Mohawk,NORP,54,60
uc1.32106007840983,13,12,2,Handsome Lake,LOC,91,104
uc1.32106007840983,13,12,3,Iroquois,NORP,129,137
uc1.32106007840983,13,12,4,1800,DATE,150,154
uc1.32106007840983,13,13,0,Kakwirakeron,PERSON,0,12
uc1.32106007840983,13,13,1,Indian,NORP,158,164
uc1.32106007840983,13,14,0,Handsome Lake,PERSON,8,21
uc1.32106007840983,13,14,1,John Wesley,PERSON,41,52
uc1.32106007840983,13,14,2,Wesley,PERSON,104,110
uc1.32106007840983,13,15,0,Wovoka,PERSON,34,40
uc1.32106007840983,13,15,1,Paiute,NORP,46,52
uc1.32106007840983,13,15,2,the Ghost Dance,EVENT,104,119
uc1.32106007840983,13,15,3,almost a century later,DATE,120,142
uc1.32106007840983,13,15,4,Handsome Lake's,PERSON,152,167
uc1.32106007840983,13,15,5,Wovoka,PERSON,201,207
uc1.32106007840983,13,15,6,a Wounded Knee,WORK_OF_ART,233,247
uc1.32106007840983,13,16,0,today,DATE,13,18
uc1.32106007840983,14,0,0,Handsome Lake's,PERSON,9,24
uc1.32106007840983,14,2,0,Europeans,NORP,137,146
uc1.32106007840983,14,2,1,American,NORP,287,295
uc1.32106007840983,14,2,2,Indian,NORP,296,302
uc1.32106007840983,14,3,0,Freezing Moon,PERSON,0,13
uc1.32106007840983,14,3,1,Greenfield Center,ORG,19,36
uc1.32106007840983,15,2,0,Earth,LOC,46,51
uc1.32106007840983,15,6,0,Earth,LOC,109,114
uc1.32106007840983,15,8,0,Earth,LOC,64,69
uc1.32106007840983,15,9,0,The Four Messengers,WORK_OF_ART,33,52
uc1.32106007840983,15,9,1,Ganio-dai'y o,PERSON,101,114
uc1.32106007840983,16,5,0,Wallace Chafe's,PERSON,13,28
uc1.32106007840983,16,5,1,a Thanksgiving Speech,WORK_OF_ART,52,73
uc1.32106007840983,16,5,2,Corbett Sundown,PERSON,83,98
uc1.32106007840983,19,1,0,the Strawberry Moon,WORK_OF_ART,3,22
uc1.32106007840983,19,1,1,Ganio-dai'yo,PERSON,23,35
uc1.32106007840983,19,1,2,two hours,TIME,47,56
uc1.32106007840983,19,1,3,first,ORDINAL,90,95
uc1.32106007840983,19,2,0,Cornplanter,PERSON,47,58
uc1.32106007840983,19,3,0,Kinzua,GPE,29,35
uc1.32106007840983,19,3,1,Corydon,GPE,39,46
uc1.32106007840983,19,3,2,Washington,GPE,60,70
uc1.32106007840983,19,3,3,Seneca,NORP,107,113
uc1.32106007840983,19,3,4,Sullivan,PERSON,184,192
uc1.32106007840983,19,4,0,Quakers,NORP,4,11
uc1.32106007840983,19,4,1,those days,DATE,27,37
uc1.32106007840983,19,5,0,Messengers,NORP,139,149
uc1.32106007840983,19,5,1,Longhouse,LOC,187,196
uc1.32106007840983,20,0,0,II,CARDINAL,0,2
uc1.32106007840983,20,1,0,the Strawberry Moon,WORK_OF_ART,3,22
uc1.32106007840983,20,1,1,Cornplanter,PERSON,43,54
uc1.32106007840983,20,2,0,three,CARDINAL,221,226
uc1.32106007840983,20,3,0,this summer,DATE,89,100
uc1.32106007840983,20,5,0,Ganio-dai'yo,PERSON,31,43
uc1.32106007840983,20,5,1,10,CARDINAL,76,78
uc1.32106007840983,21,0,0,Ganio-dai'yo,PERSON,10,22
uc1.32106007840983,21,0,1,Cornplanter,PERSON,27,38
uc1.32106007840983,21,1,0,that day,DATE,12,20
uc1.32106007840983,21,2,0,Simmons,PERSON,49,56
uc1.32106007840983,21,2,1,Quaker,NORP,62,68
uc1.32106007840983,22,0,0,IV,CARDINAL,0,2
uc1.32106007840983,22,1,0,Ganio-dai'yo,PERSON,5,17
uc1.32106007840983,22,1,1,Cornplanter,PERSON,23,34
uc1.32106007840983,22,1,2,three,CARDINAL,41,46
uc1.32106007840983,22,1,3,four,CARDINAL,89,93
uc1.32106007840983,22,2,0,some weeks,DATE,4,14
uc1.32106007840983,22,2,1,Ganio-dai'yo,PERSON,26,38
uc1.32106007840983,22,3,0,Ganio-dai'yo,PERSON,0,12
uc1.32106007840983,22,4,0,the day,DATE,8,15
uc1.32106007840983,22,4,1,Cornplanter,PERSON,16,27
uc1.32106007840983,22,4,2,Ganio-dai’yo,PERSON,38,50
uc1.32106007840983,22,4,3,evening,TIME,63,70
uc1.32106007840983,22,4,4,Ganio-dai'yo,PERSON,72,84
uc1.32106007840983,22,4,5,that past year,DATE,224,238
uc1.32106007840983,22,7,0,12,CARDINAL,0,2
uc1.32106007840983,23,0,0,V. Ganio-dai'yo,PERSON,0,15
uc1.32106007840983,23,2,0,one,CARDINAL,24,27
uc1.32106007840983,24,1,0,Ganio-dai'yo,PERSON,5,17
uc1.32106007840983,24,2,0,the White Dog Feast,EVENT,58,77
uc1.32106007840983,24,3,0,Ganio-dai'yo,PERSON,5,17
uc1.32106007840983,25,0,0,VII,CARDINAL,0,3
uc1.32106007840983,25,1,0,Henry Simmons,PERSON,0,13
uc1.32106007840983,25,2,0,the day,DATE,3,10
uc1.32106007840983,25,2,1,the White Dog Feast,EVENT,17,36
uc1.32106007840983,25,7,0,Jews,NORP,71,75
uc1.32106007840983,25,7,1,Indians,NORP,132,139
uc1.32106007840983,26,0,0,VIII,CARDINAL,0,4
uc1.32106007840983,26,1,0,ten years,DATE,4,13
uc1.32106007840983,26,1,1,Ganio-dai'yo,PERSON,14,26
uc1.32106007840983,26,1,2,Cornplanter's Town,GPE,37,55
uc1.32106007840983,26,2,0,Seneca,NORP,13,19
uc1.32106007840983,26,2,1,Pittsburgh,GPE,33,43
uc1.32106007840983,26,4,0,Cornplanter's Town,GPE,5,23
uc1.32106007840983,26,4,1,Coldspring,GPE,27,37
uc1.32106007840983,26,4,2,first,ORDINAL,46,51
uc1.32106007840983,26,4,3,four,CARDINAL,55,59
uc1.32106007840983,26,4,4,Ganio-dai'yo,PERSON,66,78
uc1.32106007840983,26,5,0,Cattaraugus,GPE,22,33
uc1.32106007840983,26,5,1,third,ORDINAL,42,47
uc1.32106007840983,26,5,2,Tonawanda,GPE,60,69
uc1.32106007840983,26,5,3,Gajus'towanen,LOC,88,101
uc1.32106007840983,26,6,0,1815,DATE,3,7
uc1.32106007840983,26,6,1,four years,DATE,30,40
uc1.32106007840983,26,6,2,Tonawanda,GPE,44,53
uc1.32106007840983,26,7,0,The Four Messengers,ORG,0,19
uc1.32106007840983,26,7,1,Onondaga,GPE,50,58
uc1.32106007840983,27,0,0,Onondaga,GPE,55,63
uc1.32106007840983,27,4,0,The first day,DATE,0,13
uc1.32106007840983,27,4,1,Ganundasa’ga,GPE,29,41
uc1.32106007840983,27,4,2,the morning,TIME,49,60
uc1.32106007840983,27,6,0,The Four Messengers,ORG,0,19
uc1.32106007840983,27,6,1,Onondaga,GPE,82,90
uc1.32106007840983,27,8,0,the last few miles,QUANTITY,28,46
uc1.32106007840983,27,8,1,Onondaga,GPE,65,73
uc1.32106007840983,27,9,0,a few days later,DATE,83,99
uc1.32106007840983,27,10,0,Today,DATE,0,5
uc1.32106007840983,27,10,1,the Council House,FAC,26,43
uc1.32106007840983,27,10,2,Onondaga,GPE,47,55
uc1.32106007840983,27,11,0,17,CARDINAL,0,2
uc1.32106007840983,28,0,0,GA-NYAH-DI-YOH,PERSON,10,24
uc1.32106007840983,28,0,1,Cah-noh-wa-gus,GPE,71,85
uc1.32106007840983,28,0,2,N.Y.,GPE,101,105
uc1.32106007840983,28,0,3,"Aug. 10, 1815",DATE,116,129
uc1.32106007840983,28,0,4,Onondaga Reservation,FAC,133,153
uc1.32106007840983,29,0,0,II,CARDINAL,0,2
uc1.32106007840983,29,0,1,Handsome Lake,LOC,33,46
uc1.32106007840983,31,7,0,third,ORDINAL,10,15
uc1.32106007840983,31,11,0,21,CARDINAL,0,2
uc1.32106007840983,32,12,0,22,CARDINAL,17,19
uc1.32106007840983,33,7,0,Four,CARDINAL,8,12
uc1.32106007840983,33,10,0,23,CARDINAL,0,2
uc1.32106007840983,34,5,0,the Four Messengers,ORG,4,23
uc1.32106007840983,34,11,0,24,CARDINAL,0,2
uc1.32106007840983,35,5,0,at least two,CARDINAL,113,125
uc1.32106007840983,35,5,1,Niaweh,PERSON,150,156
uc1.32106007840983,35,9,0,25,CARDINAL,0,2
uc1.32106007840983,36,0,0,GOSSIP,PERSON,0,6
uc1.32106007840983,36,8,0,one,CARDINAL,5,8
uc1.32106007840983,36,8,1,26,CARDINAL,135,137
uc1.32106007840983,37,5,0,27,CARDINAL,0,2
uc1.32106007840983,38,1,0,one,CARDINAL,4,7
uc1.32106007840983,38,11,0,28,CARDINAL,0,2
uc1.32106007840983,39,5,0,the Four Messengers,ORG,9,28
uc1.32106007840983,39,7,0,29,CARDINAL,17,19
uc1.32106007840983,40,1,0,Three,CARDINAL,0,5
uc1.32106007840983,40,9,0,30,CARDINAL,0,2
uc1.32106007840983,41,3,0,31,CARDINAL,17,19
uc1.32106007840983,42,2,0,two,CARDINAL,45,48
uc1.32106007840983,42,2,1,one,CARDINAL,58,61
uc1.32106007840983,42,6,0,32,CARDINAL,17,19
uc1.32106007840983,43,4,0,33,CARDINAL,0,2
uc1.32106007840983,44,12,0,34,CARDINAL,0,2
uc1.32106007840983,45,4,0,35,CARDINAL,0,2
uc1.32106007840983,46,11,0,36,CARDINAL,69,71
uc1.32106007840983,47,1,0,Indian,NORP,7,13
uc1.32106007840983,47,3,0,37,CARDINAL,17,19
uc1.32106007840983,48,13,0,38,CARDINAL,66,68
uc1.32106007840983,49,2,0,first,ORDINAL,83,88
uc1.32106007840983,49,3,0,first,ORDINAL,31,36
uc1.32106007840983,49,6,0,39,CARDINAL,0,2
uc1.32106007840983,50,0,0,THE CORN SPIRIT,PERSON,0,15
uc1.32106007840983,50,1,0,second,ORDINAL,123,129
uc1.32106007840983,50,5,0,Spirit of the Corn,PERSON,17,35
uc1.32106007840983,50,6,0,40,CARDINAL,0,2
uc1.32106007840983,51,3,0,41,CARDINAL,0,2
uc1.32106007840983,52,1,0,Two,CARDINAL,0,3
uc1.32106007840983,52,5,0,The Evil One,PERSON,0,12
uc1.32106007840983,53,4,0,one,CARDINAL,5,8
uc1.32106007840983,53,5,0,Hanisseono,PERSON,22,32
uc1.32106007840983,53,6,0,43,CARDINAL,58,60
uc1.32106007840983,54,0,0,The Ruler,PERSON,105,114
uc1.32106007840983,54,1,0,The Tormentor,PERSON,122,135
uc1.32106007840983,54,4,0,44,CARDINAL,17,19
uc1.32106007840983,55,5,0,45,CARDINAL,0,2
uc1.32106007840983,56,5,0,46,CARDINAL,0,2
uc1.32106007840983,57,0,0,III,CARDINAL,0,3
uc1.32106007840983,59,0,0,THE MIDDLE CANOE,PERSON,0,16
uc1.32106007840983,59,3,0,The Horned Serpent,PERSON,0,18
uc1.32106007840983,59,6,0,one,CARDINAL,101,104
uc1.32106007840983,59,7,0,49,CARDINAL,0,2
uc1.32106007840983,60,1,0,the month,DATE,6,15
uc1.32106007840983,60,3,0,that winter,DATE,27,38
uc1.32106007840983,60,3,1,Sullivan,PERSON,44,52
uc1.32106007840983,60,3,2,Americans,NORP,147,156
uc1.32106007840983,60,5,0,this season,DATE,15,26
uc1.32106007840983,60,5,1,Oriskany,GPE,76,84
uc1.32106007840983,60,5,2,British,NORP,95,102
uc1.32106007840983,60,10,0,50,CARDINAL,0,2
uc1.32106007840983,61,0,0,THE NIGHT,TIME,0,9
uc1.32106007840983,61,1,0,Allegany,LOC,67,75
uc1.32106007840983,61,1,1,Pittsburgh,GPE,92,102
uc1.32106007840983,61,7,0,51,CARDINAL,0,2
uc1.32106007840983,62,0,0,GANIO-DAI'YO,PERSON,0,12
uc1.32106007840983,62,0,1,COLD SPRING,PERSON,16,27
uc1.32106007840983,62,0,2,1809,DATE,29,33
uc1.32106007840983,62,0,3,the Journal of William Allinson,WORK_OF_ART,39,70
uc1.32106007840983,62,1,0,two,CARDINAL,55,58
uc1.32106007840983,62,1,1,one,CARDINAL,88,91
uc1.32106007840983,62,5,0,52,CARDINAL,0,2
uc1.32106007840983,63,6,0,One,CARDINAL,11,14
uc1.32106007840983,63,7,0,53,CARDINAL,0,2
uc1.32106007840983,64,0,0,TONAWANDA,GPE,0,9
uc1.32106007840983,64,1,0,Handsome Lake,LOC,40,53
uc1.32106007840983,64,1,1,the Good Message,WORK_OF_ART,59,75
uc1.32106007840983,64,3,0,Tonawanda,GPE,3,12
uc1.32106007840983,64,3,1,Longhouse,GPE,132,141
uc1.32106007840983,64,3,2,Longhouse,GPE,145,154
uc1.32106007840983,64,4,0,Ganio-dai'yo,PERSON,23,35
uc1.32106007840983,64,5,0,one,CARDINAL,12,15
uc1.32106007840983,64,6,0,one,CARDINAL,71,74
uc1.32106007840983,64,7,0,54,CARDINAL,0,2
uc1.32106007840983,65,1,0,William Beauchamp,PERSON,28,45
uc1.32106007840983,65,1,1,Handsome Lake,LOC,62,75
uc1.32106007840983,65,1,2,his day,DATE,80,87
uc1.32106007840983,65,1,3,1907,DATE,124,128
uc1.32106007840983,65,2,0,Arthur Parker,PERSON,4,17
uc1.32106007840983,65,2,1,Seneca,PERSON,36,42
uc1.32106007840983,65,2,2,Gai'wiio,NORP,91,99
uc1.32106007840983,65,2,3,1913,DATE,148,152
uc1.32106007840983,65,3,0,Iroquois,NORP,42,50
uc1.32106007840983,65,4,0,Midwinter,DATE,33,42
uc1.32106007840983,65,4,1,Longhouses,FAC,69,79
uc1.32106007840983,65,4,2,The Good Message,WORK_OF_ART,88,104
uc1.32106007840983,66,0,0,ONONDAGA,GPE,13,21
uc1.32106007840983,67,1,0,each year,DATE,59,68
uc1.32106007840983,67,3,0,57,CARDINAL,0,2
uc1.32106007840983,68,0,0,Earth,LOC,112,117
uc1.32106007840983,68,0,1,Chicakadees,NORP,175,186
uc1.32106007840983,68,2,0,58,CARDINAL,0,2
uc1.32106007840983,69,0,0,P. 5,DATE,9,13
uc1.32106007840983,69,0,1,P. 9,DATE,29,33
uc1.32106007840983,69,0,2,GANIO-DAI'Yo,PERSON,40,52
uc1.32106007840983,69,1,0,Handsome Lake,LOC,0,13
uc1.32106007840983,69,1,1,It is a Handsome Lake,WORK_OF_ART,15,36
uc1.32106007840983,69,1,2,one,CARDINAL,39,42
uc1.32106007840983,69,1,3,Senecas,NORP,92,99
uc1.32106007840983,69,1,4,the Great League of Peace,ORG,139,164
uc1.32106007840983,69,2,0,SENECA,ORG,0,6
uc1.32106007840983,69,2,1,Buffalo,GPE,37,44
uc1.32106007840983,69,3,0,STRAWBERRY MOON,PERSON,0,15
uc1.32106007840983,69,4,0,the month of June,DATE,0,17
uc1.32106007840983,69,4,1,THE KEEPERS OF,PERSON,18,32
uc1.32106007840983,69,5,0,The Seneca People,PERSON,0,17
uc1.32106007840983,69,5,1,Iroquois,NORP,22,30
uc1.32106007840983,69,5,2,Iroquois,NORP,118,126
uc1.32106007840983,69,7,0,over 300 feet,QUANTITY,42,55
uc1.32106007840983,69,7,1,one,CARDINAL,144,147
uc1.32106007840983,69,7,2,two,CARDINAL,155,158
uc1.32106007840983,69,8,0,the Iroquois League's,ORG,69,90
uc1.32106007840983,69,8,1,Five Nations,ORG,91,103
uc1.32106007840983,69,8,2,ONEIDA ONONDAGA,GPE,133,148
uc1.32106007840983,69,8,3,Syracuse,GPE,171,179
uc1.32106007840983,69,8,4,CAYUGA MOHAWK,GPE,180,193
uc1.32106007840983,69,8,5,Albany,GPE,224,230
uc1.32106007840983,70,2,0,American Indian,NORP,10,25
uc1.32106007840983,70,2,1,Iroquois,NORP,38,46
uc1.32106007840983,70,3,0,One,CARDINAL,0,3
uc1.32106007840983,70,4,0,49,CARDINAL,19,21
uc1.32106007840983,70,4,1,The Middle Canoe,WORK_OF_ART,23,39
uc1.32106007840983,70,6,0,Seneca,NORP,58,64
uc1.32106007840983,71,0,0,11,CARDINAL,11,13
uc1.32106007840983,71,0,1,Janson,PERSON,18,24
uc1.32106007840983,71,0,2,David Martin,PERSON,28,40
uc1.32106007840983,71,0,3,"Types, Inc.",ORG,42,53
uc1.32106007840983,71,0,4,Greensboro,GPE,57,67
uc1.32106007840983,71,1,0,Alan Brilliant,PERSON,50,64
uc1.32106007840983,71,2,0,"Edwards Brothers, Inc.",ORG,24,46
uc1.32106007840983,71,2,1,five hundred,CARDINAL,48,60
uc1.32106007840983,71,2,2,five hundred,CARDINAL,71,83
uc1.32106007840983,71,3,0,The Unicorn Keepsake Series,WORK_OF_ART,0,27
uc1.32106007840983,71,3,1,Teo Savory,PERSON,41,51
uc1.32106007840983,74,0,0,"THE UNIVERSITY LIBRARY UNIVERSITY OF CALIFORNIA,",ORG,0,48
uc1.32106007840983,74,0,1,SANTA CRUZ,GPE,49,59
uc1.32106007840983,74,2,0,429-2756,CARDINAL,24,32
uc1.32106007840983,74,2,1,14 days,DATE,70,77
uc1.32106007840983,74,3,0,MAR 14 1994,DATE,0,11
uc1.32106007840983,74,3,1,MAR 03,DATE,12,18
uc1.32106007840983,74,3,2,1983,DATE,103,107
uc1.32106007840983,74,3,3,2373,CARDINAL,121,125
uc1.32106007840983,75,0,0,CALIFORNIA,GPE,15,25
uc1.32106007840983,75,0,1,SANTA CRUZ,GPE,27,37
uc1.32106007840983,76,0,0,1,CARDINAL,32,33
uc1.32106007840983,76,0,1,Nhat Hanh,PERSON,34,43
uc1.32106007840983,76,0,2,Vietnam,GPE,44,51
uc1.32106007840983,76,0,3,2,CARDINAL,65,66
uc1.32106007840983,76,0,4,Boris Pasternak,PERSON,67,82
uc1.32106007840983,76,0,5,Seven,CARDINAL,83,88
uc1.32106007840983,76,0,6,3,CARDINAL,102,103
uc1.32106007840983,76,0,7,Federico García Lorca,PERSON,104,125
uc1.32106007840983,76,0,8,4,CARDINAL,146,147
uc1.32106007840983,76,0,9,12,CARDINAL,148,150
uc1.32106007840983,76,0,10,John Howard Griffin,PERSON,174,193
uc1.32106007840983,76,0,11,5,CARDINAL,201,202
uc1.32106007840983,76,0,12,Jaguar and the Moon Pablo Antonio Cuadra,WORK_OF_ART,203,243
uc1.32106007840983,76,0,13,6,CARDINAL,251,252
uc1.32106007840983,76,0,14,Songs of Mririda,WORK_OF_ART,253,269
uc1.32106007840983,76,0,15,Daniel Halpern,PERSON,284,298
uc1.32106007840983,76,0,16,7,CARDINAL,306,307
uc1.32106007840983,76,0,17,Vietnamese,NORP,308,318
uc1.32106007840983,76,0,18,John Balaban,PERSON,345,357
uc1.32106007840983,76,0,19,8,CARDINAL,365,366
uc1.32106007840983,76,0,20,Ishi Means Man Thomas Merton,WORK_OF_ART,367,395
uc1.32106007840983,76,0,21,9,CARDINAL,403,404
uc1.32106007840983,76,0,22,Good Message of Handsome Lake Joseph Bruchac,WORK_OF_ART,405,449
uc1.32106007840983,76,0,23,UNICORN PRESS,ORG,450,463
uc1.32106007840983,76,0,24,3307,CARDINAL,473,477
uc1.32106007840983,76,0,25,GREENSBORO,GPE,478,488
uc1.32106007840983,77,0,0,GREENSBORO,GPE,8,18
uc1.32106007840983,77,0,1,N. C.,GPE,20,25
uc1.32106007840983,77,0,2,27402,CARDINAL,26,31
uc1.32106007840983,78,0,0,1,CARDINAL,32,33
uc1.32106007840983,78,0,1,Nhat Hanh,PERSON,34,43
uc1.32106007840983,78,0,2,Vietnam,GPE,44,51
uc1.32106007840983,78,0,3,2,CARDINAL,65,66
uc1.32106007840983,78,0,4,Boris Pasternak,PERSON,67,82
uc1.32106007840983,78,0,5,Seven,CARDINAL,83,88
uc1.32106007840983,78,0,6,3,CARDINAL,102,103
uc1.32106007840983,78,0,7,Federico García Lorca,PERSON,104,125
uc1.32106007840983,78,0,8,4,CARDINAL,146,147
uc1.32106007840983,78,0,9,12,CARDINAL,148,150
uc1.32106007840983,78,0,10,John Howard Griffin,PERSON,174,193
uc1.32106007840983,78,0,11,5,CARDINAL,201,202
uc1.32106007840983,78,0,12,Jaguar and the Moon Pablo Antonio Cuadra,WORK_OF_ART,203,243
uc1.32106007840983,78,0,13,6,CARDINAL,251,252
uc1.32106007840983,78,0,14,Songs of Mririda,WORK_OF_ART,253,269
uc1.32106007840983,78,0,15,Daniel Halpern,PERSON,284,298
uc1.32106007840983,78,0,16,7,CARDINAL,306,307
uc1.32106007840983,78,0,17,Vietnamese,NORP,308,318
uc1.32106007840983,78,0,18,John Balaban,PERSON,345,357
uc1.32106007840983,78,0,19,8,CARDINAL,365,366
uc1.32106007840983,78,0,20,Ishi Means Man Thomas Merton,WORK_OF_ART,367,395
uc1.32106007840983,78,0,21,9,CARDINAL,403,404
uc1.32106007840983,78,0,22,Good Message of Handsome Lake Joseph Bruchac,WORK_OF_ART,405,449
uc1.32106007840983,78,0,23,UNICORN PRESS,ORG,450,463
uc1.32106007840983,78,0,24,3307,CARDINAL,473,477
uc1.32106007840983,78,0,25,GREENSBORO,GPE,480,490
uc1.32106007840983,78,0,26,N. C.,GPE,492,497
