vol_id,page,sentence_id,ent_id,entity,entity_type,start_char,end_char
uc1.b4950755,2,0,0,1,CARDINAL,0,1
uc1.b4950755,3,0,0,MAURICE KENNY,PERSON,97,110
uc1.b4950755,5,0,0,DANCING BACK STRONG THE NATION,WORK_OF_ART,0,30
uc1.b4950755,5,0,1,Maurice Kenny,PERSON,40,53
uc1.b4950755,5,0,2,Paula Gunn,PERSON,70,80
uc1.b4950755,5,0,3,Second,ORDINAL,108,114
uc1.b4950755,5,0,4,White Pine Press,ORG,123,139
uc1.b4950755,5,0,5,250,CARDINAL,143,146
uc1.b4950755,6,0,0,1979,DATE,10,14
uc1.b4950755,6,0,1,1981,DATE,16,20
uc1.b4950755,6,0,2,Maurice Kenny,PERSON,21,34
uc1.b4950755,6,1,0,second,ORDINAL,21,27
uc1.b4950755,6,2,0,Akwesasne Notes,ORG,124,139
uc1.b4950755,6,2,1,Beloit Poetry Journal,ORG,153,174
uc1.b4950755,6,2,2,El Nahautzen,ORG,176,188
uc1.b4950755,6,2,3,Margarine Maypole Orangoutang Express,ORG,190,227
uc1.b4950755,6,2,4,The Rezz,ORG,229,237
uc1.b4950755,6,2,5,Shantih,GPE,239,246
uc1.b4950755,6,2,6,Spawning The Medicine River,WORK_OF_ART,248,275
uc1.b4950755,6,2,7,In The Flow,WORK_OF_ART,283,294
uc1.b4950755,6,2,8,"RIVERS, ©",WORK_OF_ART,330,339
uc1.b4950755,6,2,9,1980,DATE,339,343
uc1.b4950755,6,2,10,Strawberry Press,ORG,345,361
uc1.b4950755,6,2,11,Faye,WORK_OF_ART,369,373
uc1.b4950755,6,2,12,Wild Strawberry,WORK_OF_ART,380,395
uc1.b4950755,6,2,13,THE BLOOMSDAY READINGS ANTHOLOGY,ORG,415,447
uc1.b4950755,6,2,14,1979,DATE,448,452
uc1.b4950755,6,2,15,"Poets of The Westside, N.Y.C. DANCING BACK STRONG THE NATION",WORK_OF_ART,454,514
uc1.b4950755,6,2,16,the Blue Cloud Quarterly Press,ORG,538,568
uc1.b4950755,6,3,0,Maurice Kenny,PERSON,13,26
uc1.b4950755,6,3,1,1979,DATE,28,32
uc1.b4950755,6,4,0,Rokwaho,PERSON,17,24
uc1.b4950755,6,5,0,the New York State Council on the Arts,ORG,67,105
uc1.b4950755,6,5,1,White Pine Press,ORG,119,135
uc1.b4950755,6,5,2,Buffalo,GPE,153,160
uc1.b4950755,6,5,3,N.Y.,GPE,162,166
uc1.b4950755,6,5,4,14213,CARDINAL,167,172
uc1.b4950755,7,0,0,Wendy,PERSON,4,9
uc1.b4950755,7,0,1,Josh,PERSON,12,16
uc1.b4950755,7,0,2,Louis Blue Cloud,PERSON,25,41
uc1.b4950755,8,0,0,Native American,NORP,40,55
uc1.b4950755,8,0,1,Native American,NORP,125,140
uc1.b4950755,8,4,0,Native American,NORP,4,19
uc1.b4950755,8,5,0,Native American,NORP,15,30
uc1.b4950755,8,5,1,Native American,NORP,68,83
uc1.b4950755,8,5,2,Mohawk,NORP,159,165
uc1.b4950755,8,5,3,three,CARDINAL,260,265
uc1.b4950755,8,5,4,four,CARDINAL,269,273
uc1.b4950755,8,5,5,sixty-foot,QUANTITY,469,479
uc1.b4950755,9,0,0,Kenny,PERSON,4,9
uc1.b4950755,9,0,1,Dancing Back Strong the Nation,WORK_OF_ART,360,390
uc1.b4950755,9,2,0,first,ORDINAL,83,88
uc1.b4950755,9,3,0,Brooklyn,GPE,348,356
uc1.b4950755,9,3,1,Mexican,NORP,364,371
uc1.b4950755,9,4,0,January,DATE,0,7
uc1.b4950755,9,5,0,Brooklyn,GPE,118,126
uc1.b4950755,9,6,0,Paula Gunn,PERSON,0,10
uc1.b4950755,9,6,1,Albuquerque,GPE,17,28
uc1.b4950755,9,6,2,1978,DATE,30,34
uc1.b4950755,10,2,0,Karoniaktatie,PERSON,137,150
uc1.b4950755,11,0,0,NORTH,LOC,7,12
uc1.b4950755,11,0,1,Longhouse,LOC,61,70
uc1.b4950755,12,0,0,Brooklyn,GPE,74,82
uc1.b4950755,12,0,1,Greyhound,PRODUCT,106,115
uc1.b4950755,12,0,2,Syracuse,GPE,139,147
uc1.b4950755,12,0,3,Watertown,GPE,151,160
uc1.b4950755,12,0,4,Brooklyn,GPE,371,379
uc1.b4950755,12,0,5,Brooklyn,GPE,476,484
uc1.b4950755,12,0,6,Mohawk,NORP,601,607
uc1.b4950755,13,0,0,Benet,PERSON,21,26
uc1.b4950755,13,0,1,autumn,DATE,264,270
uc1.b4950755,13,0,2,winter,DATE,308,314
uc1.b4950755,13,0,3,JOE,PERSON,319,322
uc1.b4950755,13,1,0,Thursday,DATE,9,17
uc1.b4950755,13,1,1,yesterday,DATE,26,35
uc1.b4950755,14,0,0,April,DATE,33,38
uc1.b4950755,15,0,0,Wolf,PERSON,13,17
uc1.b4950755,15,0,1,Bear,PERSON,22,26
uc1.b4950755,15,0,2,Longhouse,LOC,110,119
uc1.b4950755,17,0,0,April,DATE,409,414
uc1.b4950755,18,1,0,a hundred feet a hundred feet,QUANTITY,0,29
uc1.b4950755,18,1,1,a hundred feet,QUANTITY,107,121
uc1.b4950755,19,0,0,Peter,PERSON,21,26
uc1.b4950755,19,1,0,Brooklyn,GPE,11,19
uc1.b4950755,19,1,1,Nevins St.,FAC,199,209
uc1.b4950755,19,1,2,Brooklyn,GPE,278,286
uc1.b4950755,19,1,3,Puerto Rican,NORP,339,351
uc1.b4950755,19,1,4,Nevins St.,FAC,370,380
uc1.b4950755,19,1,5,one,CARDINAL,443,446
uc1.b4950755,20,0,0,MOCCASIN,GPE,0,8
uc1.b4950755,20,1,0,moccasin moccasin,PERSON,0,17
uc1.b4950755,20,2,0,moccasin moccasin,PERSON,0,17
uc1.b4950755,21,0,0,morning,TIME,304,311
uc1.b4950755,22,0,0,WINTER JOURNEY,EVENT,0,14
uc1.b4950755,22,0,1,Mani,PERSON,22,26
uc1.b4950755,22,0,2,August 1979,DATE,104,115
uc1.b4950755,22,0,3,Lindbergh,PERSON,243,252
uc1.b4950755,22,0,4,Jolson,PERSON,254,260
uc1.b4950755,22,0,5,Will Rogers,PERSON,262,273
uc1.b4950755,22,0,6,Lincoln,PERSON,378,385
uc1.b4950755,22,0,7,Atotarho,PERSON,394,402
uc1.b4950755,22,0,8,Custer,PERSON,404,410
uc1.b4950755,22,0,9,Salvation Army,ORG,422,436
uc1.b4950755,23,0,0,Hogansburg,GPE,21,31
uc1.b4950755,23,0,1,Massena,GPE,32,39
uc1.b4950755,23,0,2,New York,GPE,41,49
uc1.b4950755,23,0,3,morning,TIME,80,87
uc1.b4950755,23,0,4,morning,TIME,376,383
uc1.b4950755,25,0,0,ST. LAWRENCE RIVER,PERSON,0,18
uc1.b4950755,25,0,1,French,NORP,61,67
uc1.b4950755,25,0,2,English,NORP,89,96
uc1.b4950755,25,0,3,American,NORP,114,122
uc1.b4950755,25,0,4,Susquehanna,LOC,201,212
uc1.b4950755,25,0,5,Mohawk,LOC,221,227
uc1.b4950755,25,0,6,Hudson,LOC,233,239
uc1.b4950755,27,0,0,Francis Boots,PERSON,12,25
uc1.b4950755,27,0,1,Chevy,PRODUCT,239,244
uc1.b4950755,28,0,0,winter,DATE,28,34
uc1.b4950755,28,0,1,April,DATE,83,88
uc1.b4950755,28,1,0,Wolf,PERSON,14,18
uc1.b4950755,29,0,0,YAIKNI Strawberry Moon,PERSON,0,22
uc1.b4950755,29,3,0,morning,TIME,53,60
uc1.b4950755,29,3,1,winter,DATE,167,173
uc1.b4950755,30,0,0,May,DATE,45,48
uc1.b4950755,30,0,1,MY SIXTH AUGUST,DATE,110,125
uc1.b4950755,30,5,0,my sixth August,DATE,3,18
uc1.b4950755,31,0,0,SATURDAY NIGHT,TIME,0,14
uc1.b4950755,31,0,1,Indians,NORP,41,48
uc1.b4950755,31,1,0,Indians,NORP,100,107
uc1.b4950755,31,1,1,English,LANGUAGE,128,135
uc1.b4950755,31,3,0,Saturday,DATE,35,43
uc1.b4950755,31,3,1,night,TIME,44,49
uc1.b4950755,31,3,2,Sunday,DATE,96,102
uc1.b4950755,33,0,0,BEAVER,PERSON,0,6
uc1.b4950755,33,0,1,Jerome Rothenberg Beaver,PERSON,11,35
uc1.b4950755,34,0,0,Cheri Henson,PERSON,20,32
uc1.b4950755,34,0,1,Mohawk,LOC,81,87
uc1.b4950755,34,0,2,Boonville,GPE,128,137
uc1.b4950755,34,0,3,Hogansburg,GPE,144,154
uc1.b4950755,34,2,0,winter,DATE,16,22
uc1.b4950755,34,2,1,spring,DATE,64,70
uc1.b4950755,35,0,0,Helene,PERSON,20,26
uc1.b4950755,35,1,0,Greyhound,PRODUCT,15,24
uc1.b4950755,35,1,1,Brooklyn,GPE,33,41
uc1.b4950755,35,1,2,Mexican,NORP,106,113
uc1.b4950755,35,1,3,June,DATE,247,251
uc1.b4950755,35,1,4,June,DATE,538,542
uc1.b4950755,35,1,5,Brooklyn,GPE,1292,1300
uc1.b4950755,35,1,6,Mexican,NORP,1308,1315
uc1.b4950755,35,2,0,January,DATE,0,7
uc1.b4950755,36,1,0,November,DATE,216,224
uc1.b4950755,36,1,1,Winter,DATE,264,270
uc1.b4950755,36,2,0,one,CARDINAL,82,85
uc1.b4950755,36,2,1,autumn,DATE,122,128
uc1.b4950755,38,0,0,Benet Tvedten,PERSON,46,59
uc1.b4950755,38,0,1,Dancing Back Strong the Nation,WORK_OF_ART,79,109
uc1.b4950755,38,0,2,1979,DATE,113,117
uc1.b4950755,38,0,3,Blue Cloud Quarterly Press,ORG,121,147
uc1.b4950755,38,2,0,Dennis Maloney,PERSON,28,42
uc1.b4950755,38,5,0,Maurice Kenny,PERSON,0,13
uc1.b4950755,38,5,1,Brooklyn Heights,GPE,14,30
uc1.b4950755,38,5,2,"March 19, 1981",DATE,31,45
uc1.b4950755,40,0,0,Maurice Kenny,PERSON,0,13
uc1.b4950755,40,0,1,a few miles,QUANTITY,61,72
uc1.b4950755,40,0,2,the St. Lawrence River,LOC,78,100
uc1.b4950755,40,0,3,New York City,GPE,124,137
uc1.b4950755,40,0,4,J.G. Gosciak,PERSON,160,172
uc1.b4950755,40,1,0,"Dead Letters Sent, With Love To Lesbia, North",WORK_OF_ART,20,65
uc1.b4950755,40,1,1,"Poems of Home, I Am The Sun",WORK_OF_ART,67,94
uc1.b4950755,40,1,2,White Pine Press,ORG,114,130
uc1.b4950755,40,1,3,"Only As Far As Brooklyn, Greyhounding This America",WORK_OF_ART,133,183
uc1.b4950755,40,1,4,1981,DATE,197,201
uc1.b4950755,40,1,5,Blackrobe,WORK_OF_ART,204,213
uc1.b4950755,40,1,6,1981,DATE,215,219
uc1.b4950755,40,1,7,Roman Nose And Other Essays,WORK_OF_ART,226,253
uc1.b4950755,40,2,0,From the Belly of the Shark,WORK_OF_ART,52,79
uc1.b4950755,40,2,1,Orgasms of Light,WORK_OF_ART,81,97
uc1.b4950755,40,2,2,"From the Hudson to the World, For the Time Being",WORK_OF_ART,99,147
uc1.b4950755,40,2,3,The Remembered Earth,WORK_OF_ART,149,169
uc1.b4950755,40,2,4,On Turtle's Back,WORK_OF_ART,215,231
uc1.b4950755,40,2,5,White Pine Press,ORG,243,259
uc1.b4950755,40,2,6,From the Center,WORK_OF_ART,267,282
uc1.b4950755,40,3,0,The Bitter Oleander,ORG,75,94
uc1.b4950755,40,3,1,The New York Times,ORG,96,114
uc1.b4950755,40,3,2,Mouth of the Dragon,ORG,116,135
uc1.b4950755,40,3,3,La Confluencia,ORG,137,151
uc1.b4950755,40,3,4,River Styx,WORK_OF_ART,153,163
uc1.b4950755,40,3,5,"Margins, Zone",WORK_OF_ART,165,178
uc1.b4950755,40,3,6,The Blue Cloud Quarterly,ORG,192,216
uc1.b4950755,40,3,7,Drama & Theatre,ORG,218,233
uc1.b4950755,40,3,8,Phantasm,ORG,235,243
uc1.b4950755,40,3,9,The Greenfield Review,ORG,245,266
uc1.b4950755,40,3,10,Niagara,ORG,268,275
uc1.b4950755,40,3,11,Soup,ORG,288,292
uc1.b4950755,40,3,12,American Book Review,ORG,294,314
uc1.b4950755,40,3,13,The Indian Historian,WORK_OF_ART,316,336
uc1.b4950755,40,3,14,Assassin,ORG,338,346
uc1.b4950755,40,4,0,Rokwaho,PERSON,0,7
uc1.b4950755,40,4,1,Daniel Thompson,PERSON,9,24
uc1.b4950755,40,4,2,Akwesasne Notes,WORK_OF_ART,73,88
uc1.b4950755,40,5,0,On Turtle's Back,WORK_OF_ART,28,44
uc1.b4950755,40,5,1,The Remembered Earth,WORK_OF_ART,46,66
uc1.b4950755,40,5,2,From the Center,WORK_OF_ART,72,87
uc1.b4950755,40,6,0,Covers,WORK_OF_ART,14,20
uc1.b4950755,40,6,1,Strawberry Press,ORG,38,54
uc1.b4950755,40,6,2,1981,DATE,56,60
uc1.b4950755,40,7,0,Rokwaho,PERSON,0,7
uc1.b4950755,40,7,1,Cornwall Island,LOC,17,32
uc1.b4950755,40,7,2,Pictographs,ORG,51,62
uc1.b4950755,40,8,0,Mohawk Syllabics,PRODUCT,35,51
uc1.b4950755,40,8,1,Iroquoian,NORP,97,106
uc1.b4950755,42,0,0,2.50,MONEY,1,5
uc1.b4950755,42,0,1,Kenny,PERSON,58,63
uc1.b4950755,42,2,0,America,GPE,13,20
uc1.b4950755,42,3,0,Charles Plymell,PERSON,0,15
uc1.b4950755,42,3,1,Northeast Rising Sun,ORG,17,37
uc1.b4950755,42,3,2,Legacy,WORK_OF_ART,94,100
uc1.b4950755,42,3,3,Wild Strawberry,WORK_OF_ART,107,122
uc1.b4950755,42,4,0,Louis McKee,PERSON,0,11
uc1.b4950755,42,4,1,Carousel Quarterly Review,ORG,13,38
uc1.b4950755,42,4,2,Kenny,PERSON,40,45
uc1.b4950755,42,4,3,Brooklyn,GPE,80,88
uc1.b4950755,42,5,0,Hart Crane,PERSON,25,35
uc1.b4950755,42,6,0,Maurice Kenny's,PERSON,11,26
uc1.b4950755,42,8,0,Steve Abbott,PERSON,0,12
uc1.b4950755,42,8,1,Gay Sunshine,ORG,14,26
uc1.b4950755,42,10,0,Kenny,PERSON,0,5
uc1.b4950755,42,11,0,Arlene Stone,PERSON,0,12
uc1.b4950755,42,11,1,Northeast Rising Sun,ORG,14,34
uc1.b4950755,42,11,2,Kenny,PERSON,36,41
uc1.b4950755,42,13,0,Michael Castro,PERSON,0,14
uc1.b4950755,42,13,1,Second,ORDINAL,22,28
uc1.b4950755,42,14,0,SYDNEY,GPE,0,6
uc1.b4950755,43,0,0,SANTA CRUZ,GPE,26,36
uc1.b4950755,43,0,1,SANTA CRUZ,GPE,86,96
uc1.b4950755,43,0,2,MAR 1 4,DATE,97,104
uc1.b4950755,43,0,3,1993,DATE,105,109
uc1.b4950755,43,0,4,MAR 19 1993,DATE,110,121
uc1.b4950755,43,0,5,3 2106,CARDINAL,128,134
uc1.b4950755,43,2,0,459-2756,CARDINAL,24,32
uc1.b4950755,43,3,0,14 days,DATE,37,44
