vol_id,page,sentence_id,ent_id,entity,entity_type,start_char,end_char
uc1.32106008463173,1,0,0,SANTA CRUZ,GPE,51,61
uc1.32106008463173,2,0,0,1,CARDINAL,1,2
uc1.32106008463173,9,0,0,Mary,PERSON,0,4
uc1.32106008463173,9,0,1,Joseph E. Senungetuk,PERSON,52,72
uc1.32106008463173,10,0,0,Univ. Library,ORG,0,13
uc1.32106008463173,10,0,1,UC Santa Cruz,ORG,15,28
uc1.32106008463173,10,0,2,1989,DATE,29,33
uc1.32106008463173,10,1,0,Aline O'Brien,PERSON,28,41
uc1.32106008463173,10,1,1,Continuing SAGA Press,ORG,45,66
uc1.32106008463173,10,1,2,Little Old Woman in WOMANBLOOD,WORK_OF_ART,136,166
uc1.32106008463173,10,1,3,1981,DATE,168,172
uc1.32106008463173,10,2,0,New Seed Press,ORG,0,14
uc1.32106008463173,10,2,1,Ken Ruffner,PERSON,22,33
uc1.32106008463173,10,2,2,Oakland,GPE,46,53
uc1.32106008463173,10,2,3,Stone Circle Press,ORG,75,93
uc1.32106008463173,10,2,4,Institute of Celtic Studies,ORG,95,122
uc1.32106008463173,10,2,5,44,CARDINAL,128,130
uc1.32106008463173,10,2,6,Oakland,GPE,132,139
uc1.32106008463173,10,2,7,CA,GPE,141,143
uc1.32106008463173,10,2,8,94604,CARDINAL,144,149
uc1.32106008463173,10,3,0,Ruffner,PERSON,4,11
uc1.32106008463173,10,4,0,Library of Congress,ORG,0,19
uc1.32106008463173,10,4,1,87-060118,CARDINAL,40,49
uc1.32106008463173,10,4,2,0-938678-10-8,CARDINAL,55,68
uc1.32106008463173,10,4,3,1987,DATE,80,84
uc1.32106008463173,10,4,4,Mary TallMountain,PERSON,88,105
uc1.32106008463173,10,5,0,New Seed Press,ORG,116,130
uc1.32106008463173,10,6,0,NEW SEED PRESS,ORG,0,14
uc1.32106008463173,10,6,1,9488,CARDINAL,24,28
uc1.32106008463173,10,6,2,Berkeley,GPE,30,38
uc1.32106008463173,10,6,3,CA,GPE,40,42
uc1.32106008463173,11,0,0,Paula Gunn Allen,PERSON,14,30
uc1.32106008463173,11,1,0,Eliza Jones,PERSON,10,21
uc1.32106008463173,11,1,1,Athabascan,NORP,23,33
uc1.32106008463173,11,1,2,Jan Steinbright,PERSON,48,63
uc1.32106008463173,11,1,3,the Institute of Native Arts,ORG,67,95
uc1.32106008463173,11,2,0,Helen Chetin,PERSON,43,55
uc1.32106008463173,11,2,1,Aline O'Brien,PERSON,57,70
uc1.32106008463173,11,2,2,Cheryl Morse,PERSON,72,84
uc1.32106008463173,11,2,3,Pat Monaghan,PERSON,86,98
uc1.32106008463173,11,2,4,Margarita Donnelly,PERSON,100,118
uc1.32106008463173,11,2,5,Gary Halthous,PERSON,120,133
uc1.32106008463173,11,2,6,Nancy McCleary,PERSON,135,149
uc1.32106008463173,11,2,7,Robert Hedin,PERSON,151,163
uc1.32106008463173,11,2,8,David Stark,PERSON,169,180
uc1.32106008463173,11,2,9,Geary Hobson,PERSON,204,216
uc1.32106008463173,11,2,10,William Oandasaan,PERSON,218,235
uc1.32106008463173,11,2,11,Duane Niatum,PERSON,237,249
uc1.32106008463173,11,2,12,Wendy Rose,PERSON,251,261
uc1.32106008463173,11,2,13,Maurice Kenny,PERSON,263,276
uc1.32106008463173,11,2,14,Louis (Littlecoon) Oliver,PERSON,278,303
uc1.32106008463173,11,2,15,Simon Ortiz,PERSON,305,316
uc1.32106008463173,11,2,16,Luci Tapahanso,PERSON,318,332
uc1.32106008463173,11,2,17,Anna Walters,PERSON,338,350
uc1.32106008463173,13,0,0,winter,DATE,6,12
uc1.32106008463173,13,2,0,Kobayo,PERSON,42,48
uc1.32106008463173,13,2,1,the Kaiyuh Flats,LOC,61,77
uc1.32106008463173,13,2,2,November,DATE,87,95
uc1.32106008463173,13,3,0,Vaska,PERSON,11,16
uc1.32106008463173,13,4,0,two,CARDINAL,9,12
uc1.32106008463173,13,4,1,winter,DATE,13,19
uc1.32106008463173,13,5,0,Rayu,PERSON,4,8
uc1.32106008463173,13,5,1,Tashyana,PERSON,13,21
uc1.32106008463173,13,6,0,Tash,PERSON,39,43
uc1.32106008463173,13,9,0,Tonight,TIME,0,7
uc1.32106008463173,13,11,0,Rayu,PERSON,0,4
uc1.32106008463173,13,12,0,Tash,PERSON,0,4
uc1.32106008463173,13,12,1,Rayu,PERSON,27,31
uc1.32106008463173,13,14,0,her eleven years,DATE,24,40
uc1.32106008463173,13,16,0,Gisakk,NORP,54,60
uc1.32106008463173,13,17,0,Rayu,PERSON,83,87
uc1.32106008463173,13,17,1,Kobayo,PERSON,92,98
uc1.32106008463173,13,20,0,sito',PERSON,0,5
uc1.32106008463173,13,20,1,Gisakk white,PERSON,33,45
uc1.32106008463173,14,0,0,Aunt and Uncle's,ORG,8,24
uc1.32106008463173,14,2,0,Uncle,PERSON,0,5
uc1.32106008463173,14,4,0,Tash,PERSON,0,4
uc1.32106008463173,14,5,0,Aunt,PERSON,12,16
uc1.32106008463173,14,6,0,Aunt,PERSON,0,4
uc1.32106008463173,14,7,0,only two,CARDINAL,15,23
uc1.32106008463173,14,8,0,Three-year-old,DATE,0,14
uc1.32106008463173,14,8,1,Olga,PERSON,15,19
uc1.32106008463173,14,8,2,Uncle,PERSON,43,48
uc1.32106008463173,14,9,0,Tash,PERSON,40,44
uc1.32106008463173,14,9,1,Aunt,PERSON,68,72
uc1.32106008463173,14,9,2,Kobayo,PERSON,81,87
uc1.32106008463173,14,9,3,Rayu,PERSON,95,99
uc1.32106008463173,14,10,0,Uncle,PERSON,0,5
uc1.32106008463173,14,12,0,Gabriel,PERSON,50,57
uc1.32106008463173,14,13,0,nine,DATE,8,12
uc1.32106008463173,14,13,1,Gabriel,PERSON,14,21
uc1.32106008463173,14,15,0,summer,DATE,3,9
uc1.32106008463173,14,15,1,Kokrines,LOC,24,32
uc1.32106008463173,14,16,0,Eskimo,NORP,20,26
uc1.32106008463173,14,16,1,Oogonguk,PRODUCT,32,40
uc1.32106008463173,14,17,0,Kobayo,PERSON,41,47
uc1.32106008463173,14,17,1,Vaska,PERSON,52,57
uc1.32106008463173,14,21,0,this winter,DATE,4,15
uc1.32106008463173,14,23,0,two,CARDINAL,40,43
uc1.32106008463173,14,24,0,December,DATE,3,11
uc1.32106008463173,14,24,1,Tash,PERSON,13,17
uc1.32106008463173,14,24,2,Rayu,PERSON,26,30
uc1.32106008463173,14,25,0,Rayu,PERSON,54,58
uc1.32106008463173,14,27,0,Next morning,TIME,0,12
uc1.32106008463173,14,27,1,Tash,PERSON,13,17
uc1.32106008463173,14,27,2,Kobayo,PERSON,81,87
uc1.32106008463173,14,28,0,Uncle,PERSON,69,74
uc1.32106008463173,14,29,0,nohloonh tłok sunglasses,PERSON,0,24
uc1.32106008463173,14,29,1,2,CARDINAL,25,26
uc1.32106008463173,15,0,0,Rayu,PERSON,19,23
uc1.32106008463173,15,2,0,Tash,PERSON,0,4
uc1.32106008463173,15,4,0,Last night,TIME,1,11
uc1.32106008463173,15,5,0,spring,DATE,3,9
uc1.32106008463173,15,6,0,Rayu,PERSON,29,33
uc1.32106008463173,15,7,0,first,ORDINAL,8,13
uc1.32106008463173,15,7,1,Tash,PERSON,32,36
uc1.32106008463173,15,8,0,Rayu,PERSON,26,30
uc1.32106008463173,15,10,0,Eenaa,PERSON,0,5
uc1.32106008463173,15,14,0,Tash,PERSON,4,8
uc1.32106008463173,15,14,1,earlier the next day,TIME,18,38
uc1.32106008463173,15,16,0,Vaska,PERSON,11,16
uc1.32106008463173,15,20,0,Beaver,PERSON,11,17
uc1.32106008463173,15,21,0,Rayu,PERSON,0,4
uc1.32106008463173,15,21,1,Tash,PERSON,25,29
uc1.32106008463173,15,22,0,Rayu,PERSON,4,8
uc1.32106008463173,15,23,0,Tash,PERSON,12,16
uc1.32106008463173,15,23,1,one evening,TIME,17,28
uc1.32106008463173,15,23,2,Kobayo,PERSON,64,70
uc1.32106008463173,15,27,0,Tash,PERSON,17,21
uc1.32106008463173,15,28,0,Rayu,PERSON,16,20
uc1.32106008463173,15,29,0,Tash,PERSON,0,4
uc1.32106008463173,15,30,0,Rayu,PERSON,0,4
uc1.32106008463173,15,32,0,Ggaał daałakk'azee,PERSON,28,46
uc1.32106008463173,15,33,0,Tash,PERSON,4,8
uc1.32106008463173,15,34,0,Ggaat daalakk'azee king salmon,PERSON,38,68
uc1.32106008463173,15,34,1,3,CARDINAL,69,70
uc1.32106008463173,16,0,0,Late at night,TIME,0,13
uc1.32106008463173,16,0,1,March,DATE,27,32
uc1.32106008463173,16,0,2,Tash,PERSON,47,51
uc1.32106008463173,16,0,3,Rayu,PERSON,58,62
uc1.32106008463173,16,2,0,sidaadza,PERSON,62,70
uc1.32106008463173,16,4,0,Tash,PERSON,0,4
uc1.32106008463173,16,4,1,Rayu,PERSON,49,53
uc1.32106008463173,16,9,0,Rayu,PERSON,22,26
uc1.32106008463173,16,12,0,Rayu,PERSON,40,44
uc1.32106008463173,16,15,0,Sunrise,TIME,0,7
uc1.32106008463173,16,15,1,Kobayo,PERSON,67,73
uc1.32106008463173,16,22,0,Tash,PERSON,0,4
uc1.32106008463173,16,22,1,today,DATE,34,39
uc1.32106008463173,16,24,0,Aunt,PERSON,14,18
uc1.32106008463173,16,26,0,sidaadza my younger,PERSON,0,19
uc1.32106008463173,17,0,0,Eenaa,PERSON,1,6
uc1.32106008463173,17,0,1,Tash,PERSON,49,53
uc1.32106008463173,17,4,0,Aunt,PERSON,33,37
uc1.32106008463173,17,9,0,Kobayo,GPE,29,35
uc1.32106008463173,17,10,0,Tash,PERSON,0,4
uc1.32106008463173,17,13,0,Indian,NORP,37,43
uc1.32106008463173,17,15,0,three,CARDINAL,27,32
uc1.32106008463173,17,18,0,Tash,PERSON,34,38
uc1.32106008463173,17,19,0,one,CARDINAL,11,14
uc1.32106008463173,17,19,1,Kobayo,PERSON,55,61
uc1.32106008463173,17,21,0,Tash,PERSON,23,27
uc1.32106008463173,17,26,0,Tash,PERSON,0,4
uc1.32106008463173,17,27,0,Olga,PERSON,0,4
uc1.32106008463173,17,29,0,Olga,PERSON,14,18
uc1.32106008463173,17,33,0,Tash,PERSON,0,4
uc1.32106008463173,17,37,0,Olga,PERSON,0,4
uc1.32106008463173,17,37,1,Tash,PERSON,29,33
uc1.32106008463173,17,41,0,sodaa,PERSON,59,64
uc1.32106008463173,17,43,0,dott'ol moon k'ilaak' yh,PERSON,0,24
uc1.32106008463173,17,43,1,Indian,NORP,25,31
uc1.32106008463173,17,43,2,sodaa,PERSON,50,55
uc1.32106008463173,17,43,3,5,CARDINAL,72,73
uc1.32106008463173,18,0,0,J.E. SENUNGETUK',PERSON,1,17
uc1.32106008463173,19,0,0,Olga,PERSON,0,4
uc1.32106008463173,19,0,1,Tash,PERSON,27,31
uc1.32106008463173,19,1,0,Tash,PERSON,0,4
uc1.32106008463173,19,2,0,first,ORDINAL,49,54
uc1.32106008463173,19,3,0,Olga,PERSON,8,12
uc1.32106008463173,19,4,0,Tash,PERSON,0,4
uc1.32106008463173,19,4,1,Gabriel,PERSON,65,72
uc1.32106008463173,19,4,2,Uncle,PERSON,77,82
uc1.32106008463173,19,6,0,Rayu,PERSON,17,21
uc1.32106008463173,19,9,0,Uncle,PERSON,0,5
uc1.32106008463173,19,9,1,Kobayo,PERSON,21,27
uc1.32106008463173,19,10,0,Tash,PERSON,64,68
uc1.32106008463173,19,11,0,Rayu,PERSON,27,31
uc1.32106008463173,19,12,0,Uncle,PERSON,0,5
uc1.32106008463173,19,12,1,ten days,DATE,41,49
uc1.32106008463173,19,12,2,Kobayo,PERSON,75,81
uc1.32106008463173,19,12,3,Rayu,PERSON,125,129
uc1.32106008463173,19,13,0,Tash,PERSON,19,23
uc1.32106008463173,19,15,0,Gabriel,PERSON,5,12
uc1.32106008463173,19,15,1,Olga,PERSON,34,38
uc1.32106008463173,19,16,0,7,CARDINAL,33,34
uc1.32106008463173,22,1,0,Tash,PERSON,13,17
uc1.32106008463173,22,6,0,Kokrines,GPE,61,69
uc1.32106008463173,22,7,0,Uncle,PERSON,0,5
uc1.32106008463173,22,11,0,Uncle,PERSON,31,36
uc1.32106008463173,22,13,0,Tash,PERSON,0,4
uc1.32106008463173,22,15,0,Vaska,PERSON,0,5
uc1.32106008463173,22,29,0,Tash,PERSON,0,4
uc1.32106008463173,22,38,0,nonaaldłoda,PERSON,0,11
uc1.32106008463173,22,38,1,Indian,NORP,12,18
uc1.32106008463173,22,38,2,10,CARDINAL,29,31
uc1.32106008463173,23,0,0,the days,DATE,7,15
uc1.32106008463173,23,2,0,Gabriel,PERSON,28,35
uc1.32106008463173,23,3,0,Tash,PERSON,23,27
uc1.32106008463173,23,3,1,Aunt,PERSON,36,40
uc1.32106008463173,23,4,0,Aunt,PERSON,21,25
uc1.32106008463173,23,6,0,Tash,PERSON,0,4
uc1.32106008463173,23,6,1,Aunt,PERSON,29,33
uc1.32106008463173,23,8,0,Aunt,PERSON,6,10
uc1.32106008463173,23,9,0,Vaska,PRODUCT,6,11
uc1.32106008463173,23,11,0,Gisakk,ORG,30,36
uc1.32106008463173,23,11,1,Nulato,GPE,47,53
uc1.32106008463173,23,13,0,Tash,PERSON,22,26
uc1.32106008463173,23,19,0,summer,DATE,28,34
uc1.32106008463173,23,20,0,four days,DATE,7,16
uc1.32106008463173,23,20,1,Vaska,PERSON,24,29
uc1.32106008463173,23,20,2,Gabriel,PERSON,34,41
uc1.32106008463173,23,21,0,midnight,TIME,7,15
uc1.32106008463173,23,21,1,Tash,PERSON,16,20
uc1.32106008463173,23,22,0,Gabriel,PERSON,0,7
uc1.32106008463173,23,28,0,Dineega,PERSON,22,29
uc1.32106008463173,23,29,0,Tash,PERSON,44,48
uc1.32106008463173,23,30,0,Tash,PERSON,0,4
uc1.32106008463173,23,34,0,Just four quarts,QUANTITY,0,16
uc1.32106008463173,23,35,0,Gabriel,PERSON,0,7
uc1.32106008463173,23,37,0,Tash,PERSON,0,4
uc1.32106008463173,23,38,0,Dineega moose 11,PERSON,0,16
uc1.32106008463173,24,0,0,J.E. SENUNG ETUK'83,PERSON,251,270
uc1.32106008463173,25,3,0,today,DATE,49,54
uc1.32106008463173,25,4,0,two,CARDINAL,15,18
uc1.32106008463173,25,8,0,Olga,PERSON,0,4
uc1.32106008463173,25,9,0,Aunt,PERSON,8,12
uc1.32106008463173,25,9,1,Tash,PERSON,17,21
uc1.32106008463173,25,12,0,Tash,PERSON,0,4
uc1.32106008463173,25,13,0,Sito,PERSON,1,5
uc1.32106008463173,25,13,1,Olga,PERSON,9,13
uc1.32106008463173,25,15,0,Sito,PERSON,1,5
uc1.32106008463173,25,16,0,Papa,PERSON,15,19
uc1.32106008463173,25,18,0,Olga,PERSON,0,4
uc1.32106008463173,25,20,0,the day,DATE,8,15
uc1.32106008463173,25,21,0,Gabriel,PERSON,0,7
uc1.32106008463173,25,21,1,late afternoon,TIME,21,35
uc1.32106008463173,25,22,0,Baby,PERSON,11,15
uc1.32106008463173,25,23,0,Papa,PERSON,1,5
uc1.32106008463173,25,32,0,Tash,PERSON,11,15
uc1.32106008463173,25,32,1,Uncle,PERSON,37,42
uc1.32106008463173,25,33,0,Gabriel,PERSON,0,7
uc1.32106008463173,25,39,0,About an hour after,TIME,0,19
uc1.32106008463173,25,40,0,Vaska,PERSON,23,28
uc1.32106008463173,25,44,0,13,CARDINAL,0,2
uc1.32106008463173,26,1,0,Hours later,DATE,0,11
uc1.32106008463173,26,1,1,Tash,PERSON,13,17
uc1.32106008463173,26,5,0,Vaska,PERSON,14,19
uc1.32106008463173,26,12,0,a second,TIME,44,52
uc1.32106008463173,26,26,0,Gabriel,PERSON,41,48
uc1.32106008463173,26,27,0,Vaska,PERSON,26,31
uc1.32106008463173,26,28,0,Gabriel,PERSON,0,7
uc1.32106008463173,26,28,1,Tash,PERSON,45,49
uc1.32106008463173,26,29,0,Vaşka,PERSON,36,41
uc1.32106008463173,26,32,0,Vaska,PERSON,0,5
uc1.32106008463173,26,33,0,Gabriel,PERSON,12,19
uc1.32106008463173,26,36,0,14,CARDINAL,0,2
uc1.32106008463173,27,0,0,193,CARDINAL,13,16
uc1.32106008463173,28,0,0,Tash,PERSON,14,18
uc1.32106008463173,28,5,0,Tash-,PERSON,23,28
uc1.32106008463173,28,13,0,Gabriel,PERSON,0,7
uc1.32106008463173,28,17,0,Rayu,PERSON,69,73
uc1.32106008463173,28,24,0,Rayu,PERSON,11,15
uc1.32106008463173,28,26,0,Tash,PERSON,12,16
uc1.32106008463173,28,29,0,Tash,PERSON,0,4
uc1.32106008463173,28,31,0,the night,TIME,19,28
uc1.32106008463173,28,34,0,Vaska,PERSON,5,10
uc1.32106008463173,28,37,0,Tash,PERSON,0,4
uc1.32106008463173,28,42,0,16,CARDINAL,37,39
uc1.32106008463173,29,1,0,all night,TIME,10,19
uc1.32106008463173,29,2,0,Tash,PERSON,0,4
uc1.32106008463173,29,4,0,Tash,PERSON,0,4
uc1.32106008463173,29,5,0,Kokrines,GPE,21,29
uc1.32106008463173,29,10,0,Tash,PERSON,4,8
uc1.32106008463173,29,16,0,Aunt,PERSON,0,4
uc1.32106008463173,29,17,0,Philomena,PERSON,16,25
uc1.32106008463173,29,19,0,twelve,DATE,4,10
uc1.32106008463173,29,19,1,last March,DATE,11,21
uc1.32106008463173,29,20,0,Tash,PERSON,27,31
uc1.32106008463173,29,26,0,Gabriel,PERSON,1,8
uc1.32106008463173,29,27,0,Tash,PERSON,8,12
uc1.32106008463173,29,30,0,Rayu,PERSON,27,31
uc1.32106008463173,29,30,1,Kobayo,PERSON,36,42
uc1.32106008463173,29,31,0,Tash,PERSON,42,46
uc1.32106008463173,29,39,0,Vaska,PERSON,52,57
uc1.32106008463173,29,43,0,Tash,PERSON,22,26
uc1.32106008463173,29,43,1,Tash,PERSON,39,43
uc1.32106008463173,29,45,0,Aunt,PERSON,17,21
uc1.32106008463173,30,1,0,two,CARDINAL,29,32
uc1.32106008463173,30,11,0,a terrible winter,DATE,15,32
uc1.32106008463173,30,12,0,18,CARDINAL,0,2
uc1.32106008463173,31,0,0,J.E. SENONGETUK,PERSON,17,32
uc1.32106008463173,32,0,0,ATHABASKAN,NORP,12,22
uc1.32106008463173,32,0,1,sito,PERSON,29,33
uc1.32106008463173,32,2,0,sidnaa,PERSON,10,16
uc1.32106008463173,32,2,1,Gisakk,PERSON,27,33
uc1.32106008463173,32,3,0,Russian,NORP,9,16
uc1.32106008463173,32,3,1,Yukon,GPE,41,46
uc1.32106008463173,32,3,2,Cossacks,NORP,68,76
uc1.32106008463173,32,4,0,Today,DATE,0,5
uc1.32106008463173,32,4,1,Alaskan,NORP,6,13
uc1.32106008463173,32,4,2,Gisakk,PERSON,41,47
uc1.32106008463173,32,5,0,nohloonh tłok,PERSON,0,13
uc1.32106008463173,32,5,1,Ggaal daałakk'azee king,PERSON,63,86
uc1.32106008463173,32,5,2,dolt'ol moon k'ilaak'uyh Indian,PERSON,121,152
uc1.32106008463173,32,5,3,sodaa,PERSON,171,176
uc1.32106008463173,32,5,4,nonaaldloda,PERSON,193,204
uc1.32106008463173,32,5,5,Indian,NORP,205,211
uc1.32106008463173,32,5,6,Dineega moose,PERSON,222,235
uc1.32106008463173,32,7,0,1930,DATE,65,69
uc1.32106008463173,32,7,1,Nulato Diary of the Jesuit Missionaries,WORK_OF_ART,71,110
uc1.32106008463173,32,7,2,Julius Jette,PERSON,112,124
uc1.32106008463173,32,7,3,Oregon Province Archives,ORG,132,156
uc1.32106008463173,32,7,4,Gonzaga University,ORG,158,176
uc1.32106008463173,32,7,5,Spokane,GPE,178,185
uc1.32106008463173,32,7,6,Washington,GPE,187,197
uc1.32106008463173,32,8,0,"The Ten'a Food Quest, Dissertation",WORK_OF_ART,0,34
uc1.32106008463173,32,8,1,Robert J. Sullivan,PERSON,36,54
uc1.32106008463173,32,8,2,S.J.,PERSON,56,60
uc1.32106008463173,32,8,3,The Catholic University of America,ORG,83,117
uc1.32106008463173,32,8,4,1942,DATE,119,123
uc1.32106008463173,32,9,0,The Changing Culture of the Nulato Koyukon Indians,WORK_OF_ART,0,50
uc1.32106008463173,32,9,1,William John Loyens,PERSON,66,85
uc1.32106008463173,32,9,2,S.J.,PERSON,87,91
uc1.32106008463173,32,9,3,The University of Wisconsin,ORG,114,141
uc1.32106008463173,32,9,4,1966,DATE,143,147
uc1.32106008463173,32,10,0,Lower Koyukon,NORP,20,33
uc1.32106008463173,32,10,1,Eliza Jones,PERSON,47,58
uc1.32106008463173,32,10,2,"University of Alaska,",ORG,60,81
uc1.32106008463173,32,10,3,Alaska,GPE,91,97
uc1.32106008463173,33,0,0,MARY TALLMOUNTAIN,PERSON,12,29
uc1.32106008463173,33,0,1,an Athabascan Indian,NORP,33,53
uc1.32106008463173,33,0,2,Koyukon,NORP,61,68
uc1.32106008463173,33,0,3,the Yukon River,LOC,88,103
uc1.32106008463173,33,0,4,the Arctic Circle,LOC,113,130
uc1.32106008463173,33,0,5,a hundred miles,QUANTITY,137,152
uc1.32106008463173,33,0,6,Fairbanks,GPE,158,167
uc1.32106008463173,33,0,7,Alaska,GPE,192,198
uc1.32106008463173,33,1,0,San Francisco,GPE,37,50
uc1.32106008463173,33,2,0,Alaskan,NORP,11,18
uc1.32106008463173,33,3,0,California,GPE,13,23
uc1.32106008463173,33,3,1,Alaska,GPE,108,114
uc1.32106008463173,33,4,0,JOSEPH E. SENUNGETUK,PERSON,0,20
uc1.32106008463173,33,4,1,Alaskan,NORP,31,38
uc1.32106008463173,33,4,2,Anchorage,GPE,87,96
uc1.32106008463173,34,0,0,4,CARDINAL,1,2
uc1.32106008463173,34,0,1,477,CARDINAL,17,20
uc1.32106008463173,38,0,0,"THE UNIVERSITY LIBRARY UNIVERSITY OF CALIFORNIA,",ORG,1,49
uc1.32106008463173,38,0,1,SANTA CRUZ,GPE,50,60
uc1.32106008463173,38,2,0,429-2756,CARDINAL,24,32
uc1.32106008463173,38,2,1,14 days,DATE,70,77
uc1.32106008463173,38,3,0,OCT 27 1989,DATE,0,11
uc1.32106008463173,38,3,1,MDV 16 1989,DATE,16,27
uc1.32106008463173,38,4,0,SANTA CRUZ,GPE,0,10
uc1.32106008463173,38,4,1,DEC 13 1989,DATE,28,39
uc1.32106008463173,38,4,2,DEC 11,DATE,42,48
uc1.32106008463173,38,4,3,1989,DATE,49,53
uc1.32106008463173,38,4,4,JAN 18'90,DATE,60,69
uc1.32106008463173,38,4,5,DEC 14,DATE,108,114
uc1.32106008463173,38,4,6,1995,DATE,115,119
uc1.32106008463173,38,4,7,APR 15'98 APR 23,DATE,126,142
uc1.32106008463173,38,4,8,1997,DATE,143,147
uc1.32106008463173,38,4,9,JAN 11,DATE,154,160
uc1.32106008463173,38,4,10,2001 -35 20/32/,DATE,161,176
uc1.32106008463173,38,4,11,FEB 2 2,DATE,177,184
uc1.32106008463173,38,4,12,2001,DATE,185,189
