vol_id,page,sentence_id,ent_id,entity,entity_type,start_char,end_char
uc1.32106008463017,1,0,0,SANTA CRUZ,GPE,50,60
uc1.32106008463017,3,0,0,SEEK THE HOUSE OF RELATIVES,WORK_OF_ART,1,28
uc1.32106008463017,3,0,1,Elizabeth Cook-Lynn,PERSON,32,51
uc1.32106008463017,5,0,0,Elizabeth Cook-Lynn,PERSON,34,53
uc1.32106008463017,6,0,0,3,CARDINAL,0,1
uc1.32106008463017,7,0,0,THE HOUSE OF RELATIVES,WORK_OF_ART,5,27
uc1.32106008463017,7,0,1,Elizabeth Cook-Lynn,PERSON,31,50
uc1.32106008463017,7,0,2,Marvin,GPE,82,88
uc1.32106008463017,7,0,3,South Dakota,GPE,90,102
uc1.32106008463017,7,0,4,57251,CARDINAL,103,108
uc1.32106008463017,7,0,5,1983,DATE,109,113
uc1.32106008463017,8,0,0,Univ. Library,ORG,0,13
uc1.32106008463017,8,0,1,UC Santa Cruz,ORG,15,28
uc1.32106008463017,8,0,2,1989,DATE,29,33
uc1.32106008463017,8,0,3,SEEK THE HOUSE OF RELATIVES,WORK_OF_ART,34,61
uc1.32106008463017,8,0,4,Elizabeth Cook-Lynn,PERSON,65,84
uc1.32106008463017,8,0,5,1983,DATE,95,99
uc1.32106008463017,8,0,6,Elizabeth Cook-Lynn,PERSON,103,122
uc1.32106008463017,8,0,7,the Blue Cloud Quarterly,ORG,136,160
uc1.32106008463017,8,0,8,Vol. 29,WORK_OF_ART,162,169
uc1.32106008463017,8,0,9,4,CARDINAL,175,176
uc1.32106008463017,9,0,0,Dream JOURNEY,PERSON,3,16
uc1.32106008463017,9,1,0,3599 05548,CARDINAL,3,13
uc1.32106008463017,9,5,0,East,LOC,153,157
uc1.32106008463017,9,8,0,344,CARDINAL,0,3
uc1.32106008463017,10,1,0,III,CARDINAL,0,3
uc1.32106008463017,10,3,0,Sacristans,NORP,0,10
uc1.32106008463017,10,6,0,Etruscans,NORP,39,48
uc1.32106008463017,10,7,0,Rome,GPE,32,36
uc1.32106008463017,11,0,0,PARENTHOOD,PERSON,0,10
uc1.32106008463017,11,1,0,Unnameable days,DATE,0,15
uc1.32106008463017,12,1,0,Missouri,LOC,48,56
uc1.32106008463017,12,4,0,Indian,NORP,6,12
uc1.32106008463017,12,10,0,the days,DATE,15,23
uc1.32106008463017,12,12,0,III,CARDINAL,0,3
uc1.32106008463017,13,2,0,Thunder Butte,GPE,34,47
uc1.32106008463017,13,2,1,six,CARDINAL,61,64
uc1.32106008463017,13,2,2,one,CARDINAL,74,77
uc1.32106008463017,13,3,0,Long Tall Sally,PERSON,70,85
uc1.32106008463017,14,0,0,Washington,PERSON,65,75
uc1.32106008463017,14,0,1,Lincoln,PERSON,77,84
uc1.32106008463017,14,0,2,The Rough Rider,WORK_OF_ART,86,101
uc1.32106008463017,14,0,3,Jefferson,PERSON,107,116
uc1.32106008463017,14,2,0,Two,CARDINAL,0,3
uc1.32106008463017,15,0,0,Paul Wahukezatininkeya,PERSON,32,54
uc1.32106008463017,15,0,1,"July 12, 1892",DATE,56,69
uc1.32106008463017,15,1,0,James J. McAuley,PERSON,0,16
uc1.32106008463017,15,1,1,MCMLXXX,WORK_OF_ART,59,66
uc1.32106008463017,15,1,2,Mill Mt. Press,ORG,70,84
uc1.32106008463017,15,3,0,this New World,LOC,36,50
uc1.32106008463017,15,3,1,Christian,NORP,82,91
uc1.32106008463017,15,4,0,Paul,PERSON,6,10
uc1.32106008463017,15,4,1,Tamarack,GPE,42,50
uc1.32106008463017,15,7,0,Buffalo,GPE,52,59
uc1.32106008463017,16,1,0,American Indians,NORP,27,43
uc1.32106008463017,16,1,1,Wounded Knee,FAC,47,59
uc1.32106008463017,16,1,2,Crow Dog,PRODUCT,94,102
uc1.32106008463017,16,2,0,Sitting Bull,PERSON,5,17
uc1.32106008463017,16,3,0,fours three,CARDINAL,99,110
uc1.32106008463017,16,3,1,Stars and Stripes,WORK_OF_ART,239,256
uc1.32106008463017,16,3,2,Hokshina,NORP,290,298
uc1.32106008463017,16,3,3,Ate,PERSON,333,336
uc1.32106008463017,16,4,0,Piemontese,NORP,81,91
uc1.32106008463017,16,5,0,Crow Dog,PERSON,34,42
uc1.32106008463017,16,6,0,Sitting Bull,PERSON,5,17
uc1.32106008463017,17,1,0,the Columbia River,LOC,16,34
uc1.32106008463017,17,1,1,Earth,LOC,74,79
uc1.32106008463017,17,1,2,Indians,NORP,110,117
uc1.32106008463017,18,0,0,Rapid City,GPE,62,72
uc1.32106008463017,18,0,1,South Dakota,GPE,74,86
uc1.32106008463017,19,0,0,INDIAN,NORP,3,9
uc1.32106008463017,19,0,1,Indian,NORP,37,43
uc1.32106008463017,19,0,2,today,DATE,49,54
uc1.32106008463017,19,1,0,Indian,NORP,22,28
uc1.32106008463017,19,2,0,Indian,NORP,10,16
uc1.32106008463017,19,2,1,today,DATE,22,27
uc1.32106008463017,19,7,0,Indian,NORP,10,16
uc1.32106008463017,19,7,1,today,DATE,22,27
uc1.32106008463017,19,8,0,Watt,PERSON,11,15
uc1.32106008463017,19,9,0,Pick,PERSON,7,11
uc1.32106008463017,19,9,1,Sloan,PERSON,20,25
uc1.32106008463017,19,9,2,Indians,NORP,57,64
uc1.32106008463017,19,9,3,the Wall Street Journal,ORG,117,140
uc1.32106008463017,19,10,0,Indian,NORP,10,16
uc1.32106008463017,19,10,1,today,DATE,22,27
uc1.32106008463017,19,11,0,Bar,ORG,40,43
uc1.32106008463017,19,12,0,Indian,NORP,10,16
uc1.32106008463017,19,12,1,today,DATE,22,27
uc1.32106008463017,19,13,0,one,CARDINAL,92,95
uc1.32106008463017,20,0,0,THE INDIAN HEALTH CLINIC,FAC,15,39
uc1.32106008463017,20,3,0,This morning,TIME,0,12
uc1.32106008463017,20,3,1,New Jersey,GPE,155,165
uc1.32106008463017,20,3,2,days,DATE,247,251
uc1.32106008463017,20,3,3,Canada,GPE,314,320
uc1.32106008463017,20,3,4,the Greenwood Woman's,PERSON,365,386
uc1.32106008463017,20,3,5,two hundred miles,QUANTITY,418,435
uc1.32106008463017,20,3,6,summer,DATE,511,517
uc1.32106008463017,20,4,0,Winter,DATE,4,10
uc1.32106008463017,21,5,0,Big Pipe's,FAC,43,53
uc1.32106008463017,21,5,1,CCC,ORG,65,68
uc1.32106008463017,21,6,0,Indians,NORP,0,7
uc1.32106008463017,21,13,0,Big Pipe,ORG,0,8
uc1.32106008463017,21,13,1,SHARPS,PRODUCT,71,77
uc1.32106008463017,21,13,2,1938,DATE,123,127
uc1.32106008463017,21,13,3,Fords,PRODUCT,128,133
uc1.32106008463017,21,13,4,each morning,TIME,190,202
uc1.32106008463017,21,13,5,evening,TIME,207,214
uc1.32106008463017,22,0,0,Big Pipe,PERSON,20,28
uc1.32106008463017,23,0,0,REVEREND TILESTON,PERSON,13,30
uc1.32106008463017,23,0,1,Fifty miles,QUANTITY,31,42
uc1.32106008463017,23,0,2,the Bend of,LOC,86,97
uc1.32106008463017,23,0,3,the Missouri River,LOC,98,116
uc1.32106008463017,23,0,4,Dakotapi,LOC,127,135
uc1.32106008463017,23,0,5,one,CARDINAL,422,425
uc1.32106008463017,23,0,6,Uncle,PERSON,593,598
uc1.32106008463017,23,0,7,five,CARDINAL,772,776
uc1.32106008463017,23,0,8,3 to 15 years,DATE,807,820
uc1.32106008463017,23,1,0,Uncle,PERSON,0,5
uc1.32106008463017,23,1,1,two,CARDINAL,103,106
uc1.32106008463017,23,2,0,Family,ORG,4,10
uc1.32106008463017,23,2,1,several generations,DATE,172,191
uc1.32106008463017,23,2,2,a hundred years before,DATE,372,394
uc1.32106008463017,23,3,0,1935,DATE,13,17
uc1.32106008463017,23,4,0,three,CARDINAL,74,79
uc1.32106008463017,23,4,1,the U. S. Government,ORG,137,157
uc1.32106008463017,23,4,2,Bureau of Indian Affairs,ORG,162,186
uc1.32106008463017,23,5,0,winter,DATE,62,68
uc1.32106008463017,23,5,1,first,ORDINAL,105,110
uc1.32106008463017,23,5,2,Canadian,NORP,152,160
uc1.32106008463017,24,2,0,Bureau,ORG,113,119
uc1.32106008463017,24,2,1,East,LOC,139,143
uc1.32106008463017,24,2,2,the summer,DATE,173,183
uc1.32106008463017,24,2,3,Dakotah,GPE,216,223
uc1.32106008463017,24,2,4,the Indian Service,ORG,244,262
uc1.32106008463017,24,3,0,Family,ORG,80,86
uc1.32106008463017,24,3,1,summer,DATE,102,108
uc1.32106008463017,24,6,0,late afternoon,TIME,144,158
uc1.32106008463017,24,6,1,Dakotah,GPE,244,251
uc1.32106008463017,24,6,2,Bureau,ORG,288,294
uc1.32106008463017,24,10,0,one,CARDINAL,72,75
uc1.32106008463017,24,11,0,Public Health Service,ORG,117,138
uc1.32106008463017,24,11,1,Indian,NORP,171,177
uc1.32106008463017,24,11,2,the century,DATE,252,263
uc1.32106008463017,24,12,0,Catholic,NORP,47,55
uc1.32106008463017,24,12,1,St. Anne's,ORG,64,74
uc1.32106008463017,25,0,0,summer,DATE,0,6
uc1.32106008463017,25,1,0,years later,DATE,80,91
uc1.32106008463017,25,2,0,summer,DATE,3,9
uc1.32106008463017,25,2,1,evenings,TIME,10,18
uc1.32106008463017,25,7,0,tomorrow,DATE,38,46
uc1.32106008463017,25,8,0,one,CARDINAL,23,26
uc1.32106008463017,25,9,0,a long day,DATE,20,30
uc1.32106008463017,25,9,1,the afternoon,TIME,63,76
uc1.32106008463017,25,10,0,the evening,TIME,3,14
uc1.32106008463017,25,12,0,Uncle,PERSON,95,100
uc1.32106008463017,25,13,0,Uncle,PERSON,37,42
uc1.32106008463017,25,13,1,one,CARDINAL,67,70
uc1.32106008463017,25,16,0,Uncle,PERSON,0,5
uc1.32106008463017,25,16,1,one,CARDINAL,19,22
uc1.32106008463017,26,0,0,one,CARDINAL,9,12
uc1.32106008463017,26,1,0,a few moments,TIME,3,16
uc1.32106008463017,26,1,1,evening,TIME,88,95
uc1.32106008463017,26,2,0,Uncle,PERSON,58,63
uc1.32106008463017,26,6,0,Uncle,PERSON,38,43
uc1.32106008463017,26,8,0,Uncle,PERSON,3,8
uc1.32106008463017,26,8,1,first,ORDINAL,59,64
uc1.32106008463017,26,8,2,a few long moments,TIME,108,126
uc1.32106008463017,26,9,0,Christian,NORP,9,18
uc1.32106008463017,26,9,1,evening,TIME,102,109
uc1.32106008463017,26,14,0,about forty,DATE,16,27
uc1.32106008463017,26,16,0,two,CARDINAL,16,19
uc1.32106008463017,27,1,0,Bibles,PRODUCT,37,43
uc1.32106008463017,27,2,0,forty-ish,DATE,28,37
uc1.32106008463017,27,6,0,two,CARDINAL,52,55
uc1.32106008463017,27,7,0,first,ORDINAL,20,25
uc1.32106008463017,27,8,0,a few feet,QUANTITY,62,72
uc1.32106008463017,27,11,0,two,CARDINAL,139,142
uc1.32106008463017,27,12,0,Bernice,PERSON,12,19
uc1.32106008463017,27,12,1,two,CARDINAL,47,50
uc1.32106008463017,27,12,2,Kate,PERSON,78,82
uc1.32106008463017,27,14,0,Tileston,PERSON,134,142
uc1.32106008463017,27,15,0,Bible,WORK_OF_ART,192,197
uc1.32106008463017,27,16,0,two,CARDINAL,4,7
uc1.32106008463017,28,1,0,Granny,PERSON,189,195
uc1.32106008463017,28,1,1,two,CARDINAL,220,223
uc1.32106008463017,28,5,0,Bernice,PERSON,72,79
uc1.32106008463017,28,5,1,Kate,PERSON,84,88
uc1.32106008463017,28,10,0,One,CARDINAL,0,3
uc1.32106008463017,29,4,0,Tileston,PERSON,13,21
uc1.32106008463017,29,5,0,Tileston,PERSON,30,38
uc1.32106008463017,29,10,0,English,NORP,39,46
uc1.32106008463017,29,11,0,Felix Middle Tent,PERSON,26,43
uc1.32106008463017,29,11,1,Dakotah,NORP,60,67
uc1.32106008463017,29,11,2,Dakotah,NORP,208,215
uc1.32106008463017,29,11,3,Uncle,PERSON,265,270
uc1.32106008463017,29,13,0,second,ORDINAL,34,40
uc1.32106008463017,29,15,0,day,DATE,103,106
uc1.32106008463017,30,4,0,Tileston,PERSON,88,96
uc1.32106008463017,30,4,1,Bernice,PERSON,133,140
uc1.32106008463017,30,4,2,Kate,PERSON,145,149
uc1.32106008463017,30,5,0,Scriptures,WORK_OF_ART,156,166
uc1.32106008463017,30,9,0,With the Cross of Jee-e-sus,WORK_OF_ART,114,141
uc1.32106008463017,30,10,0,a moment,TIME,6,14
uc1.32106008463017,30,10,1,Uncle,PERSON,32,37
uc1.32106008463017,30,10,2,four,CARDINAL,99,103
uc1.32106008463017,32,0,0,"THE UNIVERSITY LIBRARY UNIVERSITY OF CALIFORNIA,",ORG,1,49
uc1.32106008463017,32,0,1,SANTA CRUZ,GPE,50,60
uc1.32106008463017,32,2,0,429-2756,CARDINAL,24,32
uc1.32106008463017,32,2,1,14 days,DATE,70,77
uc1.32106008463017,32,3,0,DEC 2,DATE,0,5
uc1.32106008463017,32,3,1,NOV 19,DATE,11,17
uc1.32106008463017,32,3,2,"MAY 2,6",DATE,29,36
uc1.32106008463017,32,3,3,1994 JUN 10,DATE,37,48
uc1.32106008463017,32,3,4,JAN 10,DATE,60,66
uc1.32106008463017,32,3,5,1998,DATE,67,71
uc1.32106008463017,32,3,6,JAN 16,DATE,87,93
uc1.32106008463017,32,3,7,1998,DATE,94,98
uc1.32106008463017,32,3,8,APR 15'99 MAY 15,DATE,105,121
uc1.32106008463017,32,3,9,1998,DATE,122,126
uc1.32106008463017,32,3,10,2373,CARDINAL,140,144
uc1.32106008463017,32,4,0,Marvin,GPE,10,16
uc1.32106008463017,32,4,1,South Dakota,GPE,18,30
