vol_id,page,sentence_id,ent_id,entity,entity_type,start_char,end_char
uc1.32106009286672,1,0,0,SANTA CRUZ,GPE,61,71
uc1.32106009286672,1,0,1,Abenaki,NORP,94,101
uc1.32106009286672,1,0,2,JOSEPH BRUCHAC,PERSON,135,149
uc1.32106009286672,1,0,3,Kahionhes KAHIONHES,PERSON,167,186
uc1.32106009286672,2,0,0,1,CARDINAL,1,2
uc1.32106009286672,4,0,0,1,CARDINAL,0,1
uc1.32106009286672,5,0,0,Abenaki,PERSON,20,27
uc1.32106009286672,5,0,1,JOSEPH BRUCHAC,PERSON,47,61
uc1.32106009286672,5,0,2,Kahionhes Greenfield,PERSON,79,99
uc1.32106009286672,5,0,3,Greenfield Center,ORG,113,130
uc1.32106009286672,5,0,4,New York,GPE,132,140
uc1.32106009286672,6,0,0,Univ. Library,ORG,0,13
uc1.32106009286672,6,0,1,UC Santa Cruz,ORG,15,28
uc1.32106009286672,6,0,2,1970,DATE,29,33
uc1.32106009286672,6,0,3,1988,DATE,34,38
uc1.32106009286672,6,0,4,Joseph Bruchac,PERSON,42,56
uc1.32106009286672,6,1,0,1988,DATE,25,29
uc1.32106009286672,6,1,1,John Kahionhes Fadden,PERSON,33,54
uc1.32106009286672,6,3,0,Joseph Bruchac,PERSON,172,186
uc1.32106009286672,6,5,0,Bowman Books #,ORG,0,14
uc1.32106009286672,6,5,1,"The Faithful Hunter""",WORK_OF_ART,36,56
uc1.32106009286672,6,5,2,How Indian Summer Came to Be,WORK_OF_ART,62,90
uc1.32106009286672,6,5,3,Rooted Like the Ash Trees,WORK_OF_ART,110,135
uc1.32106009286672,6,6,0,Eagle Wing Press,ORG,0,16
uc1.32106009286672,6,6,1,1987,DATE,17,21
uc1.32106009286672,6,7,0,Patrick J. Powers,PERSON,10,27
uc1.32106009286672,6,7,1,Sans Serif Typesetters,ORG,35,57
uc1.32106009286672,6,7,2,Ann Arbor,GPE,59,68
uc1.32106009286672,6,7,3,Michigan,GPE,70,78
uc1.32106009286672,6,7,4,Bowman Books,ORG,79,91
uc1.32106009286672,6,7,5,The Greenfield Review Press,ORG,109,136
uc1.32106009286672,6,9,0,the Leonard Lampman Scholarship Foundation,ORG,52,94
uc1.32106009286672,6,9,1,Abenaki,NORP,99,106
uc1.32106009286672,6,10,0,the Leonard Lampman Scholarship Foundation,ORG,64,106
uc1.32106009286672,6,10,1,334,CARDINAL,117,120
uc1.32106009286672,6,10,2,Swanton,GPE,122,129
uc1.32106009286672,6,10,3,Vermont,GPE,131,138
uc1.32106009286672,6,10,4,05488,CARDINAL,139,144
uc1.32106009286672,6,11,0,The Greenfield Review Press,ORG,0,27
uc1.32106009286672,6,11,1,Middle Grove Road Greenfield Center,FAC,30,65
uc1.32106009286672,6,11,2,N.Y.,GPE,67,71
uc1.32106009286672,7,0,0,Missisquoi,LOC,42,52
uc1.32106009286672,7,0,1,Odanak,NORP,57,63
uc1.32106009286672,8,0,0,MICMAC TRIBAL,PERSON,8,21
uc1.32106009286672,8,0,1,111,CARDINAL,28,31
uc1.32106009286672,8,1,0,U.S,GPE,19,22
uc1.32106009286672,8,1,1,CANADA,GPE,25,31
uc1.32106009286672,8,1,2,"JUNE, 1988",DATE,84,94
uc1.32106009286672,8,1,3,WABANAKI,GPE,95,103
uc1.32106009286672,8,1,4,GANIENKEHAGA,GPE,121,133
uc1.32106009286672,8,1,5,MOHAWK,GPE,135,141
uc1.32106009286672,8,1,6,CANADA,GPE,153,159
uc1.32106009286672,8,1,7,U.S.A.,GPE,160,166
uc1.32106009286672,8,2,0,ALGONKIN RIVER,PERSON,15,29
uc1.32106009286672,8,3,0,NEW YORK,GPE,0,8
uc1.32106009286672,8,3,1,WAKI AROSAGUNTICOOK,PERSON,38,57
uc1.32106009286672,8,3,2,ST. FRANCIS,GPE,59,70
uc1.32106009286672,8,3,3,COWASUCK,GPE,72,80
uc1.32106009286672,8,3,4,PLYMOUTH NARRAGANSETT,GPE,167,188
uc1.32106009286672,8,3,5,CANADA,GPE,208,214
uc1.32106009286672,8,3,6,U.S.A.,GPE,215,221
uc1.32106009286672,9,1,0,JOHN QUODDY ANTIC,PERSON,0,17
uc1.32106009286672,9,1,1,3,CARDINAL,23,24
uc1.32106009286672,9,2,0,AMERICAN,NORP,86,94
uc1.32106009286672,9,2,1,EARLY 18th CENTURY,DATE,131,149
uc1.32106009286672,9,2,2,STACY MORIN,PERSON,166,177
uc1.32106009286672,9,2,3,"COUNTRY RDS, INC.",ORG,179,196
uc1.32106009286672,9,2,4,ORRINGTON,GPE,198,207
uc1.32106009286672,9,2,5,ME,GPE,209,211
uc1.32106009286672,9,3,0,CAPE BRETON,GPE,0,11
uc1.32106009286672,9,3,1,40 60 80 100 MI,QUANTITY,25,40
uc1.32106009286672,11,0,0,Four years ago,DATE,13,27
uc1.32106009286672,11,0,1,Joe Bruchac,PERSON,29,40
uc1.32106009286672,11,0,2,John Kahionhes Fadden,PERSON,45,66
uc1.32106009286672,11,0,3,Gluskabe,NORP,98,106
uc1.32106009286672,11,0,4,the Wind Eagle,WORK_OF_ART,123,137
uc1.32106009286672,11,0,5,Wabanaki,GPE,177,185
uc1.32106009286672,11,0,6,the Dawn Land,LOC,187,200
uc1.32106009286672,11,0,7,many thousands of years ago,DATE,208,235
uc1.32106009286672,11,1,0,The Faithful Hunter,WORK_OF_ART,5,24
uc1.32106009286672,11,1,1,two,CARDINAL,30,33
uc1.32106009286672,11,1,2,Abenaki,NORP,85,92
uc1.32106009286672,11,3,0,Wabanaki,NORP,107,115
uc1.32106009286672,11,4,0,thousands of years,DATE,176,194
uc1.32106009286672,11,5,0,one,CARDINAL,32,35
uc1.32106009286672,11,5,1,European,NORP,51,59
uc1.32106009286672,11,5,2,Native Americans,NORP,172,188
uc1.32106009286672,11,5,3,Africa,LOC,211,217
uc1.32106009286672,11,5,4,Asia,LOC,219,223
uc1.32106009286672,11,5,5,Europe,LOC,228,234
uc1.32106009286672,11,7,0,"another hundred, or thousand years",DATE,124,158
uc1.32106009286672,11,8,0,the Wind Eagle,PERSON,5,19
uc1.32106009286672,11,8,1,second,ORDINAL,26,32
uc1.32106009286672,11,8,2,Wabanaki,NORP,40,48
uc1.32106009286672,11,8,3,Bitawbagok,GPE,83,93
uc1.32106009286672,11,8,4,Lake Champlain,LOC,95,109
uc1.32106009286672,11,8,5,Sobagw,GPE,119,125
uc1.32106009286672,11,8,6,Atlantic Ocean,LOC,127,141
uc1.32106009286672,11,8,7,Wabanaki,NORP,201,209
uc1.32106009286672,11,9,0,Gluscabe,NORP,106,114
uc1.32106009286672,11,9,1,Skunk,NORP,123,128
uc1.32106009286672,11,11,0,Native American,NORP,108,123
uc1.32106009286672,11,12,0,Wabanakiak,NORP,28,38
uc1.32106009286672,11,12,1,Abenaki,NORP,146,153
uc1.32106009286672,11,13,0,Abenaki,NORP,120,127
uc1.32106009286672,11,14,0,Gluskabe,PERSON,15,23
uc1.32106009286672,11,14,1,Dzidziz,PERSON,38,45
uc1.32106009286672,11,14,2,Gluskabe,NORP,67,75
uc1.32106009286672,11,14,3,Gluskabe and the Four Wishes,WORK_OF_ART,97,125
uc1.32106009286672,11,14,4,The Deer Wife,WORK_OF_ART,127,140
uc1.32106009286672,11,14,5,Indian Summer Came To Be,WORK_OF_ART,146,170
uc1.32106009286672,11,14,6,Pmola and the Hunter,WORK_OF_ART,175,195
uc1.32106009286672,12,0,0,Abenaki,NORP,57,64
uc1.32106009286672,12,1,0,Wabanaki,NORP,123,131
uc1.32106009286672,12,2,0,four,CARDINAL,7,11
uc1.32106009286672,12,2,1,Azeban,NORP,38,44
uc1.32106009286672,12,3,0,One,CARDINAL,0,3
uc1.32106009286672,12,3,1,Dagwahoganek,LOC,56,68
uc1.32106009286672,12,3,2,Taquahunga,LOC,83,93
uc1.32106009286672,12,3,3,Swanton Falls,LOC,98,111
uc1.32106009286672,12,3,4,Missisquoi,GPE,116,126
uc1.32106009286672,12,3,5,Vermont,GPE,143,150
uc1.32106009286672,12,4,0,Wabanaki,NORP,7,15
uc1.32106009286672,12,4,1,Azeban,NORP,128,134
uc1.32106009286672,12,5,0,Wabanaki,NORP,95,103
uc1.32106009286672,12,7,0,Missisquoi,NORP,21,31
uc1.32106009286672,12,7,1,Lake George,LOC,33,44
uc1.32106009286672,12,7,2,Abenakis,NORP,72,80
uc1.32106009286672,12,7,3,Mahican,NORP,93,100
uc1.32106009286672,12,7,4,Ganienkehaga,NORP,118,130
uc1.32106009286672,12,7,5,Hodenausaunee,NORP,159,172
uc1.32106009286672,12,7,6,New York,GPE,256,264
uc1.32106009286672,12,7,7,New England,LOC,278,289
uc1.32106009286672,12,7,8,Quebec,GPE,299,305
uc1.32106009286672,12,8,0,Iroquoian,NORP,123,132
uc1.32106009286672,12,8,1,Algonquin,NORP,137,146
uc1.32106009286672,12,8,2,Champlain,LOC,165,174
uc1.32106009286672,12,8,3,Hudson River,LOC,179,191
uc1.32106009286672,12,9,0,Ganienhehaga,NORP,25,37
uc1.32106009286672,12,9,1,New York,GPE,41,49
uc1.32106009286672,12,9,2,Quebec,GPE,54,60
uc1.32106009286672,12,9,3,Abenaki,NORP,72,79
uc1.32106009286672,12,9,4,Abenaki,NORP,103,110
uc1.32106009286672,12,9,5,Abenakis,NORP,130,138
uc1.32106009286672,12,9,6,Ganienhehaga,NORP,159,171
uc1.32106009286672,12,10,0,"the 17th, 18th and 19th centuries",DATE,119,152
uc1.32106009286672,12,11,0,Wabanaki,NORP,9,17
uc1.32106009286672,12,13,0,non-Indian,NORP,60,70
uc1.32106009286672,12,14,0,Wabanaki,NORP,63,71
uc1.32106009286672,12,14,1,today,DATE,195,200
uc1.32106009286672,12,15,0,Wabanaki,NORP,17,25
uc1.32106009286672,12,15,1,non-Indian,NORP,64,74
uc1.32106009286672,12,16,0,Americas,LOC,147,155
uc1.32106009286672,13,1,0,Wabanakis,NORP,8,17
uc1.32106009286672,13,1,1,the past few hundred years,DATE,19,45
uc1.32106009286672,13,1,2,spring,DATE,106,112
uc1.32106009286672,13,2,0,Native American,NORP,29,44
uc1.32106009286672,13,3,0,European,NORP,49,57
uc1.32106009286672,13,4,0,Asian,NORP,28,33
uc1.32106009286672,13,4,1,African,NORP,35,42
uc1.32106009286672,13,4,2,European,NORP,55,63
uc1.32106009286672,13,5,0,The Deer Wife,WORK_OF_ART,3,16
uc1.32106009286672,13,8,0,Wabanaki,NORP,67,75
uc1.32106009286672,13,9,0,Wabanaki,NORP,79,87
uc1.32106009286672,13,9,1,non-Indian,NORP,149,159
uc1.32106009286672,13,10,0,New England,LOC,3,14
uc1.32106009286672,13,10,1,Canada,GPE,20,26
uc1.32106009286672,13,11,0,non-Indians,NORP,40,51
uc1.32106009286672,13,11,1,Native American,NORP,111,126
uc1.32106009286672,13,12,0,non-Indian,NORP,92,102
uc1.32106009286672,13,13,0,Indian,NORP,39,45
uc1.32106009286672,13,14,0,Adirondacks,LOC,60,71
uc1.32106009286672,13,14,1,New England,LOC,85,96
uc1.32106009286672,13,14,2,Wabanaki,LOC,128,136
uc1.32106009286672,13,14,3,Canada,GPE,148,154
uc1.32106009286672,14,4,0,John Moody,PERSON,0,10
uc1.32106009286672,14,4,1,Sharon,GPE,11,17
uc1.32106009286672,14,4,2,Vermont,GPE,19,26
uc1.32106009286672,14,4,3,"October 18, 1988",DATE,27,43
uc1.32106009286672,15,0,0,Gluskabe and Skunk Gluskabe Makes the People Gluskabe,WORK_OF_ART,21,74
uc1.32106009286672,15,0,1,Gluskabe,PERSON,145,153
uc1.32106009286672,15,0,2,The Faithful Hunter,PERSON,252,271
uc1.32106009286672,15,0,3,The Deer Wife,PERSON,272,285
uc1.32106009286672,15,0,4,Indian,NORP,290,296
uc1.32106009286672,15,0,5,59,CARDINAL,315,317
uc1.32106009286672,17,1,0,Native American,NORP,22,37
uc1.32106009286672,17,5,0,Native American,NORP,77,92
uc1.32106009286672,17,6,0,American Indian,NORP,53,68
uc1.32106009286672,17,8,0,first,ORDINAL,14,19
uc1.32106009286672,17,8,1,Native American,NORP,24,39
uc1.32106009286672,17,9,0,Northeast,LOC,24,33
uc1.32106009286672,17,9,1,Iroquois,NORP,39,47
uc1.32106009286672,17,9,2,Abenaki,NORP,56,63
uc1.32106009286672,17,14,0,Seneca,NORP,10,16
uc1.32106009286672,17,14,1,Iroquois,NORP,31,39
uc1.32106009286672,17,14,2,Hageota,NORP,75,82
uc1.32106009286672,17,15,0,Penobscot,NORP,10,19
uc1.32106009286672,17,15,1,Wabanaki,NORP,34,42
uc1.32106009286672,17,15,2,Nudatlogit,PERSON,70,80
uc1.32106009286672,18,4,0,the old days,DATE,3,15
uc1.32106009286672,21,0,0,GLUSKABE,PERSON,0,8
uc1.32106009286672,21,0,1,SKUNK Wowigit notlokgan wa Gluskabe,PERSON,13,48
uc1.32106009286672,21,1,0,Gluskabe,PERSON,23,31
uc1.32106009286672,21,2,0,the old days,DATE,3,15
uc1.32106009286672,21,2,1,Skunk,PERSON,17,22
uc1.32106009286672,21,5,0,Skunk,PERSON,9,14
uc1.32106009286672,21,5,1,Gluskabe,PERSON,29,37
uc1.32106009286672,21,6,0,Skunk,PERSON,24,29
uc1.32106009286672,21,9,0,Gluskabe,PERSON,0,8
uc1.32106009286672,21,11,0,Gluskabe,PERSON,7,15
uc1.32106009286672,21,14,0,Skunk,PERSON,0,5
uc1.32106009286672,21,14,1,Gluskabe,PERSON,30,38
uc1.32106009286672,21,15,0,Gluskabe,PERSON,21,29
uc1.32106009286672,21,16,0,Gluskabe,PERSON,34,42
uc1.32106009286672,21,18,0,Skunk,PERSON,26,31
uc1.32106009286672,21,19,0,Gluskabe,PERSON,0,8
uc1.32106009286672,21,20,0,Skunk,PERSON,8,13
uc1.32106009286672,21,21,0,Skunk,PERSON,0,5
uc1.32106009286672,21,21,1,Gluskabe,PERSON,40,48
uc1.32106009286672,21,22,0,two,CARDINAL,4,7
uc1.32106009286672,21,24,0,Gluskabe,PERSON,17,25
uc1.32106009286672,21,26,0,Skunk,PERSON,21,26
uc1.32106009286672,21,26,1,Gluskabe,PERSON,57,65
uc1.32106009286672,21,27,0,Gluskabe,PERSON,25,33
uc1.32106009286672,21,31,0,Kuai,PERSON,1,5
uc1.32106009286672,21,32,0,Gluskabe,PERSON,14,22
uc1.32106009286672,21,33,0,Gluskabe,PERSON,5,13
uc1.32106009286672,21,34,0,5,CARDINAL,21,22
uc1.32106009286672,22,0,0,Gluskabe,PERSON,44,52
uc1.32106009286672,22,2,0,Skunk,PERSON,24,29
uc1.32106009286672,22,7,0,this day,DATE,3,11
uc1.32106009286672,22,7,1,the year,DATE,36,44
uc1.32106009286672,22,7,2,Gluskabe,PERSON,53,61
uc1.32106009286672,22,7,3,Skunk,PERSON,66,71
uc1.32106009286672,22,8,0,Gluskabe,PERSON,23,31
uc1.32106009286672,22,8,1,Skunk,ORG,45,50
uc1.32106009286672,22,9,0,Gluskabe,PERSON,22,30
uc1.32106009286672,22,14,0,Skunk,PERSON,15,20
uc1.32106009286672,22,15,0,the Day Eagle,PERSON,9,22
uc1.32106009286672,22,15,1,Gluskabe,PERSON,30,38
uc1.32106009286672,22,18,0,Skunk,PERSON,0,5
uc1.32106009286672,22,19,0,The Day Eagle,PERSON,0,13
uc1.32106009286672,22,21,0,Gluskabe,PERSON,0,8
uc1.32106009286672,22,22,0,Skunk,PERSON,0,5
uc1.32106009286672,22,25,0,Skunk,PERSON,5,10
uc1.32106009286672,22,29,0,Skunk,PERSON,5,10
uc1.32106009286672,22,31,0,Gluskabe,PERSON,0,8
uc1.32106009286672,22,34,0,Gluskabe,PERSON,5,13
uc1.32106009286672,22,34,1,Skunk,PERSON,39,44
uc1.32106009286672,22,35,0,Gluskabe,PERSON,31,39
uc1.32106009286672,23,2,0,one,CARDINAL,19,22
uc1.32106009286672,23,3,0,this day,DATE,3,11
uc1.32106009286672,23,3,1,the Day Eagle,PRODUCT,12,25
uc1.32106009286672,23,3,2,one,CARDINAL,40,43
uc1.32106009286672,23,4,0,Skunk,PERSON,39,44
uc1.32106009286672,23,5,0,only half,CARDINAL,16,25
uc1.32106009286672,23,5,1,the Day Eagle,PRODUCT,65,78
uc1.32106009286672,23,6,0,Gluskabe,PERSON,0,8
uc1.32106009286672,23,6,1,Skunk,PERSON,22,27
uc1.32106009286672,23,7,0,Skunk,PERSON,44,49
uc1.32106009286672,23,8,0,two,CARDINAL,25,28
uc1.32106009286672,23,8,1,Skunk,ORG,57,62
uc1.32106009286672,23,9,0,Gluskabe,PERSON,49,57
uc1.32106009286672,23,10,0,Skunk,ORG,21,26
uc1.32106009286672,23,12,0,Skunk,ORG,7,12
uc1.32106009286672,23,14,0,Gluskabe,PERSON,4,12
uc1.32106009286672,23,14,1,Skunk,PERSON,22,27
uc1.32106009286672,23,15,0,Gluskabe,PERSON,0,8
uc1.32106009286672,23,16,0,Gluskabe,PERSON,68,76
uc1.32106009286672,23,17,0,this day,DATE,3,11
uc1.32106009286672,23,17,1,Skunk,PRODUCT,17,22
uc1.32106009286672,23,20,0,7,CARDINAL,0,1
uc1.32106009286672,25,0,0,GLUSKABE,PERSON,0,8
uc1.32106009286672,25,1,0,Gluskabe,PERSON,6,14
uc1.32106009286672,25,5,0,Tabaldak,PERSON,75,83
uc1.32106009286672,25,6,0,First,ORDINAL,0,5
uc1.32106009286672,25,7,0,Indian,NORP,16,22
uc1.32106009286672,25,8,0,two,CARDINAL,15,18
uc1.32106009286672,25,8,1,one,CARDINAL,25,28
uc1.32106009286672,25,8,2,one,CARDINAL,50,53
uc1.32106009286672,25,9,0,two,CARDINAL,26,29
uc1.32106009286672,25,10,0,first,ORDINAL,69,74
uc1.32106009286672,25,11,0,first,ORDINAL,46,51
uc1.32106009286672,25,12,0,Gluskabe,PERSON,55,63
uc1.32106009286672,25,13,0,Gluskabe,PERSON,3,11
uc1.32106009286672,25,14,0,two,CARDINAL,26,29
uc1.32106009286672,25,15,0,one,CARDINAL,8,11
uc1.32106009286672,25,15,1,Gluskabe,PERSON,55,63
uc1.32106009286672,25,16,0,Gluskabe,PERSON,21,29
uc1.32106009286672,25,22,0,Gluskabe,PERSON,5,13
uc1.32106009286672,25,25,0,9,CARDINAL,0,1
uc1.32106009286672,26,0,0,Gluskabe,PERSON,45,53
uc1.32106009286672,26,1,0,Gluskabe,PERSON,43,51
uc1.32106009286672,26,4,0,Gluskabe,PERSON,5,13
uc1.32106009286672,26,8,0,Abenakis,NORP,20,28
uc1.32106009286672,26,10,0,10,CARDINAL,0,2
uc1.32106009286672,27,0,0,GLUSKABE,PERSON,0,8
uc1.32106009286672,27,1,0,Gluskabe,PERSON,6,14
uc1.32106009286672,27,6,0,Alnabe,PERSON,1,7
uc1.32106009286672,27,9,0,Gluskabe,PERSON,0,8
uc1.32106009286672,27,14,0,those days,DATE,3,13
uc1.32106009286672,27,17,0,Gluskabe,PERSON,0,8
uc1.32106009286672,27,17,1,one,CARDINAL,16,19
uc1.32106009286672,27,18,0,Alnabe,PERSON,1,7
uc1.32106009286672,27,19,0,second,ORDINAL,42,48
uc1.32106009286672,27,22,0,Gluskabe,PERSON,5,13
uc1.32106009286672,27,24,0,Gluskabe,PERSON,11,19
uc1.32106009286672,27,28,0,Gluskabe,PERSON,0,8
uc1.32106009286672,27,31,0,11,CARDINAL,33,35
uc1.32106009286672,29,4,0,Gluskabe,PERSON,7,15
uc1.32106009286672,29,7,0,Gluskabe,PERSON,0,8
uc1.32106009286672,29,12,0,Gluskabe,PERSON,6,14
uc1.32106009286672,29,13,0,one,CARDINAL,10,13
uc1.32106009286672,29,14,0,Gluskabe,PERSON,37,45
uc1.32106009286672,29,19,0,Gluskabe,PERSON,5,13
uc1.32106009286672,29,21,0,Gluskabe,PERSON,144,152
uc1.32106009286672,29,22,0,Gluskabe,PERSON,12,20
uc1.32106009286672,29,23,0,13,CARDINAL,0,2
uc1.32106009286672,31,0,0,GLUSKABE,PERSON,0,8
uc1.32106009286672,31,4,0,those days,DATE,3,13
uc1.32106009286672,31,7,0,One,CARDINAL,0,3
uc1.32106009286672,31,7,1,Gluskabe,PERSON,9,17
uc1.32106009286672,31,9,0,Indian,NORP,27,33
uc1.32106009286672,31,13,0,Gluskabe,PERSON,0,8
uc1.32106009286672,31,21,0,Gluskabe,PERSON,24,32
uc1.32106009286672,31,27,0,15,CARDINAL,100,102
uc1.32106009286672,32,3,0,Gluskabe,PERSON,87,95
uc1.32106009286672,32,5,0,Gluskabe,PERSON,20,28
uc1.32106009286672,32,8,0,Gluskabe,PERSON,3,11
uc1.32106009286672,32,16,0,Gluskabe,PERSON,15,23
uc1.32106009286672,32,18,0,Gluskabe,PERSON,38,46
uc1.32106009286672,32,27,0,16,CARDINAL,68,70
uc1.32106009286672,33,2,0,Gluskabe,PERSON,32,40
uc1.32106009286672,33,3,0,this day,DATE,16,24
uc1.32106009286672,33,4,0,17,CARDINAL,0,2
uc1.32106009286672,35,0,0,GLUSKABE,PERSON,0,8
uc1.32106009286672,35,0,1,DZIDZIZ,PERSON,13,20
uc1.32106009286672,35,1,0,One day,DATE,0,7
uc1.32106009286672,35,1,1,Gluskabe,PERSON,8,16
uc1.32106009286672,35,5,0,Woodchuck,PERSON,12,21
uc1.32106009286672,35,6,0,Grandson,PERSON,17,25
uc1.32106009286672,35,9,0,Gluskabe,PERSON,0,8
uc1.32106009286672,35,10,0,Grasshopper,PERSON,31,42
uc1.32106009286672,35,11,0,Aglebemu,PERSON,20,28
uc1.32106009286672,35,14,0,Woodchuck,PERSON,12,21
uc1.32106009286672,35,15,0,Gluskabe,PERSON,1,9
uc1.32106009286672,35,17,0,Dzidziz,PERSON,13,20
uc1.32106009286672,35,18,0,Hunnh,PERSON,1,6
uc1.32106009286672,35,18,1,Gluskabe,PERSON,14,22
uc1.32106009286672,35,20,0,the Place of White Stone,LOC,23,47
uc1.32106009286672,35,21,0,Nigawes,NORP,31,38
uc1.32106009286672,35,22,0,Gluskabe,PERSON,3,11
uc1.32106009286672,35,22,1,the Place of White Stone,FAC,20,44
uc1.32106009286672,35,23,0,Indian,NORP,13,19
uc1.32106009286672,35,24,0,Dzidziz,PERSON,10,17
uc1.32106009286672,35,25,0,Nigawes,NORP,40,47
uc1.32106009286672,35,27,0,Dzidziz,PERSON,1,8
uc1.32106009286672,35,30,0,Dzidziz,PERSON,9,16
uc1.32106009286672,35,30,1,Gluskabe,PERSON,76,84
uc1.32106009286672,35,32,0,19,CARDINAL,22,24
uc1.32106009286672,36,0,0,Gluskabe,PERSON,0,8
uc1.32106009286672,36,2,0,Dzidziz,PERSON,20,27
uc1.32106009286672,36,2,1,Gluskabe,PERSON,30,38
uc1.32106009286672,36,5,0,Dzidziz,PERSON,0,7
uc1.32106009286672,36,8,0,Gluskabe,PERSON,0,8
uc1.32106009286672,36,9,0,Kuai,PERSON,1,5
uc1.32106009286672,36,9,1,Gluskabe,PERSON,13,21
uc1.32106009286672,36,10,0,Dzidziz,PERSON,4,11
uc1.32106009286672,36,11,0,Gluskabe,PERSON,14,22
uc1.32106009286672,36,14,0,Kuai,PERSON,0,4
uc1.32106009286672,36,15,0,Dzidziz,PERSON,4,11
uc1.32106009286672,36,17,0,Gluskabe,PERSON,6,14
uc1.32106009286672,36,19,0,Gluskabe,PERSON,5,13
uc1.32106009286672,36,19,1,Dzidziz,PERSON,60,67
uc1.32106009286672,36,21,0,Dzidziz,PERSON,22,29
uc1.32106009286672,36,23,0,Gluskabe,PERSON,10,18
uc1.32106009286672,36,26,0,Gluskabe,PERSON,5,13
uc1.32106009286672,36,27,0,Dzidziz,PERSON,126,133
uc1.32106009286672,36,28,0,Dzidziz,PERSON,14,21
uc1.32106009286672,36,28,1,one,CARDINAL,29,32
uc1.32106009286672,36,30,0,Gluskabe,PERSON,0,8
uc1.32106009286672,36,32,0,Dzidziz,PERSON,13,20
uc1.32106009286672,36,34,0,Kaamoji,PERSON,1,8
uc1.32106009286672,36,34,1,Gluskabe,PERSON,11,19
uc1.32106009286672,36,37,0,Dzidziz,PERSON,4,11
uc1.32106009286672,36,37,1,20,CARDINAL,73,75
uc1.32106009286672,37,0,0,Gluskabe,PERSON,0,8
uc1.32106009286672,37,5,0,Gluskabe,PERSON,0,8
uc1.32106009286672,37,8,0,Gluskabe,PERSON,0,8
uc1.32106009286672,37,9,0,Gluskabe,PERSON,5,13
uc1.32106009286672,37,11,0,the Place of White Stone,LOC,11,35
uc1.32106009286672,37,12,0,Dzidziz,PERSON,22,29
uc1.32106009286672,37,13,0,Gluskabe,PERSON,16,24
uc1.32106009286672,37,16,0,Dzidziz,PERSON,4,11
uc1.32106009286672,37,19,0,Gluskabe,PERSON,0,8
uc1.32106009286672,37,20,0,Dzidziz,PERSON,25,32
uc1.32106009286672,37,20,1,Gluskabe,PERSON,40,48
uc1.32106009286672,37,24,0,Dzidziz,PERSON,10,17
uc1.32106009286672,37,26,0,Gluskabe,PERSON,17,25
uc1.32106009286672,37,27,0,Dzidziz,PERSON,37,44
uc1.32106009286672,37,28,0,Nigawes,NORP,6,13
uc1.32106009286672,37,31,0,Gluskabe,PERSON,5,13
uc1.32106009286672,37,32,0,Woodchuck,PERSON,45,54
uc1.32106009286672,37,33,0,Gluskabe,PERSON,15,23
uc1.32106009286672,37,34,0,Dzidziz,PERSON,16,23
uc1.32106009286672,37,35,0,Gluskabe,PERSON,5,13
uc1.32106009286672,37,37,0,Dzidziz,PERSON,0,7
uc1.32106009286672,37,37,1,Nigawes,NORP,29,36
uc1.32106009286672,37,39,0,this day,DATE,16,24
uc1.32106009286672,37,41,0,Gluskabe,PERSON,23,31
uc1.32106009286672,37,42,0,21,CARDINAL,0,2
uc1.32106009286672,39,0,0,GLUSKABE,PERSON,0,8
uc1.32106009286672,39,0,1,TURTLE,PERSON,17,23
uc1.32106009286672,39,0,2,One day,DATE,38,45
uc1.32106009286672,39,0,3,Gluskabe,PERSON,51,59
uc1.32106009286672,39,3,0,Gluskabe,PERSON,19,27
uc1.32106009286672,39,3,1,Tolba the Turtle,PERSON,81,97
uc1.32106009286672,39,4,0,Gluskabe,PERSON,23,31
uc1.32106009286672,39,6,0,Tolba,PERSON,38,43
uc1.32106009286672,39,7,0,Gluskabe,PERSON,9,17
uc1.32106009286672,39,10,0,Gluskabe,PERSON,48,56
uc1.32106009286672,39,12,0,Turtle,PERSON,12,18
uc1.32106009286672,39,14,0,Turtle,PERSON,5,11
uc1.32106009286672,39,16,0,Turtle,PERSON,63,69
uc1.32106009286672,39,22,0,Turtle,PERSON,0,6
uc1.32106009286672,39,25,0,Turtle,PERSON,0,6
uc1.32106009286672,39,26,0,Eagle,PERSON,29,34
uc1.32106009286672,39,27,0,Turtle,PERSON,5,11
uc1.32106009286672,39,28,0,23,CARDINAL,0,2
uc1.32106009286672,40,0,0,Hawk,PERSON,4,8
uc1.32106009286672,40,1,0,Hawk,PERSON,32,36
uc1.32106009286672,40,4,0,Eagle,PERSON,0,5
uc1.32106009286672,40,5,0,Turtle,PERSON,15,21
uc1.32106009286672,40,8,0,Turtle,PERSON,30,36
uc1.32106009286672,40,11,0,Turtle,PERSON,7,13
uc1.32106009286672,40,16,0,Turtle,PERSON,21,27
uc1.32106009286672,40,17,0,Turtle,PERSON,0,6
uc1.32106009286672,40,17,1,Gluskabe,PERSON,29,37
uc1.32106009286672,40,18,0,Nephew,PERSON,19,25
uc1.32106009286672,40,18,1,Turtle,PERSON,28,34
uc1.32106009286672,40,20,0,Gluskabe,PERSON,0,8
uc1.32106009286672,40,20,1,Turtle,PERSON,27,33
uc1.32106009286672,40,21,0,Gluskabe,PERSON,9,17
uc1.32106009286672,40,23,0,Turtle,PERSON,58,64
uc1.32106009286672,40,24,0,Gluskabe,PERSON,3,11
uc1.32106009286672,40,26,0,Uncle,PERSON,17,22
uc1.32106009286672,40,26,1,Gluskabe,PERSON,25,33
uc1.32106009286672,40,28,0,Turtle,PERSON,5,11
uc1.32106009286672,40,31,0,Gluskabe,PERSON,3,11
uc1.32106009286672,40,31,1,Turtle,PERSON,19,25
uc1.32106009286672,40,32,0,Uncle,PERSON,6,11
uc1.32106009286672,40,32,1,Gluskabe,PERSON,14,22
uc1.32106009286672,40,33,0,Turtle,PERSON,32,38
uc1.32106009286672,41,3,0,Turtle,PERSON,42,48
uc1.32106009286672,41,4,0,Turtle,PERSON,10,16
uc1.32106009286672,41,5,0,Gluskabe,PERSON,8,16
uc1.32106009286672,41,6,0,Turtle,PERSON,4,10
uc1.32106009286672,41,10,0,Eagle,PERSON,5,10
uc1.32106009286672,41,11,0,Turtle,PERSON,29,35
uc1.32106009286672,41,12,0,Turtle,PERSON,5,11
uc1.32106009286672,41,13,0,Turtle,PERSON,39,45
uc1.32106009286672,41,15,0,Hawk,PERSON,35,39
uc1.32106009286672,41,17,0,Hawk,PERSON,9,13
uc1.32106009286672,41,19,0,Turtle,PERSON,24,30
uc1.32106009286672,41,21,0,Hawk,PERSON,0,4
uc1.32106009286672,41,22,0,Turtle,PERSON,15,21
uc1.32106009286672,41,24,0,Turtle,PERSON,20,26
uc1.32106009286672,41,25,0,Crane,PERSON,37,42
uc1.32106009286672,41,27,0,Turtle,PERSON,0,6
uc1.32106009286672,41,28,0,Turtle,PERSON,68,74
uc1.32106009286672,41,31,0,Turtle,PERSON,0,6
uc1.32106009286672,41,34,0,Eagle,PERSON,48,53
uc1.32106009286672,41,35,0,Turtle,PERSON,7,13
uc1.32106009286672,41,38,0,Loon,PERSON,15,19
uc1.32106009286672,41,38,1,25,CARDINAL,48,50
uc1.32106009286672,42,0,0,Turtle,PERSON,6,12
uc1.32106009286672,42,4,0,Turtle,PERSON,11,17
uc1.32106009286672,42,6,0,Turtle,PERSON,0,6
uc1.32106009286672,42,11,0,Turtle,PERSON,24,30
uc1.32106009286672,42,13,0,Turtle,PERSON,20,26
uc1.32106009286672,42,18,0,Turtle,PRODUCT,16,22
uc1.32106009286672,42,19,0,26,CARDINAL,0,2
uc1.32106009286672,43,0,0,GLUSKABE,PERSON,0,8
uc1.32106009286672,43,0,1,FOUR,CARDINAL,17,21
uc1.32106009286672,43,1,0,Gluskabe,PERSON,9,17
uc1.32106009286672,43,2,0,Woodchuck,PERSON,19,28
uc1.32106009286672,43,3,0,Gluskabe,PERSON,0,8
uc1.32106009286672,43,3,1,Grandmother,PERSON,17,28
uc1.32106009286672,43,4,0,Petonbowk,LOC,58,67
uc1.32106009286672,43,4,1,Gluskabe,PERSON,85,93
uc1.32106009286672,43,4,2,Maine,GPE,136,141
uc1.32106009286672,43,5,0,Gluskabe,PERSON,71,79
uc1.32106009286672,43,6,0,Gluskabe,PERSON,24,32
uc1.32106009286672,43,6,1,Woodchuck,PERSON,49,58
uc1.32106009286672,43,6,2,Gluskabe,PERSON,95,103
uc1.32106009286672,43,7,0,four,CARDINAL,16,20
uc1.32106009286672,43,7,1,Abenaki,NORP,21,28
uc1.32106009286672,43,7,2,Gluskabe,PERSON,74,82
uc1.32106009286672,43,8,0,One,CARDINAL,0,3
uc1.32106009286672,43,9,0,Gluskabe,PERSON,18,26
uc1.32106009286672,43,10,0,second,ORDINAL,4,10
uc1.32106009286672,43,13,0,third,ORDINAL,2,7
uc1.32106009286672,43,15,0,fourth,ORDINAL,4,10
uc1.32106009286672,43,18,0,four,CARDINAL,4,8
uc1.32106009286672,43,18,1,Gluskabe,LOC,58,66
uc1.32106009286672,43,20,0,27,CARDINAL,61,63
uc1.32106009286672,45,4,0,second,ORDINAL,8,14
uc1.32106009286672,45,8,0,Gluskabe,LOC,18,26
uc1.32106009286672,45,9,0,fourth,ORDINAL,4,10
uc1.32106009286672,45,9,1,Gluskabe,PERSON,129,137
uc1.32106009286672,45,10,0,the Island of Gluskabe,LOC,38,60
uc1.32106009286672,45,11,0,Gluskabe,PERSON,72,80
uc1.32106009286672,45,12,0,Kuai,PERSON,1,5
uc1.32106009286672,45,12,1,Gluskabe,PERSON,8,16
uc1.32106009286672,45,15,0,first,ORDINAL,48,53
uc1.32106009286672,45,16,0,second,ORDINAL,55,61
uc1.32106009286672,45,17,0,third,ORDINAL,47,52
uc1.32106009286672,45,18,0,fourth,ORDINAL,48,54
uc1.32106009286672,45,20,0,Gluskabe,PERSON,0,8
uc1.32106009286672,45,20,1,fourth,ORDINAL,23,29
uc1.32106009286672,45,21,0,four,CARDINAL,17,21
uc1.32106009286672,45,21,1,one,CARDINAL,39,42
uc1.32106009286672,45,27,0,first,ORDINAL,4,9
uc1.32106009286672,45,27,1,29,CARDINAL,10,12
uc1.32106009286672,46,13,0,second,ORDINAL,4,10
uc1.32106009286672,46,21,0,third,ORDINAL,4,9
uc1.32106009286672,46,23,0,30,CARDINAL,24,26
uc1.32106009286672,47,2,0,thousands of seasons,DATE,89,109
uc1.32106009286672,47,3,0,fourth,ORDINAL,4,10
uc1.32106009286672,47,11,0,more than one,CARDINAL,49,62
uc1.32106009286672,47,14,0,that day on,DATE,5,16
uc1.32106009286672,47,16,0,Gluskabe,PERSON,45,53
uc1.32106009286672,47,17,0,31,CARDINAL,0,2
uc1.32106009286672,49,0,0,AZABAN THE RACCOON I. Raccoon,PERSON,0,29
uc1.32106009286672,49,1,0,Azaban,PERSON,23,29
uc1.32106009286672,49,2,0,Azaban the Raccoon,PERSON,9,27
uc1.32106009286672,49,3,0,Azaban,PERSON,29,35
uc1.32106009286672,49,4,0,everyday,DATE,35,43
uc1.32106009286672,49,5,0,Azaban,PERSON,0,6
uc1.32106009286672,49,5,1,a fine day,DATE,75,85
uc1.32106009286672,49,7,0,Azaban,PERSON,11,17
uc1.32106009286672,49,9,0,Azaban,PERSON,66,72
uc1.32106009286672,49,12,0,Azaban,PERSON,53,59
uc1.32106009286672,49,14,0,Azaban,PERSON,1,7
uc1.32106009286672,49,16,0,Azaban,PERSON,15,21
uc1.32106009286672,49,19,0,today,DATE,88,93
uc1.32106009286672,49,21,0,Azaban,PERSON,29,35
uc1.32106009286672,49,21,1,another day,DATE,83,94
uc1.32106009286672,49,21,2,33,CARDINAL,97,99
uc1.32106009286672,50,0,0,Azaban,PERSON,0,6
uc1.32106009286672,50,6,0,Azaban,PERSON,0,6
uc1.32106009286672,50,10,0,Azaban,PERSON,45,51
uc1.32106009286672,50,10,1,the Winooski River,LOC,106,124
uc1.32106009286672,50,13,0,Azaban,PERSON,16,22
uc1.32106009286672,50,17,0,Azaban,PERSON,41,47
uc1.32106009286672,50,18,0,Azaban,PERSON,6,12
uc1.32106009286672,50,21,0,Azaban,PERSON,0,6
uc1.32106009286672,50,23,0,Azaban,PERSON,5,11
uc1.32106009286672,50,26,0,Azaban,PERSON,7,13
uc1.32106009286672,50,30,0,Azaban,PERSON,30,36
uc1.32106009286672,50,34,0,Azaban,PERSON,7,13
uc1.32106009286672,51,0,0,II,CARDINAL,0,2
uc1.32106009286672,51,0,1,Raccoon,PERSON,4,11
uc1.32106009286672,51,0,2,Two,CARDINAL,20,23
uc1.32106009286672,51,1,0,two,CARDINAL,30,33
uc1.32106009286672,51,3,0,two,CARDINAL,6,9
uc1.32106009286672,51,4,0,only one,CARDINAL,9,17
uc1.32106009286672,51,4,1,two,CARDINAL,34,37
uc1.32106009286672,51,5,0,one,CARDINAL,9,12
uc1.32106009286672,51,7,0,one,CARDINAL,15,18
uc1.32106009286672,51,7,1,one,CARDINAL,48,51
uc1.32106009286672,51,9,0,One,CARDINAL,0,3
uc1.32106009286672,51,12,0,that day,DATE,20,28
uc1.32106009286672,51,12,1,one,CARDINAL,38,41
uc1.32106009286672,51,16,0,Azaban,PERSON,33,39
uc1.32106009286672,51,21,0,Azaban,PERSON,32,38
uc1.32106009286672,51,24,0,35,CARDINAL,11,13
uc1.32106009286672,53,0,0,Azaban,PERSON,0,6
uc1.32106009286672,53,15,0,Azaban,PERSON,0,6
uc1.32106009286672,53,19,0,one,CARDINAL,15,18
uc1.32106009286672,53,20,0,Azaban,PERSON,0,6
uc1.32106009286672,53,26,0,one,CARDINAL,27,30
uc1.32106009286672,53,28,0,Azaban,PERSON,0,6
uc1.32106009286672,53,31,0,Azaban,PERSON,25,31
uc1.32106009286672,53,33,0,Azaban,PERSON,10,16
uc1.32106009286672,53,36,0,Azaban,PERSON,68,74
uc1.32106009286672,53,37,0,first,ORDINAL,37,42
uc1.32106009286672,53,38,0,second,ORDINAL,53,59
uc1.32106009286672,53,39,0,first,ORDINAL,43,48
uc1.32106009286672,53,40,0,second,ORDINAL,29,35
uc1.32106009286672,53,41,0,37,CARDINAL,0,2
uc1.32106009286672,54,0,0,Azaban,PERSON,25,31
uc1.32106009286672,54,4,0,first,ORDINAL,56,61
uc1.32106009286672,54,5,0,second,ORDINAL,53,59
uc1.32106009286672,54,6,0,first,ORDINAL,53,58
uc1.32106009286672,54,8,0,Azaban,PERSON,19,25
uc1.32106009286672,54,9,0,two,CARDINAL,26,29
uc1.32106009286672,54,9,1,first,ORDINAL,54,59
uc1.32106009286672,54,12,0,Azaban,PERSON,5,11
uc1.32106009286672,54,12,1,second,ORDINAL,39,45
uc1.32106009286672,54,13,0,second,ORDINAL,30,36
uc1.32106009286672,54,14,0,two,CARDINAL,4,7
uc1.32106009286672,54,16,0,first,ORDINAL,33,38
uc1.32106009286672,54,21,0,second,ORDINAL,51,57
uc1.32106009286672,54,24,0,Azaban,PERSON,4,10
uc1.32106009286672,54,28,0,first,ORDINAL,16,21
uc1.32106009286672,54,29,0,second,ORDINAL,9,15
uc1.32106009286672,54,30,0,second,ORDINAL,35,41
uc1.32106009286672,54,32,0,300,CARDINAL,7,10
uc1.32106009286672,54,32,1,38,CARDINAL,32,34
uc1.32106009286672,55,2,0,first,ORDINAL,29,34
uc1.32106009286672,55,6,0,second,ORDINAL,4,10
uc1.32106009286672,55,9,0,first,ORDINAL,50,55
uc1.32106009286672,55,10,0,second,ORDINAL,25,31
uc1.32106009286672,55,11,0,Azaban,PERSON,21,27
uc1.32106009286672,55,12,0,one,CARDINAL,16,19
uc1.32106009286672,55,14,0,39,CARDINAL,0,2
uc1.32106009286672,57,0,0,III,CARDINAL,0,3
uc1.32106009286672,57,1,0,Azaban,PERSON,3,9
uc1.32106009286672,57,3,0,Azaban,PERSON,7,13
uc1.32106009286672,57,5,0,Azaban,PERSON,30,36
uc1.32106009286672,57,5,1,one,CARDINAL,76,79
uc1.32106009286672,57,5,2,Azaban,PERSON,97,103
uc1.32106009286672,57,5,3,one,CARDINAL,117,120
uc1.32106009286672,57,6,0,Azaban,PERSON,0,6
uc1.32106009286672,57,9,0,Azaban,PERSON,5,11
uc1.32106009286672,57,17,0,Azaban,PERSON,5,11
uc1.32106009286672,57,19,0,Azaban,PERSON,10,16
uc1.32106009286672,57,24,0,Azaban,PERSON,0,6
uc1.32106009286672,57,31,0,41,CARDINAL,0,2
uc1.32106009286672,58,8,0,Azaban,PERSON,62,68
uc1.32106009286672,58,10,0,one,CARDINAL,4,7
uc1.32106009286672,58,14,0,one,CARDINAL,3,6
uc1.32106009286672,58,14,1,Azaban,PERSON,60,66
uc1.32106009286672,58,15,0,Azaban,PERSON,0,6
uc1.32106009286672,58,18,0,Azaban,PERSON,56,62
uc1.32106009286672,58,19,0,Azaban,PERSON,0,6
uc1.32106009286672,58,22,0,Azaban,PERSON,32,38
uc1.32106009286672,58,23,0,Azaban,PERSON,42,48
uc1.32106009286672,58,25,0,Azaban,PERSON,6,12
uc1.32106009286672,58,32,0,42,CARDINAL,38,40
uc1.32106009286672,59,4,0,43,CARDINAL,0,2
uc1.32106009286672,61,0,0,IV,CARDINAL,0,2
uc1.32106009286672,61,0,1,Raccoon,PERSON,4,11
uc1.32106009286672,61,1,0,Azaban,PERSON,17,23
uc1.32106009286672,61,3,0,Azaban,PERSON,33,39
uc1.32106009286672,61,5,0,Azaban,PERSON,3,9
uc1.32106009286672,61,10,0,Azaban,PERSON,15,21
uc1.32106009286672,61,10,1,the Big Rock,LOC,30,42
uc1.32106009286672,61,12,0,Grandson,PERSON,8,16
uc1.32106009286672,61,12,1,the Big Rock,LOC,24,36
uc1.32106009286672,61,14,0,Raccoon,PERSON,4,11
uc1.32106009286672,61,16,0,Grandson,PERSON,20,28
uc1.32106009286672,61,17,0,Azaban,PERSON,20,26
uc1.32106009286672,61,19,0,Grandson,PERSON,1,9
uc1.32106009286672,61,19,1,the Big Rock,PERSON,17,29
uc1.32106009286672,61,23,0,Grandfather,PERSON,14,25
uc1.32106009286672,61,23,1,Azaban,PERSON,32,38
uc1.32106009286672,61,25,0,the Big Rock,LOC,78,90
uc1.32106009286672,61,27,0,Azaban,PERSON,0,6
uc1.32106009286672,61,28,0,the Big Rock,LOC,19,31
uc1.32106009286672,61,29,0,The Big Rock,LOC,0,12
uc1.32106009286672,61,30,0,45,CARDINAL,0,2
uc1.32106009286672,62,1,0,Azaban,PERSON,4,10
uc1.32106009286672,62,2,0,the Big Rock,LOC,30,42
uc1.32106009286672,62,5,0,Azaban,PERSON,6,12
uc1.32106009286672,62,6,0,the Big Rock,LOC,51,63
uc1.32106009286672,62,8,0,the Big Rock,LOC,15,27
uc1.32106009286672,62,9,0,Grandfather,PERSON,10,21
uc1.32106009286672,62,9,1,Azaban,PERSON,24,30
uc1.32106009286672,62,10,0,the Big Rock,FAC,4,16
uc1.32106009286672,62,12,0,Azaban,PERSON,4,10
uc1.32106009286672,62,13,0,Grandfather,PERSON,10,21
uc1.32106009286672,62,14,0,The Big Rock,FAC,0,12
uc1.32106009286672,62,16,0,Azaban,PERSON,5,11
uc1.32106009286672,62,17,0,the Big Rock,LOC,46,58
uc1.32106009286672,62,18,0,Azaban,PERSON,34,40
uc1.32106009286672,62,19,0,Azaban,PERSON,19,25
uc1.32106009286672,62,21,0,the Big Rock,FAC,4,16
uc1.32106009286672,62,22,0,Azaban,PERSON,21,27
uc1.32106009286672,62,24,0,the Big Rock,FAC,5,17
uc1.32106009286672,62,25,0,Azaban,PERSON,0,6
uc1.32106009286672,62,29,0,Azaban,PERSON,12,18
uc1.32106009286672,62,30,0,Azaban,GPE,27,33
uc1.32106009286672,62,32,0,46,CARDINAL,0,2
uc1.32106009286672,63,0,0,Azaban,PERSON,6,12
uc1.32106009286672,63,6,0,Azaban,PERSON,9,15
uc1.32106009286672,63,8,0,Raccoon,PERSON,26,33
uc1.32106009286672,63,9,0,Azaban,PERSON,30,36
uc1.32106009286672,63,12,0,Azaban,PERSON,44,50
uc1.32106009286672,63,13,0,Ndatlokangan tagagabesit nimsiwi.,PERSON,0,33
uc1.32106009286672,63,15,0,47,CARDINAL,0,2
uc1.32106009286672,65,0,0,PMOLA,PERSON,0,5
uc1.32106009286672,65,9,0,Pmola,PERSON,7,12
uc1.32106009286672,65,10,0,Pmola,PERSON,72,77
uc1.32106009286672,65,13,0,Pmola,PERSON,37,42
uc1.32106009286672,65,15,0,Pmola,PERSON,29,34
uc1.32106009286672,65,17,0,Pmola,PERSON,4,9
uc1.32106009286672,65,19,0,Pmola,PERSON,37,42
uc1.32106009286672,65,22,0,Pmola,PERSON,0,5
uc1.32106009286672,65,22,1,Ktchi medawlinno,PERSON,21,37
uc1.32106009286672,65,24,0,Pmola,PERSON,0,5
uc1.32106009286672,66,1,0,Pmola,PERSON,11,16
uc1.32106009286672,66,4,0,Pmola,PERSON,0,5
uc1.32106009286672,66,6,0,Pmola,PERSON,6,11
uc1.32106009286672,66,7,0,Pmola,PERSON,5,10
uc1.32106009286672,66,9,0,Pmola,PERSON,22,27
uc1.32106009286672,66,16,0,Pmola,PERSON,13,18
uc1.32106009286672,66,18,0,Pmola,PERSON,27,32
uc1.32106009286672,66,19,0,Pmola,PERSON,22,27
uc1.32106009286672,66,20,0,Pmola,PERSON,23,28
uc1.32106009286672,66,21,0,Pmolaki,LOC,53,60
uc1.32106009286672,66,23,0,Pmola,PERSON,29,34
uc1.32106009286672,66,24,0,Pmola,PERSON,18,23
uc1.32106009286672,66,29,0,Pmola,PERSON,15,20
uc1.32106009286672,66,31,0,50,CARDINAL,83,85
uc1.32106009286672,67,0,0,one,CARDINAL,59,62
uc1.32106009286672,67,6,0,Pmola,PERSON,49,54
uc1.32106009286672,67,7,0,Pmola,PERSON,11,16
uc1.32106009286672,67,10,0,Pmola,PERSON,28,33
uc1.32106009286672,67,13,0,Pmola,PERSON,7,12
uc1.32106009286672,67,17,0,51,CARDINAL,0,2
uc1.32106009286672,69,0,0,THE FAITHFUL HUNTER,PERSON,0,19
uc1.32106009286672,69,1,0,the old days,DATE,3,15
uc1.32106009286672,69,1,1,the winter months,DATE,70,87
uc1.32106009286672,69,12,0,each night,TIME,30,40
uc1.32106009286672,69,13,0,each day,DATE,10,18
uc1.32106009286672,69,16,0,first,ORDINAL,8,13
uc1.32106009286672,69,18,0,three days,DATE,19,29
uc1.32106009286672,69,22,0,the end of three days,DATE,3,24
uc1.32106009286672,69,24,0,53,DATE,61,63
uc1.32106009286672,70,4,0,54,CARDINAL,0,2
uc1.32106009286672,71,0,0,Zazigoda,PERSON,42,50
uc1.32106009286672,71,0,1,The Lazy One,PERSON,54,66
uc1.32106009286672,71,2,0,Zazigoda,PERSON,81,89
uc1.32106009286672,71,6,0,Zazigoda,PERSON,5,13
uc1.32106009286672,71,13,0,Zazigoda,PERSON,29,37
uc1.32106009286672,71,15,0,The next day,DATE,0,12
uc1.32106009286672,71,24,0,Zazigoda,PERSON,6,14
uc1.32106009286672,71,27,0,Zazigoda,PERSON,0,8
uc1.32106009286672,71,28,0,one,CARDINAL,68,71
uc1.32106009286672,71,29,0,55,DATE,5,7
uc1.32106009286672,73,0,0,Zazigoda,PERSON,58,66
uc1.32106009286672,73,1,0,Zazigoda,PERSON,8,16
uc1.32106009286672,73,7,0,Zazigoda,PERSON,0,8
uc1.32106009286672,73,10,0,Zazigoda,PERSON,54,62
uc1.32106009286672,73,12,0,winter,DATE,25,31
uc1.32106009286672,73,16,0,three,CARDINAL,16,21
uc1.32106009286672,73,16,1,fourth,ORDINAL,48,54
uc1.32106009286672,73,17,0,one,CARDINAL,11,14
uc1.32106009286672,73,30,0,57,CARDINAL,0,2
uc1.32106009286672,74,10,0,Zazigoda,PERSON,0,8
uc1.32106009286672,74,12,0,58,CARDINAL,84,86
uc1.32106009286672,75,0,0,INDIAN,NORP,4,10
uc1.32106009286672,75,1,0,Notkikad,PERSON,42,50
uc1.32106009286672,75,4,0,Tabaldak,PERSON,26,34
uc1.32106009286672,75,8,0,the autumn,DATE,33,43
uc1.32106009286672,75,9,0,Notkikad,PERSON,0,8
uc1.32106009286672,75,20,0,Notkikad,PERSON,5,13
uc1.32106009286672,75,21,0,the summer,DATE,125,135
uc1.32106009286672,75,22,0,59,CARDINAL,17,19
uc1.32106009286672,76,0,0,IMELI питани,PERSON,1,13
uc1.32106009286672,76,0,1,Hill,FAC,25,29
uc1.32106009286672,77,3,0,day,DATE,23,26
uc1.32106009286672,77,4,0,Notkikad,PERSON,5,13
uc1.32106009286672,77,4,1,winter,DATE,81,87
uc1.32106009286672,77,7,0,this day,DATE,3,11
uc1.32106009286672,77,8,0,Indian Summer,EVENT,29,42
uc1.32106009286672,77,8,1,today,DATE,43,48
uc1.32106009286672,77,8,2,Nibunalnoba,EVENT,61,72
uc1.32106009286672,77,8,3,Abenaki,NORP,100,107
uc1.32106009286672,82,0,0,"THE UNIVERSITY LIBRARY UNIVERSITY OF CALIFORNIA,",ORG,0,48
uc1.32106009286672,82,0,1,SANTA CRUZ,GPE,49,59
uc1.32106009286672,82,2,0,459-2756,CARDINAL,24,32
uc1.32106009286672,82,3,0,14 days,DATE,37,44
uc1.32106009286672,82,4,0,APR 15'9' JUN 18,DATE,0,16
uc1.32106009286672,82,4,1,1990,DATE,17,21
uc1.32106009286672,82,4,2,1992 DEC 17,DATE,34,45
uc1.32106009286672,82,4,3,1991,DATE,46,50
uc1.32106009286672,82,4,4,APR 1 5,DATE,57,64
uc1.32106009286672,82,4,5,1998 JUN 17,DATE,65,76
uc1.32106009286672,82,4,6,1997,DATE,77,81
uc1.32106009286672,82,4,7,2002,DATE,103,107
uc1.32106009286672,82,4,8,2373,CARDINAL,121,125
uc1.32106009286672,83,0,0,SANTA CRUZ,GPE,26,36
uc1.32106009286672,84,1,0,7.95,MONEY,1,5
uc1.32106009286672,84,1,1,The FAITHFUL HUNTER,WORK_OF_ART,25,44
uc1.32106009286672,84,1,2,the Western Abenaki,NORP,101,120
uc1.32106009286672,84,3,0,Bowman Books,ORG,0,12
uc1.32106009286672,84,3,1,Greenfield Review Press,ORG,13,36
uc1.32106009286672,84,3,2,Greenfield Center,GPE,37,54
uc1.32106009286672,84,3,3,N.Y.,GPE,56,60
uc1.32106009286672,84,3,4,12833,CARDINAL,61,66
