vol_id,page,sentence_id,ent_id,entity,entity_type,start_char,end_char
uc2.ark+=13960=t41r6q360,3,0,0,Indian,NORP,28,34
uc2.ark+=13960=t41r6q360,5,0,0,Psychic Experiences  of  ,WORK_OF_ART,0,25
uc2.ark+=13960=t41r6q360,5,0,1,Indian,NORP,28,34
uc2.ark+=13960=t41r6q360,5,0,2,Tommyhawk,PERSON,63,72
uc2.ark+=13960=t41r6q360,5,0,3,Annette Leevier,PERSON,79,94
uc2.ark+=13960=t41r6q360,5,2,0,1920,DATE,10,14
uc2.ark+=13960=t41r6q360,5,2,1,Annette Leevier,PERSON,24,39
uc2.ark+=13960=t41r6q360,5,2,2,THE AUSTIN PUBLISHING COiMPANY  ,ORG,55,87
uc2.ark+=13960=t41r6q360,5,2,3,LOS ANGELES,GPE,87,98
uc2.ark+=13960=t41r6q360,5,2,4,CAL,GPE,100,103
uc2.ark+=13960=t41r6q360,6,0,0,SITTING BULL THE SIOUX BRAVE,PERSON,3,31
uc2.ark+=13960=t41r6q360,6,0,1,Sitting* Bull,PERSON,38,51
uc2.ark+=13960=t41r6q360,7,3,0,two,CARDINAL,59,62
uc2.ark+=13960=t41r6q360,7,3,1,first,ORDINAL,74,79
uc2.ark+=13960=t41r6q360,7,3,2,second,ORDINAL,141,147
uc2.ark+=13960=t41r6q360,7,7,0,days,DATE,98,102
uc2.ark+=13960=t41r6q360,7,7,1,months,DATE,104,110
uc2.ark+=13960=t41r6q360,7,7,2,years,DATE,115,120
uc2.ark+=13960=t41r6q360,7,9,0,Spiritualism,ORG,39,51
uc2.ark+=13960=t41r6q360,7,12,0,Spiritualism,ORG,9,21
uc2.ark+=13960=t41r6q360,8,4,0,America,GPE,25,32
uc2.ark+=13960=t41r6q360,8,4,1,English,NORP,77,84
uc2.ark+=13960=t41r6q360,8,4,2,French,NORP,89,95
uc2.ark+=13960=t41r6q360,8,4,3,Quebec,GPE,108,114
uc2.ark+=13960=t41r6q360,8,4,4,Canadian,NORP,121,129
uc2.ark+=13960=t41r6q360,8,5,0,Big Sun,PERSON,49,56
uc2.ark+=13960=t41r6q360,8,5,1,Pontiac,GPE,64,71
uc2.ark+=13960=t41r6q360,8,5,2,Mohawk,NORP,86,92
uc2.ark+=13960=t41r6q360,8,5,3,Pontiac,GPE,100,107
uc2.ark+=13960=t41r6q360,8,5,4,Indian Wars,EVENT,156,167
uc2.ark+=13960=t41r6q360,8,6,0,Laconquinne,PERSON,37,48
uc2.ark+=13960=t41r6q360,8,6,1,Ojibwah,NORP,56,63
uc2.ark+=13960=t41r6q360,8,6,2,Indians,NORP,73,80
uc2.ark+=13960=t41r6q360,8,8,0,Bordeaux,GPE,39,47
uc2.ark+=13960=t41r6q360,8,8,1,France,GPE,49,55
uc2.ark+=13960=t41r6q360,8,9,0,France,GPE,24,30
uc2.ark+=13960=t41r6q360,8,9,1,America,GPE,83,90
uc2.ark+=13960=t41r6q360,8,14,0,Quebec,GPE,19,25
uc2.ark+=13960=t41r6q360,8,14,1,1836,DATE,29,33
uc2.ark+=13960=t41r6q360,8,14,2,Sunnie,PERSON,50,56
uc2.ark+=13960=t41r6q360,8,14,3,the early morning,TIME,81,98
uc2.ark+=13960=t41r6q360,8,14,4,about sunrise,TIME,99,112
uc2.ark+=13960=t41r6q360,8,15,0,Ojibwah,NORP,14,21
uc2.ark+=13960=t41r6q360,8,15,1,Indians,NORP,31,38
uc2.ark+=13960=t41r6q360,8,16,0,Ojibwahs,NORP,48,56
uc2.ark+=13960=t41r6q360,8,16,1,Mohawks,NORP,66,73
uc2.ark+=13960=t41r6q360,8,16,2,Mohawk,NORP,93,99
uc2.ark+=13960=t41r6q360,8,17,0,Indian,NORP,25,31
uc2.ark+=13960=t41r6q360,8,18,0,Chief Tommyhawk,PERSON,65,80
uc2.ark+=13960=t41r6q360,8,19,0,Ojibwahs,NORP,22,30
uc2.ark+=13960=t41r6q360,8,19,1,French,NORP,66,72
uc2.ark+=13960=t41r6q360,8,21,0,Roman,NORP,69,74
uc2.ark+=13960=t41r6q360,8,21,1,Catholic,NORP,104,112
uc2.ark+=13960=t41r6q360,8,22,0,Quebec,GPE,25,31
uc2.ark+=13960=t41r6q360,9,4,0,Convent,ORG,31,38
uc2.ark+=13960=t41r6q360,9,5,0,three years,DATE,3,14
uc2.ark+=13960=t41r6q360,9,5,1,the Sisters of the,ORG,50,68
uc2.ark+=13960=t41r6q360,9,5,2,Convent,ORG,85,92
uc2.ark+=13960=t41r6q360,9,6,0,Notre Dame,ORG,41,51
uc2.ark+=13960=t41r6q360,9,6,1,Montreal,GPE,55,63
uc2.ark+=13960=t41r6q360,9,16,0,New York,GPE,108,116
uc2.ark+=13960=t41r6q360,9,17,0,New York,GPE,74,82
uc2.ark+=13960=t41r6q360,9,17,1,Convent,ORG,94,101
uc2.ark+=13960=t41r6q360,9,18,0,One afternoon,TIME,0,13
uc2.ark+=13960=t41r6q360,9,18,1,the day,DATE,14,21
uc2.ark+=13960=t41r6q360,9,19,0,the afternoon,TIME,18,31
uc2.ark+=13960=t41r6q360,9,20,0,this particular day,DATE,106,125
uc2.ark+=13960=t41r6q360,9,22,0,first,ORDINAL,92,97
uc2.ark+=13960=t41r6q360,10,5,0,a hot summer day the 4th of July,DATE,26,58
uc2.ark+=13960=t41r6q360,10,10,0,first,ORDINAL,162,167
uc2.ark+=13960=t41r6q360,10,27,0,New York's,GPE,217,227
uc2.ark+=13960=t41r6q360,11,20,0,one,CARDINAL,88,91
uc2.ark+=13960=t41r6q360,11,21,0,One,CARDINAL,1,4
uc2.ark+=13960=t41r6q360,12,12,0,one,CARDINAL,54,57
uc2.ark+=13960=t41r6q360,12,16,0,first,ORDINAL,110,115
uc2.ark+=13960=t41r6q360,12,23,0,five hours,TIME,107,117
uc2.ark+=13960=t41r6q360,12,23,1,one o'clock until,TIME,123,140
uc2.ark+=13960=t41r6q360,12,23,2,six o'clock,TIME,141,152
uc2.ark+=13960=t41r6q360,13,0,0,Marie,PERSON,3,8
uc2.ark+=13960=t41r6q360,13,2,0,H. T.,PERSON,0,5
uc2.ark+=13960=t41r6q360,13,3,0,Several months later,DATE,1,21
uc2.ark+=13960=t41r6q360,13,15,0,one,CARDINAL,3,6
uc2.ark+=13960=t41r6q360,13,19,0,New York,GPE,81,89
uc2.ark+=13960=t41r6q360,13,21,0,Convent,FAC,50,57
uc2.ark+=13960=t41r6q360,13,24,0,that hour,TIME,33,42
uc2.ark+=13960=t41r6q360,13,27,0,Rosary,WORK_OF_ART,16,22
uc2.ark+=13960=t41r6q360,14,3,0,1,CARDINAL,5,6
uc2.ark+=13960=t41r6q360,14,3,1,Rock of Ages,WORK_OF_ART,38,50
uc2.ark+=13960=t41r6q360,14,8,0,the II. Samuel 22:2,WORK_OF_ART,34,53
uc2.ark+=13960=t41r6q360,14,15,0,"Jerusalem, Hark, the Angels Sing",WORK_OF_ART,16,48
uc2.ark+=13960=t41r6q360,14,16,0,A few moments later,TIME,0,19
uc2.ark+=13960=t41r6q360,14,18,0,Convent,FAC,278,285
uc2.ark+=13960=t41r6q360,14,20,0,New York,GPE,159,167
uc2.ark+=13960=t41r6q360,14,22,0,Indian,NORP,2,8
uc2.ark+=13960=t41r6q360,15,5,0,half,CARDINAL,21,25
uc2.ark+=13960=t41r6q360,15,8,0,daily,DATE,37,42
uc2.ark+=13960=t41r6q360,15,11,0,Big Chief,PERSON,20,29
uc2.ark+=13960=t41r6q360,15,13,0,The next day,DATE,0,12
uc2.ark+=13960=t41r6q360,15,17,0,Bible,WORK_OF_ART,65,70
uc2.ark+=13960=t41r6q360,15,17,1,Sing Sing,GPE,115,124
uc2.ark+=13960=t41r6q360,15,21,0,Coney Island New York's,LOC,46,69
uc2.ark+=13960=t41r6q360,15,21,1,night,TIME,88,93
uc2.ark+=13960=t41r6q360,15,23,0,one evening,TIME,56,67
uc2.ark+=13960=t41r6q360,15,25,0,Big Chief,PERSON,41,50
uc2.ark+=13960=t41r6q360,16,0,0,the night,TIME,22,31
uc2.ark+=13960=t41r6q360,16,1,0,Church,ORG,62,68
uc2.ark+=13960=t41r6q360,16,7,0,all day,DATE,127,134
uc2.ark+=13960=t41r6q360,16,10,0,Big Chief,PERSON,73,82
uc2.ark+=13960=t41r6q360,16,12,0,McKinley,PERSON,56,64
uc2.ark+=13960=t41r6q360,16,12,1,one,CARDINAL,85,88
uc2.ark+=13960=t41r6q360,16,19,0,Philadelphia,GPE,79,91
uc2.ark+=13960=t41r6q360,16,21,0,Philadelphia,GPE,43,55
uc2.ark+=13960=t41r6q360,16,21,1,Newport News,GPE,59,71
uc2.ark+=13960=t41r6q360,16,21,2,Va.,GPE,73,76
uc2.ark+=13960=t41r6q360,16,24,0,Philadelphia,GPE,66,78
uc2.ark+=13960=t41r6q360,17,2,0,daily,DATE,36,41
uc2.ark+=13960=t41r6q360,17,3,0,Sister,PERSON,51,57
uc2.ark+=13960=t41r6q360,17,4,0,one,CARDINAL,3,6
uc2.ark+=13960=t41r6q360,17,4,1,Cleveland,GPE,115,124
uc2.ark+=13960=t41r6q360,17,6,0,three weeks,DATE,19,30
uc2.ark+=13960=t41r6q360,17,7,0,one morning,TIME,34,45
uc2.ark+=13960=t41r6q360,17,8,0,about two feet,QUANTITY,20,34
uc2.ark+=13960=t41r6q360,17,11,0,Several years later,DATE,0,19
uc2.ark+=13960=t41r6q360,17,14,0,Sisters,ORG,98,105
uc2.ark+=13960=t41r6q360,17,17,0,Montreal,GPE,42,50
uc2.ark+=13960=t41r6q360,17,18,0,Montreal,GPE,16,24
uc2.ark+=13960=t41r6q360,17,19,0,Montreal,GPE,106,114
uc2.ark+=13960=t41r6q360,17,19,1,one night,TIME,203,212
uc2.ark+=13960=t41r6q360,18,0,0,two,CARDINAL,67,70
uc2.ark+=13960=t41r6q360,18,0,1,Sisiters,NORP,71,79
uc2.ark+=13960=t41r6q360,18,3,0,fourteen,CARDINAL,97,105
uc2.ark+=13960=t41r6q360,18,3,1,Christ,PERSON,141,147
uc2.ark+=13960=t41r6q360,18,3,2,Calvary,GPE,162,169
uc2.ark+=13960=t41r6q360,18,10,0,Coney Island,LOC,99,111
uc2.ark+=13960=t41r6q360,18,14,0,Cleveland,GPE,67,76
uc2.ark+=13960=t41r6q360,18,14,1,Ohio,GPE,78,82
uc2.ark+=13960=t41r6q360,18,16,0,a whole day,DATE,4,15
uc2.ark+=13960=t41r6q360,18,17,0,The following day,DATE,1,18
uc2.ark+=13960=t41r6q360,18,22,0,Detroit,GPE,28,35
uc2.ark+=13960=t41r6q360,18,23,0,the morning,TIME,3,14
uc2.ark+=13960=t41r6q360,18,23,1,about noon time,TIME,58,73
uc2.ark+=13960=t41r6q360,18,24,0,four,CARDINAL,36,40
uc2.ark+=13960=t41r6q360,19,3,0,the afternoon,TIME,53,66
uc2.ark+=13960=t41r6q360,19,4,0,the evening,TIME,4,15
uc2.ark+=13960=t41r6q360,19,7,0,two,CARDINAL,33,36
uc2.ark+=13960=t41r6q360,19,14,0,Jesus,PERSON,3,8
uc2.ark+=13960=t41r6q360,19,17,0,Big Chief,PERSON,30,39
uc2.ark+=13960=t41r6q360,19,18,0,Walpole Island,LOC,38,52
uc2.ark+=13960=t41r6q360,19,19,0,Philadelphia,GPE,53,65
uc2.ark+=13960=t41r6q360,19,19,1,Cleveland,GPE,84,93
uc2.ark+=13960=t41r6q360,19,20,0,Indian,NORP,66,72
uc2.ark+=13960=t41r6q360,19,21,0,Detroit,GPE,42,49
uc2.ark+=13960=t41r6q360,19,23,0,one,CARDINAL,55,58
uc2.ark+=13960=t41r6q360,20,3,0,Tommyhawk,PERSON,78,87
uc2.ark+=13960=t41r6q360,20,4,0,Tommyhawk,PERSON,20,29
uc2.ark+=13960=t41r6q360,20,7,0,Laconquinne,PERSON,30,41
uc2.ark+=13960=t41r6q360,20,13,0,Indian,NORP,16,22
uc2.ark+=13960=t41r6q360,20,15,0,Indian,NORP,350,356
uc2.ark+=13960=t41r6q360,20,19,0,second,ORDINAL,16,22
uc2.ark+=13960=t41r6q360,21,9,0,one,CARDINAL,12,15
uc2.ark+=13960=t41r6q360,21,10,0,one,CARDINAL,6,9
uc2.ark+=13960=t41r6q360,21,12,0,Indians,NORP,122,129
uc2.ark+=13960=t41r6q360,21,12,1,two,CARDINAL,152,155
uc2.ark+=13960=t41r6q360,21,12,2,"H. T.,",PERSON,170,176
uc2.ark+=13960=t41r6q360,21,13,0,H. T.,PERSON,1,6
uc2.ark+=13960=t41r6q360,21,16,0,Tommyhawk,PERSON,0,9
uc2.ark+=13960=t41r6q360,21,17,0,Indian,NORP,8,14
uc2.ark+=13960=t41r6q360,21,17,1,six,CARDINAL,50,53
uc2.ark+=13960=t41r6q360,21,20,0,Laconquinne,PERSON,9,20
uc2.ark+=13960=t41r6q360,21,21,0,Two,CARDINAL,1,4
uc2.ark+=13960=t41r6q360,21,21,1,Indian,NORP,5,11
uc2.ark+=13960=t41r6q360,21,23,0,Moonbeam,PERSON,0,8
uc2.ark+=13960=t41r6q360,21,23,1,Indian,NORP,12,18
uc2.ark+=13960=t41r6q360,22,2,0,Pontiac,PRODUCT,0,7
uc2.ark+=13960=t41r6q360,22,4,0,first,ORDINAL,21,26
uc2.ark+=13960=t41r6q360,22,4,1,three,CARDINAL,27,32
uc2.ark+=13960=t41r6q360,22,5,0,Indian,NORP,19,25
uc2.ark+=13960=t41r6q360,22,5,1,Indian,NORP,101,107
uc2.ark+=13960=t41r6q360,22,10,0,Indians,NORP,30,37
uc2.ark+=13960=t41r6q360,22,22,0,Detroit,GPE,21,28
uc2.ark+=13960=t41r6q360,22,22,1,Sandusky,GPE,32,40
uc2.ark+=13960=t41r6q360,22,22,2,Ohio,GPE,42,46
uc2.ark+=13960=t41r6q360,22,22,3,Moonbeam,PERSON,156,164
uc2.ark+=13960=t41r6q360,22,22,4,Indian,NORP,169,175
uc2.ark+=13960=t41r6q360,23,7,0,Henry,PERSON,94,99
uc2.ark+=13960=t41r6q360,23,16,0,three years,DATE,60,71
uc2.ark+=13960=t41r6q360,23,16,1,the last five months,DATE,77,97
uc2.ark+=13960=t41r6q360,23,17,0,three,CARDINAL,6,11
uc2.ark+=13960=t41r6q360,23,20,0,Columbus,GPE,3,11
uc2.ark+=13960=t41r6q360,23,26,0,the year,DATE,70,78
uc2.ark+=13960=t41r6q360,23,29,0,Pontiac,ORG,41,48
uc2.ark+=13960=t41r6q360,24,0,0,Pontiac,ORG,45,52
uc2.ark+=13960=t41r6q360,24,1,0,Coldwater,GPE,18,27
uc2.ark+=13960=t41r6q360,24,1,1,Michigan,GPE,29,37
uc2.ark+=13960=t41r6q360,24,1,2,Ames,PERSON,72,76
uc2.ark+=13960=t41r6q360,24,1,3,Les,PERSON,144,147
uc2.ark+=13960=t41r6q360,24,3,0,Christmas,DATE,83,92
uc2.ark+=13960=t41r6q360,24,3,1,first,ORDINAL,119,124
uc2.ark+=13960=t41r6q360,24,3,2,Yuletide,EVENT,131,139
uc2.ark+=13960=t41r6q360,24,3,3,the twelve years,DATE,143,159
uc2.ark+=13960=t41r6q360,24,5,0,Pontiac,ORG,0,7
uc2.ark+=13960=t41r6q360,24,6,0,Huntington,GPE,117,127
uc2.ark+=13960=t41r6q360,24,6,1,Indiana,GPE,129,136
uc2.ark+=13960=t41r6q360,24,7,0,twilight,TIME,110,118
uc2.ark+=13960=t41r6q360,24,8,0,the end of three weeks,DATE,3,25
uc2.ark+=13960=t41r6q360,24,8,1,Freemont,GPE,80,88
uc2.ark+=13960=t41r6q360,24,8,2,Ohio,GPE,90,94
uc2.ark+=13960=t41r6q360,24,9,0,Amherst,GPE,30,37
uc2.ark+=13960=t41r6q360,24,9,1,Ohio,GPE,39,43
uc2.ark+=13960=t41r6q360,24,9,2,Republic,GPE,56,64
uc2.ark+=13960=t41r6q360,24,9,3,Ohio,GPE,66,70
uc2.ark+=13960=t41r6q360,24,10,0,Pontiac,ORG,56,63
uc2.ark+=13960=t41r6q360,24,11,0,500 wampams,MONEY,145,156
uc2.ark+=13960=t41r6q360,24,11,1,500,MONEY,159,162
uc2.ark+=13960=t41r6q360,24,21,0,Pontiac,ORG,78,85
uc2.ark+=13960=t41r6q360,24,22,0,Four,CARDINAL,0,4
uc2.ark+=13960=t41r6q360,24,22,1,one,CARDINAL,59,62
uc2.ark+=13960=t41r6q360,24,23,0,three,CARDINAL,38,43
uc2.ark+=13960=t41r6q360,25,2,0,One night,TIME,0,9
uc2.ark+=13960=t41r6q360,25,2,1,one,CARDINAL,10,13
uc2.ark+=13960=t41r6q360,25,2,2,three,CARDINAL,21,26
uc2.ark+=13960=t41r6q360,25,3,0,one,CARDINAL,26,29
uc2.ark+=13960=t41r6q360,25,3,1,first,ORDINAL,90,95
uc2.ark+=13960=t41r6q360,25,4,0,first,ORDINAL,50,55
uc2.ark+=13960=t41r6q360,25,4,1,three,CARDINAL,91,96
uc2.ark+=13960=t41r6q360,25,4,2,one,CARDINAL,108,111
uc2.ark+=13960=t41r6q360,25,6,0,Ppntiac,PERSON,0,7
uc2.ark+=13960=t41r6q360,25,10,0,Three days,DATE,1,11
uc2.ark+=13960=t41r6q360,25,10,1,Titanic,PRODUCT,23,30
uc2.ark+=13960=t41r6q360,25,11,0,The evening,TIME,0,11
uc2.ark+=13960=t41r6q360,25,13,0,Big Chief,PERSON,18,27
uc2.ark+=13960=t41r6q360,25,13,1,Hindoo,ORG,34,40
uc2.ark+=13960=t41r6q360,25,15,0,a few moments,TIME,25,38
uc2.ark+=13960=t41r6q360,25,21,0,two,CARDINAL,40,43
uc2.ark+=13960=t41r6q360,25,23,0,Several mornings,TIME,0,16
uc2.ark+=13960=t41r6q360,25,26,0,Titanic,EVENT,28,35
uc2.ark+=13960=t41r6q360,25,26,1,Tommyhawk,PERSON,63,72
uc2.ark+=13960=t41r6q360,25,28,0,a few minutes,TIME,3,16
uc2.ark+=13960=t41r6q360,26,4,0,Laconquinne,PERSON,42,53
uc2.ark+=13960=t41r6q360,26,8,0,hours,TIME,50,55
uc2.ark+=13960=t41r6q360,26,9,0,the Happy Hunting Ground of the Indians,LOC,70,109
uc2.ark+=13960=t41r6q360,26,15,0,Lacohquinne,PERSON,17,28
uc2.ark+=13960=t41r6q360,26,19,0,Laconquinne,PERSON,67,78
uc2.ark+=13960=t41r6q360,26,20,0,Tommyhawk,PERSON,30,39
uc2.ark+=13960=t41r6q360,26,22,0,the Happy Hunting Ground,LOC,149,173
uc2.ark+=13960=t41r6q360,27,2,0,the Crystal Sea,LOC,37,52
uc2.ark+=13960=t41r6q360,27,11,0,Zimran,PERSON,0,6
uc2.ark+=13960=t41r6q360,27,20,0,today,DATE,22,27
uc2.ark+=13960=t41r6q360,27,21,0,Zimran,PERSON,0,6
uc2.ark+=13960=t41r6q360,28,0,0,TIFFIN PROPHECY,PERSON,0,15
uc2.ark+=13960=t41r6q360,28,2,0,one evening,TIME,14,25
uc2.ark+=13960=t41r6q360,28,2,1,Big Chief,PERSON,74,83
uc2.ark+=13960=t41r6q360,28,9,0,Tiffin,GPE,77,83
uc2.ark+=13960=t41r6q360,28,9,1,Ohio,GPE,85,89
uc2.ark+=13960=t41r6q360,28,10,0,Tiffin,GPE,58,64
uc2.ark+=13960=t41r6q360,28,13,0,Pontiac,ORG,40,47
uc2.ark+=13960=t41r6q360,28,13,1,John Smith,PERSON,60,70
uc2.ark+=13960=t41r6q360,28,15,0,Tiffin,GPE,43,49
uc2.ark+=13960=t41r6q360,28,15,1,a few days,DATE,56,66
uc2.ark+=13960=t41r6q360,28,16,0,Fostoria,GPE,53,61
uc2.ark+=13960=t41r6q360,28,16,1,Ohio,GPE,63,67
uc2.ark+=13960=t41r6q360,28,18,0,1913,DATE,29,33
uc2.ark+=13960=t41r6q360,28,18,1,Ohio River,LOC,132,142
uc2.ark+=13960=t41r6q360,28,19,0,Tiffin,GPE,16,22
uc2.ark+=13960=t41r6q360,28,19,1,six,CARDINAL,98,101
uc2.ark+=13960=t41r6q360,28,23,0,one,CARDINAL,58,61
uc2.ark+=13960=t41r6q360,28,23,1,Axline,PERSON,68,74
uc2.ark+=13960=t41r6q360,28,24,0,Big Chief,PRODUCT,0,9
uc2.ark+=13960=t41r6q360,28,24,1,Pontiac,PRODUCT,14,21
uc2.ark+=13960=t41r6q360,29,0,0,Tiffin,GPE,38,44
uc2.ark+=13960=t41r6q360,29,0,1,the fall of that same year,DATE,92,118
uc2.ark+=13960=t41r6q360,29,6,0,Laconquinne,PERSON,27,38
uc2.ark+=13960=t41r6q360,29,10,0,Martin Luther.,PERSON,0,14
uc2.ark+=13960=t41r6q360,29,14,0,Longfellow,PERSON,0,10
uc2.ark+=13960=t41r6q360,29,17,0,Alice Bennette,PERSON,1,15
uc2.ark+=13960=t41r6q360,29,17,1,Cleveland,GPE,17,26
uc2.ark+=13960=t41r6q360,29,18,0,only one more day,DATE,6,23
uc2.ark+=13960=t41r6q360,29,18,1,tonight,TIME,25,32
uc2.ark+=13960=t41r6q360,29,22,0,Martin Luther.,PERSON,0,14
uc2.ark+=13960=t41r6q360,29,25,0,Christ,PERSON,56,62
uc2.ark+=13960=t41r6q360,29,26,0,Abraham Lincoln,PERSON,1,16
uc2.ark+=13960=t41r6q360,30,3,0,this same month,DATE,3,18
uc2.ark+=13960=t41r6q360,30,10,0,TOMMYHAWK,PERSON,19,28
uc2.ark+=13960=t41r6q360,31,14,0,first,ORDINAL,3,8
uc2.ark+=13960=t41r6q360,31,18,0,one evening,TIME,84,95
uc2.ark+=13960=t41r6q360,31,30,0,Delaware,PRODUCT,43,51
uc2.ark+=13960=t41r6q360,32,2,0,one,CARDINAL,61,64
uc2.ark+=13960=t41r6q360,32,3,0,three,CARDINAL,3,8
uc2.ark+=13960=t41r6q360,32,5,0,Boardwalk,FAC,26,35
uc2.ark+=13960=t41r6q360,32,5,1,Atlantic City,GPE,39,52
uc2.ark+=13960=t41r6q360,32,6,0,the Panama Canal,FAC,52,68
uc2.ark+=13960=t41r6q360,32,11,0,the Great Divide,LOC,129,145
uc2.ark+=13960=t41r6q360,33,6,0,One,CARDINAL,0,3
uc2.ark+=13960=t41r6q360,33,6,1,Sandusky,GPE,43,51
uc2.ark+=13960=t41r6q360,33,6,2,Ohio,GPE,53,57
uc2.ark+=13960=t41r6q360,33,9,0,some twelve years ago,DATE,26,47
uc2.ark+=13960=t41r6q360,33,9,1,Sandusky Bay,LOC,51,63
uc2.ark+=13960=t41r6q360,33,24,0,Stanford White,PERSON,14,28
uc2.ark+=13960=t41r6q360,33,25,0,Harry K. Thaw,PERSON,102,115
uc2.ark+=13960=t41r6q360,33,26,0,Columbus,GPE,26,34
uc2.ark+=13960=t41r6q360,33,26,1,Ohio,GPE,36,40
uc2.ark+=13960=t41r6q360,34,3,0,Harry K. Thaw,PERSON,38,51
uc2.ark+=13960=t41r6q360,34,4,0,Thaw,PERSON,16,20
uc2.ark+=13960=t41r6q360,34,5,0,less than a year,DATE,20,36
uc2.ark+=13960=t41r6q360,34,5,1,Thaw,PERSON,37,41
uc2.ark+=13960=t41r6q360,34,6,0,White,PERSON,14,19
uc2.ark+=13960=t41r6q360,34,8,0,New York,GPE,17,25
uc2.ark+=13960=t41r6q360,34,14,0,Cleveland,GPE,45,54
uc2.ark+=13960=t41r6q360,34,14,1,Huerta,PERSON,80,86
uc2.ark+=13960=t41r6q360,34,14,2,Mexican,NORP,100,107
uc2.ark+=13960=t41r6q360,34,14,3,Pontiac,PRODUCT,165,172
uc2.ark+=13960=t41r6q360,34,14,4,Huerta,PERSON,195,201
uc2.ark+=13960=t41r6q360,34,17,0,the Great Divide,LOC,62,78
uc2.ark+=13960=t41r6q360,35,11,0,years,DATE,138,143
uc2.ark+=13960=t41r6q360,38,0,0,University of California Library,ORG,38,70
uc2.ark+=13960=t41r6q360,38,0,1,the  NORTHERN REGIONAL LIBRARY FACILITY Bldg. 400,ORG,78,127
uc2.ark+=13960=t41r6q360,38,0,2,University of California,ORG,152,176
uc2.ark+=13960=t41r6q360,38,0,3,Richmond,GPE,177,185
uc2.ark+=13960=t41r6q360,38,0,4,CA,GPE,187,189
uc2.ark+=13960=t41r6q360,38,0,5,7 DAYS,DATE,234,240
uc2.ark+=13960=t41r6q360,38,1,0,2-month,DATE,0,7
uc2.ark+=13960=t41r6q360,38,1,1,(510)642-6753  ,CARDINAL,40,55
uc2.ark+=13960=t41r6q360,38,2,0,1-year,DATE,0,6
uc2.ark+=13960=t41r6q360,38,3,0,4 days,DATE,35,41
uc2.ark+=13960=t41r6q360,38,3,1,JUL 1 9 2005,DATE,94,106
uc2.ark+=13960=t41r6q360,39,0,0,~C. BERKELEY UBRARIE,PERSON,0,20
