vol_id,page,sentence_id,ent_id,entity,entity_type,start_char,end_char
umn.31951d00944277d,2,0,0,2,CARDINAL,46,47
umn.31951d00944277d,3,0,0,FFF Haines,GPE,8,18
umn.31951d00944277d,3,0,1,Skagway,GPE,19,26
umn.31951d00944277d,3,0,2,TLINGIT,NORP,31,38
umn.31951d00944277d,3,1,0,Alaska,GPE,25,31
umn.31951d00944277d,3,1,1,Tlingit,NORP,83,90
umn.31951d00944277d,3,2,0,about fourteen,CARDINAL,26,40
umn.31951d00944277d,3,2,1,Dixon Entrance,LOC,69,83
umn.31951d00944277d,3,2,2,the Copper River,LOC,87,103
umn.31951d00944277d,3,3,0,Ketchikan,GPE,20,29
umn.31951d00944277d,3,3,1,Klawock,GPE,31,38
umn.31951d00944277d,3,3,2,Petersburg,GPE,40,50
umn.31951d00944277d,3,3,3,Douglas,GPE,52,59
umn.31951d00944277d,3,3,4,Skagway,GPE,61,68
umn.31951d00944277d,3,3,5,Cordova,GPE,73,80
umn.31951d00944277d,3,3,6,Tlingit,NORP,135,142
umn.31951d00944277d,3,3,7,the olden days,DATE,179,193
umn.31951d00944277d,3,5,0,Auk Taku R,PERSON,0,10
umn.31951d00944277d,3,5,1,Henyay Kak Stikine,PERSON,47,65
umn.31951d00944277d,3,5,2,R. Petersburg,PERSON,66,79
umn.31951d00944277d,3,5,3,Wrangell',PERSON,80,89
umn.31951d00944277d,3,5,4,Ketchikan,NORP,105,114
umn.31951d00944277d,3,5,5,Tongas,GPE,129,135
umn.31951d00944277d,3,5,6,Cape Fox,GPE,151,159
umn.31951d00944277d,3,5,7,Portland,GPE,160,168
umn.31951d00944277d,3,5,8,Tsimshian Country,GPE,169,186
umn.31951d00944277d,4,2,0,Tlingit,NORP,9,16
umn.31951d00944277d,5,0,0,ALASKA,NORP,28,34
umn.31951d00944277d,5,0,1,FRANCES PAUL,PERSON,46,58
umn.31951d00944277d,5,0,2,Willard W. Beatty,PERSON,69,86
umn.31951d00944277d,5,0,3,1936-1951,DATE,111,120
umn.31951d00944277d,5,0,4,UNITED STATES,GPE,127,140
umn.31951d00944277d,6,0,0,9,CARDINAL,98,99
umn.31951d00944277d,6,1,0,9,CARDINAL,22,23
umn.31951d00944277d,6,1,1,12,CARDINAL,40,42
umn.31951d00944277d,6,1,2,Five,CARDINAL,133,137
umn.31951d00944277d,6,1,3,13,CARDINAL,315,317
umn.31951d00944277d,6,1,4,70,CARDINAL,402,404
umn.31951d00944277d,6,1,5,71,CARDINAL,418,420
umn.31951d00944277d,7,1,0,George A. Dale,PERSON,77,91
umn.31951d00944277d,7,1,1,Alaska,GPE,139,145
umn.31951d00944277d,7,1,2,United States Bureau of Indian Affairs,ORG,156,194
umn.31951d00944277d,7,1,3,William L. Paul Jr.,PERSON,203,222
umn.31951d00944277d,7,2,0,Edward L. Keithahn,PERSON,31,49
umn.31951d00944277d,7,2,1,the Alaska Territorial Museum,ORG,62,91
umn.31951d00944277d,7,4,0,present day,DATE,2,13
umn.31951d00944277d,7,4,1,Tlingit,NORP,14,21
umn.31951d00944277d,7,5,0,II,CARDINAL,13,15
umn.31951d00944277d,7,8,0,Tlingit,NORP,2,9
umn.31951d00944277d,7,13,0,15 16 17,DATE,64,72
umn.31951d00944277d,7,14,0,first,ORDINAL,4,9
umn.31951d00944277d,7,15,0,VIII,CARDINAL,37,41
umn.31951d00944277d,7,16,0,second,ORDINAL,4,10
umn.31951d00944277d,7,18,0,two,CARDINAL,31,34
umn.31951d00944277d,7,18,1,XII,CARDINAL,48,51
umn.31951d00944277d,7,19,0,1,CARDINAL,6,7
umn.31951d00944277d,7,19,1,2,CARDINAL,12,13
umn.31951d00944277d,7,20,0,XIV,CARDINAL,56,59
umn.31951d00944277d,7,21,0,19 19 20,CARDINAL,31,39
umn.31951d00944277d,7,22,0,1,CARDINAL,6,7
umn.31951d00944277d,7,22,1,22 XVI,CARDINAL,24,30
umn.31951d00944277d,7,23,0,2,CARDINAL,6,7
umn.31951d00944277d,7,24,0,3,CARDINAL,6,7
umn.31951d00944277d,7,25,0,3,CARDINAL,32,33
umn.31951d00944277d,7,26,0,4,CARDINAL,6,7
umn.31951d00944277d,7,27,0,4,CARDINAL,47,48
umn.31951d00944277d,7,27,1,1,CARDINAL,60,61
umn.31951d00944277d,7,28,0,5,CARDINAL,6,7
umn.31951d00944277d,7,37,0,second,ORDINAL,4,10
umn.31951d00944277d,7,38,0,XXVIII,CARDINAL,23,29
umn.31951d00944277d,7,39,0,XXIX,CARDINAL,22,26
umn.31951d00944277d,7,41,0,XXXI,CARDINAL,25,29
umn.31951d00944277d,7,47,0,Raven,PERSON,91,96
umn.31951d00944277d,7,47,1,43 45 33 34,CARDINAL,115,126
umn.31951d00944277d,8,0,0,14,CARDINAL,16,18
umn.31951d00944277d,8,0,1,25,CARDINAL,27,29
umn.31951d00944277d,8,0,2,forty-nine,CARDINAL,38,48
umn.31951d00944277d,8,0,3,Emmons,PERSON,81,87
umn.31951d00944277d,8,0,4,Gehres D. Weed,PERSON,91,105
umn.31951d00944277d,8,0,5,the USIA Construction Division,ORG,120,150
umn.31951d00944277d,8,0,6,"the Arts and Crafts Department,",ORG,199,230
umn.31951d00944277d,8,0,7,Education Division,ORG,231,249
umn.31951d00944277d,8,0,8,Alaska Indian Service,ORG,251,272
umn.31951d00944277d,8,1,0,1,CARDINAL,7,8
umn.31951d00944277d,8,2,0,1,CARDINAL,6,7
umn.31951d00944277d,8,2,1,22 2,CARDINAL,24,28
umn.31951d00944277d,8,3,0,1,CARDINAL,6,7
umn.31951d00944277d,8,3,1,22 3,CARDINAL,26,30
umn.31951d00944277d,8,4,0,1,CARDINAL,6,7
umn.31951d00944277d,8,4,1,22 4,CARDINAL,22,26
umn.31951d00944277d,8,5,0,2,CARDINAL,6,7
umn.31951d00944277d,8,5,1,23 5,CARDINAL,19,23
umn.31951d00944277d,8,6,0,3,CARDINAL,6,7
umn.31951d00944277d,8,6,1,23 6,CARDINAL,48,52
umn.31951d00944277d,8,7,0,4,CARDINAL,6,7
umn.31951d00944277d,8,7,1,26 7,CARDINAL,21,25
umn.31951d00944277d,8,8,0,5,CARDINAL,6,7
umn.31951d00944277d,8,8,1,26 8,CARDINAL,19,23
umn.31951d00944277d,8,9,0,1,CARDINAL,7,8
umn.31951d00944277d,8,9,1,27 9,CARDINAL,12,16
umn.31951d00944277d,8,10,0,2 28,CARDINAL,7,11
umn.31951d00944277d,8,11,0,3 28,CARDINAL,7,11
umn.31951d00944277d,8,12,0,Border,PERSON,0,6
umn.31951d00944277d,8,12,1,4 28,CARDINAL,7,11
umn.31951d00944277d,8,13,0,Border,PERSON,0,6
umn.31951d00944277d,8,13,1,5 29,CARDINAL,7,11
umn.31951d00944277d,8,14,0,Border,PERSON,0,6
umn.31951d00944277d,8,14,1,6 29,CARDINAL,7,11
umn.31951d00944277d,8,14,2,25,CARDINAL,23,25
umn.31951d00944277d,8,16,0,72,CARDINAL,0,2
umn.31951d00944277d,8,16,1,1,CARDINAL,18,19
umn.31951d00944277d,8,18,0,49,CARDINAL,39,41
umn.31951d00944277d,8,20,0,50 51,CARDINAL,18,23
umn.31951d00944277d,8,21,0,7,CARDINAL,32,33
umn.31951d00944277d,8,22,0,8,CARDINAL,38,39
umn.31951d00944277d,8,24,0,10,CARDINAL,31,33
umn.31951d00944277d,8,28,0,52,CARDINAL,0,2
umn.31951d00944277d,8,28,1,52,CARDINAL,5,7
umn.31951d00944277d,8,29,0,52 53,CARDINAL,0,5
umn.31951d00944277d,8,30,0,13,CARDINAL,13,15
umn.31951d00944277d,8,31,0,15,CARDINAL,15,17
umn.31951d00944277d,8,32,0,54 54,CARDINAL,30,35
umn.31951d00944277d,8,32,1,16,CARDINAL,39,41
umn.31951d00944277d,8,33,0,17,CARDINAL,22,24
umn.31951d00944277d,8,34,0,18,CARDINAL,15,17
umn.31951d00944277d,8,35,0,55 55,CARDINAL,12,17
umn.31951d00944277d,8,35,1,19,CARDINAL,21,23
umn.31951d00944277d,8,36,0,56 20,CARDINAL,20,25
umn.31951d00944277d,8,37,0,56 23,CARDINAL,17,22
umn.31951d00944277d,8,38,0,21,CARDINAL,27,29
umn.31951d00944277d,8,39,0,22,CARDINAL,35,37
umn.31951d00944277d,8,40,0,56 5555,CARDINAL,18,25
umn.31951d00944277d,9,0,0,24,CARDINAL,7,9
umn.31951d00944277d,9,1,0,25,CARDINAL,25,27
umn.31951d00944277d,9,2,0,Half,CARDINAL,0,4
umn.31951d00944277d,9,2,1,26,CARDINAL,32,34
umn.31951d00944277d,9,3,0,27,CARDINAL,15,17
umn.31951d00944277d,9,4,0,28,CARDINAL,22,24
umn.31951d00944277d,9,5,0,29,CARDINAL,12,14
umn.31951d00944277d,9,6,0,30,CARDINAL,25,27
umn.31951d00944277d,9,7,0,31,CARDINAL,94,96
umn.31951d00944277d,9,8,0,32,CARDINAL,17,19
umn.31951d00944277d,9,9,0,61 33,CARDINAL,42,47
umn.31951d00944277d,9,10,0,half,CARDINAL,4,8
umn.31951d00944277d,9,10,1,61 22888ཕཤྩ་ྒུ,CARDINAL,39,53
umn.31951d00944277d,9,10,2,58 59,CARDINAL,56,61
umn.31951d00944277d,9,10,3,59 59,CARDINAL,62,67
umn.31951d00944277d,9,10,4,57,CARDINAL,71,73
umn.31951d00944277d,9,11,0,62 35,CARDINAL,22,27
umn.31951d00944277d,9,12,0,63 36,CARDINAL,21,26
umn.31951d00944277d,9,13,0,63 37,CARDINAL,9,14
umn.31951d00944277d,9,14,0,64 38,CARDINAL,43,48
umn.31951d00944277d,9,15,0,64 39,CARDINAL,26,31
umn.31951d00944277d,9,16,0,65 40,CARDINAL,13,18
umn.31951d00944277d,9,17,0,41,CARDINAL,12,14
umn.31951d00944277d,9,18,0,One,CARDINAL,0,3
umn.31951d00944277d,9,18,1,42,CARDINAL,19,21
umn.31951d00944277d,9,19,0,43,CARDINAL,30,32
umn.31951d00944277d,9,20,0,44,CARDINAL,9,11
umn.31951d00944277d,9,21,0,45,CARDINAL,11,13
umn.31951d00944277d,9,22,0,46,CARDINAL,14,16
umn.31951d00944277d,9,23,0,47,CARDINAL,23,25
umn.31951d00944277d,9,24,0,48,CARDINAL,15,17
umn.31951d00944277d,9,25,0,49,CARDINAL,15,17
umn.31951d00944277d,9,26,0,65 65,CARDINAL,31,36
umn.31951d00944277d,9,26,1,66,CARDINAL,43,45
umn.31951d00944277d,9,26,2,67,CARDINAL,46,48
umn.31951d00944277d,9,26,3,67,CARDINAL,49,51
umn.31951d00944277d,9,26,4,67,CARDINAL,52,54
umn.31951d00944277d,9,28,0,George A. Dale,PERSON,53,67
umn.31951d00944277d,9,29,0,14,DATE,14,16
umn.31951d00944277d,9,29,1,15,DATE,18,20
umn.31951d00944277d,9,29,2,16,DATE,22,24
umn.31951d00944277d,9,29,3,18,DATE,26,28
umn.31951d00944277d,9,29,4,19,DATE,30,32
umn.31951d00944277d,9,29,5,20,DATE,34,36
umn.31951d00944277d,9,29,6,21,DATE,38,40
umn.31951d00944277d,9,29,7,22,DATE,42,44
umn.31951d00944277d,9,29,8,23,DATE,46,48
umn.31951d00944277d,9,29,9,25,DATE,50,52
umn.31951d00944277d,9,29,10,26,DATE,54,56
umn.31951d00944277d,9,29,11,30,DATE,58,60
umn.31951d00944277d,9,29,12,31,DATE,62,64
umn.31951d00944277d,9,29,13,32,DATE,66,68
umn.31951d00944277d,9,29,14,34,DATE,70,72
umn.31951d00944277d,9,29,15,37,DATE,74,76
umn.31951d00944277d,9,29,16,45,DATE,78,80
umn.31951d00944277d,9,30,0,William L. Paul Jr.,PERSON,49,68
umn.31951d00944277d,9,30,1,8,CARDINAL,70,71
umn.31951d00944277d,9,30,2,10,DATE,73,75
umn.31951d00944277d,9,30,3,17,DATE,77,79
umn.31951d00944277d,9,30,4,24,DATE,81,83
umn.31951d00944277d,9,30,5,27,DATE,85,87
umn.31951d00944277d,9,30,6,33,DATE,89,91
umn.31951d00944277d,9,30,7,35,DATE,93,95
umn.31951d00944277d,9,30,8,36,DATE,97,99
umn.31951d00944277d,9,30,9,39,DATE,101,103
umn.31951d00944277d,9,30,10,40,DATE,105,107
umn.31951d00944277d,9,30,11,42,DATE,109,111
umn.31951d00944277d,9,30,12,43,CARDINAL,113,115
umn.31951d00944277d,10,1,0,XXIII,CARDINAL,6,11
umn.31951d00944277d,10,2,0,1,CARDINAL,32,33
umn.31951d00944277d,10,2,1,4,CARDINAL,44,45
umn.31951d00944277d,10,3,0,10,CARDINAL,65,67
umn.31951d00944277d,10,3,1,5,CARDINAL,115,116
umn.31951d00944277d,10,3,2,half,CARDINAL,124,128
umn.31951d00944277d,10,3,3,25,CARDINAL,160,162
umn.31951d00944277d,10,4,0,second,ORDINAL,39,45
umn.31951d00944277d,10,4,1,11,CARDINAL,98,100
umn.31951d00944277d,11,2,0,Raven,PERSON,43,48
umn.31951d00944277d,11,4,0,"the Sun, Moon and Stars",WORK_OF_ART,14,37
umn.31951d00944277d,11,4,1,the-Nass River,LOC,91,105
umn.31951d00944277d,11,4,2,Nass-shahkee-yalhl,PERSON,107,125
umn.31951d00944277d,11,6,0,Tlingit,LOC,113,120
umn.31951d00944277d,11,7,0,Raven,PERSON,12,17
umn.31951d00944277d,11,8,0,those days,DATE,4,14
umn.31951d00944277d,11,12,0,Long years,DATE,1,11
umn.31951d00944277d,11,13,0,Ga-gahn,PERSON,106,113
umn.31951d00944277d,11,16,0,eight,CARDINAL,129,134
umn.31951d00944277d,11,17,0,Earth,LOC,47,52
umn.31951d00944277d,11,18,0,Yakutat,GPE,32,39
umn.31951d00944277d,11,18,1,the Alsek River,LOC,43,58
umn.31951d00944277d,11,18,2,Alaska,GPE,122,128
umn.31951d00944277d,11,18,3,Yakutat,NORP,146,153
umn.31951d00944277d,11,19,0,Tlingit,NORP,41,48
umn.31951d00944277d,11,21,0,Alaska,GPE,13,19
umn.31951d00944277d,11,21,1,Dixon Entrance,LOC,74,88
umn.31951d00944277d,11,21,2,Cape St. Elias,LOC,93,107
umn.31951d00944277d,11,22,0,the Copper River,LOC,94,110
umn.31951d00944277d,11,23,0,thousands,CARDINAL,42,51
umn.31951d00944277d,11,23,1,Alexander Archipelago,LOC,70,91
umn.31951d00944277d,11,23,2,Russians,NORP,99,107
umn.31951d00944277d,11,25,0,North America,LOC,46,59
umn.31951d00944277d,11,26,0,Haida,NORP,34,39
umn.31951d00944277d,11,26,1,the Queen Charlotte Islands,LOC,66,93
umn.31951d00944277d,11,26,2,Tlingit,GPE,99,106
umn.31951d00944277d,11,26,3,some generations ago,DATE,115,135
umn.31951d00944277d,11,26,4,four,CARDINAL,170,174
umn.31951d00944277d,11,26,5,three,CARDINAL,185,190
umn.31951d00944277d,11,26,6,1911,DATE,210,214
umn.31951d00944277d,11,26,7,Hydaburg,GPE,246,254
umn.31951d00944277d,11,27,0,1887,DATE,3,7
umn.31951d00944277d,11,27,1,Christianized Tsimshian,NORP,19,42
umn.31951d00944277d,11,27,2,Canadian,NORP,52,60
umn.31951d00944277d,11,27,3,Metlakatla,GPE,94,104
umn.31951d00944277d,11,28,0,Alaska,GPE,13,19
umn.31951d00944277d,11,28,1,three,CARDINAL,34,39
umn.31951d00944277d,11,28,2,9,CARDINAL,61,62
umn.31951d00944277d,12,1,0,II,CARDINAL,6,8
umn.31951d00944277d,12,2,0,Tlingit,NORP,9,16
umn.31951d00944277d,12,3,0,Northwest Coast,LOC,103,118
umn.31951d00944277d,12,5,0,Alaska,GPE,37,43
umn.31951d00944277d,12,5,1,Portland Canal,FAC,48,62
umn.31951d00944277d,12,5,2,Stikine,LOC,109,116
umn.31951d00944277d,12,5,3,Taku,LOC,122,126
umn.31951d00944277d,12,5,4,Chilkat,LOC,132,139
umn.31951d00944277d,12,5,5,Alsek,LOC,145,150
umn.31951d00944277d,12,5,6,the Copper Rivers,LOC,155,172
umn.31951d00944277d,12,6,0,Tlingit,NORP,32,39
umn.31951d00944277d,12,7,0,Tlingit,NORP,93,100
umn.31951d00944277d,12,7,1,winter,DATE,137,143
umn.31951d00944277d,12,7,2,fourteen,CARDINAL,154,162
umn.31951d00944277d,12,8,0,Tlingit,NORP,4,11
umn.31951d00944277d,12,9,0,fourteen,CARDINAL,18,26
umn.31951d00944277d,12,9,1,10,CARDINAL,141,143
umn.31951d00944277d,13,1,0,One,CARDINAL,0,3
umn.31951d00944277d,13,2,0,Tlingit,NORP,67,74
umn.31951d00944277d,13,5,0,White,NORP,52,57
umn.31951d00944277d,13,5,1,Tlingit,NORP,95,102
umn.31951d00944277d,13,6,0,the latter half of the eighteenth century,DATE,17,58
umn.31951d00944277d,13,7,0,this early period,DATE,19,36
umn.31951d00944277d,13,10,0,fourteen,CARDINAL,11,19
umn.31951d00944277d,13,10,1,Tlingit,NORP,55,62
umn.31951d00944277d,13,10,2,Haida,NORP,92,97
umn.31951d00944277d,13,10,3,Tsimshian,NORP,102,111
umn.31951d00944277d,13,12,0,Tlingit,NORP,4,11
umn.31951d00944277d,13,13,0,Indians,NORP,195,202
umn.31951d00944277d,13,13,1,Queen Charlotte Sound,LOC,255,276
umn.31951d00944277d,13,13,2,Puget Sound,LOC,287,298
umn.31951d00944277d,13,13,3,the Gulf of Alaska,LOC,330,348
umn.31951d00944277d,13,13,4,Yakutat,LOC,356,363
umn.31951d00944277d,13,13,5,Copper River,LOC,368,380
umn.31951d00944277d,13,14,0,three,CARDINAL,43,48
umn.31951d00944277d,13,19,0,one,CARDINAL,9,12
umn.31951d00944277d,13,20,0,Chilkat,NORP,4,11
umn.31951d00944277d,13,22,0,Chilkat,NORP,40,47
umn.31951d00944277d,13,22,1,the early days,DATE,51,65
umn.31951d00944277d,13,23,0,Chilkat,NORP,53,60
umn.31951d00944277d,13,25,0,the next summer,DATE,180,195
umn.31951d00944277d,13,26,0,the Mother-basket,PRODUCT,48,65
umn.31951d00944277d,13,26,1,Chilkat,NORP,99,106
umn.31951d00944277d,14,2,0,Frederick Sound,LOC,50,65
umn.31951d00944277d,14,4,0,Frederick Sound,LOC,20,35
umn.31951d00944277d,14,7,0,Tlingit,NORP,8,15
umn.31951d00944277d,14,12,0,winter,DATE,144,150
umn.31951d00944277d,14,13,0,Indian,NORP,102,108
umn.31951d00944277d,14,17,0,Tlingit,NORP,74,81
umn.31951d00944277d,14,19,0,1890,DATE,3,7
umn.31951d00944277d,14,19,1,Alaska,GPE,63,69
umn.31951d00944277d,14,20,0,Tlingit,NORP,18,25
umn.31951d00944277d,14,24,0,Tlingit,NORP,30,37
umn.31951d00944277d,14,29,0,Tlingit,GPE,27,34
umn.31951d00944277d,14,30,0,12,CARDINAL,0,2
umn.31951d00944277d,15,5,0,Sitka,GPE,64,69
umn.31951d00944277d,15,6,0,Tlingit,NORP,4,11
umn.31951d00944277d,15,6,1,three,CARDINAL,51,56
umn.31951d00944277d,15,7,0,one to two feet,QUANTITY,39,54
umn.31951d00944277d,15,9,0,second,ORDINAL,4,10
umn.31951d00944277d,15,9,1,one foot,QUANTITY,44,52
umn.31951d00944277d,15,10,0,third,ORDINAL,4,9
umn.31951d00944277d,15,12,0,the spring,DATE,34,44
umn.31951d00944277d,15,12,1,early summer,DATE,48,60
umn.31951d00944277d,15,14,0,second,ORDINAL,2,8
umn.31951d00944277d,15,14,1,the fall,DATE,54,62
umn.31951d00944277d,15,16,0,summer,DATE,3,9
umn.31951d00944277d,15,17,0,the old days,DATE,3,15
umn.31951d00944277d,15,21,0,two to four feet,QUANTITY,129,145
umn.31951d00944277d,15,24,0,three to twenty feet,QUANTITY,23,43
umn.31951d00944277d,15,24,1,as long as fifty feet,QUANTITY,52,73
umn.31951d00944277d,15,27,0,former days,DATE,47,58
umn.31951d00944277d,16,1,0,III,CARDINAL,6,9
umn.31951d00944277d,16,2,0,Tlingit,NORP,2,9
umn.31951d00944277d,16,4,0,the summer season,DATE,70,87
umn.31951d00944277d,16,9,0,second,ORDINAL,29,35
umn.31951d00944277d,16,9,1,third,ORDINAL,40,45
umn.31951d00944277d,16,10,0,14,CARDINAL,28,30
umn.31951d00944277d,17,0,0,two,CARDINAL,0,3
umn.31951d00944277d,17,2,0,second,ORDINAL,24,30
umn.31951d00944277d,17,3,0,second,ORDINAL,4,10
umn.31951d00944277d,17,6,0,tabu,PERSON,13,17
umn.31951d00944277d,17,9,0,first,ORDINAL,48,53
umn.31951d00944277d,17,9,1,second,ORDINAL,58,64
umn.31951d00944277d,17,9,2,first,ORDINAL,103,108
umn.31951d00944277d,17,23,0,early summer,DATE,28,40
umn.31951d00944277d,17,25,0,15,CARDINAL,55,57
umn.31951d00944277d,18,7,0,hour,TIME,63,67
umn.31951d00944277d,18,7,1,one,CARDINAL,120,123
umn.31951d00944277d,18,7,2,later years,DATE,136,147
umn.31951d00944277d,18,9,0,summer,DATE,147,153
umn.31951d00944277d,18,14,0,the early days,DATE,19,33
umn.31951d00944277d,18,15,0,many years,DATE,4,14
umn.31951d00944277d,18,16,0,first,ORDINAL,5,10
umn.31951d00944277d,18,20,0,today,DATE,64,69
umn.31951d00944277d,18,20,1,years,DATE,150,155
umn.31951d00944277d,18,27,0,16,CARDINAL,11,13
umn.31951d00944277d,19,9,0,half,CARDINAL,28,32
umn.31951d00944277d,19,11,0,under 17,DATE,62,70
umn.31951d00944277d,20,9,0,Chilkat,NORP,100,107
umn.31951d00944277d,20,10,0,Tlingit,GPE,95,102
umn.31951d00944277d,20,17,0,one,CARDINAL,47,50
umn.31951d00944277d,20,19,0,first,ORDINAL,4,9
umn.31951d00944277d,20,20,0,18,CARDINAL,0,2
umn.31951d00944277d,21,1,0,VIII,CARDINAL,6,10
umn.31951d00944277d,21,2,0,second,ORDINAL,4,10
umn.31951d00944277d,21,4,0,IX,CARDINAL,6,8
umn.31951d00944277d,21,9,0,a few seconds,TIME,180,193
umn.31951d00944277d,21,10,0,second,ORDINAL,37,43
umn.31951d00944277d,21,10,1,third,ORDINAL,47,52
umn.31951d00944277d,21,12,0,former days,DATE,3,14
umn.31951d00944277d,21,15,0,the age of five or six years,DATE,53,81
umn.31951d00944277d,21,17,0,Today,DATE,0,5
umn.31951d00944277d,21,19,0,first,ORDINAL,26,31
umn.31951d00944277d,22,2,0,our modern days,DATE,3,18
umn.31951d00944277d,22,8,0,every few minutes,TIME,107,124
umn.31951d00944277d,22,10,0,Haida,NORP,4,9
umn.31951d00944277d,22,10,1,Tlingit,NORP,107,114
umn.31951d00944277d,22,12,0,One,CARDINAL,0,3
umn.31951d00944277d,22,12,1,a whole winter's,DATE,33,49
umn.31951d00944277d,22,12,2,at least two months,DATE,75,94
umn.31951d00944277d,22,15,0,FIVE,CARDINAL,33,37
umn.31951d00944277d,22,16,0,five,CARDINAL,10,14
umn.31951d00944277d,22,16,1,sixth,ORDINAL,43,48
umn.31951d00944277d,22,17,0,five,CARDINAL,6,10
umn.31951d00944277d,22,19,0,one,CARDINAL,24,27
umn.31951d00944277d,22,19,1,two,CARDINAL,77,80
umn.31951d00944277d,22,20,0,20,CARDINAL,0,2
umn.31951d00944277d,23,0,0,XIII,CARDINAL,8,12
umn.31951d00944277d,23,2,0,XIV,CARDINAL,6,9
umn.31951d00944277d,23,4,0,Indians,NORP,0,7
umn.31951d00944277d,23,4,1,Eskimo,NORP,12,18
umn.31951d00944277d,23,4,2,one or more,CARDINAL,50,61
umn.31951d00944277d,23,4,3,two,CARDINAL,112,115
umn.31951d00944277d,23,5,0,2,CARDINAL,11,12
umn.31951d00944277d,23,5,1,1,CARDINAL,172,173
umn.31951d00944277d,23,5,2,1,CARDINAL,228,229
umn.31951d00944277d,23,5,3,2,CARDINAL,234,235
umn.31951d00944277d,23,5,4,1,CARDINAL,293,294
umn.31951d00944277d,23,5,5,2,CARDINAL,401,402
umn.31951d00944277d,23,5,6,2,CARDINAL,477,478
umn.31951d00944277d,23,6,0,two,CARDINAL,4,7
umn.31951d00944277d,23,6,1,one,CARDINAL,75,78
umn.31951d00944277d,23,10,0,XII,CARDINAL,6,9
umn.31951d00944277d,23,11,0,1,CARDINAL,14,15
umn.31951d00944277d,23,11,1,2,CARDINAL,20,21
umn.31951d00944277d,24,1,0,1,CARDINAL,16,17
umn.31951d00944277d,24,1,1,1,CARDINAL,36,37
umn.31951d00944277d,24,3,0,three-quarters,CARDINAL,55,69
umn.31951d00944277d,24,3,1,1,CARDINAL,167,168
umn.31951d00944277d,24,5,0,2,CARDINAL,29,30
umn.31951d00944277d,24,5,1,two,CARDINAL,89,92
umn.31951d00944277d,24,6,0,3,CARDINAL,7,8
umn.31951d00944277d,24,6,1,1,CARDINAL,42,43
umn.31951d00944277d,24,10,0,2,CARDINAL,7,8
umn.31951d00944277d,24,10,1,2,CARDINAL,32,33
umn.31951d00944277d,24,11,0,1,CARDINAL,22,23
umn.31951d00944277d,24,12,0,Yakutat,NORP,66,73
umn.31951d00944277d,24,14,0,second,ORDINAL,56,62
umn.31951d00944277d,24,14,1,22,CARDINAL,140,142
umn.31951d00944277d,25,0,0,Chilkat,NORP,4,11
umn.31951d00944277d,25,4,0,XVI,CARDINAL,10,13
umn.31951d00944277d,25,4,1,4,CARDINAL,25,26
umn.31951d00944277d,25,5,0,3,CARDINAL,6,7
umn.31951d00944277d,25,6,0,third,ORDINAL,2,7
umn.31951d00944277d,25,6,1,5,CARDINAL,138,139
umn.31951d00944277d,25,7,0,two,CARDINAL,39,42
umn.31951d00944277d,25,8,0,1,CARDINAL,5,6
umn.31951d00944277d,25,8,1,1,CARDINAL,23,24
umn.31951d00944277d,25,8,2,2,CARDINAL,29,30
umn.31951d00944277d,25,8,3,2,CARDINAL,42,43
umn.31951d00944277d,25,8,4,3,CARDINAL,89,90
umn.31951d00944277d,25,8,5,4,CARDINAL,95,96
umn.31951d00944277d,25,8,6,2,CARDINAL,108,109
umn.31951d00944277d,25,11,0,2,CARDINAL,7,8
umn.31951d00944277d,25,11,1,3,CARDINAL,35,36
umn.31951d00944277d,25,12,0,second,ORDINAL,7,13
umn.31951d00944277d,25,12,1,1,CARDINAL,31,32
umn.31951d00944277d,25,12,2,2,CARDINAL,49,50
umn.31951d00944277d,25,12,3,3,CARDINAL,55,56
umn.31951d00944277d,25,12,4,2,CARDINAL,63,64
umn.31951d00944277d,25,12,5,1,CARDINAL,91,92
umn.31951d00944277d,25,12,6,4,CARDINAL,110,111
umn.31951d00944277d,25,12,7,5,CARDINAL,116,117
umn.31951d00944277d,25,12,8,2,CARDINAL,129,130
umn.31951d00944277d,25,13,0,third,ORDINAL,7,12
umn.31951d00944277d,25,13,1,first,ORDINAL,72,77
umn.31951d00944277d,25,13,2,fourth,ORDINAL,87,93
umn.31951d00944277d,25,13,3,second,ORDINAL,108,114
umn.31951d00944277d,25,16,0,Chilkat,NORP,57,64
umn.31951d00944277d,25,17,0,4,CARDINAL,7,8
umn.31951d00944277d,25,17,1,2,CARDINAL,15,16
umn.31951d00944277d,25,17,2,3,CARDINAL,83,84
umn.31951d00944277d,25,17,3,1 23,CARDINAL,118,122
umn.31951d00944277d,26,1,0,XVIII,CARDINAL,6,11
umn.31951d00944277d,26,2,0,Tlingit,NORP,2,9
umn.31951d00944277d,26,2,1,3,CARDINAL,41,42
umn.31951d00944277d,26,4,0,24,CARDINAL,0,2
umn.31951d00944277d,27,1,0,XX,CARDINAL,6,8
umn.31951d00944277d,27,2,0,1,CARDINAL,113,114
umn.31951d00944277d,27,2,1,4,CARDINAL,122,123
umn.31951d00944277d,27,8,0,XIX,CARDINAL,6,9
umn.31951d00944277d,27,9,0,4,CARDINAL,6,7
umn.31951d00944277d,27,10,0,25,CARDINAL,11,13
umn.31951d00944277d,28,0,0,5,CARDINAL,7,8
umn.31951d00944277d,28,0,1,6,CARDINAL,16,17
umn.31951d00944277d,28,0,2,4,CARDINAL,24,25
umn.31951d00944277d,28,1,0,fifth,ORDINAL,4,9
umn.31951d00944277d,28,2,0,three,CARDINAL,31,36
umn.31951d00944277d,28,2,1,two,CARDINAL,73,76
umn.31951d00944277d,28,2,2,one,CARDINAL,115,118
umn.31951d00944277d,28,4,0,five,CARDINAL,27,31
umn.31951d00944277d,28,7,0,5,CARDINAL,16,17
umn.31951d00944277d,28,7,1,5,CARDINAL,44,45
umn.31951d00944277d,28,7,2,26,CARDINAL,57,59
umn.31951d00944277d,29,2,0,two,CARDINAL,10,13
umn.31951d00944277d,29,2,1,1,CARDINAL,49,50
umn.31951d00944277d,29,2,2,2,CARDINAL,117,118
umn.31951d00944277d,29,3,0,second,ORDINAL,17,23
umn.31951d00944277d,29,4,0,ALLE MILLION,CARDINAL,0,12
umn.31951d00944277d,29,4,1,8,CARDINAL,20,21
umn.31951d00944277d,29,4,2,1,CARDINAL,29,30
umn.31951d00944277d,29,6,0,first,ORDINAL,4,9
umn.31951d00944277d,29,6,1,two,CARDINAL,101,104
umn.31951d00944277d,29,8,0,44,CARDINAL,64,66
umn.31951d00944277d,29,8,1,48,CARDINAL,92,94
umn.31951d00944277d,29,8,2,46,CARDINAL,136,138
umn.31951d00944277d,29,9,0,9,CARDINAL,48,49
umn.31951d00944277d,29,9,1,3,CARDINAL,105,106
umn.31951d00944277d,30,0,0,10,CARDINAL,11,13
umn.31951d00944277d,30,0,1,3,CARDINAL,21,22
umn.31951d00944277d,30,4,0,first,ORDINAL,83,88
umn.31951d00944277d,30,4,1,first,ORDINAL,116,121
umn.31951d00944277d,30,5,0,two,CARDINAL,41,44
umn.31951d00944277d,30,5,1,three,CARDINAL,117,122
umn.31951d00944277d,30,5,2,four,CARDINAL,126,130
umn.31951d00944277d,30,8,0,3,CARDINAL,31,32
umn.31951d00944277d,30,8,1,5,CARDINAL,42,43
umn.31951d00944277d,30,8,2,9,CARDINAL,53,54
umn.31951d00944277d,30,8,3,10,CARDINAL,59,61
umn.31951d00944277d,30,8,4,27,CARDINAL,145,147
umn.31951d00944277d,30,9,0,4,CARDINAL,27,28
umn.31951d00944277d,30,12,0,2,CARDINAL,16,17
umn.31951d00944277d,30,15,0,second,ORDINAL,4,10
umn.31951d00944277d,30,15,1,11,CARDINAL,111,113
umn.31951d00944277d,31,0,0,12,CARDINAL,16,18
umn.31951d00944277d,31,0,1,5,CARDINAL,26,27
umn.31951d00944277d,31,3,0,third,ORDINAL,49,54
umn.31951d00944277d,31,3,1,two,CARDINAL,90,93
umn.31951d00944277d,31,5,0,second,ORDINAL,72,78
umn.31951d00944277d,31,6,0,12,CARDINAL,88,90
umn.31951d00944277d,31,7,0,two,CARDINAL,44,47
umn.31951d00944277d,31,7,1,three,CARDINAL,51,56
umn.31951d00944277d,31,7,2,13,CARDINAL,197,199
umn.31951d00944277d,31,8,0,13,CARDINAL,14,16
umn.31951d00944277d,31,8,1,6,CARDINAL,24,25
umn.31951d00944277d,31,11,0,29,CARDINAL,0,2
umn.31951d00944277d,32,2,0,A half-dozen,CARDINAL,0,12
umn.31951d00944277d,32,3,0,half,CARDINAL,72,76
umn.31951d00944277d,32,5,0,two or three,CARDINAL,6,18
umn.31951d00944277d,32,5,1,second,ORDINAL,36,42
umn.31951d00944277d,32,7,0,2,CARDINAL,51,52
umn.31951d00944277d,32,8,0,half,CARDINAL,151,155
umn.31951d00944277d,32,14,0,2,CARDINAL,27,28
umn.31951d00944277d,32,18,0,5,CARDINAL,78,79
umn.31951d00944277d,32,18,1,three,CARDINAL,92,97
umn.31951d00944277d,32,20,0,30,CARDINAL,54,56
umn.31951d00944277d,33,2,0,the top two inches,QUANTITY,67,85
umn.31951d00944277d,33,3,0,39,CARDINAL,53,55
umn.31951d00944277d,33,7,0,first,ORDINAL,77,82
umn.31951d00944277d,33,7,1,two,CARDINAL,83,86
umn.31951d00944277d,33,7,2,first,ORDINAL,134,139
umn.31951d00944277d,33,7,3,two,CARDINAL,140,143
umn.31951d00944277d,33,9,0,present day,DATE,97,108
umn.31951d00944277d,33,10,0,31,CARDINAL,0,2
umn.31951d00944277d,34,1,0,half,CARDINAL,120,124
umn.31951d00944277d,34,7,0,tens of thousands,CARDINAL,173,190
umn.31951d00944277d,34,11,0,32,CARDINAL,0,2
umn.31951d00944277d,35,2,0,twenty-five-gallon,QUANTITY,36,54
umn.31951d00944277d,35,4,0,Tlingit,NORP,63,70
umn.31951d00944277d,35,7,0,XXVII,PRODUCT,37,42
umn.31951d00944277d,35,9,0,1,CARDINAL,56,57
umn.31951d00944277d,35,9,1,5,CARDINAL,62,63
umn.31951d00944277d,35,10,0,four,CARDINAL,15,19
umn.31951d00944277d,35,11,0,33,CARDINAL,0,2
umn.31951d00944277d,36,1,0,XXVIII,CARDINAL,6,12
umn.31951d00944277d,36,3,0,14,CARDINAL,60,62
umn.31951d00944277d,36,3,1,37,CARDINAL,107,109
umn.31951d00944277d,36,5,0,three,CARDINAL,26,31
umn.31951d00944277d,36,6,0,First,ORDINAL,0,5
umn.31951d00944277d,36,6,1,a quart,QUANTITY,41,48
umn.31951d00944277d,36,6,2,two,CARDINAL,52,55
umn.31951d00944277d,36,8,0,second,ORDINAL,9,15
umn.31951d00944277d,36,8,1,two bushels,QUANTITY,87,98
umn.31951d00944277d,36,10,0,third,ORDINAL,4,9
umn.31951d00944277d,36,13,0,Chilkat,NORP,99,106
umn.31951d00944277d,36,14,0,Chilkat,NORP,68,75
umn.31951d00944277d,37,1,0,XXIX,CARDINAL,6,10
umn.31951d00944277d,37,4,0,1,CARDINAL,44,45
umn.31951d00944277d,37,4,1,4,CARDINAL,50,51
umn.31951d00944277d,37,5,0,One,CARDINAL,0,3
umn.31951d00944277d,37,6,0,one,CARDINAL,16,19
umn.31951d00944277d,37,7,0,35,CARDINAL,42,44
umn.31951d00944277d,38,0,0,XXX,CARDINAL,7,10
umn.31951d00944277d,38,3,0,Tlingit,NORP,60,67
umn.31951d00944277d,38,4,0,former days,DATE,37,48
umn.31951d00944277d,38,4,1,Tlingit,NORP,72,79
umn.31951d00944277d,38,6,0,four,CARDINAL,118,122
umn.31951d00944277d,38,7,0,four successive mornings,TIME,22,46
umn.31951d00944277d,38,7,1,every day,DATE,61,70
umn.31951d00944277d,38,7,2,six months or,DATE,75,88
umn.31951d00944277d,38,7,3,a year,DATE,89,95
umn.31951d00944277d,38,11,0,two,CARDINAL,95,98
umn.31951d00944277d,39,1,0,XXXI,CARDINAL,6,10
umn.31951d00944277d,39,9,0,XXVIII,CARDINAL,6,12
umn.31951d00944277d,39,9,1,34,CARDINAL,19,21
umn.31951d00944277d,39,19,0,Chilkat,NORP,26,33
umn.31951d00944277d,39,19,1,quarters,CARDINAL,65,73
umn.31951d00944277d,39,19,2,the next season,DATE,94,109
umn.31951d00944277d,39,21,0,two,CARDINAL,11,14
umn.31951d00944277d,39,21,1,1,CARDINAL,140,141
umn.31951d00944277d,39,22,0,37,CARDINAL,13,15
umn.31951d00944277d,40,7,0,four,CARDINAL,84,88
umn.31951d00944277d,40,8,0,first,ORDINAL,4,9
umn.31951d00944277d,40,11,0,second,ORDINAL,4,10
umn.31951d00944277d,40,13,0,third,ORDINAL,4,9
umn.31951d00944277d,40,16,0,One,CARDINAL,0,3
umn.31951d00944277d,40,23,0,XXXIII,CARDINAL,7,13
umn.31951d00944277d,40,24,0,Tlingit,GPE,111,118
umn.31951d00944277d,40,24,1,one,CARDINAL,146,149
umn.31951d00944277d,40,27,0,one,CARDINAL,24,27
umn.31951d00944277d,40,28,0,one,CARDINAL,81,84
umn.31951d00944277d,40,29,0,38,CARDINAL,0,2
umn.31951d00944277d,41,2,0,one,CARDINAL,51,54
umn.31951d00944277d,41,5,0,Tlingit,NORP,4,11
umn.31951d00944277d,41,5,1,Nass-shah-kee-yahlh,PERSON,35,54
umn.31951d00944277d,41,6,0,Nass-shah-kee-yahlh,PERSON,34,53
umn.31951d00944277d,41,10,0,Raven,PERSON,10,15
umn.31951d00944277d,41,11,0,eight,CARDINAL,15,20
umn.31951d00944277d,41,11,1,Raven,PERSON,102,107
umn.31951d00944277d,41,11,2,first,ORDINAL,138,143
umn.31951d00944277d,41,13,0,Raven,PERSON,17,22
umn.31951d00944277d,41,13,1,fourth,ORDINAL,54,60
umn.31951d00944277d,41,13,2,half,CARDINAL,94,98
umn.31951d00944277d,41,16,0,second,ORDINAL,4,10
umn.31951d00944277d,41,18,0,39,CARDINAL,0,2
umn.31951d00944277d,42,2,0,XXXIII,CARDINAL,6,12
umn.31951d00944277d,42,3,0,third,ORDINAL,24,29
umn.31951d00944277d,42,6,0,Raven,PERSON,40,45
umn.31951d00944277d,42,7,0,Raven,PERSON,66,71
umn.31951d00944277d,42,8,0,Tlingit,NORP,13,20
umn.31951d00944277d,42,8,1,Raven,PERSON,70,75
umn.31951d00944277d,42,9,0,Raven,PERSON,0,5
umn.31951d00944277d,42,9,1,Raven,PERSON,76,81
umn.31951d00944277d,42,10,0,half,CARDINAL,112,116
umn.31951d00944277d,42,11,0,40,CARDINAL,50,52
umn.31951d00944277d,43,0,0,Raven,PERSON,56,61
umn.31951d00944277d,43,1,0,Raven,PERSON,5,10
umn.31951d00944277d,43,2,0,Raven,PERSON,0,5
umn.31951d00944277d,43,3,0,Raven,PERSON,75,80
umn.31951d00944277d,43,4,0,Raven,PERSON,0,5
umn.31951d00944277d,43,5,0,Raven,PERSON,8,13
umn.31951d00944277d,43,7,0,Raven,PERSON,21,26
umn.31951d00944277d,43,8,0,Raven,PERSON,18,23
umn.31951d00944277d,43,10,0,Raven,PERSON,33,38
umn.31951d00944277d,43,12,0,Mink,PERSON,30,34
umn.31951d00944277d,43,12,1,Mink,PERSON,91,95
umn.31951d00944277d,43,13,0,Mink,PERSON,0,4
umn.31951d00944277d,43,13,1,half,CARDINAL,43,47
umn.31951d00944277d,43,14,0,Raven,PERSON,0,5
umn.31951d00944277d,43,14,1,Mink,PERSON,105,109
umn.31951d00944277d,43,15,0,Mink,PERSON,33,37
umn.31951d00944277d,43,17,0,Mink,PERSON,10,14
umn.31951d00944277d,43,19,0,Raven,PERSON,50,55
umn.31951d00944277d,43,24,0,Raven,PERSON,27,32
umn.31951d00944277d,43,24,1,Yah-kees-koo-kay-ok,PERSON,77,96
umn.31951d00944277d,43,24,2,Raven,PERSON,305,310
umn.31951d00944277d,43,25,0,Raven,PERSON,21,26
umn.31951d00944277d,43,26,0,Raven,PERSON,122,127
umn.31951d00944277d,43,27,0,Raven,PERSON,36,41
umn.31951d00944277d,43,27,1,a year,DATE,149,155
umn.31951d00944277d,43,28,0,41,CARDINAL,0,2
umn.31951d00944277d,44,0,0,fourth,ORDINAL,4,10
umn.31951d00944277d,44,7,0,two,CARDINAL,41,44
umn.31951d00944277d,44,7,1,two,CARDINAL,87,90
umn.31951d00944277d,44,11,0,XXXIV,CARDINAL,6,11
umn.31951d00944277d,45,0,0,XXXV,CARDINAL,7,11
umn.31951d00944277d,45,2,0,half,CARDINAL,23,27
umn.31951d00944277d,45,2,1,25,CARDINAL,57,59
umn.31951d00944277d,45,2,2,43,CARDINAL,90,92
umn.31951d00944277d,45,3,0,38,CARDINAL,41,43
umn.31951d00944277d,45,3,1,Tlingit,LOC,83,90
umn.31951d00944277d,45,3,2,Athabascan,NORP,118,128
umn.31951d00944277d,45,4,0,one,CARDINAL,41,44
umn.31951d00944277d,45,7,0,Nass-shahkee-yahlh,PERSON,19,37
umn.31951d00944277d,45,8,0,Raven,PERSON,19,24
umn.31951d00944277d,45,8,1,Nass-shah-kee-yahlh,PERSON,98,117
umn.31951d00944277d,45,8,2,Raven,PERSON,123,128
umn.31951d00944277d,45,8,3,Nass,LOC,149,153
umn.31951d00944277d,45,8,4,Raven,PERSON,231,236
umn.31951d00944277d,46,1,0,antiquity,DATE,61,70
umn.31951d00944277d,46,2,0,the present day,DATE,15,30
umn.31951d00944277d,46,6,0,three,CARDINAL,11,16
umn.31951d00944277d,46,7,0,one,CARDINAL,4,7
umn.31951d00944277d,46,7,1,Tlingit,NORP,31,38
umn.31951d00944277d,46,7,2,second,ORDINAL,71,77
umn.31951d00944277d,46,7,3,third,ORDINAL,152,157
umn.31951d00944277d,46,8,0,Chilkat,NORP,4,11
umn.31951d00944277d,46,8,1,first,ORDINAL,38,43
umn.31951d00944277d,46,9,0,Plate IV,WORK_OF_ART,172,180
umn.31951d00944277d,46,9,1,15,CARDINAL,186,188
umn.31951d00944277d,46,12,0,half,CARDINAL,77,81
umn.31951d00944277d,46,22,0,three,CARDINAL,47,52
umn.31951d00944277d,46,22,1,38,CARDINAL,202,204
umn.31951d00944277d,47,1,0,XXXVI,CARDINAL,6,11
umn.31951d00944277d,47,2,0,Raven,PERSON,28,33
umn.31951d00944277d,47,3,0,the Snail House,FAC,23,38
umn.31951d00944277d,47,3,1,Hoonah,GPE,42,48
umn.31951d00944277d,47,5,0,the Alaska Territorial Museum,ORG,17,46
umn.31951d00944277d,47,5,1,Emmons,PERSON,78,84
umn.31951d00944277d,47,5,2,the Snail House,FAC,167,182
umn.31951d00944277d,47,5,3,Hoonah,GPE,186,192
umn.31951d00944277d,47,10,0,second,ORDINAL,4,10
umn.31951d00944277d,47,12,0,45,CARDINAL,0,2
umn.31951d00944277d,48,0,0,third,ORDINAL,4,9
umn.31951d00944277d,48,5,0,XXXIII,CARDINAL,7,13
umn.31951d00944277d,48,7,0,the Northwest Coast Indian,NORP,42,68
umn.31951d00944277d,48,12,0,PATTERN NAMES,PERSON,0,13
umn.31951d00944277d,48,12,1,Athabascans,NORP,89,100
umn.31951d00944277d,48,12,2,Tlingit,NORP,146,153
umn.31951d00944277d,48,13,0,Tlingit,NORP,19,26
umn.31951d00944277d,48,13,1,Athabascan,NORP,64,74
umn.31951d00944277d,48,15,0,Taku,NORP,13,17
umn.31951d00944277d,48,15,1,Tlingit,NORP,19,26
umn.31951d00944277d,48,15,2,Atlin,NORP,46,51
umn.31951d00944277d,48,15,3,Skagway,GPE,68,75
umn.31951d00944277d,48,16,0,Tlingit,NORP,14,21
umn.31951d00944277d,48,21,0,two,CARDINAL,75,78
umn.31951d00944277d,48,21,1,three,CARDINAL,82,87
umn.31951d00944277d,48,21,2,White,NORP,140,145
umn.31951d00944277d,48,22,0,Greek,NORP,41,46
umn.31951d00944277d,48,22,1,Hudson's Bay,LOC,77,89
umn.31951d00944277d,48,22,2,Russian,NORP,130,137
umn.31951d00944277d,49,1,0,three,CARDINAL,69,74
umn.31951d00944277d,49,1,1,four,CARDINAL,78,82
umn.31951d00944277d,49,4,0,forty-nine,CARDINAL,14,24
umn.31951d00944277d,49,4,1,Emmons,PERSON,77,83
umn.31951d00944277d,49,4,2,fifty years ago,DATE,89,104
umn.31951d00944277d,49,5,0,Tlingit,NORP,20,27
umn.31951d00944277d,49,6,0,1,CARDINAL,7,8
umn.31951d00944277d,49,9,0,Tlingit,NORP,24,31
umn.31951d00944277d,49,9,1,Raven,NORP,91,96
umn.31951d00944277d,49,9,2,Chilkat,GPE,119,126
umn.31951d00944277d,49,9,3,the Tauk-ah-nady,NORP,149,165
umn.31951d00944277d,49,10,0,the Anguilla Islands,LOC,25,45
umn.31951d00944277d,49,10,1,about twenty-five miles,QUANTITY,46,69
umn.31951d00944277d,49,10,2,Klawock,GPE,83,90
umn.31951d00944277d,49,10,3,Prince of Wales Island,LOC,103,125
umn.31951d00944277d,49,11,0,1,CARDINAL,7,8
umn.31951d00944277d,49,11,1,The Legend of the Woodworm,WORK_OF_ART,38,64
umn.31951d00944277d,49,25,0,All day long,DATE,0,12
umn.31951d00944277d,49,31,0,47,CARDINAL,72,74
umn.31951d00944277d,50,2,0,the previous few weeks,DATE,42,64
umn.31951d00944277d,50,34,0,the Ganak-tady,PERSON,45,59
umn.31951d00944277d,50,35,0,the Chilkat River,LOC,34,51
umn.31951d00944277d,51,2,0,Ganak,NORP,8,13
umn.31951d00944277d,51,3,0,the Ganak-tady,PERSON,9,23
umn.31951d00944277d,51,3,1,fourteen feet,QUANTITY,91,104
umn.31951d00944277d,51,3,2,four,CARDINAL,171,175
umn.31951d00944277d,51,4,0,2,CARDINAL,10,11
umn.31951d00944277d,51,5,0,1,CARDINAL,25,26
umn.31951d00944277d,51,8,0,3,CARDINAL,7,8
umn.31951d00944277d,51,10,0,Tlingit,NORP,3,10
umn.31951d00944277d,51,11,0,4,CARDINAL,7,8
umn.31951d00944277d,51,16,0,Tlingit,NORP,52,59
umn.31951d00944277d,51,19,0,49,CARDINAL,0,2
umn.31951d00944277d,52,0,0,first,ORDINAL,23,28
umn.31951d00944277d,52,0,1,Sitka,GPE,79,84
umn.31951d00944277d,52,0,2,Kuh-kuh,PERSON,91,98
umn.31951d00944277d,52,10,0,Kuh-kuh,GPE,12,19
umn.31951d00944277d,52,10,1,Tlingit,NORP,29,36
umn.31951d00944277d,52,10,2,5,CARDINAL,69,70
umn.31951d00944277d,52,15,0,fourth,ORDINAL,4,10
umn.31951d00944277d,52,17,0,50,CARDINAL,0,2
umn.31951d00944277d,53,0,0,the Kiks-uddys,PERSON,37,51
umn.31951d00944277d,53,2,0,Kuh-kuh,PERSON,11,18
umn.31951d00944277d,53,3,0,one,CARDINAL,3,6
umn.31951d00944277d,53,3,1,Haines,GPE,101,107
umn.31951d00944277d,53,13,0,6,CARDINAL,15,16
umn.31951d00944277d,53,18,0,Yakutat,NORP,3,10
umn.31951d00944277d,54,0,0,7,CARDINAL,11,12
umn.31951d00944277d,54,2,0,8,CARDINAL,99,100
umn.31951d00944277d,54,3,0,Tlingit,NORP,50,57
umn.31951d00944277d,54,5,0,8,CARDINAL,11,12
umn.31951d00944277d,54,9,0,Yakutat,NORP,3,10
umn.31951d00944277d,54,9,1,8,CARDINAL,18,19
umn.31951d00944277d,54,12,0,9,CARDINAL,0,1
umn.31951d00944277d,54,16,0,three,CARDINAL,17,22
umn.31951d00944277d,54,19,0,52,CARDINAL,0,2
umn.31951d00944277d,55,0,0,10,CARDINAL,12,14
umn.31951d00944277d,55,4,0,the summer,DATE,83,93
umn.31951d00944277d,55,6,0,11,CARDINAL,12,14
umn.31951d00944277d,55,11,0,12,CARDINAL,12,14
umn.31951d00944277d,55,16,0,53,CARDINAL,0,2
umn.31951d00944277d,56,0,0,13,CARDINAL,7,9
umn.31951d00944277d,56,3,0,14,CARDINAL,11,13
umn.31951d00944277d,56,9,0,Yakutat,NORP,3,10
umn.31951d00944277d,56,10,0,15,CARDINAL,9,11
umn.31951d00944277d,56,15,0,half,CARDINAL,51,55
umn.31951d00944277d,56,15,1,25,CARDINAL,85,87
umn.31951d00944277d,57,0,0,16,CARDINAL,14,16
umn.31951d00944277d,57,2,0,Chilkat,NORP,132,139
umn.31951d00944277d,57,3,0,four,CARDINAL,14,18
umn.31951d00944277d,57,3,1,17 to 20,CARDINAL,48,56
umn.31951d00944277d,57,4,0,17,CARDINAL,7,9
umn.31951d00944277d,57,7,0,Athabascan,NORP,17,27
umn.31951d00944277d,57,7,1,Tlingit,GPE,93,100
umn.31951d00944277d,57,8,0,Tlingit,NORP,41,48
umn.31951d00944277d,57,9,0,18,CARDINAL,13,15
umn.31951d00944277d,57,13,0,winter,DATE,8,14
umn.31951d00944277d,57,13,1,the spring,DATE,102,112
umn.31951d00944277d,57,15,0,55,CARDINAL,0,2
umn.31951d00944277d,58,0,0,19,CARDINAL,12,14
umn.31951d00944277d,58,3,0,second,ORDINAL,4,10
umn.31951d00944277d,58,4,0,two,CARDINAL,68,71
umn.31951d00944277d,58,5,0,20,CARDINAL,7,9
umn.31951d00944277d,58,6,0,klay-yay-day-kuh-ton,GPE,66,86
umn.31951d00944277d,58,9,0,21,CARDINAL,20,22
umn.31951d00944277d,59,0,0,22,CARDINAL,9,11
umn.31951d00944277d,59,2,0,Mt. St. Elias,LOC,120,133
umn.31951d00944277d,59,2,1,Icy Straits,LOC,137,148
umn.31951d00944277d,59,3,0,five,CARDINAL,89,93
umn.31951d00944277d,59,3,1,22,CARDINAL,117,119
umn.31951d00944277d,59,3,2,two,CARDINAL,147,150
umn.31951d00944277d,59,5,0,23,CARDINAL,7,9
umn.31951d00944277d,59,7,0,Haida,NORP,66,71
umn.31951d00944277d,59,7,1,the Queen Charlotte Islands,LOC,75,102
umn.31951d00944277d,59,8,0,two,CARDINAL,87,90
umn.31951d00944277d,59,10,0,24,CARDINAL,8,10
umn.31951d00944277d,59,11,0,one,CARDINAL,46,49
umn.31951d00944277d,59,11,1,one,CARDINAL,60,63
umn.31951d00944277d,60,0,0,25,CARDINAL,13,15
umn.31951d00944277d,60,1,0,Half,CARDINAL,1,5
umn.31951d00944277d,60,5,0,half,CARDINAL,148,152
umn.31951d00944277d,60,8,0,the sand hill's,LOC,27,42
umn.31951d00944277d,60,9,0,Sitka,GPE,78,83
umn.31951d00944277d,61,0,0,26,CARDINAL,13,15
umn.31951d00944277d,61,2,0,Tlingit,NORP,38,45
umn.31951d00944277d,61,6,0,27,CARDINAL,7,9
umn.31951d00944277d,61,11,0,28,CARDINAL,8,10
umn.31951d00944277d,61,15,0,TI,ORG,0,2
umn.31951d00944277d,61,15,1,29,CARDINAL,10,12
umn.31951d00944277d,61,19,0,35,CARDINAL,54,56
umn.31951d00944277d,61,20,0,59,CARDINAL,0,2
umn.31951d00944277d,62,0,0,30,CARDINAL,11,13
umn.31951d00944277d,62,2,0,Icy Straits,LOC,62,73
umn.31951d00944277d,62,2,1,Sitka,GPE,96,101
umn.31951d00944277d,62,6,0,31,CARDINAL,8,10
umn.31951d00944277d,63,1,0,32,CARDINAL,10,12
umn.31951d00944277d,63,2,0,the Russian Orthodox Church,ORG,50,77
umn.31951d00944277d,63,3,0,Tlingit,NORP,16,23
umn.31951d00944277d,63,3,1,Christ,PERSON,40,46
umn.31951d00944277d,63,3,2,Jesus Kuh-naste,PERSON,58,73
umn.31951d00944277d,63,3,3,Jesus Christ,PERSON,78,90
umn.31951d00944277d,63,5,0,33,CARDINAL,7,9
umn.31951d00944277d,63,6,0,half,CARDINAL,10,14
umn.31951d00944277d,63,9,0,61,CARDINAL,0,2
umn.31951d00944277d,64,1,0,34,CARDINAL,7,9
umn.31951d00944277d,64,2,0,Tlingit,NORP,20,27
umn.31951d00944277d,64,2,1,32,CARDINAL,107,109
umn.31951d00944277d,64,3,0,32,CARDINAL,38,40
umn.31951d00944277d,64,3,1,half,CARDINAL,153,157
umn.31951d00944277d,65,0,0,35,CARDINAL,14,16
umn.31951d00944277d,65,3,0,Tlingit,NORP,74,81
umn.31951d00944277d,65,3,1,Haida,NORP,91,96
umn.31951d00944277d,65,7,0,Angoon,GPE,52,58
umn.31951d00944277d,65,7,1,Emmons,PERSON,62,68
umn.31951d00944277d,65,8,0,three,CARDINAL,116,121
umn.31951d00944277d,65,8,1,sixteen,CARDINAL,170,177
umn.31951d00944277d,65,8,2,three,CARDINAL,216,221
umn.31951d00944277d,65,8,3,three,CARDINAL,257,262
umn.31951d00944277d,65,12,0,36,CARDINAL,7,9
umn.31951d00944277d,65,14,0,the Copper River,LOC,68,84
umn.31951d00944277d,65,14,1,Tlingit,LOC,96,103
umn.31951d00944277d,66,0,0,37,CARDINAL,13,15
umn.31951d00944277d,66,2,0,Tlingit,NORP,104,111
umn.31951d00944277d,66,6,0,38,CARDINAL,8,10
umn.31951d00944277d,66,9,0,two,CARDINAL,44,47
umn.31951d00944277d,66,10,0,Athabascan,NORP,68,78
umn.31951d00944277d,66,11,0,64,CARDINAL,0,2
umn.31951d00944277d,67,0,0,39,CARDINAL,11,13
umn.31951d00944277d,67,2,0,Tlingit,ORG,33,40
umn.31951d00944277d,67,4,0,40,CARDINAL,7,9
umn.31951d00944277d,67,9,0,41,CARDINAL,7,9
umn.31951d00944277d,67,10,0,One,CARDINAL,1,4
umn.31951d00944277d,67,12,0,42,CARDINAL,9,11
umn.31951d00944277d,67,16,0,65,CARDINAL,0,2
umn.31951d00944277d,68,0,0,43,CARDINAL,9,11
umn.31951d00944277d,68,1,0,fully three-fourths,CARDINAL,42,61
umn.31951d00944277d,68,3,0,44,CARDINAL,8,10
umn.31951d00944277d,69,0,0,45,CARDINAL,11,13
umn.31951d00944277d,69,2,0,Tlingit,NORP,43,50
umn.31951d00944277d,69,6,0,46,CARDINAL,7,9
umn.31951d00944277d,69,9,0,47,CARDINAL,8,10
umn.31951d00944277d,69,13,0,67,CARDINAL,0,2
umn.31951d00944277d,70,0,0,48,CARDINAL,14,16
umn.31951d00944277d,70,2,0,the Hudson Bay Company,ORG,57,79
umn.31951d00944277d,70,3,0,Alaska,GPE,82,88
umn.31951d00944277d,70,3,1,Russians,NORP,98,106
umn.31951d00944277d,70,4,0,49,CARDINAL,11,13
umn.31951d00944277d,70,8,0,68,CARDINAL,0,2
umn.31951d00944277d,71,0,0,THE MOTHER-BASKET OF,PERSON,0,20
umn.31951d00944277d,71,1,0,1901,DATE,3,7
umn.31951d00944277d,71,1,1,Kluk-an,GPE,79,86
umn.31951d00944277d,71,1,2,the Chilkat River,LOC,90,107
umn.31951d00944277d,71,2,0,Two,CARDINAL,0,3
umn.31951d00944277d,71,2,1,Ganak-tady,NORP,18,28
umn.31951d00944277d,71,2,2,Yalhlgoo-kho,PERSON,37,49
umn.31951d00944277d,71,2,3,the Yah-ee-hit,ORG,53,67
umn.31951d00944277d,71,2,4,Whale House,ORG,71,82
umn.31951d00944277d,71,2,5,Yalhl-kahk,PERSON,87,97
umn.31951d00944277d,71,2,6,the Yalhl-hit,ORG,101,114
umn.31951d00944277d,71,2,7,Raven House,ORG,118,129
umn.31951d00944277d,71,2,8,two,CARDINAL,243,246
umn.31951d00944277d,71,3,0,Tlingit,NORP,94,101
umn.31951d00944277d,71,4,0,Kokwon-ton,NORP,53,63
umn.31951d00944277d,71,4,1,Eagle,NORP,92,97
umn.31951d00944277d,71,5,0,Kok-won-ton,NORP,52,63
umn.31951d00944277d,71,5,1,Chilkat,NORP,80,87
umn.31951d00944277d,71,5,2,Kok-won-ton,NORP,119,130
umn.31951d00944277d,71,5,3,Sitka,GPE,136,141
umn.31951d00944277d,71,5,4,two hundred miles,QUANTITY,159,176
umn.31951d00944277d,71,6,0,two,CARDINAL,4,7
umn.31951d00944277d,71,6,1,"about $11,000",MONEY,31,44
umn.31951d00944277d,71,9,0,thirty-three inches,QUANTITY,43,62
umn.31951d00944277d,71,9,1,Kok-won-ton,LOC,121,132
umn.31951d00944277d,71,9,2,one,CARDINAL,162,165
umn.31951d00944277d,71,10,0,Tlingit,NORP,4,11
umn.31951d00944277d,71,12,0,Tlingit,NORP,73,80
umn.31951d00944277d,71,13,0,Tlingit,NORP,5,12
umn.31951d00944277d,71,14,0,the Nan-ya-ah-yi,PERSON,69,85
umn.31951d00944277d,71,16,0,Chilkat,NORP,9,16
umn.31951d00944277d,71,17,0,second,ORDINAL,27,33
umn.31951d00944277d,71,17,1,22,CARDINAL,87,89
umn.31951d00944277d,71,18,0,four,CARDINAL,26,30
umn.31951d00944277d,71,20,0,the Mother-basket of the Chilkat,FAC,158,190
umn.31951d00944277d,71,21,0,Emmons,PERSON,0,6
umn.31951d00944277d,71,21,1,1916,DATE,17,21
umn.31951d00944277d,71,21,2,at least two generations old,DATE,50,78
umn.31951d00944277d,71,25,0,Ganaktady,NORP,4,13
umn.31951d00944277d,71,26,0,69,CARDINAL,0,2
umn.31951d00944277d,72,0,0,the Mountain Dweller,PERSON,10,30
umn.31951d00944277d,72,1,0,those long by-gone days,DATE,3,26
umn.31951d00944277d,72,1,1,two,CARDINAL,27,30
umn.31951d00944277d,72,4,0,Mountain Dweller,PERSON,102,118
umn.31951d00944277d,72,4,1,Shah-kuh-nah-yee,PERSON,120,136
umn.31951d00944277d,72,6,0,That night,TIME,0,10
umn.31951d00944277d,72,6,1,two,CARDINAL,15,18
umn.31951d00944277d,72,7,0,The next morning,TIME,0,16
umn.31951d00944277d,72,13,0,two,CARDINAL,55,58
umn.31951d00944277d,72,15,0,Mountain Dweller,PERSON,54,70
umn.31951d00944277d,72,17,0,Mountain Dweller,PERSON,7,23
umn.31951d00944277d,72,19,0,One,CARDINAL,0,3
umn.31951d00944277d,72,20,0,Mountain Dweller,PERSON,24,40
umn.31951d00944277d,72,22,0,Seven days,DATE,0,10
umn.31951d00944277d,72,24,0,Mountain Dweller's,PERSON,24,42
umn.31951d00944277d,72,30,0,Mountain Dweller,PERSON,5,21
umn.31951d00944277d,72,33,0,Mountain Dweller,PERSON,46,62
umn.31951d00944277d,72,38,0,70,CARDINAL,22,24
umn.31951d00944277d,73,9,0,Next morning,TIME,0,12
umn.31951d00944277d,73,15,0,Mountain Dweller,PERSON,78,94
umn.31951d00944277d,73,19,0,two,CARDINAL,89,92
umn.31951d00944277d,73,20,0,Mountain Dweller's,PERSON,0,18
umn.31951d00944277d,73,21,0,Motherbasket,PRODUCT,46,58
umn.31951d00944277d,73,21,1,the Ganak-tady,NORP,89,103
umn.31951d00944277d,73,21,2,Chilkat,GPE,107,114
umn.31951d00944277d,73,22,0,Emmons,PERSON,13,19
umn.31951d00944277d,73,22,1,George T.,PERSON,21,30
umn.31951d00944277d,73,22,2,The Basketry of the Tlingit,WORK_OF_ART,32,59
umn.31951d00944277d,73,22,3,American Museum of Natural History,ORG,61,95
umn.31951d00944277d,73,22,4,1903,DATE,116,120
umn.31951d00944277d,73,23,0,Swanton,PERSON,0,7
umn.31951d00944277d,73,23,1,"John R.,",PERSON,9,17
umn.31951d00944277d,73,23,2,Tlingit Myths and Texts,WORK_OF_ART,18,41
umn.31951d00944277d,73,23,3,Bureau of American Ethnology,ORG,43,71
umn.31951d00944277d,73,23,4,Smithsonian Institution,ORG,73,96
umn.31951d00944277d,73,23,5,1909,DATE,111,115
umn.31951d00944277d,73,24,0,Goddard,PERSON,0,7
umn.31951d00944277d,73,24,1,Pliny E.,PERSON,9,17
umn.31951d00944277d,73,24,2,Indians of the Northwest Coast,WORK_OF_ART,19,49
umn.31951d00944277d,73,24,3,American Museum of Natural History,ORG,51,85
umn.31951d00944277d,73,24,4,Handbook,WORK_OF_ART,87,95
umn.31951d00944277d,73,24,5,1924,DATE,97,101
umn.31951d00944277d,73,25,0,Emmons,PERSON,0,6
umn.31951d00944277d,73,25,1,George T.,PERSON,8,17
umn.31951d00944277d,73,25,2,Whale House of the Chilcats,WORK_OF_ART,19,46
umn.31951d00944277d,73,25,3,American Museum of Natural History,ORG,48,82
umn.31951d00944277d,73,25,4,19,CARDINAL,113,115
umn.31951d00944277d,73,25,5,1,CARDINAL,122,123
umn.31951d00944277d,73,25,6,1916,DATE,125,129
umn.31951d00944277d,73,26,0,Boas,PERSON,0,4
umn.31951d00944277d,73,26,1,Franz,PERSON,6,11
umn.31951d00944277d,73,26,2,Oslo,GPE,28,32
umn.31951d00944277d,73,26,3,1927,DATE,34,38
umn.31951d00944277d,73,26,4,Harvard University Press,ORG,40,64
umn.31951d00944277d,73,26,5,71,CARDINAL,66,68
umn.31951d00944277d,74,0,0,14,CARDINAL,7,9
umn.31951d00944277d,74,0,1,25,CARDINAL,18,20
umn.31951d00944277d,74,1,0,14,CARDINAL,22,24
umn.31951d00944277d,74,3,0,three,CARDINAL,14,19
umn.31951d00944277d,74,3,1,third,ORDINAL,37,42
umn.31951d00944277d,74,3,2,first,ORDINAL,63,68
umn.31951d00944277d,74,3,3,20,CARDINAL,116,118
umn.31951d00944277d,74,3,4,56,CARDINAL,124,126
umn.31951d00944277d,74,4,0,14,CARDINAL,46,48
umn.31951d00944277d,74,4,1,54,CARDINAL,54,56
umn.31951d00944277d,74,4,2,62,CARDINAL,88,90
umn.31951d00944277d,74,4,3,half,CARDINAL,137,141
umn.31951d00944277d,74,4,4,25,CARDINAL,171,173
umn.31951d00944277d,74,4,5,58,CARDINAL,179,181
umn.31951d00944277d,74,4,6,the mouth-track of the woodworm,WORK_OF_ART,212,243
umn.31951d00944277d,74,4,7,1,CARDINAL,246,247
umn.31951d00944277d,74,4,8,47,CARDINAL,253,255
umn.31951d00944277d,75,1,0,15,CARDINAL,8,10
umn.31951d00944277d,75,3,0,37,CARDINAL,74,76
umn.31951d00944277d,75,3,1,64,CARDINAL,82,84
umn.31951d00944277d,75,3,2,35,CARDINAL,112,114
umn.31951d00944277d,75,3,3,63,CARDINAL,120,122
umn.31951d00944277d,75,4,0,38,CARDINAL,37,39
umn.31951d00944277d,75,4,1,64,CARDINAL,45,47
umn.31951d00944277d,75,5,0,half,CARDINAL,61,65
umn.31951d00944277d,75,5,1,25,CARDINAL,95,97
umn.31951d00944277d,75,5,2,58,CARDINAL,103,105
umn.31951d00944277d,75,6,0,73,CARDINAL,0,2
umn.31951d00944277d,76,0,0,16,CARDINAL,12,14
umn.31951d00944277d,76,2,0,three,CARDINAL,30,35
umn.31951d00944277d,76,2,1,half,CARDINAL,91,95
umn.31951d00944277d,76,2,2,25,CARDINAL,125,127
umn.31951d00944277d,76,2,3,58,CARDINAL,133,135
umn.31951d00944277d,76,3,0,36,CARDINAL,42,44
umn.31951d00944277d,76,3,1,63,CARDINAL,50,52
umn.31951d00944277d,76,3,2,5,CARDINAL,99,100
umn.31951d00944277d,76,3,3,50,CARDINAL,106,108
umn.31951d00944277d,76,3,4,half,CARDINAL,132,136
umn.31951d00944277d,76,3,5,25,CARDINAL,166,168
umn.31951d00944277d,76,3,6,58,CARDINAL,174,176
umn.31951d00944277d,76,4,0,half,CARDINAL,64,68
umn.31951d00944277d,76,4,1,25,CARDINAL,98,100
umn.31951d00944277d,76,4,2,58,CARDINAL,106,108
umn.31951d00944277d,76,4,3,26,CARDINAL,132,134
umn.31951d00944277d,76,4,4,59,CARDINAL,140,142
umn.31951d00944277d,77,0,0,17,CARDINAL,9,11
umn.31951d00944277d,77,1,0,The top two inches,QUANTITY,0,18
umn.31951d00944277d,77,2,0,five,CARDINAL,15,19
umn.31951d00944277d,77,3,0,first,ORDINAL,4,9
umn.31951d00944277d,77,3,1,fifth,ORDINAL,14,19
umn.31951d00944277d,77,3,2,half,CARDINAL,31,35
umn.31951d00944277d,77,3,3,25,CARDINAL,65,67
umn.31951d00944277d,77,3,4,58,CARDINAL,73,75
umn.31951d00944277d,77,4,0,second,ORDINAL,4,10
umn.31951d00944277d,77,4,1,fourth,ORDINAL,15,21
umn.31951d00944277d,77,4,2,30,CARDINAL,43,45
umn.31951d00944277d,77,4,3,60,CARDINAL,51,53
umn.31951d00944277d,77,4,4,39,CARDINAL,95,97
umn.31951d00944277d,77,4,5,65,CARDINAL,103,105
umn.31951d00944277d,77,5,0,18,CARDINAL,14,16
umn.31951d00944277d,77,7,0,one,CARDINAL,9,12
umn.31951d00944277d,77,7,1,three,CARDINAL,34,39
umn.31951d00944277d,77,8,0,35,CARDINAL,44,46
umn.31951d00944277d,77,8,1,63,CARDINAL,52,54
umn.31951d00944277d,77,8,2,37,CARDINAL,86,88
umn.31951d00944277d,77,8,3,64,CARDINAL,94,96
umn.31951d00944277d,78,0,0,19,CARDINAL,23,25
umn.31951d00944277d,78,2,0,three,CARDINAL,22,27
umn.31951d00944277d,78,3,0,32,CARDINAL,44,46
umn.31951d00944277d,78,3,1,61,CARDINAL,52,54
umn.31951d00944277d,78,3,2,29,CARDINAL,76,78
umn.31951d00944277d,78,3,3,59,CARDINAL,84,86
umn.31951d00944277d,78,4,0,32,CARDINAL,35,37
umn.31951d00944277d,78,4,1,61,CARDINAL,43,45
umn.31951d00944277d,78,4,2,43,CARDINAL,67,69
umn.31951d00944277d,78,4,3,66,CARDINAL,75,77
umn.31951d00944277d,78,5,0,35,CARDINAL,14,16
umn.31951d00944277d,78,5,1,63,CARDINAL,22,24
umn.31951d00944277d,78,5,2,29,CARDINAL,42,44
umn.31951d00944277d,78,5,3,59,CARDINAL,50,52
umn.31951d00944277d,78,5,4,18,CARDINAL,123,125
umn.31951d00944277d,78,5,5,19,CARDINAL,130,132
umn.31951d00944277d,78,6,0,20,CARDINAL,10,12
umn.31951d00944277d,78,7,0,three,CARDINAL,35,40
umn.31951d00944277d,78,8,0,6,CARDINAL,67,68
umn.31951d00944277d,78,8,1,51,CARDINAL,74,76
umn.31951d00944277d,78,9,0,5,CARDINAL,39,40
umn.31951d00944277d,78,9,1,50,CARDINAL,46,48
umn.31951d00944277d,78,9,2,half,CARDINAL,71,75
umn.31951d00944277d,78,9,3,25,CARDINAL,105,107
umn.31951d00944277d,78,9,4,58,CARDINAL,113,115
umn.31951d00944277d,78,10,0,76,CARDINAL,0,2
umn.31951d00944277d,79,0,0,21,CARDINAL,9,11
umn.31951d00944277d,79,1,0,three,CARDINAL,27,32
umn.31951d00944277d,79,2,0,30,CARDINAL,119,121
umn.31951d00944277d,79,2,1,60,CARDINAL,127,129
umn.31951d00944277d,79,2,2,18,CARDINAL,159,161
umn.31951d00944277d,79,2,3,55,CARDINAL,167,169
umn.31951d00944277d,79,3,0,38,CARDINAL,75,77
umn.31951d00944277d,79,3,1,64,CARDINAL,83,85
umn.31951d00944277d,79,4,0,22,CARDINAL,8,10
umn.31951d00944277d,79,6,0,two,CARDINAL,15,18
umn.31951d00944277d,79,6,1,one,CARDINAL,62,65
umn.31951d00944277d,79,7,0,12,CARDINAL,47,49
umn.31951d00944277d,79,7,1,53,CARDINAL,55,57
umn.31951d00944277d,79,7,2,30,CARDINAL,92,94
umn.31951d00944277d,79,7,3,60,CARDINAL,100,102
umn.31951d00944277d,79,8,0,38,CARDINAL,28,30
umn.31951d00944277d,79,8,1,64,CARDINAL,36,38
umn.31951d00944277d,79,9,0,77,CARDINAL,0,2
umn.31951d00944277d,80,0,0,23,CARDINAL,8,10
umn.31951d00944277d,80,3,0,Three,CARDINAL,0,5
umn.31951d00944277d,80,3,1,26,CARDINAL,73,75
umn.31951d00944277d,80,3,2,59,CARDINAL,81,83
umn.31951d00944277d,80,3,3,9,CARDINAL,104,105
umn.31951d00944277d,80,3,4,52,CARDINAL,111,113
umn.31951d00944277d,80,3,5,three,CARDINAL,129,134
umn.31951d00944277d,80,3,6,32,CARDINAL,161,163
umn.31951d00944277d,80,3,7,61,CARDINAL,169,171
umn.31951d00944277d,80,4,0,three,CARDINAL,28,33
umn.31951d00944277d,80,4,1,two,CARDINAL,66,69
umn.31951d00944277d,80,5,0,78,CARDINAL,0,2
umn.31951d00944277d,81,0,0,24,CARDINAL,12,14
umn.31951d00944277d,81,2,0,43,CARDINAL,72,74
umn.31951d00944277d,81,2,1,66,CARDINAL,80,82
umn.31951d00944277d,81,2,2,7,CARDINAL,114,115
umn.31951d00944277d,81,2,3,52,CARDINAL,121,123
umn.31951d00944277d,81,2,4,29,CARDINAL,145,147
umn.31951d00944277d,81,2,5,59,CARDINAL,153,155
umn.31951d00944277d,81,3,0,19,CARDINAL,59,61
umn.31951d00944277d,81,3,1,56,CARDINAL,67,69
umn.31951d00944277d,81,4,0,44,CARDINAL,52,54
umn.31951d00944277d,81,4,1,66,CARDINAL,60,62
umn.31951d00944277d,81,4,2,half,CARDINAL,89,93
umn.31951d00944277d,81,4,3,25,CARDINAL,123,125
umn.31951d00944277d,81,4,4,58,CARDINAL,131,133
umn.31951d00944277d,82,0,0,25,CARDINAL,17,19
umn.31951d00944277d,82,2,0,three,CARDINAL,10,15
umn.31951d00944277d,82,2,1,10,CARDINAL,152,154
umn.31951d00944277d,82,2,2,53,CARDINAL,160,162
